transaction_id,amount,payment_method,bank_response_code,network_latency_ms,fraud_score,prior_failed_attempts_24h,customer_tenure_days,account_balance_signal,hour_of_day,is_recurring_subscription,true_failure_cause
TXN100000,1087.01,credit_card,51,192.8,0.16,2,80,0.216,9,0,insufficient_funds
TXN100001,3407.81,credit_card,59,191.8,0.698,0,12,0.602,14,1,fraud_false_positive
TXN100002,1235.11,wallet,91,380.0,0.083,0,923,0.275,20,0,bank_timeout
TXN100003,436.09,credit_card,51,193.7,0.028,1,178,0.323,22,1,insufficient_funds
TXN100004,2942.96,netbanking,96,254.7,0.277,0,21,0.609,16,0,network_error
TXN100005,705.08,debit_card,91,468.2,0.132,2,1026,0.294,0,0,bank_timeout
TXN100006,1713.36,credit_card,96,395.6,0.071,0,92,0.782,11,0,network_error
TXN100007,3888.4,upi,91,358.2,0.141,0,2122,0.404,23,0,bank_timeout
TXN100008,7095.18,debit_card,5,177.9,0.677,0,1118,0.803,6,1,fraud_false_positive
TXN100009,2415.43,netbanking,51,212.5,0.042,0,910,0.044,23,0,insufficient_funds
TXN100010,6649.74,upi,59,255.1,0.808,1,16,0.538,0,0,fraud_false_positive
TXN100011,478.17,credit_card,68,407.6,0.293,1,998,0.722,11,1,bank_timeout
TXN100012,3486.26,wallet,5,235.7,0.78,0,438,0.519,2,0,fraud_false_positive
TXN100013,3137.31,netbanking,61,134.3,0.241,4,278,0.222,22,0,insufficient_funds
TXN100014,5489.74,netbanking,91,295.9,0.112,0,198,0.337,19,0,bank_timeout
TXN100015,1378.87,wallet,21,441.7,0.126,1,1234,0.319,0,1,network_error
TXN100016,5563.55,debit_card,96,623.9,0.399,0,21,0.461,6,0,network_error
TXN100017,1181.07,netbanking,68,361.1,0.144,3,506,0.452,10,1,bank_timeout
TXN100018,3701.49,debit_card,51,155.1,0.09,4,78,0.281,6,0,insufficient_funds
TXN100019,917.69,debit_card,63,218.2,0.856,0,318,0.729,15,0,fraud_false_positive
TXN100020,6761.43,upi,61,132.1,0.107,2,62,0.213,9,0,insufficient_funds
TXN100021,4311.45,debit_card,59,141.2,0.782,0,591,0.871,12,0,fraud_false_positive
TXN100022,2118.97,wallet,96,283.8,0.148,0,1651,0.527,17,0,bank_timeout
TXN100023,1360.73,credit_card,65,241.0,0.099,1,104,0.215,8,0,insufficient_funds
TXN100024,679.56,debit_card,5,559.0,0.033,0,13,0.693,21,1,network_error
TXN100025,1965.23,netbanking,96,311.2,0.157,0,138,0.518,7,0,bank_timeout
TXN100026,3840.38,credit_card,61,150.1,0.32,2,12,0.216,1,0,insufficient_funds
TXN100027,558.26,debit_card,91,186.9,0.361,2,1306,0.264,12,0,bank_timeout
TXN100028,2374.63,netbanking,96,185.0,0.457,0,1037,0.557,17,0,bank_timeout
TXN100029,749.14,credit_card,51,172.3,0.165,0,827,0.412,23,0,insufficient_funds
TXN100030,981.62,debit_card,91,174.6,0.366,0,57,0.915,9,0,bank_timeout
TXN100031,1589.16,debit_card,96,395.0,0.021,0,667,0.569,19,0,network_error
TXN100032,434.64,credit_card,91,395.0,0.131,0,1135,0.621,1,0,bank_timeout
TXN100033,13060.97,credit_card,63,196.3,0.282,1,200,0.486,10,1,fraud_false_positive
TXN100034,508.51,credit_card,51,229.7,0.05,0,1,0.307,4,1,insufficient_funds
TXN100035,5482.99,upi,59,169.8,0.766,0,1427,0.694,3,0,fraud_false_positive
TXN100036,1100.15,debit_card,68,502.6,0.151,0,248,0.39,2,0,bank_timeout
TXN100037,3857.35,debit_card,51,163.4,0.186,0,545,0.277,5,0,insufficient_funds
TXN100038,11896.09,credit_card,51,142.7,0.092,3,103,0.426,17,0,insufficient_funds
TXN100039,689.02,wallet,65,251.3,0.31,1,533,0.301,13,0,insufficient_funds
TXN100040,2602.85,debit_card,96,564.5,0.074,0,61,0.781,11,1,network_error
TXN100041,6119.4,upi,51,152.1,0.294,2,82,0.158,16,0,insufficient_funds
TXN100042,905.38,credit_card,91,358.5,0.005,0,100,0.4,17,1,bank_timeout
TXN100043,326.98,wallet,96,377.3,0.026,1,818,0.494,21,0,bank_timeout
TXN100044,552.27,wallet,61,250.6,0.085,0,391,0.668,21,1,insufficient_funds
TXN100045,3710.8,upi,51,181.5,0.748,1,414,0.112,5,1,insufficient_funds
TXN100046,583.04,credit_card,51,202.1,0.109,3,437,0.071,10,0,insufficient_funds
TXN100047,2506.92,netbanking,61,228.3,0.235,0,264,0.456,12,0,insufficient_funds
TXN100048,139.24,upi,96,457.9,0.181,0,1,0.55,22,0,network_error
TXN100049,7084.45,credit_card,51,207.6,0.274,0,355,0.039,7,1,insufficient_funds
TXN100050,8976.29,upi,59,196.0,0.552,0,374,0.637,12,0,fraud_false_positive
TXN100051,1152.58,credit_card,5,229.3,0.782,0,1312,0.857,2,0,fraud_false_positive
TXN100052,488.13,wallet,61,116.3,0.331,1,355,0.176,6,1,insufficient_funds
TXN100053,5714.81,credit_card,51,191.6,0.535,1,24,0.093,2,0,insufficient_funds
TXN100054,1859.56,debit_card,51,146.4,0.237,4,36,0.29,5,1,insufficient_funds
TXN100055,1601.86,credit_card,65,216.3,0.156,3,68,0.639,5,0,insufficient_funds
TXN100056,2200.29,netbanking,59,172.9,0.861,0,356,0.781,15,0,fraud_false_positive
TXN100057,690.85,wallet,5,645.1,0.06,1,436,0.589,11,1,network_error
TXN100058,3306.89,upi,51,242.6,0.194,1,634,0.081,2,1,insufficient_funds
TXN100059,4778.78,credit_card,51,176.0,0.116,0,422,0.283,16,0,insufficient_funds
TXN100060,6417.4,debit_card,51,200.6,0.158,2,327,0.064,7,0,insufficient_funds
TXN100061,683.62,upi,91,313.8,0.008,1,327,0.347,9,1,bank_timeout
TXN100062,1434.76,upi,59,176.4,0.712,0,2725,0.701,8,1,fraud_false_positive
TXN100063,7702.5,credit_card,5,252.5,0.687,0,928,0.796,12,0,fraud_false_positive
TXN100064,1944.93,credit_card,91,395.7,0.194,0,258,0.382,20,1,bank_timeout
TXN100065,1109.7,credit_card,96,312.6,0.345,0,162,0.33,7,0,network_error
TXN100066,4158.65,netbanking,91,141.2,0.288,1,543,0.671,4,0,bank_timeout
TXN100067,3124.11,credit_card,5,313.3,0.145,1,143,0.429,4,0,network_error
TXN100068,2433.25,credit_card,96,437.6,0.188,0,131,0.679,0,0,bank_timeout
TXN100069,4712.68,wallet,65,185.6,0.177,1,12,0.007,0,1,insufficient_funds
TXN100070,4760.0,upi,65,212.2,0.068,3,635,0.183,8,0,insufficient_funds
TXN100071,1669.91,debit_card,96,492.3,0.197,1,198,0.592,10,0,network_error
TXN100072,4942.17,debit_card,51,233.5,0.311,1,6,0.021,20,1,insufficient_funds
TXN100073,646.09,wallet,91,257.5,0.033,2,1556,0.666,14,0,bank_timeout
TXN100074,2056.68,upi,91,386.9,0.469,0,632,0.729,6,0,bank_timeout
TXN100075,1574.6,credit_card,5,401.3,0.14,0,508,0.106,9,1,network_error
TXN100076,4091.41,credit_card,61,212.1,0.149,1,74,0.297,14,0,insufficient_funds
TXN100077,4182.16,debit_card,51,158.1,0.163,1,516,0.04,6,1,insufficient_funds
TXN100078,1946.86,debit_card,51,112.5,0.091,1,409,0.361,21,1,insufficient_funds
TXN100079,7655.35,debit_card,59,187.0,0.786,0,202,0.701,11,1,fraud_false_positive
TXN100080,750.89,debit_card,91,419.2,0.323,2,353,0.627,8,0,bank_timeout
TXN100081,507.36,credit_card,5,543.8,0.352,0,494,0.076,13,0,network_error
TXN100082,2025.75,credit_card,96,352.3,0.19,1,466,0.524,20,0,bank_timeout
TXN100083,481.96,credit_card,91,369.3,0.095,0,9,0.749,1,0,bank_timeout
TXN100084,318.4,upi,96,352.3,0.187,1,501,0.695,5,0,network_error
TXN100085,1647.03,credit_card,51,159.7,0.058,0,215,0.39,20,1,insufficient_funds
TXN100086,2002.84,upi,96,485.3,0.132,0,68,0.65,5,0,network_error
TXN100087,1311.71,credit_card,59,223.3,0.775,0,1368,0.934,16,0,fraud_false_positive
TXN100088,1544.17,debit_card,96,511.1,0.181,0,6,0.551,14,1,bank_timeout
TXN100089,3571.73,debit_card,96,650.6,0.253,2,1865,0.509,17,0,network_error
TXN100090,2735.37,credit_card,51,213.3,0.244,0,365,0.215,19,0,insufficient_funds
TXN100091,273.67,wallet,61,126.4,0.304,2,599,0.252,12,0,insufficient_funds
TXN100092,882.87,credit_card,61,181.2,0.043,1,333,0.434,9,0,insufficient_funds
TXN100093,2807.93,netbanking,5,397.3,0.176,1,582,0.441,11,1,network_error
TXN100094,734.7,debit_card,51,135.7,0.203,1,213,0.039,3,0,insufficient_funds
TXN100095,1258.9,credit_card,96,462.0,0.525,0,506,0.666,3,0,network_error
TXN100096,1169.06,debit_card,91,279.1,0.224,1,63,0.62,19,0,bank_timeout
TXN100097,6307.89,upi,51,158.9,0.251,3,649,0.303,17,1,insufficient_funds
TXN100098,1440.79,wallet,96,444.3,0.143,0,23,0.719,15,1,network_error
TXN100099,713.81,debit_card,91,307.9,0.377,1,545,0.521,13,1,bank_timeout
TXN100100,4486.79,debit_card,63,214.7,0.616,0,148,0.63,1,0,fraud_false_positive
TXN100101,1151.03,upi,96,243.0,0.331,0,51,0.296,5,1,bank_timeout
TXN100102,1352.01,wallet,96,298.3,0.068,0,1051,0.441,16,0,bank_timeout
TXN100103,4352.26,upi,65,172.8,0.481,2,296,0.268,14,0,insufficient_funds
TXN100104,10327.5,debit_card,59,138.6,0.665,0,820,0.476,5,1,fraud_false_positive
TXN100105,2092.36,credit_card,63,147.1,0.692,0,1558,0.559,5,0,fraud_false_positive
TXN100106,1414.57,debit_card,96,480.2,0.252,0,622,0.529,14,0,network_error
TXN100107,1236.54,debit_card,96,413.7,0.289,0,572,0.433,20,0,bank_timeout
TXN100108,2204.39,wallet,65,194.0,0.333,2,237,0.332,13,0,insufficient_funds
TXN100109,6353.19,credit_card,51,201.6,0.284,2,239,0.428,8,0,insufficient_funds
TXN100110,2201.37,netbanking,5,551.4,0.297,0,437,0.469,2,0,network_error
TXN100111,3295.47,upi,96,437.9,0.287,0,94,0.326,3,0,network_error
TXN100112,1340.13,debit_card,68,468.3,0.299,0,320,0.582,16,0,bank_timeout
TXN100113,923.05,debit_card,91,427.0,0.521,0,123,0.668,6,0,bank_timeout
TXN100114,5453.28,upi,51,210.3,0.11,1,449,0.108,14,0,insufficient_funds
TXN100115,2269.28,debit_card,91,283.4,0.018,0,42,0.342,10,0,bank_timeout
TXN100116,2304.79,credit_card,91,325.9,0.135,3,298,0.594,22,1,bank_timeout
TXN100117,2567.49,debit_card,61,150.5,0.148,1,346,0.385,4,0,insufficient_funds
TXN100118,2266.41,credit_card,65,189.1,0.017,3,328,0.542,10,0,insufficient_funds
TXN100119,3232.75,credit_card,61,107.8,0.113,2,1299,0.321,16,0,insufficient_funds
TXN100120,1069.52,credit_card,61,222.5,0.128,0,710,0.069,1,0,insufficient_funds
TXN100121,2072.57,upi,96,422.0,0.199,0,129,0.339,4,1,bank_timeout
TXN100122,2719.63,netbanking,51,133.1,0.156,0,574,0.549,13,0,insufficient_funds
TXN100123,4493.66,credit_card,91,485.6,0.105,0,1780,0.699,2,1,bank_timeout
TXN100124,1261.17,upi,51,124.8,0.26,3,560,0.234,7,0,insufficient_funds
TXN100125,2918.1,credit_card,96,364.7,0.379,0,53,0.453,5,0,network_error
TXN100126,600.39,credit_card,51,149.5,0.295,0,409,0.216,16,1,insufficient_funds
TXN100127,9932.55,netbanking,63,190.7,0.275,0,746,0.406,10,0,fraud_false_positive
TXN100128,2755.82,debit_card,68,424.4,0.041,0,1336,0.458,17,1,bank_timeout
TXN100129,1391.3,wallet,91,410.5,0.098,1,91,0.47,14,1,bank_timeout
TXN100130,2144.02,debit_card,51,219.3,0.133,0,783,0.296,5,0,insufficient_funds
TXN100131,10152.34,debit_card,63,122.3,0.656,0,452,0.723,16,0,fraud_false_positive
TXN100132,1482.54,upi,68,331.7,0.064,0,312,0.688,7,0,bank_timeout
TXN100133,2157.07,debit_card,59,206.8,0.867,0,227,0.535,3,1,fraud_false_positive
TXN100134,3421.11,wallet,51,189.8,0.057,0,265,0.12,4,0,insufficient_funds
TXN100135,2702.99,upi,96,737.8,0.188,0,162,0.455,0,0,network_error
TXN100136,3374.23,debit_card,63,108.2,0.675,0,625,0.596,9,0,fraud_false_positive
TXN100137,3501.09,wallet,68,364.5,0.083,0,538,0.647,11,0,bank_timeout
TXN100138,902.12,credit_card,68,362.6,0.287,1,1893,0.354,0,0,bank_timeout
TXN100139,1884.39,netbanking,21,626.6,0.495,1,361,0.33,12,0,network_error
TXN100140,5082.92,credit_card,51,172.8,0.075,3,620,0.457,12,1,insufficient_funds
TXN100141,4280.44,netbanking,65,206.3,0.295,2,158,0.192,4,0,insufficient_funds
TXN100142,1118.54,netbanking,21,83.4,0.169,0,36,0.415,3,1,network_error
TXN100143,643.37,debit_card,21,550.7,0.208,1,269,0.403,19,0,network_error
TXN100144,4871.84,debit_card,61,134.0,0.046,1,185,0.637,9,0,insufficient_funds
TXN100145,495.24,netbanking,51,185.3,0.245,3,1436,0.094,14,1,insufficient_funds
TXN100146,1060.58,credit_card,96,581.2,0.046,1,239,0.528,19,0,network_error
TXN100147,2718.67,upi,5,515.8,0.081,0,185,0.651,11,0,network_error
TXN100148,3263.37,credit_card,63,234.2,0.616,0,392,0.452,0,0,fraud_false_positive
TXN100149,778.12,debit_card,91,337.5,0.08,0,271,0.669,7,0,bank_timeout
TXN100150,1073.69,upi,68,331.6,0.109,0,153,0.866,21,0,bank_timeout
TXN100151,1506.77,debit_card,68,340.7,0.141,1,234,0.284,1,1,bank_timeout
TXN100152,2611.52,netbanking,59,189.3,0.639,0,787,0.706,9,1,fraud_false_positive
TXN100153,2857.79,netbanking,51,146.6,0.304,2,317,0.361,14,1,insufficient_funds
TXN100154,4778.02,debit_card,51,143.4,0.057,1,1210,0.159,13,0,insufficient_funds
TXN100155,2353.3,debit_card,68,428.2,0.084,3,774,0.38,17,0,bank_timeout
TXN100156,7771.11,credit_card,5,176.0,0.579,0,2357,0.533,5,0,fraud_false_positive
TXN100157,4311.39,netbanking,68,418.5,0.211,1,403,0.504,13,1,bank_timeout
TXN100158,4689.04,upi,59,235.4,0.769,0,194,0.464,21,0,fraud_false_positive
TXN100159,2370.7,credit_card,96,332.2,0.009,1,390,0.373,14,0,bank_timeout
TXN100160,1843.27,debit_card,51,124.9,0.115,1,311,0.376,21,0,insufficient_funds
TXN100161,4421.75,credit_card,51,210.3,0.177,4,378,0.372,15,0,insufficient_funds
TXN100162,4491.69,netbanking,5,543.4,0.162,0,965,0.526,18,0,network_error
TXN100163,2854.79,upi,51,202.9,0.091,2,1143,0.296,22,0,insufficient_funds
TXN100164,1548.71,upi,96,402.1,0.065,1,762,0.659,11,1,bank_timeout
TXN100165,7616.15,credit_card,61,194.2,0.128,2,257,0.472,1,0,insufficient_funds
TXN100166,2396.52,credit_card,59,211.1,0.641,0,1061,0.742,20,1,fraud_false_positive
TXN100167,4478.04,credit_card,51,221.8,0.295,1,226,0.341,17,1,insufficient_funds
TXN100168,2385.19,debit_card,96,314.8,0.365,3,1356,0.219,2,0,bank_timeout
TXN100169,1012.68,debit_card,51,223.3,0.039,2,392,0.193,9,0,insufficient_funds
TXN100170,3432.51,netbanking,91,365.9,0.272,0,987,0.593,22,1,bank_timeout
TXN100171,3494.45,upi,51,206.1,0.352,0,17,0.036,0,0,insufficient_funds
TXN100172,2035.51,credit_card,21,555.6,0.01,0,1271,0.518,7,0,network_error
TXN100173,1100.34,upi,59,231.8,0.77,1,120,0.712,14,1,fraud_false_positive
TXN100174,1952.83,wallet,61,172.1,0.197,0,253,0.181,7,0,insufficient_funds
TXN100175,2141.97,upi,51,160.6,0.085,0,914,0.231,13,0,insufficient_funds
TXN100176,3278.79,credit_card,65,176.0,0.442,0,171,0.256,22,1,insufficient_funds
TXN100177,3329.83,credit_card,59,242.3,0.535,0,1768,0.637,12,1,fraud_false_positive
TXN100178,4539.48,debit_card,5,508.9,0.23,0,71,0.442,15,0,network_error
TXN100179,4388.32,credit_card,59,222.3,0.55,1,173,0.465,21,1,fraud_false_positive
TXN100180,921.29,debit_card,96,515.7,0.361,0,1483,0.447,4,0,network_error
TXN100181,1448.61,debit_card,21,354.3,0.355,0,208,0.719,22,0,network_error
TXN100182,1531.85,netbanking,51,207.7,0.189,2,23,0.41,7,1,insufficient_funds
TXN100183,3233.71,netbanking,51,231.8,0.16,1,378,0.06,3,0,insufficient_funds
TXN100184,2607.57,debit_card,59,98.9,0.905,0,338,0.651,5,0,fraud_false_positive
TXN100185,3817.81,credit_card,65,134.1,0.47,3,939,0.251,20,0,insufficient_funds
TXN100186,1096.9,upi,96,614.5,0.126,1,994,0.393,13,0,network_error
TXN100187,3141.81,credit_card,96,358.5,0.231,2,198,0.472,12,0,bank_timeout
TXN100188,3465.36,credit_card,51,190.6,0.12,2,220,0.107,0,0,insufficient_funds
TXN100189,765.53,debit_card,51,206.1,0.204,1,159,0.231,14,1,insufficient_funds
TXN100190,2184.7,upi,65,193.4,0.683,3,28,0.131,16,0,insufficient_funds
TXN100191,1347.37,credit_card,65,175.3,0.092,1,98,0.212,12,1,insufficient_funds
TXN100192,3128.87,upi,65,144.9,0.074,1,38,0.226,5,1,insufficient_funds
TXN100193,280.16,debit_card,61,66.3,0.307,0,863,0.236,16,1,insufficient_funds
TXN100194,5373.35,debit_card,61,174.8,0.243,1,1116,0.29,1,0,insufficient_funds
TXN100195,2520.21,wallet,68,334.5,0.15,0,901,0.593,9,1,bank_timeout
TXN100196,1968.86,upi,51,197.4,0.313,1,334,0.37,14,0,insufficient_funds
TXN100197,1625.31,upi,51,161.3,0.134,0,21,0.281,19,0,insufficient_funds
TXN100198,699.74,credit_card,91,251.0,0.16,0,156,0.395,12,0,bank_timeout
TXN100199,702.67,credit_card,5,344.7,0.049,0,394,0.527,3,0,network_error
TXN100200,2212.54,wallet,51,204.2,0.351,1,223,0.238,10,0,insufficient_funds
TXN100201,3514.19,upi,51,113.2,0.3,3,25,0.179,21,0,insufficient_funds
TXN100202,2872.99,debit_card,51,146.1,0.352,0,34,0.296,23,0,insufficient_funds
TXN100203,1204.94,upi,96,546.3,0.343,1,805,0.457,15,1,network_error
TXN100204,1501.7,netbanking,68,454.3,0.432,0,68,0.507,6,0,bank_timeout
TXN100205,1264.66,upi,96,258.6,0.268,1,195,0.455,4,0,network_error
TXN100206,3557.96,credit_card,51,178.7,0.148,1,447,0.35,11,1,insufficient_funds
TXN100207,1082.43,debit_card,5,711.3,0.205,1,67,0.259,19,1,network_error
TXN100208,623.67,credit_card,96,545.6,0.195,0,84,0.429,6,0,network_error
TXN100209,3326.35,wallet,51,208.2,0.171,1,450,0.227,22,1,insufficient_funds
TXN100210,8421.95,debit_card,51,174.4,0.436,4,381,0.48,6,0,insufficient_funds
TXN100211,1818.55,netbanking,59,272.5,0.901,0,1193,0.634,2,0,fraud_false_positive
TXN100212,1679.36,netbanking,51,215.2,0.31,2,254,0.305,3,1,insufficient_funds
TXN100213,1213.53,debit_card,51,202.4,0.084,3,1203,0.016,19,0,insufficient_funds
TXN100214,5420.7,credit_card,51,244.7,0.171,0,123,0.298,15,1,insufficient_funds
TXN100215,5048.17,debit_card,51,163.6,0.152,2,393,0.27,11,0,insufficient_funds
TXN100216,973.68,wallet,91,334.2,0.126,1,25,0.48,13,0,bank_timeout
TXN100217,2561.26,upi,68,401.6,0.202,1,168,0.475,0,0,bank_timeout
TXN100218,2229.93,debit_card,5,226.5,0.88,0,210,0.72,14,0,fraud_false_positive
TXN100219,784.03,netbanking,96,505.4,0.294,0,803,0.321,19,1,network_error
TXN100220,8461.67,debit_card,51,231.2,0.016,1,57,0.276,22,0,insufficient_funds
TXN100221,1410.3,debit_card,59,144.7,0.833,0,1082,0.801,12,0,fraud_false_positive
TXN100222,8113.19,upi,51,193.9,0.494,1,352,0.205,16,0,insufficient_funds
TXN100223,880.42,debit_card,51,178.3,0.063,2,118,0.381,12,0,insufficient_funds
TXN100224,1198.27,upi,91,230.9,0.133,1,801,0.461,1,1,bank_timeout
TXN100225,5973.29,credit_card,51,193.9,0.168,0,287,0.095,13,0,insufficient_funds
TXN100226,6580.74,debit_card,59,179.9,0.74,0,412,0.798,18,0,fraud_false_positive
TXN100227,1671.55,debit_card,5,168.6,0.764,0,1396,0.472,18,1,fraud_false_positive
TXN100228,1815.57,wallet,61,157.4,0.22,2,51,0.248,20,1,insufficient_funds
TXN100229,3786.02,debit_card,61,217.9,0.105,2,147,0.212,4,0,insufficient_funds
TXN100230,3275.67,credit_card,68,392.7,0.249,0,1057,0.639,5,0,bank_timeout
TXN100231,1831.63,debit_card,63,247.9,0.758,1,52,0.859,22,0,fraud_false_positive
TXN100232,1810.02,upi,68,335.5,0.271,1,858,0.817,20,1,bank_timeout
TXN100233,97.43,debit_card,5,633.6,0.021,1,660,0.852,17,0,network_error
TXN100234,2580.1,netbanking,96,534.0,0.16,0,42,0.293,17,1,network_error
TXN100235,6409.19,netbanking,51,179.6,0.27,2,490,0.286,5,1,insufficient_funds
TXN100236,2624.77,upi,59,185.3,0.722,2,693,0.699,14,1,fraud_false_positive
TXN100237,1369.01,upi,65,192.8,0.269,1,785,0.283,9,0,insufficient_funds
TXN100238,3207.12,credit_card,65,279.6,0.089,0,237,0.218,5,1,insufficient_funds
TXN100239,1682.12,upi,61,147.0,0.245,2,387,0.023,17,1,insufficient_funds
TXN100240,5504.8,debit_card,21,522.6,0.227,0,1717,0.62,16,0,network_error
TXN100241,1809.09,credit_card,91,143.6,0.293,2,46,0.686,1,0,bank_timeout
TXN100242,3545.71,credit_card,51,186.9,0.119,0,34,0.44,13,1,insufficient_funds
TXN100243,6233.93,debit_card,61,218.0,0.222,2,168,0.093,10,1,insufficient_funds
TXN100244,2011.62,credit_card,21,300.3,0.338,0,438,0.547,13,0,network_error
TXN100245,6227.1,debit_card,96,489.5,0.24,0,296,0.522,19,1,network_error
TXN100246,1389.11,debit_card,63,187.4,0.804,0,103,0.9,18,0,fraud_false_positive
TXN100247,8432.34,netbanking,63,183.6,0.707,0,197,0.608,23,1,fraud_false_positive
TXN100248,2477.16,credit_card,51,232.6,0.164,0,77,0.258,11,1,insufficient_funds
TXN100249,2086.27,debit_card,96,459.0,0.596,0,818,0.562,20,1,bank_timeout
TXN100250,1460.84,debit_card,61,119.4,0.093,1,20,0.262,5,0,insufficient_funds
TXN100251,2061.27,credit_card,51,160.5,0.169,1,15,0.237,0,0,insufficient_funds
TXN100252,1025.24,credit_card,91,247.3,0.368,2,363,0.411,22,0,bank_timeout
TXN100253,3139.91,upi,51,130.6,0.272,0,557,0.129,4,0,insufficient_funds
TXN100254,12221.25,credit_card,59,238.7,0.906,0,342,0.444,14,0,fraud_false_positive
TXN100255,1191.75,credit_card,96,446.5,0.272,0,70,0.541,11,0,network_error
TXN100256,3941.36,upi,96,603.2,0.198,2,226,0.646,18,0,network_error
TXN100257,482.82,upi,96,320.0,0.069,1,1475,0.307,12,0,network_error
TXN100258,1531.88,credit_card,51,144.7,0.048,0,166,0.398,16,1,insufficient_funds
TXN100259,1081.41,debit_card,96,493.3,0.203,2,322,0.662,11,0,network_error
TXN100260,1460.25,credit_card,96,501.5,0.173,0,69,0.507,3,0,network_error
TXN100261,4023.46,credit_card,96,453.5,0.206,0,67,0.205,19,0,network_error
TXN100262,2660.92,credit_card,96,337.2,0.535,1,477,0.431,4,0,bank_timeout
TXN100263,2501.0,netbanking,91,358.8,0.121,0,190,0.354,16,0,bank_timeout
TXN100264,5714.53,credit_card,59,229.5,0.748,1,1817,0.576,4,0,fraud_false_positive
TXN100265,1169.94,debit_card,96,462.8,0.153,1,1130,0.526,19,0,network_error
TXN100266,287.87,netbanking,51,63.8,0.188,2,506,0.264,13,0,insufficient_funds
TXN100267,763.2,wallet,96,420.4,0.277,0,56,0.346,11,0,bank_timeout
TXN100268,1806.59,netbanking,51,263.7,0.367,0,452,0.305,13,1,insufficient_funds
TXN100269,2229.46,debit_card,91,336.3,0.221,1,628,0.709,20,0,bank_timeout
TXN100270,1468.61,debit_card,63,155.4,0.737,0,57,0.634,22,1,fraud_false_positive
TXN100271,1694.8,debit_card,96,389.3,0.124,0,365,0.326,10,0,network_error
TXN100272,2071.49,upi,51,186.1,0.248,1,920,0.056,0,0,insufficient_funds
TXN100273,1794.62,netbanking,91,324.1,0.378,1,55,0.075,12,1,bank_timeout
TXN100274,2979.83,upi,96,318.8,0.358,0,425,0.646,10,0,network_error
TXN100275,2573.2,credit_card,5,561.4,0.253,2,20,0.683,1,0,network_error
TXN100276,2428.47,upi,5,480.9,0.204,0,210,0.366,12,0,network_error
TXN100277,1976.78,credit_card,91,305.1,0.347,1,54,0.338,9,0,bank_timeout
TXN100278,1996.25,credit_card,51,160.6,0.226,1,128,0.248,3,0,insufficient_funds
TXN100279,3089.52,debit_card,96,405.2,0.018,0,750,0.601,23,0,network_error
TXN100280,1743.92,netbanking,21,490.3,0.302,0,1232,0.488,15,1,network_error
TXN100281,3417.41,credit_card,61,216.7,0.288,0,1652,0.138,15,1,insufficient_funds
TXN100282,6670.54,credit_card,59,196.5,0.813,0,495,0.591,20,0,fraud_false_positive
TXN100283,1762.43,debit_card,51,160.2,0.132,0,76,0.637,1,1,insufficient_funds
TXN100284,555.99,credit_card,96,595.3,0.188,0,288,0.72,12,0,network_error
TXN100285,3103.84,netbanking,96,491.2,0.181,1,306,0.454,19,1,network_error
TXN100286,2320.88,credit_card,5,157.8,0.64,2,320,0.722,1,1,fraud_false_positive
TXN100287,1179.31,debit_card,96,525.1,0.056,1,96,0.582,12,0,network_error
TXN100288,1739.76,debit_card,96,605.4,0.206,0,493,0.769,7,1,network_error
TXN100289,7619.78,netbanking,63,138.7,0.785,0,670,0.584,0,0,fraud_false_positive
TXN100290,2714.58,wallet,96,576.8,0.104,0,297,0.364,15,0,network_error
TXN100291,535.5,debit_card,68,489.9,0.215,0,1232,0.49,22,0,bank_timeout
TXN100292,4694.36,upi,51,157.3,0.061,1,193,0.242,17,1,insufficient_funds
TXN100293,5841.01,credit_card,51,217.3,0.214,1,1770,0.199,21,0,insufficient_funds
TXN100294,6467.39,credit_card,51,192.4,0.126,2,52,0.355,9,0,insufficient_funds
TXN100295,2945.79,debit_card,91,446.8,0.272,0,1724,0.306,18,1,bank_timeout
TXN100296,5012.69,upi,61,184.5,0.199,0,461,0.451,18,1,insufficient_funds
TXN100297,1569.43,credit_card,61,187.8,0.036,2,531,0.167,12,1,insufficient_funds
TXN100298,6352.94,netbanking,63,181.5,0.844,0,917,0.849,4,0,fraud_false_positive
TXN100299,2393.84,netbanking,91,282.7,0.347,1,251,0.358,6,0,bank_timeout
TXN100300,1843.43,credit_card,68,370.4,0.28,0,297,0.44,2,0,bank_timeout
TXN100301,5475.16,credit_card,59,186.9,0.509,0,1346,0.792,13,1,fraud_false_positive
TXN100302,3752.68,netbanking,51,155.9,0.162,0,350,0.251,8,1,insufficient_funds
TXN100303,4037.09,upi,63,229.4,0.86,0,1271,0.663,18,0,fraud_false_positive
TXN100304,1381.88,credit_card,61,157.5,0.128,2,26,0.247,11,0,insufficient_funds
TXN100305,2036.48,upi,96,330.6,0.233,0,231,0.597,16,0,network_error
TXN100306,5918.79,netbanking,51,171.1,0.139,0,407,0.215,10,1,insufficient_funds
TXN100307,4308.23,upi,51,139.5,0.056,1,650,0.357,7,0,insufficient_funds
TXN100308,734.07,upi,51,159.3,0.335,2,421,0.34,17,0,insufficient_funds
TXN100309,1358.3,debit_card,51,218.2,0.243,0,998,0.098,15,0,insufficient_funds
TXN100310,128.48,debit_card,59,130.4,0.808,0,266,0.663,0,1,fraud_false_positive
TXN100311,4127.2,upi,61,199.2,0.188,1,852,0.096,7,0,insufficient_funds
TXN100312,1070.68,debit_card,21,460.3,0.131,0,652,0.688,4,0,network_error
TXN100313,1041.77,upi,96,296.5,0.159,0,19,0.483,7,0,bank_timeout
TXN100314,802.54,wallet,21,536.5,0.209,1,3659,0.622,1,1,network_error
TXN100315,1433.72,credit_card,96,411.8,0.585,0,887,0.211,12,1,network_error
TXN100316,3408.47,debit_card,96,459.0,0.208,0,523,0.438,15,0,bank_timeout
TXN100317,12628.66,credit_card,59,94.1,0.714,0,320,0.505,6,0,fraud_false_positive
TXN100318,3344.6,wallet,65,189.1,0.109,0,1179,0.096,23,0,insufficient_funds
TXN100319,8216.6,credit_card,65,223.9,0.185,1,62,0.061,21,0,insufficient_funds
TXN100320,5802.62,upi,59,139.5,0.753,0,1502,0.772,22,0,fraud_false_positive
TXN100321,1972.9,credit_card,96,462.9,0.152,1,260,0.743,12,0,bank_timeout
TXN100322,1281.14,upi,91,275.0,0.092,0,44,0.491,6,0,bank_timeout
TXN100323,5461.12,netbanking,59,249.6,0.811,1,2145,0.648,8,1,fraud_false_positive
TXN100324,7309.6,debit_card,59,141.2,0.582,0,615,0.797,0,0,fraud_false_positive
TXN100325,660.25,debit_card,91,280.0,0.28,0,564,0.624,22,0,bank_timeout
TXN100326,2305.68,credit_card,68,264.5,0.192,2,348,0.309,13,0,bank_timeout
TXN100327,4130.55,wallet,51,204.8,0.219,1,658,0.102,10,0,insufficient_funds
TXN100328,1818.02,credit_card,51,185.7,0.193,1,422,0.265,11,0,insufficient_funds
TXN100329,577.16,credit_card,21,469.2,0.036,0,299,0.511,14,0,network_error
TXN100330,415.18,upi,96,463.0,0.572,0,654,0.154,20,1,network_error
TXN100331,1715.36,debit_card,51,198.5,0.092,2,324,0.482,4,0,insufficient_funds
TXN100332,3405.11,credit_card,96,257.1,0.094,0,636,0.827,6,0,bank_timeout
TXN100333,7243.08,credit_card,51,173.2,0.244,3,37,0.073,18,1,insufficient_funds
TXN100334,7569.7,credit_card,51,194.7,0.121,1,437,0.099,18,1,insufficient_funds
TXN100335,2081.59,credit_card,96,579.9,0.106,0,1647,0.5,0,0,network_error
TXN100336,5656.92,credit_card,65,153.2,0.251,2,225,0.467,17,0,insufficient_funds
TXN100337,363.68,credit_card,96,404.0,0.015,0,583,0.497,1,0,bank_timeout
TXN100338,2579.28,wallet,61,120.1,0.079,1,5,0.134,2,1,insufficient_funds
TXN100339,2311.62,credit_card,91,351.5,0.104,0,1341,0.626,14,0,bank_timeout
TXN100340,2414.72,upi,21,302.8,0.119,0,354,0.661,18,0,network_error
TXN100341,770.57,credit_card,51,212.1,0.025,2,35,0.04,21,1,insufficient_funds
TXN100342,1634.97,upi,51,205.8,0.176,3,271,0.079,2,1,insufficient_funds
TXN100343,5448.1,debit_card,65,154.4,0.171,2,669,0.191,8,0,insufficient_funds
TXN100344,4904.68,netbanking,51,196.9,0.117,1,360,0.205,12,1,insufficient_funds
TXN100345,2362.25,netbanking,59,237.7,0.81,0,423,0.717,12,1,fraud_false_positive
TXN100346,3383.35,debit_card,96,339.7,0.069,1,108,0.511,15,0,bank_timeout
TXN100347,7516.78,debit_card,59,157.1,0.876,1,975,0.238,14,0,fraud_false_positive
TXN100348,1225.7,upi,51,155.2,0.214,0,176,0.152,7,0,insufficient_funds
TXN100349,3516.22,wallet,51,155.7,0.206,1,795,0.197,2,1,insufficient_funds
TXN100350,14039.93,credit_card,51,183.0,0.486,1,919,0.186,22,0,insufficient_funds
TXN100351,3340.45,debit_card,51,176.6,0.301,2,119,0.282,10,0,insufficient_funds
TXN100352,3552.3,credit_card,51,200.1,0.299,1,90,0.21,9,0,insufficient_funds
TXN100353,1910.78,debit_card,63,234.5,0.824,0,1087,0.752,0,0,fraud_false_positive
TXN100354,4001.63,upi,51,173.8,0.074,3,1166,0.319,23,1,insufficient_funds
TXN100355,1393.92,debit_card,91,310.9,0.325,0,656,0.729,18,1,bank_timeout
TXN100356,2705.92,upi,51,225.1,0.307,0,259,0.372,3,0,insufficient_funds
TXN100357,705.58,credit_card,63,266.7,0.366,1,126,0.597,8,0,fraud_false_positive
TXN100358,4549.47,credit_card,68,321.0,0.14,0,398,0.439,8,0,bank_timeout
TXN100359,2857.46,credit_card,96,194.7,0.276,1,701,0.549,6,1,bank_timeout
TXN100360,3921.63,credit_card,51,192.8,0.121,0,510,0.063,23,1,insufficient_funds
TXN100361,2838.44,wallet,61,155.4,0.239,2,44,0.172,16,1,insufficient_funds
TXN100362,1096.73,netbanking,96,524.3,0.254,0,281,0.614,17,1,network_error
TXN100363,3068.91,credit_card,51,200.7,0.21,0,304,0.509,11,0,insufficient_funds
TXN100364,248.59,upi,51,190.9,0.394,1,269,0.045,18,0,insufficient_funds
TXN100365,637.63,upi,21,563.6,0.135,0,658,0.533,9,0,network_error
TXN100366,1295.11,wallet,51,190.4,0.544,0,1740,0.425,0,0,insufficient_funds
TXN100367,3748.24,credit_card,5,746.9,0.052,0,351,0.284,6,0,network_error
TXN100368,2781.5,credit_card,96,306.4,0.106,0,586,0.575,2,0,bank_timeout
TXN100369,1744.59,wallet,59,234.9,0.727,0,32,0.669,15,1,fraud_false_positive
TXN100370,2897.46,debit_card,96,248.5,0.046,2,128,0.725,15,0,bank_timeout
TXN100371,5359.69,credit_card,59,217.0,0.787,0,1731,0.831,16,0,fraud_false_positive
TXN100372,4889.44,credit_card,68,277.9,0.305,0,421,0.722,4,1,bank_timeout
TXN100373,1067.54,upi,51,213.2,0.148,2,319,0.281,15,1,insufficient_funds
TXN100374,7389.25,credit_card,51,251.7,0.15,2,622,0.198,13,0,insufficient_funds
TXN100375,1443.76,netbanking,5,566.1,0.085,1,147,0.345,13,1,network_error
TXN100376,3005.82,upi,65,252.4,0.187,1,74,0.399,20,1,insufficient_funds
TXN100377,1388.43,debit_card,96,725.7,0.163,0,949,0.306,18,0,network_error
TXN100378,1325.24,upi,91,401.2,0.033,0,1161,0.367,12,1,bank_timeout
TXN100379,2364.69,credit_card,96,281.1,0.122,0,462,0.443,21,1,bank_timeout
TXN100380,3748.8,credit_card,63,178.9,0.632,1,1990,0.747,8,0,fraud_false_positive
TXN100381,7131.09,upi,51,202.7,0.403,1,330,0.172,4,0,insufficient_funds
TXN100382,3116.09,upi,51,208.9,0.216,1,30,0.152,18,1,insufficient_funds
TXN100383,7819.21,credit_card,59,149.6,0.79,0,588,0.87,22,0,fraud_false_positive
TXN100384,5079.06,upi,5,198.0,0.83,0,137,0.79,13,0,fraud_false_positive
TXN100385,1843.67,upi,96,460.4,0.119,0,295,0.682,17,0,network_error
TXN100386,1417.88,debit_card,96,288.2,0.039,1,617,0.554,6,1,bank_timeout
TXN100387,1917.19,wallet,96,398.4,0.116,0,568,0.374,8,0,bank_timeout
TXN100388,2779.33,credit_card,59,169.2,0.732,1,19,0.787,0,1,fraud_false_positive
TXN100389,4209.48,upi,61,185.4,0.306,1,208,0.274,2,0,insufficient_funds
TXN100390,2922.27,debit_card,96,463.3,0.216,1,63,0.536,15,0,network_error
TXN100391,1251.25,debit_card,96,614.9,0.018,0,2082,0.797,16,0,network_error
TXN100392,571.56,credit_card,91,476.6,0.21,0,865,0.626,8,0,bank_timeout
TXN100393,2659.55,netbanking,65,254.6,0.095,2,18,0.144,23,0,insufficient_funds
TXN100394,2911.83,credit_card,91,260.5,0.503,0,1410,0.638,13,1,bank_timeout
TXN100395,1246.1,netbanking,65,174.4,0.357,5,75,0.303,6,0,insufficient_funds
TXN100396,2234.3,upi,51,209.7,0.132,3,71,0.174,9,0,insufficient_funds
TXN100397,3766.48,wallet,96,576.0,0.025,0,74,0.538,2,0,network_error
TXN100398,3236.22,upi,68,440.2,0.019,1,914,0.797,1,1,bank_timeout
TXN100399,1386.04,netbanking,51,206.7,0.035,0,599,0.035,2,0,insufficient_funds
TXN100400,4631.68,credit_card,59,197.7,0.684,1,123,0.685,21,0,fraud_false_positive
TXN100401,1484.56,debit_card,96,458.9,0.019,1,144,0.459,16,1,network_error
TXN100402,1357.7,upi,96,614.6,0.112,0,412,0.56,0,0,network_error
TXN100403,911.31,debit_card,5,664.3,0.146,1,772,0.549,18,0,network_error
TXN100404,3080.55,credit_card,96,235.3,0.119,1,572,0.568,9,0,bank_timeout
TXN100405,1742.18,credit_card,91,308.2,0.363,1,1130,0.621,13,1,bank_timeout
TXN100406,3507.39,credit_card,59,149.2,0.724,0,1524,0.491,7,0,fraud_false_positive
TXN100407,1695.58,debit_card,51,133.6,0.165,0,475,0.217,23,0,insufficient_funds
TXN100408,1257.55,wallet,96,389.9,0.143,3,229,0.629,21,0,network_error
TXN100409,1222.34,credit_card,65,160.9,0.084,1,47,0.065,2,1,insufficient_funds
TXN100410,1424.11,upi,21,457.0,0.34,2,487,0.657,20,0,network_error
TXN100411,960.74,netbanking,51,237.0,0.112,2,220,0.186,6,1,insufficient_funds
TXN100412,2460.5,credit_card,96,536.1,0.158,2,116,0.552,0,0,network_error
TXN100413,1351.59,credit_card,51,108.1,0.027,3,477,0.311,11,0,insufficient_funds
TXN100414,1649.97,upi,59,190.2,0.749,0,161,0.733,5,0,fraud_false_positive
TXN100415,10865.62,debit_card,5,245.1,0.596,0,842,0.203,6,0,fraud_false_positive
TXN100416,2386.33,debit_card,91,270.4,0.232,0,466,0.526,23,1,bank_timeout
TXN100417,5477.7,debit_card,51,162.0,0.195,0,296,0.267,10,1,insufficient_funds
TXN100418,632.28,credit_card,51,198.3,0.174,1,89,0.136,2,0,insufficient_funds
TXN100419,961.08,netbanking,96,525.3,0.035,1,139,0.606,23,0,network_error
TXN100420,2109.85,credit_card,5,485.5,0.128,0,287,0.218,11,0,network_error
TXN100421,8004.87,credit_card,63,258.8,0.844,0,342,0.679,1,1,fraud_false_positive
TXN100422,1085.42,credit_card,91,276.0,0.286,1,103,0.541,20,1,bank_timeout
TXN100423,1464.6,credit_card,91,444.9,0.578,1,504,0.628,3,1,bank_timeout
TXN100424,3060.23,wallet,5,563.6,0.027,1,1743,0.438,15,0,network_error
TXN100425,2593.28,netbanking,68,390.8,0.255,2,160,0.487,20,0,bank_timeout
TXN100426,902.7,upi,51,219.5,0.122,0,598,0.164,23,1,insufficient_funds
TXN100427,4496.56,netbanking,21,796.8,0.049,0,300,0.774,14,0,network_error
TXN100428,3083.39,credit_card,68,362.5,0.119,1,2137,0.572,7,1,bank_timeout
TXN100429,294.88,credit_card,5,416.3,0.549,0,161,0.767,11,1,network_error
TXN100430,1499.35,debit_card,96,568.6,0.3,0,1821,0.484,22,0,network_error
TXN100431,1407.02,credit_card,51,163.1,0.11,1,36,0.18,9,0,insufficient_funds
TXN100432,1076.07,netbanking,51,86.6,0.185,2,406,0.478,6,0,insufficient_funds
TXN100433,1486.66,credit_card,21,623.7,0.191,0,121,0.428,19,0,network_error
TXN100434,2229.0,wallet,59,190.5,0.384,0,632,0.479,9,0,fraud_false_positive
TXN100435,1918.84,debit_card,51,242.4,0.09,0,11,0.446,21,0,insufficient_funds
TXN100436,7009.99,credit_card,59,163.8,0.608,0,616,0.608,5,0,fraud_false_positive
TXN100437,3178.28,upi,51,143.4,0.175,1,439,0.536,6,0,insufficient_funds
TXN100438,5506.77,credit_card,65,165.3,0.347,1,510,0.022,19,0,insufficient_funds
TXN100439,1795.27,credit_card,91,334.3,0.151,0,1265,0.522,7,1,bank_timeout
TXN100440,1790.17,credit_card,5,473.1,0.035,0,1243,0.555,13,0,network_error
TXN100441,1125.58,debit_card,91,397.0,0.39,0,891,0.665,13,1,bank_timeout
TXN100442,1662.14,upi,91,390.6,0.097,0,14,0.438,11,0,bank_timeout
TXN100443,6495.2,netbanking,51,196.0,0.063,1,75,0.247,7,0,insufficient_funds
TXN100444,2946.78,upi,96,429.8,0.031,1,1040,0.565,14,0,network_error
TXN100445,1705.69,upi,96,329.4,0.154,1,41,0.89,12,1,bank_timeout
TXN100446,2635.92,credit_card,21,747.2,0.256,0,114,0.769,16,0,network_error
TXN100447,2981.48,upi,96,262.9,0.009,2,539,0.416,18,1,bank_timeout
TXN100448,1903.3,wallet,96,195.5,0.041,1,636,0.307,1,0,bank_timeout
TXN100449,8734.61,wallet,5,283.3,0.135,1,221,0.483,23,1,network_error
TXN100450,4016.38,credit_card,51,161.2,0.272,2,165,0.09,12,1,insufficient_funds
TXN100451,767.67,upi,96,617.0,0.165,0,738,0.558,5,0,network_error
TXN100452,552.3,upi,21,252.2,0.5,2,536,0.367,23,1,network_error
TXN100453,10036.73,netbanking,51,194.2,0.315,2,362,0.05,6,0,insufficient_funds
TXN100454,1651.17,credit_card,91,260.3,0.163,2,230,0.431,4,0,bank_timeout
TXN100455,3723.73,credit_card,21,697.8,0.155,1,186,0.873,23,1,network_error
TXN100456,6945.45,credit_card,59,291.0,0.406,0,1045,0.544,2,0,fraud_false_positive
TXN100457,1090.97,credit_card,96,197.2,0.137,1,348,0.077,19,1,bank_timeout
TXN100458,853.03,debit_card,91,459.4,0.43,1,339,0.394,7,0,bank_timeout
TXN100459,1186.53,debit_card,21,546.4,0.121,0,98,0.506,17,0,network_error
TXN100460,599.93,upi,91,473.1,0.372,0,1432,0.408,11,0,bank_timeout
TXN100461,6587.39,upi,21,368.4,0.17,0,783,0.566,1,1,network_error
TXN100462,885.28,credit_card,61,147.3,0.483,1,517,0.29,16,1,insufficient_funds
TXN100463,512.55,debit_card,21,318.7,0.192,0,594,0.771,15,1,network_error
TXN100464,1978.48,debit_card,96,608.1,0.308,1,89,0.454,23,0,network_error
TXN100465,4449.5,upi,51,201.3,0.521,2,424,0.155,17,0,insufficient_funds
TXN100466,2141.21,credit_card,59,271.7,0.602,0,471,0.714,19,1,fraud_false_positive
TXN100467,3393.39,netbanking,51,119.4,0.206,1,1191,0.181,17,1,insufficient_funds
TXN100468,2010.1,credit_card,65,200.4,0.046,1,29,0.194,13,0,insufficient_funds
TXN100469,1454.9,wallet,91,377.2,0.11,0,576,0.472,18,1,bank_timeout
TXN100470,9084.84,upi,51,155.6,0.175,1,187,0.076,21,0,insufficient_funds
TXN100471,4230.26,debit_card,51,180.9,0.022,1,223,0.158,11,0,insufficient_funds
TXN100472,966.36,wallet,59,204.7,0.589,0,925,0.727,21,0,fraud_false_positive
TXN100473,823.52,debit_card,91,431.3,0.075,0,450,0.563,4,0,bank_timeout
TXN100474,876.98,netbanking,65,211.8,0.222,1,469,0.385,7,0,insufficient_funds
TXN100475,1037.83,debit_card,51,205.9,0.105,0,1222,0.32,3,0,insufficient_funds
TXN100476,527.53,upi,96,423.2,0.369,0,254,0.223,4,1,network_error
TXN100477,4335.77,netbanking,51,175.9,0.286,1,72,0.383,4,0,insufficient_funds
TXN100478,1857.53,debit_card,61,174.8,0.153,0,89,0.275,16,1,insufficient_funds
TXN100479,2276.25,upi,51,227.6,0.131,3,187,0.256,16,1,insufficient_funds
TXN100480,4977.21,netbanking,51,141.2,0.057,2,283,0.47,12,1,insufficient_funds
TXN100481,369.91,credit_card,91,306.2,0.268,0,1152,0.351,19,1,bank_timeout
TXN100482,593.49,credit_card,96,441.9,0.46,0,128,0.945,10,1,network_error
TXN100483,8104.19,debit_card,51,184.1,0.438,1,738,0.403,8,0,insufficient_funds
TXN100484,2078.58,credit_card,21,602.1,0.081,0,56,0.68,0,0,network_error
TXN100485,2777.7,credit_card,96,652.3,0.073,0,102,0.332,3,0,network_error
TXN100486,3951.95,credit_card,61,186.7,0.135,0,123,0.244,3,0,insufficient_funds
TXN100487,2685.09,upi,51,203.2,0.036,0,139,0.182,20,1,insufficient_funds
TXN100488,3031.65,netbanking,61,284.0,0.051,0,2163,0.392,13,0,insufficient_funds
TXN100489,670.62,debit_card,96,453.7,0.177,0,427,0.621,5,0,network_error
TXN100490,2916.26,debit_card,51,125.2,0.259,2,121,0.081,7,0,insufficient_funds
TXN100491,2135.8,upi,51,208.8,0.255,0,668,0.142,8,0,insufficient_funds
TXN100492,3709.12,upi,51,212.8,0.16,1,1115,0.346,2,0,insufficient_funds
TXN100493,990.97,debit_card,21,577.6,0.384,1,111,0.377,18,0,network_error
TXN100494,2055.02,credit_card,61,139.3,0.055,1,271,0.416,10,0,insufficient_funds
TXN100495,1533.35,debit_card,96,505.9,0.084,0,547,0.583,14,0,network_error
TXN100496,187.81,upi,5,434.1,0.068,0,467,0.638,15,1,network_error
TXN100497,1215.93,upi,21,804.3,0.571,0,692,0.436,12,1,network_error
TXN100498,1875.24,credit_card,5,589.1,0.393,0,127,0.631,18,1,network_error
TXN100499,2824.83,debit_card,21,489.2,0.102,0,131,0.25,14,1,network_error
TXN100500,8906.83,upi,59,158.0,0.577,1,385,0.851,19,1,fraud_false_positive
TXN100501,7804.99,credit_card,51,221.2,0.092,0,74,0.249,19,0,insufficient_funds
TXN100502,893.9,debit_card,96,761.8,0.2,2,5,0.203,8,0,network_error
TXN100503,3825.83,credit_card,51,146.6,0.204,3,781,0.379,7,0,insufficient_funds
TXN100504,1261.59,credit_card,51,101.0,0.207,0,449,0.215,8,0,insufficient_funds
TXN100505,2135.43,credit_card,61,240.1,0.081,2,831,0.213,7,0,insufficient_funds
TXN100506,562.84,credit_card,96,411.6,0.263,1,652,0.759,9,1,bank_timeout
TXN100507,4195.04,debit_card,59,290.5,0.832,0,1773,0.547,0,0,fraud_false_positive
TXN100508,7291.22,netbanking,51,229.5,0.08,2,1042,0.144,13,1,insufficient_funds
TXN100509,4554.45,netbanking,51,197.4,0.2,1,194,0.155,0,1,insufficient_funds
TXN100510,2962.89,upi,91,413.8,0.083,0,536,0.409,16,0,bank_timeout
TXN100511,2553.56,credit_card,51,187.0,0.218,2,1227,0.258,0,0,insufficient_funds
TXN100512,1106.6,credit_card,91,231.4,0.186,1,772,0.656,8,0,bank_timeout
TXN100513,1341.3,credit_card,5,605.3,0.014,0,860,0.411,3,1,network_error
TXN100514,359.35,upi,91,264.5,0.357,1,70,0.557,1,1,bank_timeout
TXN100515,2317.0,credit_card,96,450.8,0.144,0,684,0.718,11,0,network_error
TXN100516,1001.27,debit_card,51,245.8,0.148,0,86,0.018,6,0,insufficient_funds
TXN100517,3527.15,debit_card,91,296.0,0.14,0,1192,0.42,15,1,bank_timeout
TXN100518,640.67,credit_card,96,448.1,0.237,0,167,0.362,5,0,network_error
TXN100519,2701.47,debit_card,91,262.3,0.027,2,626,0.683,18,1,bank_timeout
TXN100520,2803.81,upi,51,145.7,0.197,0,637,0.532,21,0,insufficient_funds
TXN100521,6302.96,debit_card,51,145.4,0.463,1,52,0.03,23,0,insufficient_funds
TXN100522,545.63,credit_card,5,210.8,0.674,0,1729,0.593,17,0,fraud_false_positive
TXN100523,961.75,upi,96,419.1,0.236,0,87,0.325,11,0,bank_timeout
TXN100524,207.51,debit_card,21,516.4,0.359,0,210,0.682,13,1,network_error
TXN100525,1725.34,credit_card,51,169.7,0.537,1,360,0.159,3,0,insufficient_funds
TXN100526,1662.13,wallet,91,402.4,0.177,2,697,0.501,3,1,bank_timeout
TXN100527,841.55,upi,59,208.8,0.867,0,604,0.797,19,1,fraud_false_positive
TXN100528,4972.28,wallet,96,389.6,0.033,0,1110,0.465,19,0,bank_timeout
TXN100529,6603.17,credit_card,61,219.8,0.342,0,29,0.657,6,0,insufficient_funds
TXN100530,1217.06,wallet,21,428.2,0.106,0,37,0.59,13,1,network_error
TXN100531,1832.81,credit_card,59,170.4,0.787,1,1171,0.835,23,0,fraud_false_positive
TXN100532,6409.72,upi,51,211.1,0.052,1,243,0.365,10,1,insufficient_funds
TXN100533,10387.13,credit_card,63,198.7,0.715,0,962,0.74,9,0,fraud_false_positive
TXN100534,2216.83,debit_card,91,263.1,0.17,0,610,0.305,1,0,bank_timeout
TXN100535,3765.43,credit_card,91,301.5,0.082,0,1598,0.356,13,0,bank_timeout
TXN100536,5914.26,wallet,59,100.8,0.796,0,17,0.851,14,1,fraud_false_positive
TXN100537,9271.32,credit_card,51,199.2,0.393,3,90,0.335,15,1,insufficient_funds
TXN100538,1654.87,credit_card,91,354.6,0.238,1,257,0.187,6,1,bank_timeout
TXN100539,9517.84,debit_card,59,272.2,0.556,0,1514,0.504,17,0,fraud_false_positive
TXN100540,2022.66,debit_card,96,520.9,0.098,0,392,0.49,15,0,network_error
TXN100541,2607.98,netbanking,96,412.2,0.076,0,379,0.53,14,0,bank_timeout
TXN100542,1481.27,credit_card,21,411.1,0.011,0,113,0.573,15,1,network_error
TXN100543,626.44,debit_card,96,390.8,0.189,0,176,0.529,15,0,network_error
TXN100544,2831.39,netbanking,51,135.5,0.079,0,3210,0.314,0,0,insufficient_funds
TXN100545,2480.57,credit_card,5,530.3,0.019,0,430,0.521,23,1,network_error
TXN100546,943.88,credit_card,61,226.2,0.07,1,946,0.629,7,1,insufficient_funds
TXN100547,2325.64,debit_card,91,366.6,0.164,1,27,0.564,21,1,bank_timeout
TXN100548,4349.64,upi,65,188.1,0.134,0,253,0.517,11,1,insufficient_funds
TXN100549,4576.53,debit_card,21,579.6,0.436,0,91,0.561,22,0,network_error
TXN100550,2369.49,debit_card,61,161.5,0.22,0,102,0.226,6,0,insufficient_funds
TXN100551,1210.2,upi,96,677.4,0.037,0,520,0.52,7,0,network_error
TXN100552,3607.51,credit_card,51,176.9,0.153,3,76,0.118,20,0,insufficient_funds
TXN100553,5188.62,wallet,51,200.6,0.197,2,148,0.222,16,0,insufficient_funds
TXN100554,1190.15,credit_card,51,194.0,0.218,1,388,0.373,22,0,insufficient_funds
TXN100555,787.1,upi,96,637.7,0.269,2,1410,0.533,21,1,network_error
TXN100556,1032.43,credit_card,21,622.6,0.311,0,359,0.582,5,1,network_error
TXN100557,2839.76,netbanking,61,168.5,0.136,1,224,0.142,7,0,insufficient_funds
TXN100558,915.8,upi,51,245.1,0.145,1,445,0.259,12,1,insufficient_funds
TXN100559,492.48,upi,96,239.1,0.225,1,236,0.395,22,0,bank_timeout
TXN100560,970.11,credit_card,68,265.2,0.363,0,1008,0.432,17,0,bank_timeout
TXN100561,2210.34,credit_card,59,102.5,0.938,0,551,0.814,1,1,fraud_false_positive
TXN100562,623.12,upi,5,374.4,0.366,0,77,0.473,7,0,network_error
TXN100563,1485.98,debit_card,91,377.8,0.148,0,417,0.441,7,0,bank_timeout
TXN100564,1464.44,credit_card,96,671.0,0.158,1,530,0.487,2,0,network_error
TXN100565,1885.78,upi,5,493.9,0.097,1,129,0.65,20,0,network_error
TXN100566,10574.14,credit_card,51,262.4,0.129,4,752,0.274,3,0,insufficient_funds
TXN100567,1466.74,upi,96,592.5,0.496,0,296,0.353,4,0,network_error
TXN100568,1568.94,upi,51,184.3,0.376,0,50,0.122,6,0,insufficient_funds
TXN100569,4032.73,credit_card,51,169.2,0.317,1,34,0.091,22,0,insufficient_funds
TXN100570,499.1,netbanking,5,538.7,0.163,1,61,0.332,1,0,network_error
TXN100571,1496.18,debit_card,91,338.7,0.2,0,254,0.623,13,1,bank_timeout
TXN100572,2822.97,debit_card,96,251.5,0.026,1,617,0.36,10,1,bank_timeout
TXN100573,3110.89,wallet,68,327.9,0.084,2,831,0.868,5,1,bank_timeout
TXN100574,422.29,netbanking,68,476.8,0.19,0,204,0.238,13,0,bank_timeout
TXN100575,285.47,debit_card,91,308.7,0.213,0,144,0.463,3,0,bank_timeout
TXN100576,4137.43,netbanking,91,459.5,0.208,0,1280,0.486,8,0,bank_timeout
TXN100577,2666.25,debit_card,51,171.4,0.264,1,321,0.388,17,0,insufficient_funds
TXN100578,8513.43,debit_card,51,221.6,0.263,2,193,0.313,12,0,insufficient_funds
TXN100579,5902.98,credit_card,51,122.0,0.072,3,164,0.294,22,0,insufficient_funds
TXN100580,1434.86,netbanking,91,336.5,0.16,1,296,0.493,22,0,bank_timeout
TXN100581,808.25,credit_card,68,271.7,0.158,1,457,0.321,0,1,bank_timeout
TXN100582,1630.54,credit_card,61,200.0,0.102,0,275,0.353,19,0,insufficient_funds
TXN100583,1856.45,credit_card,96,282.7,0.135,0,140,0.415,6,1,network_error
TXN100584,4519.91,credit_card,59,201.3,0.758,0,977,0.519,18,1,fraud_false_positive
TXN100585,3162.64,debit_card,51,196.8,0.183,3,225,0.217,3,1,insufficient_funds
TXN100586,2804.08,debit_card,51,187.2,0.256,1,565,0.082,19,0,insufficient_funds
TXN100587,3596.2,upi,51,167.4,0.182,4,818,0.216,16,1,insufficient_funds
TXN100588,2457.28,netbanking,96,573.1,0.127,0,221,0.637,12,0,network_error
TXN100589,4795.27,credit_card,63,247.0,0.924,0,248,0.401,8,0,fraud_false_positive
TXN100590,4551.86,netbanking,61,168.3,0.262,0,53,0.545,6,0,insufficient_funds
TXN100591,1217.79,credit_card,51,247.5,0.112,0,1044,0.38,3,0,insufficient_funds
TXN100592,1012.91,netbanking,96,533.6,0.258,0,238,0.364,11,0,network_error
TXN100593,3399.36,debit_card,65,159.7,0.274,0,474,0.246,1,0,insufficient_funds
TXN100594,3639.29,debit_card,61,138.1,0.01,0,455,0.137,8,1,insufficient_funds
TXN100595,922.7,credit_card,96,315.2,0.2,0,745,0.57,4,1,bank_timeout
TXN100596,3138.0,netbanking,51,216.6,0.252,0,963,0.159,11,0,insufficient_funds
TXN100597,4063.87,netbanking,51,243.0,0.019,2,762,0.063,10,0,insufficient_funds
TXN100598,609.89,credit_card,96,408.8,0.291,0,259,0.265,16,0,bank_timeout
TXN100599,2154.45,credit_card,51,100.9,0.144,1,578,0.374,18,0,insufficient_funds
TXN100600,3015.01,credit_card,96,281.8,0.398,0,1151,0.54,1,0,bank_timeout
TXN100601,750.58,debit_card,96,622.2,0.256,1,320,0.497,0,1,network_error
TXN100602,2593.06,netbanking,51,193.5,0.535,0,48,0.478,4,0,insufficient_funds
TXN100603,927.73,netbanking,91,401.9,0.217,0,813,0.563,9,0,bank_timeout
TXN100604,330.99,debit_card,21,532.3,0.193,0,1058,0.513,7,0,network_error
TXN100605,6545.38,debit_card,5,552.6,0.169,1,148,0.353,12,0,network_error
TXN100606,1721.78,debit_card,96,607.0,0.258,1,199,0.554,16,0,network_error
TXN100607,3921.48,debit_card,59,173.6,0.653,0,1293,0.756,0,0,fraud_false_positive
TXN100608,4005.76,upi,51,207.8,0.236,1,694,0.287,11,0,insufficient_funds
TXN100609,1998.8,debit_card,51,131.3,0.184,1,522,0.279,16,0,insufficient_funds
TXN100610,2360.5,credit_card,91,388.8,0.19,2,491,0.521,20,0,bank_timeout
TXN100611,236.25,upi,5,419.1,0.023,3,513,0.14,22,0,network_error
TXN100612,592.34,credit_card,51,216.3,0.316,1,1163,0.299,11,0,insufficient_funds
TXN100613,940.86,credit_card,96,551.4,0.02,0,745,0.643,23,1,network_error
TXN100614,1858.76,netbanking,68,253.2,0.159,1,150,0.703,15,0,bank_timeout
TXN100615,1462.37,credit_card,21,515.8,0.272,0,681,0.621,4,1,network_error
TXN100616,3428.62,debit_card,51,139.3,0.076,2,483,0.217,0,0,insufficient_funds
TXN100617,1546.75,debit_card,59,226.6,0.829,0,125,0.543,14,1,fraud_false_positive
TXN100618,2518.51,upi,96,455.4,0.09,0,277,0.456,21,0,network_error
TXN100619,473.21,debit_card,91,257.3,0.139,0,256,0.423,17,0,bank_timeout
TXN100620,1457.68,credit_card,51,207.4,0.311,1,31,0.423,15,1,insufficient_funds
TXN100621,285.71,netbanking,96,474.9,0.07,2,1029,0.565,3,0,network_error
TXN100622,548.39,credit_card,96,385.8,0.18,1,147,0.59,4,1,bank_timeout
TXN100623,1450.81,netbanking,96,636.7,0.214,0,1066,0.608,13,1,network_error
TXN100624,1644.6,netbanking,5,421.8,0.17,0,18,0.131,19,1,network_error
TXN100625,7703.68,debit_card,51,221.8,0.281,2,257,0.27,3,0,insufficient_funds
TXN100626,5771.94,upi,5,375.8,0.122,0,1200,0.383,11,0,network_error
TXN100627,1019.01,netbanking,91,480.1,0.537,0,414,0.468,23,0,bank_timeout
TXN100628,4407.46,credit_card,5,391.9,0.152,1,251,0.541,18,1,network_error
TXN100629,1034.82,netbanking,68,233.4,0.597,1,331,0.74,1,1,bank_timeout
TXN100630,5207.89,netbanking,61,213.5,0.074,2,459,0.662,1,0,insufficient_funds
TXN100631,2334.86,debit_card,61,139.3,0.242,2,21,0.037,9,1,insufficient_funds
TXN100632,1545.49,debit_card,5,417.7,0.062,0,663,0.515,22,0,network_error
TXN100633,2511.94,debit_card,51,112.7,0.182,1,900,0.196,14,1,insufficient_funds
TXN100634,2746.42,debit_card,21,580.3,0.113,0,391,0.556,2,0,network_error
TXN100635,1993.41,upi,51,175.5,0.357,0,1655,0.098,4,0,insufficient_funds
TXN100636,1310.93,credit_card,51,120.0,0.075,1,359,0.303,3,0,insufficient_funds
TXN100637,3299.39,credit_card,51,173.2,0.067,2,579,0.237,21,0,insufficient_funds
TXN100638,414.44,netbanking,68,372.7,0.65,2,1571,0.661,6,1,bank_timeout
TXN100639,613.61,debit_card,96,300.2,0.051,0,256,0.656,22,0,bank_timeout
TXN100640,927.92,credit_card,51,188.7,0.278,0,279,0.24,8,0,insufficient_funds
TXN100641,6607.08,netbanking,59,257.0,0.714,2,1957,0.583,15,1,fraud_false_positive
TXN100642,209.66,debit_card,59,199.8,0.805,1,399,0.597,21,0,fraud_false_positive
TXN100643,1280.91,debit_card,21,535.1,0.329,1,428,0.63,16,0,network_error
TXN100644,1603.56,credit_card,5,442.6,0.27,0,136,0.324,1,0,network_error
TXN100645,3366.1,upi,61,171.4,0.127,2,1013,0.138,2,1,insufficient_funds
TXN100646,3703.49,upi,51,165.3,0.092,3,214,0.252,17,0,insufficient_funds
TXN100647,1986.34,debit_card,68,376.7,0.203,0,699,0.514,8,1,bank_timeout
TXN100648,4535.14,credit_card,21,528.6,0.272,0,22,0.218,15,0,network_error
TXN100649,5077.43,netbanking,51,151.0,0.034,1,127,0.073,14,0,insufficient_funds
TXN100650,780.02,upi,21,467.8,0.116,1,704,0.542,16,1,network_error
TXN100651,2603.02,upi,96,474.2,0.308,0,369,0.822,9,1,network_error
TXN100652,296.66,netbanking,5,201.3,0.804,0,25,0.858,10,0,fraud_false_positive
TXN100653,2088.45,debit_card,59,126.3,0.743,1,42,0.684,23,1,fraud_false_positive
TXN100654,7485.32,debit_card,65,188.0,0.233,3,196,0.201,8,0,insufficient_funds
TXN100655,6735.28,credit_card,65,180.6,0.097,3,169,0.276,12,0,insufficient_funds
TXN100656,4968.03,credit_card,51,178.9,0.075,0,819,0.548,17,0,insufficient_funds
TXN100657,1571.79,debit_card,61,222.2,0.38,2,165,0.21,23,0,insufficient_funds
TXN100658,1432.68,upi,51,156.7,0.129,2,1394,0.223,12,1,insufficient_funds
TXN100659,2435.41,debit_card,51,237.2,0.095,3,423,0.207,23,1,insufficient_funds
TXN100660,3039.28,upi,59,156.1,0.651,0,94,0.767,9,0,fraud_false_positive
TXN100661,653.86,debit_card,96,349.2,0.103,0,357,0.319,9,0,bank_timeout
TXN100662,1935.34,credit_card,51,188.7,0.383,3,56,0.07,4,0,insufficient_funds
TXN100663,2391.79,wallet,5,263.7,0.661,1,1751,0.851,16,0,fraud_false_positive
TXN100664,4257.14,credit_card,51,106.1,0.107,0,160,0.086,9,0,insufficient_funds
TXN100665,891.37,debit_card,51,272.9,0.045,4,30,0.148,12,0,insufficient_funds
TXN100666,1623.83,netbanking,5,430.1,0.393,1,368,0.345,8,0,network_error
TXN100667,1857.1,debit_card,96,637.6,0.199,0,341,0.612,0,0,network_error
TXN100668,3104.61,credit_card,59,238.1,0.691,0,152,0.79,3,0,fraud_false_positive
TXN100669,996.5,netbanking,51,142.3,0.265,2,467,0.132,14,1,insufficient_funds
TXN100670,2097.52,debit_card,51,183.6,0.211,3,319,0.051,18,1,insufficient_funds
TXN100671,4927.92,credit_card,63,191.6,0.835,1,1801,0.844,15,0,fraud_false_positive
TXN100672,2265.4,debit_card,63,268.9,0.873,1,1462,0.521,19,0,fraud_false_positive
TXN100673,819.78,debit_card,96,409.3,0.06,0,530,0.52,19,0,network_error
TXN100674,3487.58,debit_card,61,162.6,0.051,1,21,0.428,0,0,insufficient_funds
TXN100675,1915.02,debit_card,51,241.4,0.109,0,221,0.04,7,1,insufficient_funds
TXN100676,4414.08,debit_card,68,186.7,0.146,0,125,0.367,1,0,bank_timeout
TXN100677,1720.52,credit_card,68,351.2,0.402,1,192,0.384,9,1,bank_timeout
TXN100678,2510.21,upi,91,325.4,0.268,1,779,0.442,0,0,bank_timeout
TXN100679,1551.59,upi,21,383.1,0.1,0,322,0.743,15,0,network_error
TXN100680,5486.62,wallet,59,163.7,0.694,0,485,0.665,13,1,fraud_false_positive
TXN100681,3791.92,credit_card,96,454.3,0.194,2,120,0.663,17,0,network_error
TXN100682,721.92,wallet,96,498.5,0.189,1,420,0.413,16,0,network_error
TXN100683,2325.84,credit_card,5,416.1,0.11,2,27,0.632,21,1,network_error
TXN100684,646.81,credit_card,96,496.4,0.26,0,66,0.326,9,0,network_error
TXN100685,1355.58,upi,59,226.1,0.746,0,1999,0.599,0,0,fraud_false_positive
TXN100686,10200.9,debit_card,59,170.2,0.846,0,1081,0.794,9,0,fraud_false_positive
TXN100687,1802.79,debit_card,91,356.4,0.026,1,201,0.602,21,1,bank_timeout
TXN100688,1333.39,netbanking,96,454.8,0.218,0,146,0.257,15,1,bank_timeout
TXN100689,595.66,debit_card,96,411.4,0.048,1,369,0.402,12,0,network_error
TXN100690,4515.61,credit_card,63,231.2,0.903,0,139,0.88,5,0,fraud_false_positive
TXN100691,8975.01,credit_card,63,222.5,0.559,0,2874,0.484,0,1,fraud_false_positive
TXN100692,3164.04,debit_card,59,284.8,0.573,0,1320,0.476,1,1,fraud_false_positive
TXN100693,4228.41,credit_card,96,444.3,0.204,1,587,0.289,14,0,network_error
TXN100694,13420.3,credit_card,5,73.6,0.76,1,817,0.843,8,0,fraud_false_positive
TXN100695,2163.37,credit_card,91,405.2,0.321,0,90,0.76,15,0,bank_timeout
TXN100696,7346.49,credit_card,91,347.4,0.1,0,1359,0.361,23,1,bank_timeout
TXN100697,3568.9,wallet,68,455.9,0.174,3,801,0.739,17,1,bank_timeout
TXN100698,3453.49,credit_card,51,143.6,0.524,1,79,0.326,13,1,insufficient_funds
TXN100699,4082.0,debit_card,96,375.2,0.335,0,414,0.307,16,0,bank_timeout
TXN100700,3296.98,credit_card,96,467.8,0.115,1,307,0.055,16,0,network_error
TXN100701,1455.34,credit_card,96,520.1,0.092,0,358,0.548,18,1,network_error
TXN100702,3245.09,credit_card,96,431.8,0.237,0,186,0.586,22,1,bank_timeout
TXN100703,1628.23,upi,59,264.4,0.752,1,239,0.694,10,0,fraud_false_positive
TXN100704,1112.77,credit_card,61,131.2,0.223,3,21,0.138,10,0,insufficient_funds
TXN100705,1460.72,wallet,21,534.0,0.175,0,54,0.297,3,0,network_error
TXN100706,2338.86,credit_card,68,310.7,0.406,1,2707,0.658,9,0,bank_timeout
TXN100707,6891.87,credit_card,61,169.7,0.075,1,277,0.097,14,0,insufficient_funds
TXN100708,2869.15,debit_card,21,519.7,0.065,1,141,0.492,20,0,network_error
TXN100709,5600.29,netbanking,96,459.6,0.142,0,288,0.478,23,0,network_error
TXN100710,1365.73,debit_card,5,550.5,0.447,1,1096,0.494,14,0,network_error
TXN100711,2461.69,wallet,51,134.8,0.23,0,224,0.319,2,1,insufficient_funds
TXN100712,1077.37,upi,96,431.5,0.359,1,208,0.567,7,0,bank_timeout
TXN100713,1782.86,debit_card,21,413.1,0.199,0,15,0.576,11,0,network_error
TXN100714,939.95,debit_card,91,343.1,0.172,0,339,0.29,23,0,bank_timeout
TXN100715,10102.37,netbanking,63,155.6,0.795,1,460,0.551,20,0,fraud_false_positive
TXN100716,3239.95,upi,51,225.3,0.174,0,582,0.366,12,1,insufficient_funds
TXN100717,2449.55,credit_card,59,205.9,0.774,0,1623,0.556,18,0,fraud_false_positive
TXN100718,2201.3,debit_card,65,232.2,0.272,2,1846,0.23,3,0,insufficient_funds
TXN100719,2192.93,wallet,68,463.9,0.155,0,255,0.568,15,0,bank_timeout
TXN100720,3525.22,credit_card,21,579.2,0.06,0,937,0.359,2,0,network_error
TXN100721,3704.96,netbanking,61,156.9,0.025,1,253,0.408,7,0,insufficient_funds
TXN100722,2639.83,netbanking,61,139.1,0.358,0,79,0.177,18,1,insufficient_funds
TXN100723,1463.9,debit_card,51,189.1,0.371,4,493,0.17,12,0,insufficient_funds
TXN100724,7845.1,upi,5,239.9,0.617,0,1612,0.766,23,1,fraud_false_positive
TXN100725,3500.54,credit_card,91,482.2,0.063,1,203,0.388,14,0,bank_timeout
TXN100726,4067.08,upi,61,83.0,0.504,0,91,0.161,14,0,insufficient_funds
TXN100727,4528.69,upi,61,153.0,0.133,1,170,0.428,14,0,insufficient_funds
TXN100728,1721.45,upi,51,165.0,0.293,1,118,0.449,7,0,insufficient_funds
TXN100729,3623.11,netbanking,91,223.7,0.226,0,1335,0.343,17,0,bank_timeout
TXN100730,3825.95,credit_card,91,246.9,0.157,1,87,0.563,16,1,bank_timeout
TXN100731,4998.86,netbanking,51,173.6,0.123,1,7,0.397,23,0,insufficient_funds
TXN100732,14187.41,upi,51,247.2,0.065,0,1464,0.359,15,0,insufficient_funds
TXN100733,3257.09,upi,51,163.2,0.1,3,560,0.374,16,0,insufficient_funds
TXN100734,10205.93,credit_card,61,183.1,0.614,2,571,0.235,15,0,insufficient_funds
TXN100735,1155.11,debit_card,21,582.3,0.218,1,519,0.647,12,0,network_error
TXN100736,715.84,credit_card,96,709.3,0.213,1,11,0.468,3,0,network_error
TXN100737,1950.22,netbanking,59,199.4,0.804,0,2035,0.772,11,0,fraud_false_positive
TXN100738,5520.53,netbanking,51,204.4,0.346,1,607,0.505,4,0,insufficient_funds
TXN100739,2314.31,credit_card,51,181.9,0.333,2,975,0.229,0,1,insufficient_funds
TXN100740,6117.36,debit_card,96,524.9,0.199,1,71,0.449,18,0,network_error
TXN100741,2237.03,debit_card,51,238.3,0.05,2,475,0.088,0,1,insufficient_funds
TXN100742,4945.92,wallet,51,166.7,0.634,2,637,0.111,10,1,insufficient_funds
TXN100743,2981.95,credit_card,96,255.7,0.166,1,1177,0.229,19,1,bank_timeout
TXN100744,2612.11,debit_card,51,266.3,0.163,2,306,0.338,19,1,insufficient_funds
TXN100745,2677.44,upi,96,524.6,0.326,0,226,0.28,8,0,bank_timeout
TXN100746,3185.72,netbanking,59,204.0,0.775,0,571,0.627,5,0,fraud_false_positive
TXN100747,324.27,debit_card,96,452.4,0.073,2,2512,0.382,22,0,bank_timeout
TXN100748,5181.59,credit_card,51,213.6,0.284,0,363,0.159,16,0,insufficient_funds
TXN100749,6714.11,credit_card,59,153.8,0.919,0,2443,0.62,7,1,fraud_false_positive
TXN100750,1934.81,debit_card,5,422.4,0.285,0,149,0.7,17,0,network_error
TXN100751,2899.55,credit_card,96,462.2,0.173,1,158,0.373,6,0,network_error
TXN100752,1508.87,debit_card,51,252.1,0.221,0,114,0.439,21,0,insufficient_funds
TXN100753,1598.98,credit_card,96,238.8,0.11,0,975,0.601,3,0,bank_timeout
TXN100754,509.2,debit_card,96,707.6,0.01,0,3159,0.705,4,1,network_error
TXN100755,1734.45,debit_card,51,213.9,0.309,1,644,0.319,11,0,insufficient_funds
TXN100756,5329.04,credit_card,51,206.4,0.322,1,140,0.037,0,0,insufficient_funds
TXN100757,1634.29,credit_card,91,356.2,0.364,0,891,0.798,3,0,bank_timeout
TXN100758,5388.88,wallet,59,183.1,0.608,0,2007,0.878,1,0,fraud_false_positive
TXN100759,2838.1,upi,61,214.6,0.19,1,66,0.218,9,1,insufficient_funds
TXN100760,4384.4,upi,51,236.7,0.291,0,741,0.213,15,0,insufficient_funds
TXN100761,503.51,upi,5,699.4,0.346,1,1164,0.468,16,1,network_error
TXN100762,386.93,debit_card,51,138.8,0.208,0,1077,0.443,6,0,insufficient_funds
TXN100763,2210.24,netbanking,51,181.7,0.194,2,39,0.085,13,0,insufficient_funds
TXN100764,11491.35,debit_card,59,233.1,0.727,0,375,0.504,9,0,fraud_false_positive
TXN100765,941.53,credit_card,68,303.5,0.25,3,472,0.378,18,1,bank_timeout
TXN100766,483.15,debit_card,96,388.5,0.241,0,581,0.305,7,0,bank_timeout
TXN100767,1018.39,upi,51,256.6,0.243,1,327,0.259,11,0,insufficient_funds
TXN100768,2650.82,credit_card,51,157.9,0.334,2,289,0.322,21,0,insufficient_funds
TXN100769,3326.82,upi,91,263.5,0.045,1,92,0.721,10,1,bank_timeout
TXN100770,950.01,credit_card,59,207.3,0.774,0,543,0.565,0,0,fraud_false_positive
TXN100771,1665.82,upi,68,298.3,0.51,0,304,0.392,18,0,bank_timeout
TXN100772,4257.01,upi,51,206.6,0.166,0,613,0.288,17,0,insufficient_funds
TXN100773,4265.27,debit_card,59,219.1,0.68,0,370,0.681,20,0,fraud_false_positive
TXN100774,1379.08,credit_card,61,185.7,0.05,0,11,0.364,4,1,insufficient_funds
TXN100775,2581.3,upi,96,589.6,0.03,0,487,0.501,8,1,network_error
TXN100776,2369.25,credit_card,21,469.7,0.202,1,132,0.528,10,0,network_error
TXN100777,714.36,credit_card,96,350.1,0.117,1,309,0.437,16,1,bank_timeout
TXN100778,7237.4,debit_card,51,178.8,0.174,2,282,0.121,13,1,insufficient_funds
TXN100779,2015.23,credit_card,59,230.9,0.683,0,2162,0.824,21,0,fraud_false_positive
TXN100780,7625.44,debit_card,63,193.9,0.828,1,1139,0.866,13,1,fraud_false_positive
TXN100781,2382.14,credit_card,51,244.7,0.088,3,666,0.111,4,0,insufficient_funds
TXN100782,537.73,upi,91,307.2,0.117,2,241,0.749,21,0,bank_timeout
TXN100783,853.68,credit_card,21,417.9,0.246,1,500,0.446,12,0,network_error
TXN100784,2752.68,credit_card,51,216.8,0.379,0,938,0.153,18,1,insufficient_funds
TXN100785,2052.6,upi,61,180.2,0.242,1,217,0.271,6,0,insufficient_funds
TXN100786,726.99,credit_card,51,137.2,0.262,0,203,0.244,17,0,insufficient_funds
TXN100787,1955.64,credit_card,51,147.4,0.114,1,11,0.204,18,0,insufficient_funds
TXN100788,797.41,netbanking,68,350.6,0.2,1,261,0.641,15,1,bank_timeout
TXN100789,2098.76,credit_card,51,163.1,0.163,1,95,0.171,11,0,insufficient_funds
TXN100790,4893.1,netbanking,91,398.9,0.218,1,901,0.536,16,1,bank_timeout
TXN100791,700.57,wallet,91,364.7,0.406,1,499,0.355,3,0,bank_timeout
TXN100792,4196.51,credit_card,51,151.4,0.2,2,315,0.211,23,0,insufficient_funds
TXN100793,2175.16,upi,21,439.5,0.078,2,185,0.448,6,0,network_error
TXN100794,1447.34,credit_card,59,238.4,0.646,1,5150,0.741,9,0,fraud_false_positive
TXN100795,1429.76,netbanking,68,402.6,0.038,1,268,0.657,4,1,bank_timeout
TXN100796,1152.25,debit_card,5,557.4,0.124,2,248,0.551,16,0,network_error
TXN100797,2917.22,wallet,5,587.3,0.346,0,317,0.523,16,0,network_error
TXN100798,4624.44,credit_card,63,281.5,0.893,0,3283,0.592,0,0,fraud_false_positive
TXN100799,918.53,credit_card,68,348.0,0.202,2,417,0.795,22,1,bank_timeout
TXN100800,5932.1,netbanking,91,387.5,0.228,0,155,0.413,16,0,bank_timeout
TXN100801,9541.81,debit_card,59,164.6,0.636,0,738,0.629,20,0,fraud_false_positive
TXN100802,4681.66,netbanking,51,164.4,0.359,0,105,0.186,7,0,insufficient_funds
TXN100803,5945.71,upi,21,455.7,0.345,0,1167,0.548,6,1,network_error
TXN100804,3781.31,upi,61,214.8,0.159,1,767,0.507,17,0,insufficient_funds
TXN100805,10944.04,upi,59,271.5,0.86,1,1031,0.536,5,1,fraud_false_positive
TXN100806,1614.36,netbanking,61,265.5,0.231,4,58,0.305,3,0,insufficient_funds
TXN100807,7119.1,credit_card,63,290.7,0.486,0,146,0.297,16,0,fraud_false_positive
TXN100808,496.49,credit_card,96,461.4,0.212,1,766,0.516,0,1,network_error
TXN100809,5077.2,debit_card,51,191.0,0.331,3,5,0.461,11,1,insufficient_funds
TXN100810,6112.27,credit_card,91,393.3,0.167,0,1028,0.555,4,0,bank_timeout
TXN100811,672.93,debit_card,51,205.8,0.509,1,7,0.209,21,1,insufficient_funds
TXN100812,664.45,upi,51,241.1,0.143,1,124,0.123,12,0,insufficient_funds
TXN100813,984.81,credit_card,96,280.8,0.415,0,575,0.561,14,1,bank_timeout
TXN100814,6167.39,netbanking,96,358.2,0.248,0,1035,0.531,0,0,bank_timeout
TXN100815,2576.19,debit_card,51,147.4,0.243,0,263,0.169,17,0,insufficient_funds
TXN100816,2618.9,debit_card,96,404.2,0.021,0,241,0.424,20,0,network_error
TXN100817,6111.32,credit_card,59,206.7,0.772,0,1452,0.422,11,1,fraud_false_positive
TXN100818,1776.82,debit_card,91,360.7,0.296,0,774,0.318,5,1,bank_timeout
TXN100819,12997.33,wallet,59,257.8,0.805,0,450,0.868,19,0,fraud_false_positive
TXN100820,2889.73,netbanking,59,146.6,0.734,0,1522,0.708,23,1,fraud_false_positive
TXN100821,8832.98,debit_card,65,161.2,0.086,1,707,0.093,8,1,insufficient_funds
TXN100822,413.34,credit_card,5,789.2,0.256,0,133,0.413,9,0,network_error
TXN100823,941.83,debit_card,51,183.7,0.14,3,935,0.122,18,0,insufficient_funds
TXN100824,14959.16,credit_card,51,175.9,0.226,2,259,0.129,15,1,insufficient_funds
TXN100825,5129.54,upi,59,279.8,0.864,0,1302,0.67,1,1,fraud_false_positive
TXN100826,2416.88,debit_card,21,577.8,0.506,0,1333,0.743,14,0,network_error
TXN100827,737.78,debit_card,96,414.4,0.077,0,323,0.524,9,0,network_error
TXN100828,494.16,upi,91,418.5,0.185,0,291,0.371,4,1,bank_timeout
TXN100829,392.21,credit_card,96,469.0,0.101,0,752,0.256,3,1,bank_timeout
TXN100830,7492.35,wallet,61,187.6,0.132,2,223,0.308,13,0,insufficient_funds
TXN100831,6225.84,upi,51,153.8,0.08,2,44,0.301,10,0,insufficient_funds
TXN100832,1061.51,debit_card,61,193.7,0.417,0,366,0.162,16,1,insufficient_funds
TXN100833,1893.74,debit_card,96,528.6,0.233,0,440,0.604,23,0,network_error
TXN100834,1879.18,netbanking,91,289.1,0.358,2,449,0.462,4,0,bank_timeout
TXN100835,3168.87,debit_card,61,175.6,0.254,2,892,0.338,4,0,insufficient_funds
TXN100836,4436.9,credit_card,91,241.3,0.347,0,959,0.694,14,1,bank_timeout
TXN100837,5672.47,debit_card,59,274.8,0.908,0,1433,0.582,1,0,fraud_false_positive
TXN100838,2949.06,debit_card,59,235.6,0.906,0,2051,0.698,17,1,fraud_false_positive
TXN100839,2134.01,debit_card,5,354.2,0.301,1,92,0.422,23,0,network_error
TXN100840,4521.71,wallet,61,165.4,0.186,0,817,0.287,14,0,insufficient_funds
TXN100841,17229.41,credit_card,59,181.1,0.602,0,1085,0.871,5,1,fraud_false_positive
TXN100842,5811.76,credit_card,5,149.1,0.837,2,7,0.72,2,0,fraud_false_positive
TXN100843,3924.53,netbanking,51,184.8,0.21,0,14,0.145,13,1,insufficient_funds
TXN100844,1254.56,debit_card,91,298.4,0.246,0,316,0.657,6,0,bank_timeout
TXN100845,2869.81,debit_card,51,228.0,0.106,1,341,0.331,13,0,insufficient_funds
TXN100846,5378.67,credit_card,68,204.8,0.122,0,1291,0.528,12,0,bank_timeout
TXN100847,358.02,debit_card,91,430.4,0.193,0,515,0.621,12,0,bank_timeout
TXN100848,747.5,debit_card,5,169.5,0.88,0,35,0.739,15,1,fraud_false_positive
TXN100849,2207.0,netbanking,96,585.3,0.172,0,392,0.473,23,1,network_error
TXN100850,514.04,credit_card,5,353.4,0.121,1,26,0.487,5,1,network_error
TXN100851,1192.68,debit_card,51,136.4,0.16,1,103,0.313,9,0,insufficient_funds
TXN100852,2692.34,wallet,59,238.1,0.69,1,557,0.682,16,0,fraud_false_positive
TXN100853,656.66,credit_card,91,266.1,0.143,1,481,0.362,6,1,bank_timeout
TXN100854,648.93,netbanking,51,166.7,0.258,0,1194,0.325,16,1,insufficient_funds
TXN100855,534.99,debit_card,21,577.7,0.024,0,5,0.509,13,0,network_error
TXN100856,812.39,credit_card,96,400.9,0.307,1,814,0.399,7,1,bank_timeout
TXN100857,484.71,credit_card,96,293.0,0.11,0,249,0.298,7,1,bank_timeout
TXN100858,807.97,debit_card,51,204.3,0.034,0,184,0.128,5,0,insufficient_funds
TXN100859,1540.77,netbanking,96,614.1,0.265,0,243,0.543,5,1,bank_timeout
TXN100860,1779.29,credit_card,91,307.1,0.095,0,141,0.296,17,0,bank_timeout
TXN100861,3936.51,debit_card,21,397.8,0.166,0,250,0.568,20,0,network_error
TXN100862,1816.78,credit_card,51,152.1,0.096,0,163,0.523,11,0,insufficient_funds
TXN100863,1859.4,debit_card,21,446.8,0.246,2,34,0.246,11,0,network_error
TXN100864,6416.18,credit_card,51,182.4,0.16,0,140,0.332,11,0,insufficient_funds
TXN100865,1437.29,debit_card,96,592.1,0.063,0,328,0.395,23,1,network_error
TXN100866,6150.8,credit_card,51,192.0,0.118,0,385,0.281,18,1,insufficient_funds
TXN100867,2340.93,debit_card,51,153.9,0.163,1,383,0.162,15,0,insufficient_funds
TXN100868,15056.39,upi,5,159.8,0.644,0,1066,0.714,17,0,fraud_false_positive
TXN100869,1458.96,credit_card,91,475.6,0.064,0,657,0.346,16,1,bank_timeout
TXN100870,4376.03,credit_card,59,215.0,0.507,0,1416,0.662,5,0,fraud_false_positive
TXN100871,3607.75,credit_card,96,486.6,0.607,0,823,0.501,17,0,bank_timeout
TXN100872,1876.85,upi,61,87.4,0.237,2,410,0.46,3,0,insufficient_funds
TXN100873,4922.18,upi,61,169.1,0.19,3,400,0.167,12,0,insufficient_funds
TXN100874,5071.99,upi,91,357.4,0.136,1,503,0.539,22,0,bank_timeout
TXN100875,4919.44,credit_card,91,321.9,0.26,0,24,0.493,0,0,bank_timeout
TXN100876,2760.13,debit_card,5,145.5,0.123,0,421,0.247,20,1,network_error
TXN100877,6010.33,netbanking,51,242.1,0.171,0,767,0.148,5,0,insufficient_funds
TXN100878,3186.6,credit_card,96,420.4,0.235,0,1794,0.308,3,0,bank_timeout
TXN100879,2024.89,debit_card,96,463.2,0.339,0,97,0.274,22,0,network_error
TXN100880,1329.82,debit_card,5,648.5,0.191,0,2429,0.749,21,0,network_error
TXN100881,1136.06,credit_card,61,193.0,0.218,0,989,0.458,16,1,insufficient_funds
TXN100882,662.31,debit_card,96,466.1,0.216,0,59,0.606,20,1,network_error
TXN100883,1304.17,upi,51,211.3,0.289,0,270,0.36,21,1,insufficient_funds
TXN100884,3585.35,credit_card,51,142.0,0.158,1,452,0.252,1,0,insufficient_funds
TXN100885,1777.55,upi,51,125.1,0.177,1,2301,0.087,14,1,insufficient_funds
TXN100886,4145.31,debit_card,91,350.6,0.136,0,173,0.207,6,1,bank_timeout
TXN100887,2776.98,upi,63,125.7,0.973,1,957,0.897,8,0,fraud_false_positive
TXN100888,1959.7,debit_card,21,553.1,0.091,0,240,0.629,21,1,network_error
TXN100889,2150.63,debit_card,65,139.4,0.073,2,30,0.131,17,0,insufficient_funds
TXN100890,5476.03,debit_card,61,287.5,0.228,3,186,0.519,16,1,insufficient_funds
TXN100891,7350.81,debit_card,51,200.9,0.405,0,153,0.491,3,1,insufficient_funds
TXN100892,814.37,credit_card,96,432.3,0.303,0,289,0.685,5,0,network_error
TXN100893,2714.48,debit_card,51,240.5,0.029,1,84,0.326,22,0,insufficient_funds
TXN100894,19089.76,credit_card,59,193.3,0.177,0,335,0.641,18,0,fraud_false_positive
TXN100895,3246.05,debit_card,5,214.0,0.659,0,808,0.637,23,0,fraud_false_positive
TXN100896,3992.9,credit_card,59,222.9,0.748,0,991,0.913,16,0,fraud_false_positive
TXN100897,617.56,credit_card,61,213.0,0.314,1,123,0.469,8,1,insufficient_funds
TXN100898,2424.57,credit_card,96,422.0,0.057,0,396,0.536,17,0,network_error
TXN100899,1562.65,wallet,51,180.9,0.063,0,221,0.111,8,0,insufficient_funds
TXN100900,6357.77,netbanking,59,222.4,0.459,0,515,0.749,12,0,fraud_false_positive
TXN100901,1683.75,upi,51,238.6,0.339,1,501,0.269,13,0,insufficient_funds
TXN100902,828.07,netbanking,5,488.5,0.137,0,852,0.457,14,0,network_error
TXN100903,3443.36,debit_card,51,153.8,0.162,0,342,0.072,3,0,insufficient_funds
TXN100904,2896.37,credit_card,91,390.1,0.15,0,552,0.414,6,0,bank_timeout
TXN100905,999.02,upi,21,531.4,0.129,1,107,0.606,3,0,network_error
TXN100906,6498.7,netbanking,51,178.5,0.134,1,95,0.076,17,1,insufficient_funds
TXN100907,1103.28,upi,96,362.7,0.187,1,1498,0.353,2,1,bank_timeout
TXN100908,1152.39,upi,96,493.8,0.112,1,1274,0.6,6,1,network_error
TXN100909,243.35,debit_card,51,185.5,0.371,3,238,0.219,20,1,insufficient_funds
TXN100910,1320.36,debit_card,51,151.8,0.218,0,454,0.153,10,1,insufficient_funds
TXN100911,3036.32,debit_card,51,153.9,0.468,3,125,0.433,12,0,insufficient_funds
TXN100912,914.98,wallet,5,445.0,0.151,0,432,0.625,14,0,network_error
TXN100913,541.15,debit_card,96,229.2,0.279,1,1569,0.642,19,1,network_error
TXN100914,1528.61,credit_card,96,366.3,0.405,1,44,0.169,11,1,bank_timeout
TXN100915,3208.89,debit_card,59,282.5,0.632,0,129,0.386,0,0,fraud_false_positive
TXN100916,2735.11,debit_card,96,413.3,0.338,0,409,0.543,9,1,network_error
TXN100917,2426.48,debit_card,5,155.7,0.596,0,906,0.445,6,1,fraud_false_positive
TXN100918,1029.57,credit_card,59,133.1,0.761,0,639,0.684,1,1,fraud_false_positive
TXN100919,1723.07,wallet,68,399.5,0.212,1,347,0.336,12,0,bank_timeout
TXN100920,2879.92,credit_card,51,161.3,0.275,2,100,0.041,15,1,insufficient_funds
TXN100921,4719.49,debit_card,51,168.4,0.059,0,58,0.197,0,1,insufficient_funds
TXN100922,8945.0,upi,61,213.8,0.086,4,65,0.142,8,0,insufficient_funds
TXN100923,2858.0,upi,96,654.2,0.123,0,219,0.591,14,1,network_error
TXN100924,1578.2,debit_card,59,248.3,0.842,1,2405,0.739,20,1,fraud_false_positive
TXN100925,3146.24,upi,51,205.7,0.212,2,181,0.298,3,0,insufficient_funds
TXN100926,1830.93,upi,96,530.3,0.35,0,76,0.229,14,0,network_error
TXN100927,1417.4,netbanking,21,456.8,0.134,0,199,0.303,11,1,network_error
TXN100928,2043.92,credit_card,51,192.9,0.193,0,1364,0.254,21,0,insufficient_funds
TXN100929,2160.99,netbanking,61,214.3,0.334,0,195,0.432,1,1,insufficient_funds
TXN100930,1758.92,upi,96,449.8,0.217,2,170,0.717,19,1,network_error
TXN100931,6855.24,debit_card,61,205.0,0.181,2,251,0.208,22,0,insufficient_funds
TXN100932,1192.45,credit_card,68,227.6,0.175,1,767,0.379,7,1,bank_timeout
TXN100933,2225.92,credit_card,51,193.9,0.224,0,66,0.383,19,0,insufficient_funds
TXN100934,1512.44,credit_card,96,550.7,0.053,0,29,0.418,10,0,network_error
TXN100935,1104.04,upi,91,294.5,0.154,1,232,0.488,20,0,bank_timeout
TXN100936,3833.43,wallet,59,176.2,0.636,1,3629,0.571,1,1,fraud_false_positive
TXN100937,1554.48,debit_card,96,315.6,0.411,0,401,0.372,8,0,bank_timeout
TXN100938,2748.26,debit_card,59,187.8,0.463,0,1193,0.888,3,1,fraud_false_positive
TXN100939,2695.58,upi,91,393.8,0.114,1,846,0.671,5,1,bank_timeout
TXN100940,3537.17,debit_card,68,308.9,0.105,0,218,0.309,23,0,bank_timeout
TXN100941,5963.29,debit_card,61,150.1,0.277,1,109,0.08,0,0,insufficient_funds
TXN100942,3090.13,upi,96,459.9,0.062,0,119,0.113,2,0,network_error
TXN100943,10225.38,netbanking,59,245.7,0.729,0,950,0.611,1,1,fraud_false_positive
TXN100944,1866.2,credit_card,5,542.3,0.52,1,1000,0.516,16,0,network_error
TXN100945,1237.51,debit_card,61,171.6,0.252,0,385,0.19,22,0,insufficient_funds
TXN100946,466.62,debit_card,21,425.6,0.162,2,676,0.741,16,0,network_error
TXN100947,3169.35,wallet,65,266.1,0.114,1,459,0.139,13,1,insufficient_funds
TXN100948,9840.05,credit_card,59,207.7,0.797,0,975,0.59,15,1,fraud_false_positive
TXN100949,860.06,upi,68,232.2,0.094,0,680,0.54,13,0,bank_timeout
TXN100950,4167.41,netbanking,59,195.2,0.882,0,886,0.812,5,0,fraud_false_positive
TXN100951,7166.79,credit_card,59,236.2,0.557,0,673,0.788,12,0,fraud_false_positive
TXN100952,2036.24,debit_card,21,527.4,0.15,1,1161,0.66,12,1,network_error
TXN100953,1439.91,credit_card,91,374.5,0.257,0,158,0.559,22,0,bank_timeout
TXN100954,493.55,netbanking,63,201.2,0.497,0,537,0.927,8,0,fraud_false_positive
TXN100955,4086.23,credit_card,61,180.5,0.052,0,161,0.139,13,1,insufficient_funds
TXN100956,4641.18,credit_card,21,516.7,0.291,1,75,0.526,2,0,network_error
TXN100957,1459.62,debit_card,91,410.9,0.312,0,253,0.485,10,1,bank_timeout
TXN100958,5251.36,credit_card,51,143.2,0.03,2,277,0.227,13,1,insufficient_funds
TXN100959,829.79,debit_card,96,543.7,0.298,0,206,0.545,6,0,network_error
TXN100960,1696.84,upi,5,489.9,0.012,0,350,0.467,2,0,network_error
TXN100961,1160.09,debit_card,96,364.6,0.258,1,1136,0.347,0,0,network_error
TXN100962,2460.8,credit_card,96,489.1,0.165,0,696,0.239,17,1,network_error
TXN100963,10376.06,debit_card,59,134.4,0.595,1,1387,0.854,12,0,fraud_false_positive
TXN100964,400.05,credit_card,91,355.8,0.373,0,80,0.164,19,0,bank_timeout
TXN100965,773.36,credit_card,91,466.6,0.079,0,745,0.412,7,0,bank_timeout
TXN100966,6054.5,upi,61,179.3,0.259,1,341,0.471,3,1,insufficient_funds
TXN100967,3445.87,wallet,96,645.9,0.146,1,1671,0.296,19,0,network_error
TXN100968,596.06,credit_card,65,182.8,0.088,3,72,0.613,13,0,insufficient_funds
TXN100969,799.23,upi,96,457.1,0.122,0,104,0.408,14,1,network_error
TXN100970,324.26,wallet,21,595.4,0.092,0,359,0.695,7,0,network_error
TXN100971,2391.49,netbanking,51,145.2,0.222,3,232,0.177,15,0,insufficient_funds
TXN100972,10478.98,debit_card,59,159.1,0.771,1,744,0.742,5,0,fraud_false_positive
TXN100973,1617.45,credit_card,59,171.6,0.884,0,695,0.799,10,0,fraud_false_positive
TXN100974,4091.78,debit_card,61,241.0,0.087,0,372,0.169,23,0,insufficient_funds
TXN100975,2541.84,netbanking,91,482.4,0.235,0,224,0.664,22,1,bank_timeout
TXN100976,1555.61,credit_card,5,145.1,0.536,0,1039,0.6,4,0,fraud_false_positive
TXN100977,4074.78,netbanking,59,149.2,0.746,0,43,0.663,15,1,fraud_false_positive
TXN100978,2403.51,debit_card,51,226.6,0.149,0,416,0.13,6,0,insufficient_funds
TXN100979,988.23,debit_card,59,159.9,0.826,0,462,0.874,14,0,fraud_false_positive
TXN100980,5253.32,debit_card,59,271.0,0.792,0,494,0.825,20,1,fraud_false_positive
TXN100981,4505.31,debit_card,51,154.3,0.158,1,222,0.708,21,0,insufficient_funds
TXN100982,6069.88,debit_card,65,150.0,0.029,3,241,0.157,15,0,insufficient_funds
TXN100983,1706.21,upi,59,152.6,0.819,0,1784,0.421,8,0,fraud_false_positive
TXN100984,1245.02,debit_card,91,378.8,0.022,0,1394,0.233,3,1,bank_timeout
TXN100985,1100.33,credit_card,21,504.8,0.063,1,23,0.644,6,0,network_error
TXN100986,625.5,upi,51,239.6,0.549,3,35,0.636,10,0,insufficient_funds
TXN100987,243.65,upi,51,150.7,0.141,3,343,0.419,11,0,insufficient_funds
TXN100988,2075.38,credit_card,96,256.6,0.303,0,194,0.382,12,0,bank_timeout
TXN100989,2158.87,upi,65,131.0,0.06,1,958,0.181,5,0,insufficient_funds
TXN100990,731.69,upi,96,542.7,0.126,0,329,0.126,16,1,network_error
TXN100991,1706.07,wallet,68,308.5,0.339,1,183,0.703,12,0,bank_timeout
TXN100992,3924.07,credit_card,51,146.5,0.226,1,461,0.317,2,1,insufficient_funds
TXN100993,1241.24,credit_card,68,405.1,0.236,1,708,0.517,8,1,bank_timeout
TXN100994,8545.49,debit_card,51,185.5,0.243,1,65,0.34,8,0,insufficient_funds
TXN100995,5493.06,upi,96,577.1,0.112,0,109,0.43,2,0,network_error
TXN100996,11060.7,upi,59,278.3,0.787,0,484,0.865,4,1,fraud_false_positive
TXN100997,2431.85,credit_card,51,131.2,0.324,0,137,0.023,5,0,insufficient_funds
TXN100998,1612.36,wallet,5,571.2,0.225,1,870,0.697,19,0,network_error
TXN100999,2242.07,credit_card,51,235.0,0.08,0,475,0.228,9,0,insufficient_funds
TXN101000,533.03,wallet,96,427.1,0.185,0,504,0.771,10,0,bank_timeout
TXN101001,4942.98,credit_card,51,146.9,0.074,1,242,0.198,0,1,insufficient_funds
TXN101002,2665.44,credit_card,51,183.9,0.228,1,303,0.167,14,1,insufficient_funds
TXN101003,5126.68,credit_card,51,185.3,0.166,0,809,0.119,20,0,insufficient_funds
TXN101004,6353.97,debit_card,61,232.7,0.09,2,104,0.161,22,1,insufficient_funds
TXN101005,3043.89,netbanking,61,191.9,0.38,1,68,0.262,21,1,insufficient_funds
TXN101006,3200.71,netbanking,51,191.7,0.136,0,363,0.355,12,1,insufficient_funds
TXN101007,650.89,netbanking,5,391.6,0.169,2,273,0.486,22,1,network_error
TXN101008,647.67,debit_card,59,171.3,0.761,0,591,0.647,14,0,fraud_false_positive
TXN101009,6874.57,credit_card,5,249.7,0.459,0,303,0.77,22,1,fraud_false_positive
TXN101010,1398.49,credit_card,5,499.4,0.524,1,644,0.62,9,1,network_error
TXN101011,775.87,debit_card,61,200.9,0.27,3,757,0.195,2,0,insufficient_funds
TXN101012,187.54,debit_card,21,290.8,0.103,0,175,0.821,16,0,network_error
TXN101013,944.18,debit_card,91,471.3,0.176,1,1526,0.345,9,0,bank_timeout
TXN101014,5026.71,debit_card,51,240.3,0.299,1,661,0.218,12,1,insufficient_funds
TXN101015,482.1,credit_card,96,446.3,0.015,0,195,0.666,13,1,bank_timeout
TXN101016,1254.57,netbanking,5,678.1,0.044,1,659,0.576,0,0,network_error
TXN101017,7327.19,credit_card,51,169.2,0.171,3,166,0.279,22,0,insufficient_funds
TXN101018,1056.16,credit_card,96,539.4,0.18,0,1817,0.574,4,0,network_error
TXN101019,2812.18,netbanking,68,319.5,0.303,0,2734,0.629,7,1,bank_timeout
TXN101020,2377.89,debit_card,91,229.3,0.49,0,692,0.402,10,0,bank_timeout
TXN101021,5682.25,credit_card,51,225.5,0.127,2,65,0.041,19,0,insufficient_funds
TXN101022,4829.86,upi,51,274.4,0.207,1,469,0.578,12,1,insufficient_funds
TXN101023,3589.39,debit_card,96,358.9,0.187,1,605,0.571,17,1,bank_timeout
TXN101024,1210.7,upi,96,283.7,0.197,0,115,0.461,4,1,network_error
TXN101025,1264.48,upi,96,542.6,0.246,0,107,0.33,15,0,network_error
TXN101026,2239.37,credit_card,61,166.8,0.258,1,148,0.079,13,0,insufficient_funds
TXN101027,1629.08,debit_card,51,144.0,0.171,0,296,0.01,19,1,insufficient_funds
TXN101028,2716.47,debit_card,59,246.4,0.517,0,2131,0.518,12,0,fraud_false_positive
TXN101029,75.54,debit_card,96,332.3,0.061,1,20,0.597,12,0,bank_timeout
TXN101030,5131.17,debit_card,51,149.5,0.454,3,926,0.08,0,1,insufficient_funds
TXN101031,2195.81,credit_card,96,206.8,0.228,0,1340,0.606,13,0,bank_timeout
TXN101032,5428.98,credit_card,59,116.9,0.905,1,634,0.744,3,0,fraud_false_positive
TXN101033,1921.98,debit_card,51,93.7,0.218,1,172,0.318,7,0,insufficient_funds
TXN101034,1368.51,upi,96,325.1,0.082,1,444,0.516,14,1,network_error
TXN101035,8447.48,upi,59,305.1,0.745,2,141,0.722,17,1,fraud_false_positive
TXN101036,3788.97,credit_card,51,194.1,0.465,0,38,0.027,20,0,insufficient_funds
TXN101037,4656.93,credit_card,59,253.0,0.704,0,413,0.707,3,0,fraud_false_positive
TXN101038,2028.46,credit_card,51,206.0,0.211,2,438,0.112,16,0,insufficient_funds
TXN101039,354.65,credit_card,21,537.3,0.149,0,20,0.435,13,1,network_error
TXN101040,3179.32,debit_card,61,201.6,0.01,4,36,0.063,21,0,insufficient_funds
TXN101041,7306.9,netbanking,63,200.7,0.88,0,260,0.583,9,1,fraud_false_positive
TXN101042,1433.31,debit_card,91,314.4,0.19,1,368,0.415,14,0,bank_timeout
TXN101043,3949.28,debit_card,96,488.5,0.251,0,512,0.681,16,0,network_error
TXN101044,1735.65,wallet,96,545.6,0.342,1,798,0.285,16,0,network_error
TXN101045,1799.2,debit_card,5,504.7,0.076,0,386,0.737,11,0,network_error
TXN101046,2176.67,credit_card,5,156.9,0.479,0,889,0.819,16,0,fraud_false_positive
TXN101047,2355.47,debit_card,91,332.7,0.474,0,317,0.764,18,0,bank_timeout
TXN101048,3688.12,netbanking,51,263.5,0.107,2,393,0.082,9,0,insufficient_funds
TXN101049,1507.07,credit_card,65,157.9,0.142,2,49,0.366,14,0,insufficient_funds
TXN101050,3578.95,debit_card,96,463.5,0.15,0,241,0.148,1,0,network_error
TXN101051,1681.67,debit_card,5,210.0,0.478,1,308,0.665,7,0,fraud_false_positive
TXN101052,13988.85,upi,51,134.8,0.191,0,361,0.19,22,1,insufficient_funds
TXN101053,4352.6,upi,59,153.7,0.659,1,760,0.543,16,0,fraud_false_positive
TXN101054,3755.14,debit_card,51,148.2,0.234,1,146,0.426,16,1,insufficient_funds
TXN101055,2564.09,wallet,61,119.1,0.457,0,1884,0.371,10,1,insufficient_funds
TXN101056,11609.18,credit_card,63,158.1,0.69,0,803,0.662,10,1,fraud_false_positive
TXN101057,4785.99,credit_card,51,207.3,0.116,2,553,0.076,16,1,insufficient_funds
TXN101058,2384.54,debit_card,65,189.0,0.142,2,106,0.361,20,0,insufficient_funds
TXN101059,3434.41,upi,91,392.2,0.059,0,398,0.541,13,0,bank_timeout
TXN101060,3287.69,netbanking,68,238.8,0.144,1,148,0.647,2,0,bank_timeout
TXN101061,1746.63,netbanking,5,449.0,0.126,0,521,0.555,12,0,network_error
TXN101062,1249.19,netbanking,96,375.7,0.19,1,376,0.562,23,0,bank_timeout
TXN101063,1639.44,netbanking,21,382.0,0.174,0,37,0.513,3,1,network_error
TXN101064,1318.18,credit_card,91,376.0,0.053,0,604,0.709,14,0,bank_timeout
TXN101065,2919.83,credit_card,51,157.6,0.207,0,1028,0.15,8,0,insufficient_funds
TXN101066,6030.66,upi,51,191.9,0.349,0,128,0.199,20,0,insufficient_funds
TXN101067,5254.27,credit_card,63,160.6,0.845,0,481,0.445,23,0,fraud_false_positive
TXN101068,2962.0,credit_card,63,172.6,0.781,0,199,0.592,9,0,fraud_false_positive
TXN101069,1333.86,netbanking,21,503.4,0.219,0,440,0.771,3,1,network_error
TXN101070,5786.93,wallet,59,163.9,0.742,1,2076,0.839,15,0,fraud_false_positive
TXN101071,4993.53,credit_card,51,174.7,0.057,1,225,0.36,5,1,insufficient_funds
TXN101072,4197.22,upi,51,197.2,0.313,0,821,0.268,4,0,insufficient_funds
TXN101073,77.01,netbanking,5,393.7,0.037,0,24,0.675,19,0,network_error
TXN101074,2880.61,credit_card,51,194.8,0.219,1,390,0.348,23,0,insufficient_funds
TXN101075,1546.21,upi,59,201.6,0.608,1,605,0.827,9,1,fraud_false_positive
TXN101076,1758.11,credit_card,59,206.3,0.743,0,239,0.543,0,0,fraud_false_positive
TXN101077,520.21,credit_card,65,127.2,0.376,0,1417,0.397,10,0,insufficient_funds
TXN101078,5112.32,wallet,61,176.6,0.061,0,251,0.457,19,0,insufficient_funds
TXN101079,3296.16,credit_card,61,185.9,0.181,3,246,0.545,14,0,insufficient_funds
TXN101080,3344.15,credit_card,63,253.6,0.538,0,389,0.493,20,0,fraud_false_positive
TXN101081,6326.9,credit_card,59,80.8,0.532,1,536,0.722,5,0,fraud_false_positive
TXN101082,407.69,upi,91,316.4,0.144,1,728,0.772,5,1,bank_timeout
TXN101083,442.04,wallet,68,505.2,0.159,0,16,0.428,3,0,bank_timeout
TXN101084,2035.31,debit_card,96,560.6,0.205,0,179,0.584,18,0,network_error
TXN101085,1496.52,netbanking,96,452.5,0.109,0,23,0.558,2,0,bank_timeout
TXN101086,4353.92,upi,51,125.7,0.126,1,480,0.277,16,1,insufficient_funds
TXN101087,4527.13,credit_card,5,141.2,0.613,0,1789,0.602,22,0,fraud_false_positive
TXN101088,2157.58,netbanking,5,431.9,0.099,0,290,0.51,6,0,network_error
TXN101089,1770.55,upi,51,187.8,0.25,1,466,0.212,4,0,insufficient_funds
TXN101090,356.5,credit_card,96,510.4,0.223,0,1192,0.577,3,1,network_error
TXN101091,3441.58,netbanking,91,372.8,0.335,0,51,0.76,13,0,bank_timeout
TXN101092,1069.93,debit_card,91,252.4,0.036,0,134,0.546,4,1,bank_timeout
TXN101093,2732.17,upi,96,568.1,0.341,0,532,0.676,5,1,network_error
TXN101094,3109.16,credit_card,61,143.0,0.27,1,517,0.546,7,0,insufficient_funds
TXN101095,4455.08,credit_card,96,404.8,0.245,0,464,0.392,20,1,network_error
TXN101096,5767.62,upi,61,211.3,0.176,1,891,0.116,10,1,insufficient_funds
TXN101097,3794.49,netbanking,65,176.8,0.18,1,327,0.401,2,0,insufficient_funds
TXN101098,1344.19,wallet,96,488.0,0.292,2,1542,0.598,3,0,network_error
TXN101099,3201.4,debit_card,65,165.6,0.098,0,512,0.485,1,0,insufficient_funds
TXN101100,1256.27,debit_card,21,681.0,0.059,0,336,0.547,7,1,network_error
TXN101101,769.03,upi,51,174.5,0.434,2,496,0.29,8,0,insufficient_funds
TXN101102,2849.89,debit_card,51,207.7,0.042,0,34,0.06,6,1,insufficient_funds
TXN101103,3295.88,debit_card,91,294.9,0.257,0,612,0.613,21,1,bank_timeout
TXN101104,1704.41,upi,59,189.5,0.613,1,174,0.521,12,0,fraud_false_positive
TXN101105,1280.41,netbanking,96,684.7,0.362,1,88,0.41,19,1,network_error
TXN101106,9540.07,upi,61,145.0,0.456,3,150,0.079,9,0,insufficient_funds
TXN101107,3703.86,upi,51,199.4,0.096,2,192,0.173,7,1,insufficient_funds
TXN101108,1668.4,credit_card,96,659.5,0.175,1,42,0.319,14,0,network_error
TXN101109,2288.82,credit_card,59,141.4,0.571,0,806,0.597,16,1,fraud_false_positive
TXN101110,1208.97,netbanking,96,608.2,0.032,0,465,0.513,17,1,network_error
TXN101111,8344.06,debit_card,59,226.1,0.942,1,191,0.979,18,0,fraud_false_positive
TXN101112,7773.41,debit_card,51,153.8,0.094,0,533,0.334,10,0,insufficient_funds
TXN101113,12153.32,debit_card,59,178.1,0.823,0,846,0.915,8,0,fraud_false_positive
TXN101114,2992.2,credit_card,51,248.9,0.052,0,337,0.507,9,1,insufficient_funds
TXN101115,4420.61,credit_card,61,187.5,0.057,0,1063,0.083,20,1,insufficient_funds
TXN101116,3906.08,debit_card,59,251.4,0.783,0,1027,0.445,19,1,fraud_false_positive
TXN101117,4362.1,credit_card,61,247.5,0.15,0,856,0.025,23,0,insufficient_funds
TXN101118,6387.24,debit_card,51,125.4,0.073,3,94,0.033,17,0,insufficient_funds
TXN101119,3685.49,debit_card,21,460.8,0.212,1,534,0.658,5,1,network_error
TXN101120,535.41,credit_card,59,184.9,0.59,0,1417,0.866,2,0,fraud_false_positive
TXN101121,3953.14,debit_card,21,670.7,0.216,0,263,0.664,14,0,network_error
TXN101122,2030.21,debit_card,96,474.2,0.067,0,43,0.164,2,1,network_error
TXN101123,2095.88,upi,96,281.8,0.371,0,160,0.357,10,0,bank_timeout
TXN101124,577.25,debit_card,96,485.5,0.104,0,364,0.74,20,0,network_error
TXN101125,3469.6,upi,51,185.2,0.122,1,535,0.348,4,0,insufficient_funds
TXN101126,1494.94,netbanking,5,539.2,0.108,0,87,0.433,22,0,network_error
TXN101127,2054.63,debit_card,91,471.7,0.044,0,62,0.67,21,0,bank_timeout
TXN101128,7696.79,debit_card,51,171.1,0.066,2,36,0.553,22,0,insufficient_funds
TXN101129,597.37,wallet,96,391.1,0.222,0,85,0.183,8,0,bank_timeout
TXN101130,1642.38,debit_card,5,474.8,0.361,0,1249,0.675,9,0,network_error
TXN101131,696.64,credit_card,91,201.1,0.396,2,106,0.453,19,1,bank_timeout
TXN101132,2509.71,credit_card,96,370.2,0.117,0,50,0.384,16,0,bank_timeout
TXN101133,1179.7,credit_card,68,204.8,0.253,1,55,0.61,2,0,bank_timeout
TXN101134,5303.19,credit_card,5,247.3,0.83,0,1126,0.335,23,0,fraud_false_positive
TXN101135,1526.0,credit_card,51,156.4,0.035,3,215,0.409,19,1,insufficient_funds
TXN101136,6134.42,upi,63,266.1,0.725,0,1285,0.861,18,1,fraud_false_positive
TXN101137,1239.88,credit_card,96,321.8,0.018,0,125,0.544,4,0,bank_timeout
TXN101138,1291.48,credit_card,96,450.6,0.262,0,34,0.574,19,0,network_error
TXN101139,7071.07,credit_card,59,181.9,0.82,0,2927,0.719,18,0,fraud_false_positive
TXN101140,1133.06,upi,51,133.1,0.058,1,363,0.111,4,0,insufficient_funds
TXN101141,4282.32,upi,51,175.0,0.105,0,557,0.126,21,0,insufficient_funds
TXN101142,1020.15,debit_card,96,282.5,0.176,2,170,0.379,15,0,bank_timeout
TXN101143,4079.16,upi,51,128.4,0.082,2,149,0.645,20,0,insufficient_funds
TXN101144,482.05,debit_card,21,470.6,0.018,0,440,0.529,15,0,network_error
TXN101145,649.14,credit_card,96,628.7,0.208,0,604,0.524,4,0,network_error
TXN101146,1938.47,credit_card,91,250.4,0.212,1,155,0.659,23,1,bank_timeout
TXN101147,10443.44,credit_card,91,348.4,0.177,1,119,0.232,17,0,bank_timeout
TXN101148,634.23,debit_card,51,169.1,0.138,2,735,0.193,19,0,insufficient_funds
TXN101149,2098.93,upi,96,387.2,0.042,0,195,0.394,20,1,network_error
TXN101150,1469.99,debit_card,21,655.4,0.201,0,572,0.621,10,0,network_error
TXN101151,12308.61,credit_card,5,187.3,0.903,1,2339,0.909,16,0,fraud_false_positive
TXN101152,5611.66,debit_card,63,156.2,0.567,0,794,0.935,3,0,fraud_false_positive
TXN101153,4148.22,netbanking,5,174.6,0.483,0,811,0.572,18,0,fraud_false_positive
TXN101154,1301.6,credit_card,96,562.5,0.138,1,1165,0.447,9,0,network_error
TXN101155,693.55,credit_card,96,528.5,0.071,1,38,0.433,16,1,network_error
TXN101156,11149.43,credit_card,59,302.1,0.764,1,18,0.59,23,0,fraud_false_positive
TXN101157,4164.78,upi,65,147.9,0.246,1,60,0.274,6,0,insufficient_funds
TXN101158,920.76,debit_card,61,186.5,0.327,2,46,0.012,11,1,insufficient_funds
TXN101159,1049.37,upi,96,347.3,0.174,0,101,0.211,22,0,network_error
TXN101160,677.12,netbanking,51,195.4,0.147,1,311,0.249,14,0,insufficient_funds
TXN101161,2071.94,netbanking,5,215.2,0.486,1,1403,0.495,1,0,fraud_false_positive
TXN101162,4023.93,debit_card,91,360.5,0.271,0,209,0.615,14,0,bank_timeout
TXN101163,1440.35,netbanking,5,424.7,0.106,1,2856,0.35,23,0,network_error
TXN101164,1796.23,credit_card,96,632.4,0.112,0,1882,0.254,5,0,network_error
TXN101165,977.04,upi,96,318.0,0.12,0,1137,0.663,18,1,bank_timeout
TXN101166,2054.39,wallet,61,111.7,0.286,2,501,0.402,7,0,insufficient_funds
TXN101167,2593.45,upi,21,593.4,0.102,0,1226,0.274,2,0,network_error
TXN101168,6372.19,credit_card,96,379.6,0.214,1,200,0.319,14,1,bank_timeout
TXN101169,6653.06,upi,51,173.2,0.154,0,206,0.13,1,0,insufficient_funds
TXN101170,2899.96,credit_card,91,210.2,0.49,0,1082,0.624,19,0,bank_timeout
TXN101171,5173.72,credit_card,51,179.7,0.392,2,40,0.232,19,1,insufficient_funds
TXN101172,4614.21,credit_card,91,276.6,0.139,0,666,0.433,12,0,bank_timeout
TXN101173,1344.69,upi,59,182.7,0.419,2,18,0.743,4,1,fraud_false_positive
TXN101174,1416.66,upi,5,375.8,0.242,1,237,0.353,16,1,network_error
TXN101175,5384.61,upi,51,186.4,0.41,2,397,0.283,18,0,insufficient_funds
TXN101176,1661.7,credit_card,51,178.4,0.306,2,889,0.317,4,1,insufficient_funds
TXN101177,2375.22,credit_card,51,121.5,0.289,1,119,0.082,14,0,insufficient_funds
TXN101178,586.66,netbanking,59,234.8,0.658,0,325,0.689,21,1,fraud_false_positive
TXN101179,3165.72,credit_card,59,201.5,0.952,1,1456,0.405,13,0,fraud_false_positive
TXN101180,2424.15,upi,51,246.2,0.031,1,747,0.072,20,0,insufficient_funds
TXN101181,3136.28,debit_card,96,389.4,0.082,0,244,0.708,4,0,bank_timeout
TXN101182,5840.95,upi,51,146.2,0.27,0,15,0.445,2,1,insufficient_funds
TXN101183,1170.27,credit_card,21,493.9,0.262,0,185,0.534,2,1,network_error
TXN101184,6918.49,upi,51,197.9,0.308,1,1179,0.204,6,0,insufficient_funds
TXN101185,4049.56,debit_card,91,430.7,0.084,0,647,0.285,15,0,bank_timeout
TXN101186,11035.32,upi,59,116.8,0.632,0,442,0.476,18,0,fraud_false_positive
TXN101187,9590.25,debit_card,51,258.4,0.628,2,498,0.13,20,1,insufficient_funds
TXN101188,1203.12,upi,5,622.1,0.086,0,197,0.516,13,1,network_error
TXN101189,1867.38,credit_card,5,484.8,0.279,0,533,0.915,21,0,network_error
TXN101190,2349.58,debit_card,21,597.7,0.092,1,293,0.51,13,1,network_error
TXN101191,2902.46,upi,51,116.8,0.356,1,978,0.132,9,0,insufficient_funds
TXN101192,2512.56,credit_card,5,179.6,0.611,1,1048,0.531,5,0,fraud_false_positive
TXN101193,1798.2,netbanking,51,152.9,0.042,0,156,0.571,20,1,insufficient_funds
TXN101194,2866.34,upi,91,354.5,0.069,0,30,0.424,10,1,bank_timeout
TXN101195,4772.59,netbanking,61,117.5,0.11,0,511,0.421,1,0,insufficient_funds
TXN101196,3323.79,debit_card,5,532.0,0.159,1,308,0.282,17,0,network_error
TXN101197,3339.39,credit_card,59,138.9,0.529,0,545,0.508,14,0,fraud_false_positive
TXN101198,4673.62,debit_card,65,117.4,0.204,1,8,0.527,14,1,insufficient_funds
TXN101199,1922.55,credit_card,5,640.7,0.127,0,963,0.604,17,0,network_error
TXN101200,7111.66,wallet,5,201.7,0.693,0,665,0.78,3,0,fraud_false_positive
TXN101201,1248.04,netbanking,91,378.3,0.2,2,87,0.539,10,1,bank_timeout
TXN101202,6236.43,wallet,21,429.8,0.237,1,1097,0.561,4,0,network_error
TXN101203,556.89,credit_card,21,362.9,0.118,0,84,0.646,18,1,network_error
TXN101204,255.89,netbanking,96,209.1,0.471,0,631,0.552,9,1,network_error
TXN101205,403.97,debit_card,51,208.1,0.13,0,84,0.213,23,0,insufficient_funds
TXN101206,1626.95,debit_card,51,126.5,0.108,1,170,0.457,23,0,insufficient_funds
TXN101207,2625.16,upi,96,291.3,0.252,1,439,0.633,23,0,network_error
TXN101208,1457.64,upi,51,192.6,0.01,3,444,0.198,21,1,insufficient_funds
TXN101209,4591.3,debit_card,65,239.0,0.115,0,312,0.239,22,1,insufficient_funds
TXN101210,2200.97,credit_card,61,184.6,0.208,0,500,0.226,17,0,insufficient_funds
TXN101211,15168.97,debit_card,63,85.5,0.758,1,980,0.723,22,1,fraud_false_positive
TXN101212,1649.37,credit_card,63,107.3,0.801,0,1133,0.81,18,0,fraud_false_positive
TXN101213,6855.92,netbanking,51,151.4,0.148,0,962,0.419,20,0,insufficient_funds
TXN101214,2397.86,credit_card,91,308.2,0.176,0,259,0.43,5,1,bank_timeout
TXN101215,2003.3,upi,21,248.8,0.095,0,1043,0.413,20,0,network_error
TXN101216,4316.71,debit_card,68,367.0,0.178,2,100,0.386,11,1,bank_timeout
TXN101217,5339.51,credit_card,61,136.5,0.514,3,1788,0.215,7,0,insufficient_funds
TXN101218,586.33,upi,96,579.3,0.149,0,12,0.678,15,1,network_error
TXN101219,1019.03,netbanking,51,220.7,0.227,2,273,0.426,11,1,insufficient_funds
TXN101220,818.17,credit_card,59,116.2,0.638,0,1424,0.485,14,0,fraud_false_positive
TXN101221,7327.1,credit_card,59,149.7,0.793,1,194,0.461,20,0,fraud_false_positive
TXN101222,1730.25,netbanking,51,92.0,0.06,0,113,0.172,6,0,insufficient_funds
TXN101223,1477.62,netbanking,96,412.6,0.233,0,178,0.454,15,0,bank_timeout
TXN101224,4851.92,credit_card,59,143.6,0.739,1,335,0.717,10,0,fraud_false_positive
TXN101225,3827.59,debit_card,65,182.3,0.047,2,232,0.537,13,1,insufficient_funds
TXN101226,1058.04,wallet,5,207.7,0.783,0,842,0.591,8,0,fraud_false_positive
TXN101227,3185.25,debit_card,21,563.2,0.2,1,796,0.373,0,1,network_error
TXN101228,1579.66,upi,65,177.1,0.029,0,233,0.088,17,0,insufficient_funds
TXN101229,2363.98,debit_card,91,351.7,0.139,1,719,0.529,1,1,bank_timeout
TXN101230,1469.69,debit_card,51,154.2,0.392,1,1346,0.144,1,0,insufficient_funds
TXN101231,3151.44,credit_card,51,174.1,0.136,1,125,0.108,15,0,insufficient_funds
TXN101232,233.61,debit_card,5,223.4,0.274,1,333,0.538,9,0,network_error
TXN101233,1933.32,debit_card,91,426.6,0.157,2,681,0.562,2,0,bank_timeout
TXN101234,7044.53,credit_card,63,250.3,0.599,0,1833,0.797,13,1,fraud_false_positive
TXN101235,610.0,credit_card,96,691.2,0.131,0,215,0.535,5,0,network_error
TXN101236,981.32,credit_card,96,454.0,0.167,0,863,0.808,23,0,network_error
TXN101237,7425.62,credit_card,51,101.7,0.127,2,268,0.461,18,0,insufficient_funds
TXN101238,3920.04,credit_card,96,390.0,0.105,0,10,0.742,21,0,network_error
TXN101239,2423.19,netbanking,96,632.3,0.173,0,1942,0.607,15,0,network_error
TXN101240,4539.14,credit_card,96,262.5,0.12,1,569,0.515,0,1,bank_timeout
TXN101241,460.73,netbanking,91,210.1,0.3,0,150,0.81,9,0,bank_timeout
TXN101242,8288.02,debit_card,91,313.8,0.141,0,100,0.592,11,0,bank_timeout
TXN101243,10782.1,debit_card,51,187.5,0.279,1,90,0.072,12,0,insufficient_funds
TXN101244,631.32,credit_card,96,351.0,0.104,1,148,0.684,3,0,network_error
TXN101245,3721.5,credit_card,96,237.0,0.162,0,37,0.667,1,1,bank_timeout
TXN101246,7891.23,upi,59,228.3,0.537,1,1264,0.442,2,0,fraud_false_positive
TXN101247,2027.21,netbanking,5,522.3,0.251,0,518,0.527,21,0,network_error
TXN101248,5348.12,credit_card,63,93.2,0.948,2,665,0.708,19,0,fraud_false_positive
TXN101249,2561.2,credit_card,21,348.3,0.182,0,192,0.347,13,1,network_error
TXN101250,10715.55,credit_card,51,257.3,0.112,2,78,0.384,11,0,insufficient_funds
TXN101251,950.88,upi,5,158.5,0.719,0,2690,0.534,13,0,fraud_false_positive
TXN101252,748.72,debit_card,51,96.9,0.221,0,401,0.413,9,0,insufficient_funds
TXN101253,758.58,upi,21,379.5,0.055,0,157,0.301,22,0,network_error
TXN101254,4263.87,upi,61,146.2,0.127,0,602,0.522,13,0,insufficient_funds
TXN101255,236.69,debit_card,96,369.8,0.059,0,291,0.804,19,0,bank_timeout
TXN101256,6445.62,upi,63,144.8,0.8,0,208,0.745,9,0,fraud_false_positive
TXN101257,1258.56,upi,91,309.0,0.037,1,224,0.516,9,0,bank_timeout
TXN101258,1059.47,netbanking,61,75.4,0.203,0,1120,0.108,10,0,insufficient_funds
TXN101259,1691.66,credit_card,96,413.0,0.21,0,43,0.463,22,0,network_error
TXN101260,579.1,netbanking,5,606.7,0.227,0,779,0.385,7,1,network_error
TXN101261,1832.98,wallet,91,424.0,0.262,2,610,0.386,21,0,bank_timeout
TXN101262,4780.61,upi,63,176.0,0.866,0,134,0.756,19,1,fraud_false_positive
TXN101263,2521.17,debit_card,68,337.1,0.143,0,707,0.588,23,0,bank_timeout
TXN101264,2044.77,wallet,59,193.7,0.862,0,184,0.588,12,0,fraud_false_positive
TXN101265,1795.6,upi,96,472.4,0.217,0,277,0.365,17,0,bank_timeout
TXN101266,2639.74,credit_card,61,173.2,0.133,0,52,0.443,12,1,insufficient_funds
TXN101267,2194.31,netbanking,51,103.6,0.136,2,647,0.393,6,1,insufficient_funds
TXN101268,1718.94,credit_card,51,240.1,0.093,0,353,0.167,8,1,insufficient_funds
TXN101269,1528.55,credit_card,51,142.1,0.171,1,371,0.204,14,0,insufficient_funds
TXN101270,4467.42,netbanking,51,206.3,0.424,0,123,0.088,20,0,insufficient_funds
TXN101271,851.73,credit_card,91,469.5,0.311,0,530,0.555,8,1,bank_timeout
TXN101272,957.86,credit_card,96,453.4,0.238,0,656,0.696,3,0,network_error
TXN101273,7901.85,debit_card,96,282.8,0.139,0,185,0.761,23,0,bank_timeout
TXN101274,1837.7,credit_card,68,368.3,0.101,2,2599,0.563,9,1,bank_timeout
TXN101275,1171.71,debit_card,21,672.2,0.125,1,177,0.404,17,0,network_error
TXN101276,2942.72,credit_card,51,219.9,0.14,0,474,0.201,10,1,insufficient_funds
TXN101277,2538.0,credit_card,91,347.7,0.219,1,36,0.622,3,0,bank_timeout
TXN101278,4809.09,credit_card,51,158.1,0.15,2,171,0.055,18,0,insufficient_funds
TXN101279,2416.0,debit_card,91,406.9,0.171,0,848,0.697,13,0,bank_timeout
TXN101280,160.76,netbanking,96,755.7,0.034,1,426,0.466,16,1,network_error
TXN101281,6731.52,debit_card,61,195.7,0.095,1,148,0.074,11,0,insufficient_funds
TXN101282,4426.97,credit_card,51,207.1,0.2,1,1746,0.157,2,1,insufficient_funds
TXN101283,3044.62,debit_card,51,208.5,0.107,1,202,0.051,17,1,insufficient_funds
TXN101284,4620.2,wallet,96,283.8,0.108,1,334,0.325,17,0,bank_timeout
TXN101285,2466.2,upi,51,193.9,0.351,2,587,0.026,13,0,insufficient_funds
TXN101286,4798.41,wallet,51,111.0,0.191,1,13,0.22,13,0,insufficient_funds
TXN101287,1648.36,debit_card,21,522.1,0.25,0,105,0.264,0,0,network_error
TXN101288,1556.71,debit_card,51,190.1,0.203,0,374,0.12,5,1,insufficient_funds
TXN101289,3387.57,upi,63,249.8,0.666,0,770,0.882,22,1,fraud_false_positive
TXN101290,1269.04,debit_card,96,615.3,0.069,1,178,0.586,15,0,network_error
TXN101291,1664.42,credit_card,59,159.2,0.585,0,393,0.661,18,0,fraud_false_positive
TXN101292,1871.41,debit_card,51,235.2,0.141,1,227,0.244,22,0,insufficient_funds
TXN101293,2322.58,credit_card,61,113.6,0.274,2,38,0.198,3,0,insufficient_funds
TXN101294,2617.36,credit_card,5,448.3,0.172,1,187,0.149,16,0,network_error
TXN101295,3735.7,netbanking,59,154.4,0.748,0,2003,0.581,1,0,fraud_false_positive
TXN101296,1346.45,upi,91,252.9,0.111,0,477,0.784,19,0,bank_timeout
TXN101297,3003.29,debit_card,91,393.6,0.143,0,119,0.775,0,0,bank_timeout
TXN101298,7205.47,upi,59,207.6,0.778,0,651,0.835,18,0,fraud_false_positive
TXN101299,2076.16,upi,51,168.9,0.153,0,86,0.219,12,1,insufficient_funds
TXN101300,7350.53,netbanking,51,195.0,0.17,1,148,0.27,14,1,insufficient_funds
TXN101301,6884.66,netbanking,63,219.6,0.701,0,144,0.765,18,1,fraud_false_positive
TXN101302,874.01,debit_card,68,519.2,0.317,0,7,0.3,9,0,bank_timeout
TXN101303,632.81,upi,5,626.3,0.23,0,942,0.352,14,1,network_error
TXN101304,2776.19,netbanking,51,124.1,0.139,1,450,0.62,14,0,insufficient_funds
TXN101305,2414.14,netbanking,51,152.2,0.437,0,1097,0.382,23,1,insufficient_funds
TXN101306,695.19,upi,91,312.2,0.209,0,184,0.3,13,1,bank_timeout
TXN101307,1674.59,debit_card,96,277.6,0.304,0,106,0.601,9,0,network_error
TXN101308,2489.1,debit_card,51,223.0,0.136,0,22,0.41,16,1,insufficient_funds
TXN101309,2328.43,debit_card,96,448.7,0.258,2,855,0.358,5,0,bank_timeout
TXN101310,4774.19,upi,91,351.7,0.198,1,197,0.338,8,1,bank_timeout
TXN101311,4924.51,credit_card,51,149.3,0.148,1,1696,0.132,7,0,insufficient_funds
TXN101312,2447.35,debit_card,91,363.7,0.183,1,1655,0.622,5,1,bank_timeout
TXN101313,970.0,netbanking,91,417.8,0.293,1,333,0.406,2,1,bank_timeout
TXN101314,925.21,upi,51,203.2,0.167,1,705,0.42,22,0,insufficient_funds
TXN101315,9183.44,debit_card,63,150.8,0.853,1,1265,0.704,19,1,fraud_false_positive
TXN101316,2390.4,debit_card,96,352.2,0.102,0,1580,0.716,1,0,network_error
TXN101317,1747.95,upi,5,276.3,0.659,0,1630,0.794,1,0,fraud_false_positive
TXN101318,1397.2,debit_card,51,196.5,0.21,3,194,0.27,0,0,insufficient_funds
TXN101319,2230.57,credit_card,63,145.4,0.633,1,1602,0.757,21,0,fraud_false_positive
TXN101320,1911.58,credit_card,21,557.0,0.111,0,1025,0.5,23,1,network_error
TXN101321,2447.58,credit_card,51,204.0,0.092,1,474,0.399,15,0,insufficient_funds
TXN101322,885.73,debit_card,51,175.4,0.077,1,482,0.203,5,0,insufficient_funds
TXN101323,3374.72,wallet,5,533.1,0.203,1,5,0.455,11,0,network_error
TXN101324,2683.23,debit_card,21,615.1,0.207,1,54,0.58,14,0,network_error
TXN101325,8263.18,debit_card,63,153.3,0.813,0,7,0.775,3,0,fraud_false_positive
TXN101326,1624.46,upi,5,462.4,0.491,0,44,0.177,22,0,network_error
TXN101327,1319.14,debit_card,51,177.9,0.173,2,256,0.049,21,0,insufficient_funds
TXN101328,5641.11,debit_card,59,221.3,0.392,1,295,0.686,15,0,fraud_false_positive
TXN101329,1254.09,upi,96,700.8,0.167,0,48,0.884,13,0,network_error
TXN101330,2523.17,upi,96,377.3,0.03,0,1522,0.43,16,1,bank_timeout
TXN101331,6987.95,credit_card,51,233.3,0.25,2,328,0.374,9,0,insufficient_funds
TXN101332,607.24,upi,5,623.0,0.161,0,435,0.394,16,0,network_error
TXN101333,1978.33,netbanking,91,318.9,0.059,4,1647,0.544,7,1,bank_timeout
TXN101334,2916.85,netbanking,51,148.1,0.06,1,437,0.196,10,1,insufficient_funds
TXN101335,6833.45,debit_card,51,198.7,0.256,0,293,0.074,3,0,insufficient_funds
TXN101336,508.55,credit_card,21,589.2,0.258,0,18,0.285,1,1,network_error
TXN101337,6787.71,upi,61,265.6,0.305,2,675,0.657,18,0,insufficient_funds
TXN101338,1010.95,credit_card,61,163.0,0.122,2,786,0.206,6,1,insufficient_funds
TXN101339,406.92,credit_card,5,471.9,0.142,1,16,0.602,19,1,network_error
TXN101340,2613.27,credit_card,59,143.3,0.763,0,3012,0.786,23,1,fraud_false_positive
TXN101341,2682.23,debit_card,91,414.6,0.245,0,193,0.463,23,0,bank_timeout
TXN101342,4437.65,wallet,5,102.9,0.742,0,600,0.717,7,1,fraud_false_positive
TXN101343,742.04,credit_card,91,432.5,0.286,1,336,0.329,8,1,bank_timeout
TXN101344,180.71,credit_card,96,436.6,0.145,1,811,0.298,18,0,network_error
TXN101345,674.45,debit_card,91,241.6,0.148,0,554,0.619,12,1,bank_timeout
TXN101346,4362.21,debit_card,59,109.3,0.671,1,1799,0.581,15,0,fraud_false_positive
TXN101347,1343.2,upi,51,149.8,0.101,6,785,0.124,5,0,insufficient_funds
TXN101348,2645.99,debit_card,96,362.3,0.305,2,315,0.859,18,1,bank_timeout
TXN101349,3035.84,upi,51,152.7,0.208,0,459,0.141,21,1,insufficient_funds
TXN101350,4611.85,netbanking,59,277.1,0.667,0,76,0.759,8,0,fraud_false_positive
TXN101351,1521.4,debit_card,65,125.1,0.355,1,155,0.584,8,0,insufficient_funds
TXN101352,3215.56,credit_card,91,347.5,0.122,0,363,0.46,10,1,bank_timeout
TXN101353,684.62,upi,61,219.3,0.395,1,775,0.335,22,0,insufficient_funds
TXN101354,9607.29,upi,59,173.9,0.923,0,1241,0.87,13,1,fraud_false_positive
TXN101355,2885.39,credit_card,5,120.5,0.765,1,2770,0.386,13,0,fraud_false_positive
TXN101356,4098.45,wallet,59,152.3,0.692,0,103,0.769,11,1,fraud_false_positive
TXN101357,2586.95,wallet,68,421.4,0.107,0,332,0.507,13,0,bank_timeout
TXN101358,1892.26,credit_card,59,222.1,0.504,0,601,0.484,14,0,fraud_false_positive
TXN101359,5193.75,upi,51,200.8,0.104,3,144,0.312,4,1,insufficient_funds
TXN101360,6598.5,credit_card,51,162.8,0.178,2,285,0.1,2,0,insufficient_funds
TXN101361,8038.16,upi,51,191.8,0.266,2,58,0.337,3,0,insufficient_funds
TXN101362,818.46,upi,51,184.5,0.566,1,433,0.312,3,1,insufficient_funds
TXN101363,3376.6,upi,61,205.8,0.318,2,931,0.522,16,1,insufficient_funds
TXN101364,1645.67,credit_card,65,238.6,0.13,2,214,0.305,4,0,insufficient_funds
TXN101365,3037.33,debit_card,61,225.3,0.024,2,850,0.475,0,0,insufficient_funds
TXN101366,2198.76,credit_card,51,177.0,0.115,1,237,0.243,0,0,insufficient_funds
TXN101367,6197.38,wallet,59,246.1,0.831,0,886,0.845,18,0,fraud_false_positive
TXN101368,884.36,upi,21,364.1,0.254,0,1269,0.802,0,1,network_error
TXN101369,5206.58,credit_card,51,188.2,0.353,1,293,0.054,21,0,insufficient_funds
TXN101370,1266.87,wallet,5,542.2,0.023,1,589,0.498,22,1,network_error
TXN101371,1925.41,wallet,68,309.9,0.237,0,328,0.824,11,0,bank_timeout
TXN101372,1291.27,debit_card,96,398.9,0.351,0,528,0.367,2,1,network_error
TXN101373,2176.74,credit_card,51,186.7,0.111,0,1151,0.185,3,0,insufficient_funds
TXN101374,4836.02,debit_card,51,248.1,0.167,0,25,0.253,18,0,insufficient_funds
TXN101375,6564.68,debit_card,59,126.7,0.831,0,907,0.671,20,0,fraud_false_positive
TXN101376,444.85,upi,91,270.1,0.074,0,186,0.547,1,1,bank_timeout
TXN101377,2290.05,credit_card,21,336.1,0.198,0,78,0.654,18,0,network_error
TXN101378,5035.63,netbanking,5,272.9,0.527,0,709,0.847,8,1,fraud_false_positive
TXN101379,1261.4,credit_card,51,165.0,0.425,1,515,0.529,5,0,insufficient_funds
TXN101380,847.79,debit_card,61,269.6,0.236,1,155,0.136,16,1,insufficient_funds
TXN101381,1808.55,credit_card,51,254.9,0.473,2,575,0.092,6,1,insufficient_funds
TXN101382,4003.52,netbanking,5,173.6,0.818,0,349,0.408,12,1,fraud_false_positive
TXN101383,1324.28,debit_card,5,384.9,0.144,0,1234,0.215,5,0,network_error
TXN101384,5152.3,upi,63,160.9,0.793,0,1056,0.68,23,1,fraud_false_positive
TXN101385,767.26,credit_card,5,578.1,0.265,0,13,0.626,21,0,network_error
TXN101386,46.12,upi,96,260.2,0.072,1,99,0.7,9,0,network_error
TXN101387,2303.62,debit_card,51,124.0,0.088,0,901,0.375,8,1,insufficient_funds
TXN101388,2927.27,debit_card,51,202.3,0.2,0,467,0.315,20,1,insufficient_funds
TXN101389,1594.23,upi,96,231.9,0.183,0,552,0.362,6,1,bank_timeout
TXN101390,1732.01,debit_card,96,496.2,0.266,0,434,0.704,0,1,network_error
TXN101391,1252.17,wallet,96,589.2,0.046,1,1113,0.291,16,0,bank_timeout
TXN101392,4827.31,upi,51,173.2,0.287,2,665,0.065,14,0,insufficient_funds
TXN101393,3090.62,netbanking,91,311.8,0.062,0,304,0.56,2,1,bank_timeout
TXN101394,4690.16,netbanking,51,225.5,0.255,2,817,0.154,17,0,insufficient_funds
TXN101395,1014.82,credit_card,96,395.5,0.157,0,434,0.477,5,0,network_error
TXN101396,571.84,upi,51,182.0,0.119,3,29,0.296,22,1,insufficient_funds
TXN101397,916.38,credit_card,65,170.1,0.044,0,885,0.546,18,0,insufficient_funds
TXN101398,636.26,upi,91,314.1,0.282,0,1359,0.684,17,0,bank_timeout
TXN101399,5350.94,upi,96,337.2,0.104,3,198,0.379,1,1,bank_timeout
TXN101400,655.83,credit_card,51,160.6,0.031,0,517,0.476,9,1,insufficient_funds
TXN101401,1059.24,upi,51,167.5,0.338,1,29,0.108,0,1,insufficient_funds
TXN101402,1960.59,credit_card,96,345.9,0.087,0,426,0.42,2,1,bank_timeout
TXN101403,3426.58,netbanking,91,479.5,0.115,2,30,0.366,11,0,bank_timeout
TXN101404,7004.14,credit_card,51,138.1,0.214,1,39,0.302,5,0,insufficient_funds
TXN101405,2772.58,debit_card,59,234.5,0.868,0,774,0.803,20,1,fraud_false_positive
TXN101406,429.18,credit_card,61,170.9,0.11,1,387,0.104,15,0,insufficient_funds
TXN101407,706.08,upi,91,322.9,0.141,0,509,0.559,4,0,bank_timeout
TXN101408,2199.45,debit_card,61,177.1,0.199,2,291,0.471,10,1,insufficient_funds
TXN101409,696.58,debit_card,5,454.8,0.056,0,593,0.632,19,0,network_error
TXN101410,905.84,upi,5,391.7,0.204,0,1733,0.234,11,0,network_error
TXN101411,3492.17,debit_card,51,281.4,0.038,1,148,0.268,19,1,insufficient_funds
TXN101412,939.13,credit_card,21,474.0,0.372,1,34,0.459,23,1,network_error
TXN101413,553.92,debit_card,96,611.7,0.166,0,214,0.771,7,0,network_error
TXN101414,6208.45,debit_card,51,232.6,0.189,0,159,0.078,8,0,insufficient_funds
TXN101415,570.79,netbanking,96,453.9,0.32,0,201,0.458,11,0,network_error
TXN101416,1785.8,credit_card,51,133.3,0.249,1,351,0.275,3,0,insufficient_funds
TXN101417,6003.27,credit_card,51,155.5,0.544,4,451,0.099,21,1,insufficient_funds
TXN101418,276.36,wallet,21,687.6,0.353,0,258,0.436,9,0,network_error
TXN101419,181.68,credit_card,91,375.3,0.222,0,330,0.407,22,0,bank_timeout
TXN101420,1463.91,wallet,65,285.3,0.297,1,361,0.056,3,0,insufficient_funds
TXN101421,1300.56,upi,96,317.9,0.218,0,119,0.326,17,0,network_error
TXN101422,1250.77,credit_card,5,390.2,0.288,0,519,0.344,14,0,network_error
TXN101423,387.15,credit_card,51,246.4,0.033,1,163,0.161,19,0,insufficient_funds
TXN101424,2300.74,upi,21,536.2,0.037,1,241,0.573,15,0,network_error
TXN101425,1322.1,debit_card,96,432.0,0.188,1,880,0.439,15,0,network_error
TXN101426,4071.04,upi,51,176.7,0.072,1,1254,0.375,23,1,insufficient_funds
TXN101427,531.44,upi,51,186.0,0.584,1,57,0.289,0,1,insufficient_funds
TXN101428,1574.15,wallet,63,211.8,0.676,0,735,0.838,11,0,fraud_false_positive
TXN101429,2991.22,debit_card,5,574.2,0.046,0,1852,0.414,22,0,network_error
TXN101430,2309.64,debit_card,51,134.2,0.514,2,38,0.129,20,1,insufficient_funds
TXN101431,603.11,netbanking,96,436.4,0.114,0,58,0.649,17,1,network_error
TXN101432,1533.63,credit_card,96,787.0,0.287,0,594,0.518,8,0,network_error
TXN101433,224.17,upi,96,269.1,0.122,3,12,0.502,10,1,bank_timeout
TXN101434,416.16,upi,51,221.7,0.321,2,138,0.157,14,0,insufficient_funds
TXN101435,1669.92,credit_card,96,416.2,0.392,0,1119,0.492,3,0,network_error
TXN101436,8054.75,netbanking,65,190.5,0.164,2,473,0.722,20,0,insufficient_funds
TXN101437,1744.79,wallet,51,172.8,0.282,1,10,0.374,6,0,insufficient_funds
TXN101438,3588.73,debit_card,61,83.3,0.095,1,128,0.248,8,0,insufficient_funds
TXN101439,6242.52,credit_card,68,476.9,0.137,0,79,0.455,6,0,bank_timeout
TXN101440,4003.39,netbanking,91,478.8,0.245,1,74,0.556,14,0,bank_timeout
TXN101441,3418.93,debit_card,91,402.2,0.329,1,35,0.443,3,0,bank_timeout
TXN101442,1437.63,upi,21,535.5,0.163,1,656,0.63,23,1,network_error
TXN101443,1184.2,netbanking,65,219.5,0.158,1,538,0.147,23,0,insufficient_funds
TXN101444,2024.23,credit_card,91,470.3,0.177,0,209,0.548,20,0,bank_timeout
TXN101445,1817.52,debit_card,91,268.3,0.086,0,196,0.526,3,0,bank_timeout
TXN101446,1374.17,debit_card,59,310.1,0.779,0,80,0.829,6,0,fraud_false_positive
TXN101447,935.26,credit_card,68,407.2,0.252,3,1009,0.346,18,1,bank_timeout
TXN101448,4566.82,debit_card,51,181.7,0.458,1,270,0.109,1,0,insufficient_funds
TXN101449,7121.76,wallet,5,207.6,0.806,0,1870,0.738,23,0,fraud_false_positive
TXN101450,6895.57,debit_card,51,113.0,0.354,1,249,0.07,19,1,insufficient_funds
TXN101451,1188.27,credit_card,96,540.9,0.034,0,17,0.72,19,0,network_error
TXN101452,472.05,debit_card,96,400.1,0.35,0,225,0.648,8,0,bank_timeout
TXN101453,1169.7,debit_card,51,175.9,0.131,1,143,0.35,3,1,insufficient_funds
TXN101454,1509.7,credit_card,91,282.5,0.026,0,149,0.392,14,1,bank_timeout
TXN101455,809.0,debit_card,51,152.0,0.197,0,262,0.191,8,0,insufficient_funds
TXN101456,3213.77,credit_card,51,177.4,0.089,1,579,0.139,2,0,insufficient_funds
TXN101457,4110.17,netbanking,91,353.7,0.12,2,117,0.485,13,0,bank_timeout
TXN101458,2118.58,debit_card,51,117.8,0.242,2,411,0.255,17,0,insufficient_funds
TXN101459,3508.51,upi,96,645.0,0.049,0,212,0.281,13,1,network_error
TXN101460,2006.4,debit_card,61,180.3,0.346,3,227,0.158,4,0,insufficient_funds
TXN101461,1043.24,debit_card,96,448.1,0.258,0,986,0.358,22,0,network_error
TXN101462,1880.2,credit_card,68,429.7,0.419,1,712,0.544,19,0,bank_timeout
TXN101463,1727.61,debit_card,68,321.3,0.044,1,169,0.391,16,0,bank_timeout
TXN101464,1829.46,credit_card,96,632.8,0.063,0,364,0.547,7,1,network_error
TXN101465,2815.87,debit_card,65,254.2,0.035,0,863,0.056,15,0,insufficient_funds
TXN101466,576.0,credit_card,96,436.6,0.355,0,422,0.574,23,1,network_error
TXN101467,8469.18,upi,59,200.5,0.776,0,362,0.429,4,0,fraud_false_positive
TXN101468,1599.5,debit_card,91,318.0,0.335,1,433,0.559,8,0,bank_timeout
TXN101469,6200.68,debit_card,59,251.8,0.427,0,1092,0.446,0,0,fraud_false_positive
TXN101470,4911.15,credit_card,63,244.1,0.967,0,292,0.753,10,1,fraud_false_positive
TXN101471,757.49,debit_card,51,125.2,0.338,2,272,0.109,19,0,insufficient_funds
TXN101472,3459.27,debit_card,96,689.7,0.026,0,174,0.498,5,0,network_error
TXN101473,4156.64,debit_card,21,876.4,0.091,0,389,0.673,13,0,network_error
TXN101474,2408.03,debit_card,21,453.1,0.172,0,84,0.787,10,0,network_error
TXN101475,6964.93,upi,96,380.3,0.168,0,580,0.433,7,0,network_error
TXN101476,1305.08,credit_card,96,537.1,0.09,0,66,0.764,10,1,network_error
TXN101477,2321.93,netbanking,96,369.1,0.064,0,1137,0.174,17,1,bank_timeout
TXN101478,2709.42,upi,91,326.5,0.287,1,713,0.497,9,0,bank_timeout
TXN101479,6296.98,debit_card,59,230.8,0.751,0,1010,0.562,0,1,fraud_false_positive
TXN101480,3771.03,upi,51,173.0,0.18,1,1,0.313,20,0,insufficient_funds
TXN101481,14225.98,wallet,5,175.4,0.579,0,105,0.752,5,1,fraud_false_positive
TXN101482,6174.82,credit_card,91,298.7,0.002,0,38,0.345,15,1,bank_timeout
TXN101483,1343.28,debit_card,21,523.6,0.113,0,955,0.354,11,1,network_error
TXN101484,4311.81,credit_card,51,149.0,0.114,3,136,0.135,22,0,insufficient_funds
TXN101485,3964.38,credit_card,51,200.6,0.034,1,37,0.223,18,1,insufficient_funds
TXN101486,1450.47,credit_card,91,413.1,0.159,0,814,0.588,5,0,bank_timeout
TXN101487,2005.88,debit_card,21,505.4,0.205,0,322,0.298,19,0,network_error
TXN101488,1286.33,netbanking,96,715.3,0.45,1,461,0.169,14,0,network_error
TXN101489,4895.38,debit_card,91,327.2,0.187,1,463,0.357,13,1,bank_timeout
TXN101490,5249.51,netbanking,51,172.3,0.349,2,63,0.137,5,0,insufficient_funds
TXN101491,4115.74,credit_card,96,269.1,0.344,0,585,0.323,17,0,bank_timeout
TXN101492,3924.32,debit_card,51,149.6,0.19,0,374,0.123,4,1,insufficient_funds
TXN101493,999.49,upi,96,329.7,0.238,1,94,0.174,14,1,bank_timeout
TXN101494,2033.71,upi,59,271.7,0.838,0,505,0.683,16,0,fraud_false_positive
TXN101495,2608.91,upi,91,264.8,0.105,3,730,0.652,12,0,bank_timeout
TXN101496,2241.8,debit_card,96,669.4,0.282,0,119,0.659,22,0,network_error
TXN101497,1069.09,credit_card,61,100.8,0.169,3,281,0.051,11,1,insufficient_funds
TXN101498,11026.24,wallet,63,204.0,0.762,0,110,0.459,3,0,fraud_false_positive
TXN101499,2163.74,netbanking,51,157.3,0.229,0,76,0.119,7,0,insufficient_funds
TXN101500,831.35,wallet,96,293.6,0.258,0,887,0.264,19,0,bank_timeout
TXN101501,2027.08,netbanking,5,499.3,0.379,0,1526,0.234,4,0,network_error
TXN101502,3192.79,debit_card,51,119.1,0.279,1,16,0.134,14,1,insufficient_funds
TXN101503,1962.7,upi,61,227.4,0.12,1,642,0.421,16,0,insufficient_funds
TXN101504,2670.87,debit_card,96,249.5,0.126,1,258,0.16,2,1,bank_timeout
TXN101505,5136.97,debit_card,51,170.5,0.16,0,264,0.12,12,0,insufficient_funds
TXN101506,3200.43,credit_card,51,191.7,0.1,1,1235,0.22,1,0,insufficient_funds
TXN101507,834.74,credit_card,5,387.1,0.103,0,387,0.602,16,0,network_error
TXN101508,516.3,credit_card,96,496.9,0.455,3,854,0.166,17,1,network_error
TXN101509,2611.82,upi,65,124.3,0.128,0,146,0.227,23,0,insufficient_funds
TXN101510,5579.1,debit_card,5,175.9,0.826,0,336,0.65,19,0,fraud_false_positive
TXN101511,9504.02,debit_card,51,168.9,0.011,0,304,0.15,4,0,insufficient_funds
TXN101512,2895.53,credit_card,51,175.7,0.134,2,254,0.253,12,1,insufficient_funds
TXN101513,971.63,netbanking,91,309.9,0.113,3,1,0.568,14,0,bank_timeout
TXN101514,15361.33,netbanking,59,225.9,0.757,1,129,0.532,2,1,fraud_false_positive
TXN101515,4615.92,wallet,65,213.9,0.175,4,904,0.08,18,0,insufficient_funds
TXN101516,1307.22,credit_card,51,247.9,0.28,1,171,0.328,13,0,insufficient_funds
TXN101517,746.85,credit_card,96,588.3,0.149,0,320,0.319,3,0,network_error
TXN101518,1704.71,debit_card,63,224.1,0.731,0,1705,0.624,2,0,fraud_false_positive
TXN101519,5418.02,debit_card,51,121.4,0.479,1,1,0.151,14,0,insufficient_funds
TXN101520,2296.37,upi,61,157.4,0.317,1,33,0.169,1,1,insufficient_funds
TXN101521,4740.06,debit_card,65,188.5,0.108,0,217,0.234,13,0,insufficient_funds
TXN101522,729.11,debit_card,96,368.6,0.064,1,115,0.324,13,1,bank_timeout
TXN101523,890.49,netbanking,96,394.1,0.309,1,435,0.416,5,0,bank_timeout
TXN101524,1512.41,debit_card,68,431.5,0.181,0,87,0.532,16,1,bank_timeout
TXN101525,3047.31,credit_card,51,114.7,0.192,0,390,0.095,6,1,insufficient_funds
TXN101526,6722.2,debit_card,51,100.7,0.454,2,83,0.288,16,0,insufficient_funds
TXN101527,3256.12,upi,51,211.4,0.125,2,765,0.203,8,1,insufficient_funds
TXN101528,10225.15,debit_card,51,247.1,0.187,2,1521,0.143,12,1,insufficient_funds
TXN101529,970.19,upi,61,201.7,0.085,1,297,0.4,21,0,insufficient_funds
TXN101530,4312.3,credit_card,61,237.9,0.235,1,676,0.328,5,0,insufficient_funds
TXN101531,881.71,credit_card,51,181.6,0.144,1,404,0.269,10,0,insufficient_funds
TXN101532,1216.18,credit_card,51,200.3,0.098,0,492,0.156,0,0,insufficient_funds
TXN101533,5421.35,debit_card,61,207.0,0.019,0,615,0.178,4,1,insufficient_funds
TXN101534,5143.66,debit_card,65,242.5,0.162,3,97,0.085,17,1,insufficient_funds
TXN101535,2601.61,credit_card,68,356.8,0.355,0,647,0.581,22,0,bank_timeout
TXN101536,2272.69,debit_card,61,78.4,0.691,1,109,0.06,15,1,insufficient_funds
TXN101537,301.08,upi,96,572.9,0.185,0,199,0.637,13,0,network_error
TXN101538,2643.08,credit_card,59,255.6,0.489,0,270,0.595,1,1,fraud_false_positive
TXN101539,6299.59,upi,51,244.0,0.213,3,588,0.239,22,0,insufficient_funds
TXN101540,2510.47,upi,51,183.5,0.201,2,343,0.035,5,0,insufficient_funds
TXN101541,1696.25,upi,5,545.7,0.307,0,109,0.628,1,0,network_error
TXN101542,560.61,netbanking,61,236.0,0.053,3,154,0.154,20,1,insufficient_funds
TXN101543,749.88,credit_card,61,146.8,0.022,1,14,0.338,23,1,insufficient_funds
TXN101544,5040.21,upi,51,198.0,0.209,1,223,0.131,16,0,insufficient_funds
TXN101545,2568.02,upi,59,241.4,0.811,0,300,0.955,22,0,fraud_false_positive
TXN101546,466.94,credit_card,68,459.6,0.056,0,105,0.356,10,0,bank_timeout
TXN101547,1455.11,netbanking,96,267.0,0.035,1,1935,0.728,9,1,network_error
TXN101548,1929.3,wallet,68,526.9,0.037,1,727,0.445,14,1,bank_timeout
TXN101549,7587.26,netbanking,51,201.4,0.278,2,129,0.448,0,0,insufficient_funds
TXN101550,4572.78,debit_card,68,369.8,0.419,0,1487,0.347,8,1,bank_timeout
TXN101551,6734.79,debit_card,51,143.2,0.391,0,267,0.363,8,0,insufficient_funds
TXN101552,3140.5,credit_card,96,311.7,0.331,0,454,0.454,23,1,bank_timeout
TXN101553,5562.18,debit_card,65,226.5,0.301,1,447,0.194,13,0,insufficient_funds
TXN101554,1799.58,debit_card,65,208.5,0.124,1,369,0.103,11,0,insufficient_funds
TXN101555,4325.8,credit_card,61,136.5,0.093,2,29,0.196,17,0,insufficient_funds
TXN101556,3002.49,credit_card,96,236.2,0.238,1,494,0.327,22,0,bank_timeout
TXN101557,1982.65,credit_card,96,469.3,0.243,1,72,0.549,12,0,network_error
TXN101558,1461.85,debit_card,61,156.0,0.441,1,550,0.36,10,0,insufficient_funds
TXN101559,6161.88,credit_card,51,211.4,0.229,0,254,0.135,23,1,insufficient_funds
TXN101560,3327.7,debit_card,63,177.3,0.862,1,82,0.823,5,0,fraud_false_positive
TXN101561,497.95,wallet,91,431.9,0.149,2,253,0.358,17,0,bank_timeout
TXN101562,1572.94,debit_card,96,508.5,0.282,0,180,0.525,14,1,network_error
TXN101563,6774.55,debit_card,51,115.4,0.187,0,36,0.242,22,0,insufficient_funds
TXN101564,10199.92,credit_card,51,160.3,0.016,3,87,0.162,23,0,insufficient_funds
TXN101565,2443.81,wallet,61,134.7,0.075,1,103,0.048,14,0,insufficient_funds
TXN101566,3235.82,debit_card,51,233.0,0.124,2,1191,0.076,3,0,insufficient_funds
TXN101567,8344.47,debit_card,61,224.2,0.276,3,190,0.063,16,0,insufficient_funds
TXN101568,902.77,credit_card,96,489.7,0.116,1,530,0.556,17,0,network_error
TXN101569,3195.79,debit_card,68,393.5,0.256,1,1576,0.333,14,1,bank_timeout
TXN101570,4255.18,netbanking,51,210.3,0.049,1,1455,0.173,13,0,insufficient_funds
TXN101571,6474.59,netbanking,59,105.6,0.716,1,714,0.826,22,0,fraud_false_positive
TXN101572,2941.99,credit_card,51,199.9,0.341,0,1206,0.282,2,0,insufficient_funds
TXN101573,1026.82,netbanking,96,401.9,0.239,1,960,0.339,17,0,bank_timeout
TXN101574,868.24,upi,91,319.0,0.119,1,79,0.371,19,0,bank_timeout
TXN101575,3954.87,upi,61,190.0,0.198,1,1433,0.188,21,0,insufficient_funds
TXN101576,2174.53,debit_card,96,419.2,0.208,0,1007,0.73,6,0,network_error
TXN101577,1349.13,credit_card,5,487.9,0.203,0,1127,0.616,3,1,network_error
TXN101578,3512.56,wallet,61,199.6,0.365,3,47,0.112,19,0,insufficient_funds
TXN101579,2720.24,credit_card,21,492.4,0.098,0,840,0.875,22,1,network_error
TXN101580,5704.86,debit_card,59,188.2,0.709,1,891,0.574,16,0,fraud_false_positive
TXN101581,1713.16,debit_card,21,344.4,0.293,0,98,0.378,22,0,network_error
TXN101582,725.81,credit_card,51,220.7,0.18,1,885,0.105,22,1,insufficient_funds
TXN101583,4022.52,debit_card,21,500.8,0.075,0,340,0.328,15,1,network_error
TXN101584,4365.22,debit_card,59,133.6,0.674,1,1244,0.761,0,0,fraud_false_positive
TXN101585,727.68,credit_card,51,153.2,0.112,1,260,0.294,19,0,insufficient_funds
TXN101586,5189.95,credit_card,59,238.7,0.944,0,2649,0.598,21,0,fraud_false_positive
TXN101587,3079.33,credit_card,21,592.7,0.031,0,466,0.639,1,0,network_error
TXN101588,1406.54,wallet,96,349.2,0.111,1,1077,0.621,17,0,bank_timeout
TXN101589,2391.37,debit_card,96,308.6,0.02,0,66,0.681,13,0,network_error
TXN101590,1624.22,netbanking,51,209.5,0.069,0,853,0.224,21,1,insufficient_funds
TXN101591,1474.55,credit_card,96,507.2,0.183,0,187,0.662,22,1,bank_timeout
TXN101592,6687.22,wallet,65,98.7,0.303,2,46,0.37,16,0,insufficient_funds
TXN101593,8577.45,credit_card,96,466.6,0.312,1,652,0.518,22,0,bank_timeout
TXN101594,3222.1,debit_card,51,160.5,0.246,0,293,0.555,8,0,insufficient_funds
TXN101595,4388.88,upi,51,202.1,0.512,2,751,0.212,3,0,insufficient_funds
TXN101596,1427.51,upi,91,336.9,0.335,0,60,0.447,15,0,bank_timeout
TXN101597,2584.32,netbanking,51,144.3,0.269,4,99,0.176,6,0,insufficient_funds
TXN101598,3141.71,credit_card,96,479.8,0.143,1,3,0.756,20,0,bank_timeout
TXN101599,1105.32,debit_card,63,178.3,0.945,1,263,0.443,6,0,fraud_false_positive
TXN101600,2109.41,debit_card,91,470.3,0.278,0,246,0.757,19,0,bank_timeout
TXN101601,11771.29,debit_card,51,137.2,0.338,1,100,0.225,12,1,insufficient_funds
TXN101602,4199.36,credit_card,61,188.4,0.357,0,450,0.245,19,1,insufficient_funds
TXN101603,679.83,debit_card,51,193.3,0.124,3,475,0.049,6,0,insufficient_funds
TXN101604,1167.11,debit_card,21,460.9,0.063,1,121,0.584,5,0,network_error
TXN101605,1713.7,debit_card,65,182.6,0.398,1,133,0.259,6,0,insufficient_funds
TXN101606,6486.11,upi,51,224.6,0.164,3,142,0.303,6,1,insufficient_funds
TXN101607,7431.98,debit_card,51,120.6,0.159,5,253,0.078,5,0,insufficient_funds
TXN101608,5610.63,netbanking,59,138.6,0.66,0,1384,0.367,9,1,fraud_false_positive
TXN101609,564.41,debit_card,68,401.0,0.195,0,601,0.319,11,1,bank_timeout
TXN101610,4946.0,debit_card,5,539.2,0.174,1,554,0.537,16,1,network_error
TXN101611,3476.43,upi,96,167.4,0.237,0,532,0.437,6,0,bank_timeout
TXN101612,1916.88,netbanking,21,405.2,0.287,0,494,0.435,13,0,network_error
TXN101613,871.51,netbanking,61,227.3,0.317,3,575,0.141,21,0,insufficient_funds
TXN101614,1302.82,upi,61,141.4,0.211,1,541,0.122,10,1,insufficient_funds
TXN101615,3467.55,credit_card,51,123.6,0.126,1,57,0.411,9,0,insufficient_funds
TXN101616,3353.87,credit_card,51,169.5,0.36,0,99,0.235,23,0,insufficient_funds
TXN101617,8282.04,credit_card,59,198.0,0.741,0,712,0.559,15,0,fraud_false_positive
TXN101618,2148.3,upi,21,213.2,0.282,1,35,0.747,5,0,network_error
TXN101619,6223.32,wallet,5,169.5,0.857,0,157,0.475,11,0,fraud_false_positive
TXN101620,2813.43,upi,61,126.1,0.151,1,203,0.272,3,1,insufficient_funds
TXN101621,1272.64,upi,61,200.6,0.181,1,683,0.276,12,0,insufficient_funds
TXN101622,4344.85,netbanking,91,442.7,0.122,0,717,0.362,15,1,bank_timeout
TXN101623,4107.69,netbanking,51,143.5,0.107,1,104,0.107,14,0,insufficient_funds
TXN101624,5696.97,debit_card,51,159.9,0.063,3,98,0.136,17,1,insufficient_funds
TXN101625,318.59,upi,91,310.4,0.14,0,46,0.689,9,0,bank_timeout
TXN101626,4438.89,wallet,51,160.0,0.057,1,472,0.07,19,1,insufficient_funds
TXN101627,2940.76,wallet,91,419.1,0.343,0,1226,0.361,19,0,bank_timeout
TXN101628,2185.12,upi,51,171.1,0.038,1,257,0.222,0,1,insufficient_funds
TXN101629,6723.2,debit_card,59,250.4,0.742,1,923,0.907,14,0,fraud_false_positive
TXN101630,380.71,debit_card,96,399.8,0.191,0,424,0.717,7,1,network_error
TXN101631,9819.18,wallet,51,115.9,0.122,0,1189,0.288,5,0,insufficient_funds
TXN101632,310.26,upi,96,329.7,0.384,0,214,0.367,20,0,bank_timeout
TXN101633,671.51,credit_card,91,444.9,0.154,2,129,0.599,1,1,bank_timeout
TXN101634,3348.4,netbanking,51,233.1,0.164,2,254,0.189,7,0,insufficient_funds
TXN101635,2451.8,debit_card,91,429.9,0.332,0,285,0.314,5,1,bank_timeout
TXN101636,1010.53,netbanking,51,242.3,0.41,0,113,0.274,4,1,insufficient_funds
TXN101637,850.02,netbanking,96,465.2,0.365,0,881,0.5,20,0,network_error
TXN101638,4025.99,upi,91,391.2,0.237,0,292,0.748,3,1,bank_timeout
TXN101639,2855.07,credit_card,5,593.2,0.155,1,374,0.443,16,0,network_error
TXN101640,946.96,credit_card,91,342.2,0.225,0,165,0.65,0,0,bank_timeout
TXN101641,873.09,netbanking,51,152.6,0.471,2,90,0.408,21,1,insufficient_funds
TXN101642,1922.97,debit_card,96,400.8,0.152,0,330,0.575,8,0,network_error
TXN101643,2041.43,credit_card,96,688.6,0.51,1,73,0.487,15,0,network_error
TXN101644,2644.31,credit_card,51,103.0,0.055,2,212,0.117,2,0,insufficient_funds
TXN101645,6254.95,wallet,59,225.8,0.775,1,2198,0.675,19,1,fraud_false_positive
TXN101646,11572.69,netbanking,5,191.4,0.77,0,176,0.774,4,0,fraud_false_positive
TXN101647,3594.05,upi,61,142.2,0.259,4,398,0.589,19,0,insufficient_funds
TXN101648,3382.03,credit_card,91,315.8,0.295,1,450,0.625,15,1,bank_timeout
TXN101649,1953.18,debit_card,96,636.8,0.423,0,58,0.362,1,0,network_error
TXN101650,4957.22,debit_card,65,231.3,0.24,1,173,0.405,10,1,insufficient_funds
TXN101651,4045.87,credit_card,61,162.8,0.38,2,180,0.077,10,0,insufficient_funds
TXN101652,4449.6,upi,96,290.7,0.19,0,383,0.806,14,0,bank_timeout
TXN101653,1801.0,upi,51,111.0,0.078,0,350,0.397,19,0,insufficient_funds
TXN101654,2411.16,upi,51,225.4,0.23,1,47,0.101,15,0,insufficient_funds
TXN101655,4875.48,credit_card,59,152.3,0.839,0,31,0.782,9,1,fraud_false_positive
TXN101656,4627.79,credit_card,51,166.7,0.143,1,516,0.082,16,1,insufficient_funds
TXN101657,3339.34,debit_card,51,142.4,0.366,1,63,0.045,17,0,insufficient_funds
TXN101658,453.26,wallet,51,147.7,0.056,2,696,0.297,9,1,insufficient_funds
TXN101659,5033.6,wallet,59,248.1,0.875,0,390,0.555,22,0,fraud_false_positive
TXN101660,1228.33,debit_card,51,155.8,0.28,0,70,0.173,13,0,insufficient_funds
TXN101661,3275.53,wallet,65,133.9,0.28,2,475,0.14,3,1,insufficient_funds
TXN101662,2554.43,debit_card,21,511.7,0.455,1,49,0.273,13,1,network_error
TXN101663,1853.15,debit_card,59,183.5,0.715,0,711,0.609,7,1,fraud_false_positive
TXN101664,2994.84,debit_card,59,170.3,0.694,0,13,0.685,16,0,fraud_false_positive
TXN101665,169.46,debit_card,96,417.5,0.292,0,1311,0.651,12,1,network_error
TXN101666,2173.25,upi,5,441.7,0.276,2,600,0.556,4,1,network_error
TXN101667,503.44,credit_card,91,411.3,0.266,1,375,0.738,21,0,bank_timeout
TXN101668,834.8,upi,51,180.6,0.319,0,177,0.084,18,1,insufficient_funds
TXN101669,995.71,credit_card,96,479.5,0.27,1,363,0.209,7,0,bank_timeout
TXN101670,2487.02,debit_card,65,134.7,0.126,1,595,0.357,6,0,insufficient_funds
TXN101671,7496.26,debit_card,96,197.3,0.123,1,1145,0.496,4,1,bank_timeout
TXN101672,1670.43,upi,21,479.0,0.227,1,816,0.249,13,0,network_error
TXN101673,2196.72,netbanking,21,481.2,0.208,0,196,0.543,7,1,network_error
TXN101674,2064.49,credit_card,51,182.1,0.385,3,564,0.157,14,0,insufficient_funds
TXN101675,431.31,debit_card,91,444.6,0.321,0,1126,0.474,13,0,bank_timeout
TXN101676,987.91,debit_card,51,246.0,0.053,1,309,0.191,4,0,insufficient_funds
TXN101677,2378.74,netbanking,91,275.0,0.064,1,166,0.526,19,0,bank_timeout
TXN101678,1291.73,upi,21,591.6,0.185,0,3,0.53,18,0,network_error
TXN101679,5086.89,credit_card,96,344.2,0.094,0,369,0.151,18,0,bank_timeout
TXN101680,1974.98,debit_card,96,201.3,0.475,0,1369,0.52,1,1,bank_timeout
TXN101681,4300.32,credit_card,61,133.3,0.168,0,210,0.329,21,1,insufficient_funds
TXN101682,1115.99,debit_card,51,165.4,0.16,0,485,0.101,7,0,insufficient_funds
TXN101683,2408.58,netbanking,5,282.4,0.064,1,132,0.387,3,0,network_error
TXN101684,3257.09,credit_card,51,152.7,0.1,3,142,0.246,7,1,insufficient_funds
TXN101685,1706.96,netbanking,21,650.8,0.223,0,1195,0.674,22,0,network_error
TXN101686,6007.05,credit_card,91,480.4,0.264,0,660,0.372,20,1,bank_timeout
TXN101687,2671.46,wallet,51,212.0,0.236,0,83,0.564,18,0,insufficient_funds
TXN101688,6283.54,upi,51,89.1,0.089,1,76,0.119,20,0,insufficient_funds
TXN101689,3288.9,netbanking,51,207.2,0.216,0,46,0.158,15,1,insufficient_funds
TXN101690,2516.27,credit_card,21,596.2,0.132,1,809,0.344,13,1,network_error
TXN101691,1811.48,debit_card,96,504.6,0.105,0,170,0.385,1,0,network_error
TXN101692,1539.55,netbanking,51,170.9,0.193,3,235,0.316,9,0,insufficient_funds
TXN101693,1730.42,netbanking,96,580.5,0.208,0,643,0.409,20,0,network_error
TXN101694,2695.39,debit_card,96,354.9,0.113,0,90,0.182,3,0,bank_timeout
TXN101695,6318.82,credit_card,59,227.5,0.778,2,186,0.531,19,1,fraud_false_positive
TXN101696,1100.05,upi,51,209.7,0.102,1,255,0.23,19,0,insufficient_funds
TXN101697,1385.4,credit_card,91,336.9,0.216,0,1269,0.793,4,0,bank_timeout
TXN101698,2858.19,netbanking,61,181.3,0.132,0,279,0.307,9,0,insufficient_funds
TXN101699,654.63,upi,96,409.0,0.23,0,1321,0.52,20,0,bank_timeout
TXN101700,5409.84,credit_card,51,174.0,0.417,1,473,0.084,12,1,insufficient_funds
TXN101701,665.19,credit_card,5,596.5,0.364,0,792,0.668,1,0,network_error
TXN101702,9289.49,netbanking,91,312.0,0.164,0,243,0.61,15,1,bank_timeout
TXN101703,2126.3,credit_card,51,147.2,0.123,0,269,0.144,20,0,insufficient_funds
TXN101704,1341.23,netbanking,96,530.7,0.122,0,284,0.432,22,1,network_error
TXN101705,5867.94,netbanking,51,128.4,0.192,2,241,0.127,13,0,insufficient_funds
TXN101706,2017.88,upi,96,477.5,0.239,1,39,0.7,11,0,bank_timeout
TXN101707,2568.66,credit_card,96,471.3,0.019,1,1173,0.872,17,0,network_error
TXN101708,1394.97,upi,96,602.2,0.367,1,179,0.597,6,0,network_error
TXN101709,5067.55,debit_card,51,123.2,0.205,0,151,0.08,9,1,insufficient_funds
TXN101710,406.85,debit_card,5,660.3,0.22,1,760,0.723,2,0,network_error
TXN101711,2612.12,upi,96,499.1,0.175,2,1215,0.14,21,0,network_error
TXN101712,492.51,credit_card,5,576.1,0.113,0,976,0.508,20,0,network_error
TXN101713,2569.21,credit_card,96,542.5,0.289,0,61,0.422,11,0,network_error
TXN101714,3735.69,debit_card,59,317.0,0.7,0,645,0.689,1,0,fraud_false_positive
TXN101715,4125.7,credit_card,59,302.6,0.613,0,100,0.629,7,0,fraud_false_positive
TXN101716,1841.48,upi,91,310.4,0.185,0,28,0.322,19,1,bank_timeout
TXN101717,1858.52,upi,51,243.2,0.256,1,76,0.119,2,1,insufficient_funds
TXN101718,6840.48,debit_card,51,201.0,0.047,1,125,0.193,19,0,insufficient_funds
TXN101719,1932.99,upi,51,137.9,0.216,1,64,0.211,23,0,insufficient_funds
TXN101720,399.88,credit_card,96,401.9,0.282,0,1528,0.646,18,0,network_error
TXN101721,9837.84,credit_card,63,124.7,0.402,0,1609,0.957,20,0,fraud_false_positive
TXN101722,246.88,upi,51,233.5,0.177,1,491,0.417,4,1,insufficient_funds
TXN101723,4508.6,upi,51,147.1,0.316,3,183,0.167,6,1,insufficient_funds
TXN101724,857.99,wallet,96,487.8,0.142,0,712,0.477,15,0,network_error
TXN101725,2315.59,credit_card,51,176.1,0.352,0,402,0.288,19,0,insufficient_funds
TXN101726,8271.98,wallet,51,113.4,0.221,0,214,0.187,2,1,insufficient_funds
TXN101727,9919.55,debit_card,61,175.8,0.289,1,57,0.086,20,0,insufficient_funds
TXN101728,201.91,netbanking,96,596.3,0.359,0,136,0.421,17,0,network_error
TXN101729,5309.31,credit_card,65,211.3,0.073,0,98,0.187,12,0,insufficient_funds
TXN101730,5053.93,upi,51,152.5,0.396,0,123,0.353,21,1,insufficient_funds
TXN101731,2722.41,debit_card,51,173.1,0.047,2,36,0.147,18,0,insufficient_funds
TXN101732,1149.58,credit_card,96,474.0,0.107,2,104,0.663,18,0,bank_timeout
TXN101733,939.92,credit_card,5,571.9,0.128,1,761,0.505,2,0,network_error
TXN101734,885.67,upi,61,242.0,0.123,0,829,0.2,6,0,insufficient_funds
TXN101735,3526.18,wallet,51,192.7,0.06,2,158,0.519,1,1,insufficient_funds
TXN101736,400.19,credit_card,61,115.5,0.32,1,46,0.232,6,0,insufficient_funds
TXN101737,3367.85,upi,96,607.8,0.244,1,562,0.256,18,0,network_error
TXN101738,1794.45,debit_card,91,541.2,0.163,0,1078,0.451,2,1,bank_timeout
TXN101739,2701.18,credit_card,5,595.7,0.033,2,226,0.709,2,0,network_error
TXN101740,791.85,netbanking,51,173.1,0.085,3,16,0.121,10,1,insufficient_funds
TXN101741,3382.21,debit_card,65,85.6,0.272,0,55,0.201,15,1,insufficient_funds
TXN101742,3778.66,upi,61,174.3,0.241,0,88,0.087,3,1,insufficient_funds
TXN101743,2247.0,credit_card,59,238.6,0.64,0,174,0.651,14,0,fraud_false_positive
TXN101744,2105.43,credit_card,96,219.5,0.099,0,161,0.285,10,0,bank_timeout
TXN101745,2047.36,credit_card,51,186.6,0.051,0,74,0.121,22,0,insufficient_funds
TXN101746,1057.33,credit_card,65,155.4,0.474,1,148,0.174,23,0,insufficient_funds
TXN101747,5505.39,netbanking,51,154.5,0.093,2,464,0.291,13,1,insufficient_funds
TXN101748,5703.7,debit_card,65,182.5,0.238,1,399,0.109,14,0,insufficient_funds
TXN101749,2802.29,upi,91,367.0,0.152,2,997,0.264,23,0,bank_timeout
TXN101750,857.33,upi,51,94.5,0.063,1,687,0.187,20,1,insufficient_funds
TXN101751,1165.17,upi,68,471.1,0.422,1,1791,0.3,12,1,bank_timeout
TXN101752,1123.41,credit_card,91,278.0,0.408,1,97,0.44,5,0,bank_timeout
TXN101753,3293.07,debit_card,51,212.0,0.578,0,122,0.176,0,0,insufficient_funds
TXN101754,802.68,upi,91,290.6,0.24,0,57,0.598,20,0,bank_timeout
TXN101755,626.39,debit_card,51,118.3,0.15,1,200,0.434,6,1,insufficient_funds
TXN101756,2688.96,credit_card,59,210.1,0.754,0,1188,0.921,21,1,fraud_false_positive
TXN101757,1119.63,credit_card,96,533.3,0.121,0,109,0.427,17,0,network_error
TXN101758,483.58,upi,21,634.7,0.082,0,84,0.563,21,0,network_error
TXN101759,4251.93,upi,51,208.7,0.216,2,40,0.193,19,0,insufficient_funds
TXN101760,3967.98,credit_card,96,531.5,0.181,0,321,0.704,14,1,network_error
TXN101761,716.4,debit_card,96,434.9,0.038,0,488,0.63,2,1,network_error
TXN101762,5511.64,upi,51,171.9,0.259,2,525,0.202,18,1,insufficient_funds
TXN101763,4419.37,wallet,51,258.4,0.312,2,554,0.049,17,1,insufficient_funds
TXN101764,1008.22,wallet,68,411.7,0.089,1,160,0.417,9,0,bank_timeout
TXN101765,985.94,netbanking,65,203.1,0.126,0,45,0.229,9,0,insufficient_funds
TXN101766,1339.3,wallet,51,193.8,0.388,0,168,0.209,15,0,insufficient_funds
TXN101767,6950.49,credit_card,59,235.3,0.79,1,432,0.503,17,0,fraud_false_positive
TXN101768,965.71,credit_card,68,411.6,0.135,2,34,0.339,5,0,bank_timeout
TXN101769,890.31,debit_card,5,405.4,0.214,0,53,0.388,2,1,network_error
TXN101770,3550.81,debit_card,91,446.7,0.107,1,86,0.47,12,0,bank_timeout
TXN101771,698.75,credit_card,96,266.6,0.219,0,1014,0.565,17,0,bank_timeout
TXN101772,3472.82,credit_card,59,108.9,0.792,0,52,0.365,21,1,fraud_false_positive
TXN101773,2679.41,upi,61,180.3,0.089,1,193,0.229,10,0,insufficient_funds
TXN101774,1118.17,debit_card,51,158.9,0.138,1,251,0.305,10,1,insufficient_funds
TXN101775,1277.31,upi,91,496.3,0.271,1,79,0.766,9,0,bank_timeout
TXN101776,839.96,netbanking,21,547.4,0.052,0,198,0.352,15,1,network_error
TXN101777,3242.05,credit_card,91,345.0,0.364,0,73,0.546,23,0,bank_timeout
TXN101778,1686.1,wallet,61,251.7,0.455,1,209,0.052,16,0,insufficient_funds
TXN101779,1961.69,upi,91,316.3,0.137,0,152,0.529,14,0,bank_timeout
TXN101780,1579.82,upi,51,222.7,0.301,0,50,0.35,14,1,insufficient_funds
TXN101781,1818.96,upi,59,267.6,0.885,0,1745,0.775,2,0,fraud_false_positive
TXN101782,1573.33,debit_card,21,612.9,0.273,0,368,0.507,22,1,network_error
TXN101783,9668.28,upi,59,262.6,0.605,0,42,0.587,1,1,fraud_false_positive
TXN101784,3486.77,upi,96,388.2,0.351,2,482,0.761,2,0,network_error
TXN101785,710.62,netbanking,91,240.9,0.373,0,993,0.615,11,0,bank_timeout
TXN101786,884.61,upi,96,571.5,0.372,0,5,0.566,9,0,network_error
TXN101787,659.32,credit_card,96,402.2,0.253,0,95,0.346,2,1,network_error
TXN101788,5489.18,upi,5,243.1,0.817,0,238,0.327,5,1,fraud_false_positive
TXN101789,2610.5,credit_card,21,406.4,0.195,0,271,0.761,22,1,network_error
TXN101790,2664.86,credit_card,96,249.5,0.109,0,450,0.756,5,0,bank_timeout
TXN101791,1288.63,wallet,59,141.2,0.687,0,134,0.76,21,0,fraud_false_positive
TXN101792,3314.29,netbanking,51,210.6,0.293,1,1007,0.187,6,0,insufficient_funds
TXN101793,189.1,debit_card,96,455.9,0.263,0,1602,0.426,10,0,bank_timeout
TXN101794,9234.28,debit_card,51,151.2,0.28,0,393,0.294,23,1,insufficient_funds
TXN101795,1435.43,upi,96,515.4,0.062,0,401,0.658,13,1,network_error
TXN101796,2495.69,netbanking,59,240.3,0.872,0,143,0.458,9,0,fraud_false_positive
TXN101797,3175.1,debit_card,51,121.0,0.353,1,641,0.293,9,1,insufficient_funds
TXN101798,7892.45,debit_card,51,141.7,0.348,0,279,0.174,5,0,insufficient_funds
TXN101799,601.3,debit_card,5,277.4,0.086,1,296,0.294,14,1,network_error
TXN101800,2183.93,upi,51,206.7,0.195,3,87,0.556,22,1,insufficient_funds
TXN101801,1228.06,wallet,68,340.4,0.08,1,70,0.591,12,1,bank_timeout
TXN101802,208.03,debit_card,96,560.6,0.268,0,632,0.586,3,1,network_error
TXN101803,1380.44,debit_card,96,187.7,0.355,1,2645,0.696,18,1,bank_timeout
TXN101804,721.34,credit_card,68,364.6,0.263,1,143,0.6,6,0,bank_timeout
TXN101805,1326.11,wallet,51,227.8,0.38,4,184,0.287,1,0,insufficient_funds
TXN101806,3142.67,credit_card,51,133.6,0.109,0,202,0.182,2,0,insufficient_funds
TXN101807,1460.09,upi,51,175.2,0.352,0,2401,0.273,4,0,insufficient_funds
TXN101808,8087.17,netbanking,51,203.9,0.045,0,192,0.081,3,0,insufficient_funds
TXN101809,2985.8,debit_card,61,196.1,0.042,1,7,0.139,3,1,insufficient_funds
TXN101810,1030.26,credit_card,91,286.1,0.103,0,1964,0.204,21,1,bank_timeout
TXN101811,1098.69,upi,51,252.1,0.162,0,45,0.242,18,0,insufficient_funds
TXN101812,11569.6,credit_card,51,164.4,0.245,1,258,0.113,19,0,insufficient_funds
TXN101813,2179.45,wallet,61,172.8,0.025,1,932,0.38,3,1,insufficient_funds
TXN101814,7259.62,credit_card,51,205.9,0.37,1,213,0.551,18,0,insufficient_funds
TXN101815,592.0,debit_card,96,396.2,0.069,0,728,0.594,23,0,bank_timeout
TXN101816,2198.83,upi,21,655.6,0.152,0,42,0.428,21,0,network_error
TXN101817,2744.37,credit_card,61,149.9,0.319,1,1397,0.468,15,0,insufficient_funds
TXN101818,1463.37,credit_card,96,365.3,0.173,0,314,0.544,22,1,bank_timeout
TXN101819,254.64,upi,21,74.8,0.112,1,742,0.346,17,0,network_error
TXN101820,6286.67,debit_card,21,576.7,0.15,0,129,0.536,21,0,network_error
TXN101821,1041.57,upi,96,386.1,0.153,1,358,0.558,12,1,network_error
TXN101822,2903.38,credit_card,96,500.3,0.078,1,379,0.219,3,0,network_error
TXN101823,2322.49,credit_card,61,205.9,0.258,2,26,0.223,4,0,insufficient_funds
TXN101824,9564.46,debit_card,68,213.7,0.15,0,426,0.305,21,0,bank_timeout
TXN101825,2562.86,upi,21,490.8,0.11,1,63,0.224,15,1,network_error
TXN101826,3037.21,credit_card,61,218.9,0.145,1,61,0.346,14,1,insufficient_funds
TXN101827,6394.83,credit_card,5,155.4,0.754,0,396,0.796,7,0,fraud_false_positive
TXN101828,2209.57,debit_card,21,379.1,0.124,0,577,0.63,4,0,network_error
TXN101829,3953.68,debit_card,91,322.7,0.035,0,137,0.406,21,0,bank_timeout
TXN101830,3308.52,credit_card,51,195.4,0.057,0,465,0.124,15,0,insufficient_funds
TXN101831,3445.92,upi,51,207.3,0.084,0,215,0.235,16,0,insufficient_funds
TXN101832,4926.98,debit_card,51,159.0,0.125,4,54,0.105,9,0,insufficient_funds
TXN101833,2318.44,credit_card,91,283.3,0.172,1,60,0.337,22,1,bank_timeout
TXN101834,1775.99,debit_card,59,195.6,0.754,0,563,0.75,16,0,fraud_false_positive
TXN101835,179.61,wallet,21,321.3,0.276,1,166,0.398,1,1,network_error
TXN101836,575.85,credit_card,91,370.0,0.525,0,187,0.672,10,0,bank_timeout
TXN101837,2751.26,debit_card,59,198.4,0.642,0,3052,0.667,8,1,fraud_false_positive
TXN101838,321.14,debit_card,91,451.9,0.26,0,651,0.491,9,0,bank_timeout
TXN101839,1752.7,wallet,96,510.5,0.342,1,3610,0.434,1,0,network_error
TXN101840,14909.94,debit_card,51,194.4,0.142,1,303,0.072,21,1,insufficient_funds
TXN101841,4630.0,debit_card,96,429.7,0.366,0,1078,0.141,0,1,network_error
TXN101842,2452.87,debit_card,51,176.9,0.041,2,1059,0.156,17,0,insufficient_funds
TXN101843,3775.78,wallet,65,173.4,0.177,2,2111,0.395,11,0,insufficient_funds
TXN101844,1866.44,credit_card,51,172.2,0.218,2,159,0.114,8,1,insufficient_funds
TXN101845,7063.14,debit_card,59,190.2,0.677,0,485,0.781,22,0,fraud_false_positive
TXN101846,1556.11,debit_card,68,232.4,0.271,0,584,0.838,2,1,bank_timeout
TXN101847,913.61,debit_card,5,533.5,0.028,0,703,0.704,22,0,network_error
TXN101848,17044.9,netbanking,59,136.7,0.864,0,21,0.808,13,1,fraud_false_positive
TXN101849,2395.13,debit_card,61,182.5,0.101,1,169,0.339,18,1,insufficient_funds
TXN101850,830.82,netbanking,51,110.1,0.08,1,71,0.144,8,0,insufficient_funds
TXN101851,2610.37,netbanking,21,611.5,0.15,0,1314,0.639,16,0,network_error
TXN101852,9235.05,upi,5,256.7,0.734,0,164,0.745,17,0,fraud_false_positive
TXN101853,4527.13,debit_card,51,170.2,0.323,0,326,0.251,2,0,insufficient_funds
TXN101854,969.34,debit_card,91,288.3,0.29,2,214,0.532,22,0,bank_timeout
TXN101855,9636.39,credit_card,59,201.8,0.848,0,137,0.77,4,0,fraud_false_positive
TXN101856,4627.87,credit_card,91,187.3,0.42,1,764,0.304,13,1,bank_timeout
TXN101857,5251.44,netbanking,51,149.2,0.187,3,622,0.23,10,0,insufficient_funds
TXN101858,1699.9,credit_card,5,584.7,0.146,2,455,0.246,6,0,network_error
TXN101859,291.48,credit_card,96,428.0,0.425,0,60,0.702,0,0,bank_timeout
TXN101860,1968.12,upi,51,107.0,0.241,0,129,0.062,6,0,insufficient_funds
TXN101861,692.59,debit_card,91,304.3,0.126,1,62,0.74,11,0,bank_timeout
TXN101862,1667.43,debit_card,91,416.5,0.039,0,352,0.125,3,1,bank_timeout
TXN101863,3006.61,debit_card,96,478.0,0.047,1,795,0.585,15,0,network_error
TXN101864,1896.62,upi,59,177.2,0.854,3,758,0.514,0,0,fraud_false_positive
TXN101865,1495.98,debit_card,91,286.9,0.274,0,775,0.44,17,1,bank_timeout
TXN101866,220.04,upi,91,330.6,0.352,0,509,0.274,8,1,bank_timeout
TXN101867,2652.81,wallet,5,498.4,0.112,0,276,0.495,11,0,network_error
TXN101868,2619.0,credit_card,96,310.7,0.067,0,163,0.603,16,0,network_error
TXN101869,9310.25,netbanking,51,126.5,0.197,4,507,0.044,10,0,insufficient_funds
TXN101870,3733.73,debit_card,61,178.7,0.307,2,29,0.168,0,1,insufficient_funds
TXN101871,4216.28,upi,51,201.1,0.138,0,256,0.258,11,0,insufficient_funds
TXN101872,8310.12,debit_card,59,212.1,0.575,0,1488,0.603,21,0,fraud_false_positive
TXN101873,6435.24,upi,51,252.8,0.221,0,127,0.209,5,0,insufficient_funds
TXN101874,5814.9,credit_card,51,187.6,0.146,2,1297,0.22,23,0,insufficient_funds
TXN101875,4476.36,debit_card,59,221.2,0.833,2,19,0.515,7,1,fraud_false_positive
TXN101876,514.54,credit_card,21,659.2,0.229,0,4,0.55,16,0,network_error
TXN101877,432.6,debit_card,68,290.3,0.251,2,188,0.35,19,0,bank_timeout
TXN101878,1568.59,debit_card,96,534.0,0.119,0,9,0.717,11,0,network_error
TXN101879,3047.51,debit_card,21,553.3,0.172,0,262,0.567,13,1,network_error
TXN101880,1390.95,credit_card,91,323.0,0.04,0,19,0.448,7,1,bank_timeout
TXN101881,1095.33,credit_card,5,274.6,0.149,0,106,0.556,19,0,network_error
TXN101882,916.34,netbanking,91,535.8,0.205,0,389,0.351,3,0,bank_timeout
TXN101883,1643.83,netbanking,51,195.4,0.162,0,315,0.301,13,1,insufficient_funds
TXN101884,2442.41,debit_card,91,258.5,0.04,3,301,0.538,10,0,bank_timeout
TXN101885,620.2,wallet,68,220.5,0.124,0,6,0.568,15,1,bank_timeout
TXN101886,2793.76,credit_card,68,447.2,0.432,0,323,0.371,6,0,bank_timeout
TXN101887,1302.66,upi,96,342.1,0.136,0,1473,0.753,16,0,bank_timeout
TXN101888,924.88,debit_card,51,152.6,0.189,2,367,0.215,4,1,insufficient_funds
TXN101889,5446.66,debit_card,5,169.7,0.848,0,680,0.698,10,0,fraud_false_positive
TXN101890,387.66,debit_card,91,363.2,0.251,1,241,0.595,9,0,bank_timeout
TXN101891,279.6,netbanking,96,625.3,0.555,0,124,0.494,11,0,network_error
TXN101892,8418.4,netbanking,51,221.0,0.378,1,284,0.496,22,1,insufficient_funds
TXN101893,2719.92,debit_card,68,229.7,0.278,1,434,0.689,4,0,bank_timeout
TXN101894,8167.75,debit_card,65,166.4,0.098,0,763,0.501,0,0,insufficient_funds
TXN101895,927.26,credit_card,96,449.1,0.328,0,30,0.691,14,0,network_error
TXN101896,1899.16,debit_card,96,258.7,0.193,0,3,0.552,3,0,bank_timeout
TXN101897,2760.51,debit_card,96,559.1,0.017,0,19,0.588,21,0,network_error
TXN101898,1693.37,upi,51,192.1,0.127,1,627,0.166,9,1,insufficient_funds
TXN101899,3704.07,debit_card,91,422.4,0.136,2,752,0.515,13,0,bank_timeout
TXN101900,8934.95,debit_card,61,162.4,0.698,3,176,0.059,23,0,insufficient_funds
TXN101901,5695.0,credit_card,59,167.5,0.686,0,3117,0.856,16,1,fraud_false_positive
TXN101902,652.03,credit_card,21,554.5,0.197,0,812,0.275,4,0,network_error
TXN101903,1197.6,netbanking,5,404.8,0.462,0,505,0.242,0,1,network_error
TXN101904,1493.2,netbanking,5,623.2,0.035,1,1528,0.547,6,0,network_error
TXN101905,852.71,credit_card,91,350.0,0.038,0,167,0.356,18,0,bank_timeout
TXN101906,3177.18,credit_card,61,155.1,0.425,3,77,0.155,7,0,insufficient_funds
TXN101907,4706.51,upi,5,165.2,0.752,0,104,0.669,10,1,fraud_false_positive
TXN101908,4743.24,debit_card,5,220.0,0.794,1,253,0.488,19,1,fraud_false_positive
TXN101909,1948.45,upi,91,344.8,0.204,2,71,0.712,3,0,bank_timeout
TXN101910,2138.78,upi,61,133.7,0.089,1,212,0.248,6,0,insufficient_funds
TXN101911,3222.67,upi,51,169.8,0.216,1,2,0.561,7,1,insufficient_funds
TXN101912,1173.23,credit_card,96,477.2,0.462,1,131,0.443,2,0,network_error
TXN101913,499.15,upi,65,209.0,0.15,1,668,0.156,3,0,insufficient_funds
TXN101914,2520.53,debit_card,21,565.2,0.186,1,169,0.473,20,0,network_error
TXN101915,4155.04,netbanking,61,209.5,0.192,1,126,0.223,20,0,insufficient_funds
TXN101916,3952.87,debit_card,96,366.0,0.422,0,257,0.454,13,1,network_error
TXN101917,4035.97,debit_card,61,178.6,0.266,2,707,0.305,1,0,insufficient_funds
TXN101918,203.58,debit_card,21,497.2,0.3,0,7,0.505,4,1,network_error
TXN101919,540.82,debit_card,21,467.6,0.275,0,70,0.708,10,0,network_error
TXN101920,1253.81,upi,91,389.2,0.22,0,24,0.43,21,1,bank_timeout
TXN101921,1628.8,debit_card,91,482.2,0.057,0,190,0.668,20,0,bank_timeout
TXN101922,130.39,credit_card,63,199.6,0.93,0,3,0.602,18,1,fraud_false_positive
TXN101923,1075.57,debit_card,96,448.6,0.164,0,860,0.402,11,1,bank_timeout
TXN101924,798.62,upi,96,277.1,0.175,0,575,0.53,23,0,network_error
TXN101925,4121.35,upi,51,160.0,0.419,0,890,0.263,23,0,insufficient_funds
TXN101926,644.34,upi,21,693.9,0.06,0,395,0.379,1,1,network_error
TXN101927,6367.11,netbanking,59,146.3,0.703,0,1143,0.731,17,0,fraud_false_positive
TXN101928,824.25,netbanking,96,551.9,0.128,0,375,0.503,12,1,network_error
TXN101929,2320.87,wallet,96,325.4,0.059,0,885,0.722,14,0,bank_timeout
TXN101930,8187.75,wallet,51,231.0,0.092,1,633,0.582,4,0,insufficient_funds
TXN101931,1189.31,debit_card,96,790.2,0.181,0,174,0.202,9,1,network_error
TXN101932,1474.36,credit_card,5,562.4,0.3,0,352,0.211,0,0,network_error
TXN101933,3141.7,debit_card,91,343.3,0.075,0,300,0.7,16,0,bank_timeout
TXN101934,7247.55,credit_card,51,162.8,0.186,3,442,0.104,17,0,insufficient_funds
TXN101935,2083.07,wallet,51,181.4,0.094,1,1086,0.015,22,0,insufficient_funds
TXN101936,1382.72,debit_card,59,125.0,0.746,0,72,0.686,17,0,fraud_false_positive
TXN101937,7111.64,credit_card,96,609.7,0.1,1,628,0.538,7,1,network_error
TXN101938,951.95,credit_card,96,301.6,0.09,1,138,0.295,0,1,bank_timeout
TXN101939,2774.29,credit_card,68,246.3,0.5,1,187,0.7,20,0,bank_timeout
TXN101940,552.93,credit_card,96,319.2,0.361,3,864,0.68,22,0,bank_timeout
TXN101941,1047.17,upi,59,223.4,0.78,1,594,0.861,14,1,fraud_false_positive
TXN101942,13444.15,wallet,59,123.8,0.77,1,1156,0.37,20,0,fraud_false_positive
TXN101943,3744.28,netbanking,91,271.1,0.252,0,846,0.472,6,0,bank_timeout
TXN101944,2000.77,credit_card,91,266.6,0.19,1,889,0.351,0,1,bank_timeout
TXN101945,918.97,credit_card,91,266.7,0.229,0,19,0.358,13,1,bank_timeout
TXN101946,3717.15,credit_card,5,241.0,0.767,1,24,0.676,19,1,fraud_false_positive
TXN101947,2952.76,credit_card,51,166.8,0.158,0,248,0.093,21,1,insufficient_funds
TXN101948,4652.48,upi,91,422.1,0.09,0,1342,0.382,9,0,bank_timeout
TXN101949,8359.93,debit_card,51,220.9,0.15,0,125,0.071,9,0,insufficient_funds
TXN101950,536.4,debit_card,96,624.3,0.102,0,520,0.638,14,0,network_error
TXN101951,2193.65,credit_card,91,315.8,0.115,0,23,0.421,19,0,bank_timeout
TXN101952,3683.66,upi,21,422.8,0.079,0,5,0.756,22,0,network_error
TXN101953,1125.83,upi,68,286.9,0.126,1,1433,0.788,10,0,bank_timeout
TXN101954,2602.59,wallet,96,264.1,0.12,1,411,0.648,16,0,network_error
TXN101955,1656.51,debit_card,5,488.8,0.369,1,167,0.36,13,0,network_error
TXN101956,3369.85,debit_card,51,247.4,0.142,1,1531,0.376,4,1,insufficient_funds
TXN101957,2129.71,wallet,91,358.7,0.407,0,526,0.692,20,1,bank_timeout
TXN101958,6966.85,debit_card,51,206.6,0.134,3,754,0.357,11,1,insufficient_funds
TXN101959,973.98,upi,59,155.6,0.834,0,2401,0.494,5,0,fraud_false_positive
TXN101960,2351.76,debit_card,96,613.9,0.141,0,130,0.456,14,1,network_error
TXN101961,4402.69,credit_card,96,670.5,0.141,0,226,0.454,0,0,network_error
TXN101962,5134.25,debit_card,96,548.6,0.332,0,543,0.169,22,0,network_error
TXN101963,3046.17,debit_card,51,201.6,0.166,2,59,0.451,7,0,insufficient_funds
TXN101964,741.19,debit_card,96,317.4,0.142,0,861,0.274,17,0,network_error
TXN101965,2995.13,credit_card,5,155.9,0.952,2,728,0.543,9,0,fraud_false_positive
TXN101966,3605.04,credit_card,5,207.1,0.72,0,456,0.71,23,0,fraud_false_positive
TXN101967,4102.32,debit_card,61,144.0,0.184,6,1019,0.104,5,1,insufficient_funds
TXN101968,3288.78,debit_card,68,423.8,0.131,0,781,0.158,3,0,bank_timeout
TXN101969,1700.83,upi,91,385.6,0.06,0,1130,0.39,10,1,bank_timeout
TXN101970,4046.6,upi,21,412.0,0.18,1,196,0.585,10,0,network_error
TXN101971,929.46,debit_card,91,231.6,0.202,2,9,0.403,9,1,bank_timeout
TXN101972,2414.24,debit_card,96,438.8,0.052,1,1316,0.48,18,0,network_error
TXN101973,1722.75,credit_card,91,212.2,0.136,0,1430,0.647,13,1,bank_timeout
TXN101974,2233.9,wallet,59,206.9,0.637,1,973,0.627,5,0,fraud_false_positive
TXN101975,409.09,netbanking,96,388.3,0.101,0,829,0.804,1,1,bank_timeout
TXN101976,334.53,debit_card,21,500.1,0.1,2,25,0.517,14,0,network_error
TXN101977,8450.49,credit_card,63,121.0,0.888,0,279,0.739,3,0,fraud_false_positive
TXN101978,5688.29,debit_card,51,186.6,0.165,1,167,0.084,5,0,insufficient_funds
TXN101979,6218.07,netbanking,51,111.4,0.068,1,81,0.28,21,0,insufficient_funds
TXN101980,1294.22,credit_card,61,190.1,0.192,1,45,0.692,5,1,insufficient_funds
TXN101981,1971.56,credit_card,91,291.9,0.069,2,469,0.468,10,0,bank_timeout
TXN101982,3178.65,wallet,59,119.7,0.5,0,1372,0.698,19,1,fraud_false_positive
TXN101983,8691.78,credit_card,59,220.9,0.802,0,104,0.737,21,1,fraud_false_positive
TXN101984,6517.52,netbanking,51,174.6,0.094,1,115,0.118,6,1,insufficient_funds
TXN101985,3464.46,debit_card,59,246.7,0.916,0,847,0.465,19,0,fraud_false_positive
TXN101986,3962.76,credit_card,51,239.6,0.14,2,289,0.256,14,0,insufficient_funds
TXN101987,1052.65,credit_card,51,169.8,0.523,0,239,0.19,21,1,insufficient_funds
TXN101988,9927.14,debit_card,5,148.7,0.737,0,960,0.729,7,0,fraud_false_positive
TXN101989,1048.33,credit_card,51,191.3,0.112,4,772,0.189,9,1,insufficient_funds
TXN101990,3723.45,credit_card,51,171.4,0.075,3,228,0.557,5,0,insufficient_funds
TXN101991,2392.42,credit_card,51,203.5,0.161,1,677,0.141,18,1,insufficient_funds
TXN101992,3657.94,debit_card,61,166.9,0.275,1,683,0.387,23,0,insufficient_funds
TXN101993,1082.13,upi,96,402.0,0.217,1,291,0.295,8,0,network_error
TXN101994,912.73,debit_card,96,380.3,0.167,2,253,0.587,2,1,bank_timeout
TXN101995,2202.76,upi,91,490.2,0.238,0,611,0.232,20,1,bank_timeout
TXN101996,1166.67,credit_card,5,493.1,0.375,0,556,0.305,10,1,network_error
TXN101997,3691.24,netbanking,59,225.3,0.821,0,3228,0.466,23,1,fraud_false_positive
TXN101998,2176.89,upi,59,205.3,0.615,0,107,0.886,1,0,fraud_false_positive
TXN101999,901.19,credit_card,68,208.4,0.196,0,1232,0.213,21,0,bank_timeout
TXN102000,2661.89,wallet,51,178.1,0.147,0,664,0.247,9,1,insufficient_funds
TXN102001,2354.18,upi,59,227.2,0.856,0,2073,0.586,18,0,fraud_false_positive
TXN102002,289.99,debit_card,96,374.7,0.218,0,32,0.357,10,0,bank_timeout
TXN102003,4195.04,credit_card,5,203.9,0.67,1,358,0.708,14,1,fraud_false_positive
TXN102004,1359.17,debit_card,96,481.6,0.345,0,390,0.341,9,1,network_error
TXN102005,2873.64,credit_card,5,534.0,0.551,0,1091,0.734,3,0,network_error
TXN102006,6913.09,debit_card,51,203.0,0.141,5,38,0.118,1,0,insufficient_funds
TXN102007,201.05,credit_card,5,645.7,0.353,0,151,0.45,20,0,network_error
TXN102008,7042.74,upi,59,193.4,0.578,0,225,0.615,4,0,fraud_false_positive
TXN102009,3155.4,netbanking,5,104.3,0.83,1,849,0.627,8,0,fraud_false_positive
TXN102010,2335.65,upi,51,215.6,0.339,0,111,0.285,22,0,insufficient_funds
TXN102011,6104.03,upi,63,232.9,0.932,1,1368,0.619,7,1,fraud_false_positive
TXN102012,1208.06,debit_card,91,259.3,0.076,0,338,0.765,9,0,bank_timeout
TXN102013,1020.16,netbanking,21,609.4,0.078,1,242,0.598,22,1,network_error
TXN102014,7070.01,debit_card,59,153.9,0.665,0,477,0.348,8,0,fraud_false_positive
TXN102015,745.06,credit_card,96,512.9,0.132,0,215,0.738,11,0,network_error
TXN102016,149.97,debit_card,91,361.2,0.123,2,182,0.282,8,0,bank_timeout
TXN102017,4758.15,debit_card,51,137.9,0.206,1,281,0.075,7,0,insufficient_funds
TXN102018,904.5,upi,61,178.7,0.317,1,324,0.139,15,1,insufficient_funds
TXN102019,2735.39,credit_card,51,265.8,0.121,1,90,0.24,10,0,insufficient_funds
TXN102020,2213.78,debit_card,91,173.3,0.192,0,7,0.267,5,0,bank_timeout
TXN102021,943.85,credit_card,96,432.7,0.159,0,72,0.407,8,0,network_error
TXN102022,2747.31,netbanking,63,203.7,0.849,2,330,0.945,11,0,fraud_false_positive
TXN102023,1408.24,netbanking,91,285.4,0.042,1,290,0.446,1,1,bank_timeout
TXN102024,2876.45,credit_card,51,191.6,0.169,0,18,0.282,18,0,insufficient_funds
TXN102025,2990.43,credit_card,59,115.8,0.929,0,1376,0.736,11,0,fraud_false_positive
TXN102026,155.43,debit_card,51,183.5,0.151,2,293,0.144,18,0,insufficient_funds
TXN102027,2903.45,upi,51,120.4,0.056,1,877,0.459,1,1,insufficient_funds
TXN102028,7113.34,credit_card,51,220.9,0.174,1,220,0.421,16,0,insufficient_funds
TXN102029,2081.69,netbanking,96,405.1,0.136,0,220,0.437,3,0,bank_timeout
TXN102030,2883.01,upi,61,159.9,0.259,1,701,0.685,3,0,insufficient_funds
TXN102031,1412.56,debit_card,65,137.6,0.188,2,683,0.041,12,0,insufficient_funds
TXN102032,1059.18,netbanking,68,294.4,0.078,0,458,0.52,6,1,bank_timeout
TXN102033,2322.05,credit_card,61,218.8,0.186,2,1743,0.432,22,1,insufficient_funds
TXN102034,2875.84,debit_card,59,178.8,0.291,0,115,0.611,16,1,fraud_false_positive
TXN102035,1278.88,debit_card,96,402.5,0.246,0,50,0.359,10,0,bank_timeout
TXN102036,2111.83,credit_card,5,158.4,0.839,0,1398,0.488,4,0,fraud_false_positive
TXN102037,6902.01,credit_card,51,139.4,0.208,2,162,0.062,12,0,insufficient_funds
TXN102038,3567.18,wallet,59,239.5,0.843,0,606,0.891,4,0,fraud_false_positive
TXN102039,823.69,wallet,51,177.9,0.146,2,248,0.32,15,0,insufficient_funds
TXN102040,1704.53,debit_card,21,322.9,0.179,0,287,0.535,13,0,network_error
TXN102041,1857.95,credit_card,96,495.6,0.296,1,264,0.466,22,0,network_error
TXN102042,5488.13,credit_card,65,196.9,0.077,3,326,0.025,16,0,insufficient_funds
TXN102043,4937.82,debit_card,51,121.9,0.334,2,1643,0.06,19,1,insufficient_funds
TXN102044,2181.53,debit_card,65,136.5,0.121,0,231,0.035,0,1,insufficient_funds
TXN102045,6157.8,upi,91,246.9,0.083,2,352,0.629,5,0,bank_timeout
TXN102046,459.45,credit_card,51,203.8,0.164,2,279,0.212,0,0,insufficient_funds
TXN102047,3302.11,netbanking,61,211.8,0.352,0,95,0.226,19,0,insufficient_funds
TXN102048,847.93,netbanking,96,308.3,0.069,1,1,0.336,13,0,bank_timeout
TXN102049,504.5,netbanking,96,469.5,0.277,1,166,0.706,2,1,network_error
TXN102050,4903.88,credit_card,61,135.2,0.446,0,187,0.293,18,1,insufficient_funds
TXN102051,856.11,credit_card,51,221.1,0.226,1,76,0.147,8,1,insufficient_funds
TXN102052,631.54,wallet,5,703.0,0.082,0,755,0.724,5,1,network_error
TXN102053,10355.31,credit_card,65,165.2,0.246,5,575,0.35,9,0,insufficient_funds
TXN102054,2115.75,netbanking,91,345.4,0.178,0,1021,0.481,22,1,bank_timeout
TXN102055,3623.26,credit_card,5,424.0,0.166,0,543,0.432,1,1,network_error
TXN102056,1991.06,credit_card,51,210.3,0.058,6,627,0.094,22,1,insufficient_funds
TXN102057,4079.25,credit_card,51,209.8,0.156,0,365,0.448,18,0,insufficient_funds
TXN102058,2530.8,credit_card,51,128.2,0.399,1,647,0.298,9,1,insufficient_funds
TXN102059,6325.23,credit_card,61,161.8,0.312,0,364,0.125,2,0,insufficient_funds
TXN102060,4957.53,netbanking,51,192.5,0.104,1,572,0.243,16,1,insufficient_funds
TXN102061,3513.46,credit_card,59,134.2,0.741,0,164,0.767,13,0,fraud_false_positive
TXN102062,6343.94,debit_card,96,394.5,0.061,1,593,0.393,6,0,network_error
TXN102063,6062.55,upi,51,116.2,0.122,2,771,0.065,14,1,insufficient_funds
TXN102064,1684.99,upi,96,468.7,0.338,0,63,0.5,11,0,network_error
TXN102065,659.39,credit_card,61,214.3,0.24,3,18,0.338,18,1,insufficient_funds
TXN102066,3402.06,netbanking,61,134.7,0.478,1,991,0.214,21,0,insufficient_funds
TXN102067,3028.79,debit_card,96,403.7,0.21,1,110,0.623,1,1,network_error
TXN102068,5175.37,debit_card,51,143.1,0.357,3,1929,0.275,12,0,insufficient_funds
TXN102069,1187.66,credit_card,51,184.7,0.238,1,145,0.204,16,0,insufficient_funds
TXN102070,2896.03,wallet,96,341.4,0.068,1,369,0.588,21,0,network_error
TXN102071,962.06,debit_card,96,442.2,0.103,0,531,0.693,12,1,bank_timeout
TXN102072,6459.69,debit_card,61,181.1,0.324,2,357,0.289,13,0,insufficient_funds
TXN102073,1498.82,debit_card,63,171.9,0.713,1,438,0.737,1,0,fraud_false_positive
TXN102074,953.74,credit_card,96,623.3,0.302,1,1826,0.71,16,0,network_error
TXN102075,2251.64,upi,59,248.6,0.892,0,407,0.565,14,0,fraud_false_positive
TXN102076,562.58,upi,96,445.1,0.306,1,543,0.314,3,0,network_error
TXN102077,314.61,wallet,96,498.3,0.391,0,1017,0.581,6,1,network_error
TXN102078,2730.83,upi,61,194.4,0.127,2,597,0.234,12,1,insufficient_funds
TXN102079,1948.03,upi,96,220.0,0.137,0,700,0.581,18,1,bank_timeout
TXN102080,1607.85,debit_card,51,174.8,0.247,0,129,0.368,4,0,insufficient_funds
TXN102081,7414.12,credit_card,51,155.5,0.073,0,221,0.181,8,0,insufficient_funds
TXN102082,199.5,netbanking,96,462.5,0.138,0,89,0.539,17,1,bank_timeout
TXN102083,4563.0,credit_card,51,238.8,0.096,2,281,0.063,14,1,insufficient_funds
TXN102084,3582.83,netbanking,96,412.7,0.21,1,146,0.31,17,0,network_error
TXN102085,1798.75,upi,91,335.6,0.498,2,407,0.406,2,0,bank_timeout
TXN102086,2981.67,wallet,91,434.3,0.364,1,456,0.436,22,1,bank_timeout
TXN102087,2860.33,upi,51,188.7,0.101,0,27,0.109,21,0,insufficient_funds
TXN102088,872.4,upi,5,534.7,0.029,0,235,0.405,14,0,network_error
TXN102089,3611.53,debit_card,51,300.1,0.093,2,56,0.287,0,0,insufficient_funds
TXN102090,874.31,credit_card,21,379.1,0.118,1,66,0.403,13,1,network_error
TXN102091,867.42,debit_card,91,287.5,0.268,0,139,0.714,5,0,bank_timeout
TXN102092,3194.53,debit_card,96,488.6,0.005,0,813,0.539,7,1,network_error
TXN102093,7572.28,debit_card,61,164.1,0.207,1,63,0.204,23,0,insufficient_funds
TXN102094,4717.1,upi,51,204.3,0.204,0,615,0.39,2,0,insufficient_funds
TXN102095,874.39,upi,59,141.0,0.698,1,57,0.618,17,0,fraud_false_positive
TXN102096,4739.21,upi,65,198.7,0.28,1,1467,0.292,0,0,insufficient_funds
TXN102097,1718.25,credit_card,5,220.4,0.772,0,26,0.595,19,1,fraud_false_positive
TXN102098,4128.71,debit_card,59,157.4,0.692,1,31,0.928,12,0,fraud_false_positive
TXN102099,1653.16,debit_card,96,251.8,0.452,2,60,0.461,0,0,bank_timeout
TXN102100,2307.55,wallet,51,140.8,0.046,1,1140,0.175,2,1,insufficient_funds
TXN102101,1801.58,upi,5,615.1,0.083,1,791,0.422,14,1,network_error
TXN102102,1313.31,debit_card,21,506.5,0.135,0,551,0.793,5,0,network_error
TXN102103,1208.88,debit_card,96,642.7,0.371,0,245,0.332,19,0,network_error
TXN102104,886.48,debit_card,65,127.3,0.327,3,278,0.379,4,0,insufficient_funds
TXN102105,1848.78,netbanking,51,157.1,0.067,2,202,0.177,2,0,insufficient_funds
TXN102106,1041.05,netbanking,91,506.6,0.153,0,769,0.452,12,1,bank_timeout
TXN102107,775.99,credit_card,96,378.5,0.061,1,320,0.626,7,0,network_error
TXN102108,2260.75,wallet,59,223.6,0.514,0,341,0.676,1,0,fraud_false_positive
TXN102109,1338.61,wallet,51,156.9,0.238,0,1219,0.34,1,0,insufficient_funds
TXN102110,609.88,upi,51,221.6,0.128,1,580,0.549,15,0,insufficient_funds
TXN102111,4843.05,wallet,51,163.6,0.453,2,611,0.101,4,0,insufficient_funds
TXN102112,3068.07,wallet,61,212.1,0.116,3,799,0.274,22,0,insufficient_funds
TXN102113,1184.92,debit_card,61,155.5,0.054,0,1091,0.316,8,1,insufficient_funds
TXN102114,1487.15,credit_card,51,212.7,0.242,0,40,0.273,11,0,insufficient_funds
TXN102115,1648.53,credit_card,91,391.5,0.186,1,26,0.231,14,1,bank_timeout
TXN102116,2222.44,debit_card,96,436.9,0.418,1,371,0.357,18,1,network_error
TXN102117,4815.08,debit_card,59,190.0,0.701,1,586,0.617,20,0,fraud_false_positive
TXN102118,1782.38,debit_card,59,305.9,0.763,1,1,0.688,3,1,fraud_false_positive
TXN102119,2963.56,debit_card,91,371.0,0.215,0,181,0.411,1,0,bank_timeout
TXN102120,252.37,debit_card,91,316.1,0.09,1,672,0.51,11,0,bank_timeout
TXN102121,1004.79,credit_card,91,335.8,0.064,0,144,0.488,23,0,bank_timeout
TXN102122,1626.56,netbanking,51,194.5,0.204,1,265,0.631,17,0,insufficient_funds
TXN102123,2264.17,upi,91,529.7,0.125,1,45,0.253,21,0,bank_timeout
TXN102124,20.01,wallet,96,305.9,0.08,0,1862,0.365,0,0,network_error
TXN102125,5808.65,credit_card,65,189.1,0.384,3,450,0.523,9,0,insufficient_funds
TXN102126,3761.44,credit_card,51,133.8,0.166,0,561,0.277,12,0,insufficient_funds
TXN102127,2546.42,credit_card,91,289.2,0.189,1,10,0.616,23,1,bank_timeout
TXN102128,1103.45,upi,21,351.8,0.24,0,78,0.639,5,1,network_error
TXN102129,13958.69,credit_card,5,188.1,0.533,0,989,0.665,14,0,fraud_false_positive
TXN102130,3003.79,upi,21,604.0,0.25,1,2738,0.665,4,0,network_error
TXN102131,2527.29,debit_card,51,150.4,0.165,2,102,0.251,19,0,insufficient_funds
TXN102132,888.01,debit_card,51,127.9,0.219,1,381,0.397,2,0,insufficient_funds
TXN102133,1882.86,netbanking,61,237.5,0.32,0,475,0.367,11,0,insufficient_funds
TXN102134,6004.2,wallet,63,159.7,0.924,0,1279,0.65,6,0,fraud_false_positive
TXN102135,577.81,credit_card,5,120.6,0.886,2,482,0.659,3,0,fraud_false_positive
TXN102136,2712.95,credit_card,51,118.0,0.155,1,177,0.571,18,0,insufficient_funds
TXN102137,3472.22,debit_card,5,221.9,0.673,0,102,0.679,21,0,fraud_false_positive
TXN102138,961.65,credit_card,96,657.9,0.139,0,993,0.247,22,0,network_error
TXN102139,3543.55,netbanking,59,219.6,0.703,0,688,0.42,6,0,fraud_false_positive
TXN102140,3052.57,credit_card,61,245.7,0.124,1,124,0.51,17,1,insufficient_funds
TXN102141,2094.95,debit_card,91,278.4,0.27,1,1250,0.424,4,0,bank_timeout
TXN102142,1658.97,debit_card,51,199.9,0.169,1,460,0.227,11,0,insufficient_funds
TXN102143,955.57,credit_card,91,342.5,0.112,1,58,0.348,6,0,bank_timeout
TXN102144,820.08,credit_card,51,192.4,0.129,0,903,0.269,11,1,insufficient_funds
TXN102145,1685.43,upi,96,900.2,0.089,0,1062,0.624,0,1,network_error
TXN102146,933.19,netbanking,96,433.3,0.13,3,57,0.243,8,0,network_error
TXN102147,1055.07,debit_card,51,240.3,0.269,0,148,0.121,2,0,insufficient_funds
TXN102148,276.3,credit_card,96,357.5,0.15,2,352,0.656,18,0,bank_timeout
TXN102149,241.94,debit_card,5,389.2,0.14,0,219,0.875,4,0,network_error
TXN102150,398.18,debit_card,51,233.5,0.216,1,120,0.418,22,0,insufficient_funds
TXN102151,3015.05,netbanking,96,614.6,0.147,0,88,0.386,19,0,network_error
TXN102152,3185.63,upi,51,146.2,0.101,1,538,0.241,1,1,insufficient_funds
TXN102153,3348.5,debit_card,59,104.9,0.698,1,24,0.787,17,1,fraud_false_positive
TXN102154,3195.79,credit_card,51,219.3,0.203,1,959,0.235,21,1,insufficient_funds
TXN102155,136.73,upi,51,196.1,0.425,0,229,0.237,1,1,insufficient_funds
TXN102156,9543.76,debit_card,59,155.6,0.606,1,1424,0.601,11,1,fraud_false_positive
TXN102157,6222.77,upi,51,152.9,0.151,0,341,0.309,0,0,insufficient_funds
TXN102158,1771.61,credit_card,21,264.3,0.187,0,73,0.499,11,0,network_error
TXN102159,3126.84,wallet,51,164.6,0.103,2,259,0.397,0,0,insufficient_funds
TXN102160,2078.16,debit_card,61,232.6,0.056,2,703,0.42,15,1,insufficient_funds
TXN102161,1411.05,credit_card,51,177.2,0.227,0,8,0.364,7,0,insufficient_funds
TXN102162,4026.35,credit_card,61,220.3,0.081,2,244,0.074,18,0,insufficient_funds
TXN102163,1648.44,debit_card,68,335.6,0.408,1,468,0.741,20,1,bank_timeout
TXN102164,2326.0,credit_card,51,149.5,0.216,0,123,0.445,8,1,insufficient_funds
TXN102165,3183.69,debit_card,59,277.8,0.486,0,2848,0.768,23,1,fraud_false_positive
TXN102166,1549.03,upi,91,363.0,0.263,1,74,0.65,22,0,bank_timeout
TXN102167,955.23,debit_card,91,388.4,0.15,0,14,0.706,11,0,bank_timeout
TXN102168,5726.5,debit_card,59,225.8,0.759,0,3529,0.757,20,1,fraud_false_positive
TXN102169,4020.75,upi,91,308.4,0.424,1,179,0.484,16,1,bank_timeout
TXN102170,3961.68,credit_card,91,316.4,0.417,3,131,0.383,11,1,bank_timeout
TXN102171,9442.59,upi,59,167.9,0.83,0,908,0.529,23,0,fraud_false_positive
TXN102172,1262.08,debit_card,91,522.6,0.394,2,467,0.638,4,1,bank_timeout
TXN102173,7313.1,debit_card,61,157.4,0.224,3,588,0.135,16,0,insufficient_funds
TXN102174,3228.19,debit_card,91,323.0,0.32,0,94,0.386,9,1,bank_timeout
TXN102175,497.19,debit_card,21,431.1,0.222,1,218,0.597,10,1,network_error
TXN102176,1197.73,credit_card,68,362.8,0.181,2,99,0.497,17,0,bank_timeout
TXN102177,741.6,debit_card,96,299.9,0.281,0,404,0.48,7,1,bank_timeout
TXN102178,2297.79,credit_card,91,464.6,0.259,0,144,0.762,4,1,bank_timeout
TXN102179,628.71,upi,61,188.4,0.425,0,645,0.39,8,0,insufficient_funds
TXN102180,2870.69,credit_card,5,538.4,0.122,3,2465,0.366,23,0,network_error
TXN102181,2497.03,credit_card,51,233.2,0.361,1,172,0.187,17,1,insufficient_funds
TXN102182,3989.99,upi,61,120.5,0.213,0,410,0.222,1,0,insufficient_funds
TXN102183,372.26,wallet,91,382.7,0.245,0,302,0.427,5,1,bank_timeout
TXN102184,4567.87,credit_card,91,381.8,0.043,2,802,0.665,1,1,bank_timeout
TXN102185,2850.71,credit_card,96,182.9,0.216,0,437,0.409,4,0,bank_timeout
TXN102186,7486.96,upi,63,237.1,0.418,0,688,0.772,20,0,fraud_false_positive
TXN102187,1516.29,netbanking,65,193.0,0.134,2,181,0.156,9,0,insufficient_funds
TXN102188,704.24,upi,96,535.0,0.357,1,259,0.635,0,1,network_error
TXN102189,630.96,upi,96,507.7,0.276,0,200,0.735,18,1,network_error
TXN102190,439.07,netbanking,51,213.4,0.051,1,255,0.182,20,0,insufficient_funds
TXN102191,784.3,debit_card,96,497.0,0.086,0,213,0.556,13,1,network_error
TXN102192,1480.71,credit_card,68,288.5,0.143,0,560,0.628,14,0,bank_timeout
TXN102193,22802.02,wallet,59,192.0,0.648,0,515,0.521,7,1,fraud_false_positive
TXN102194,3540.03,credit_card,21,560.4,0.059,0,868,0.336,22,0,network_error
TXN102195,141.46,credit_card,68,437.6,0.33,1,287,0.404,0,0,bank_timeout
TXN102196,3497.27,upi,59,122.5,0.851,1,131,0.589,8,0,fraud_false_positive
TXN102197,2580.74,upi,61,155.9,0.104,1,164,0.064,12,0,insufficient_funds
TXN102198,2825.55,debit_card,51,213.3,0.157,2,787,0.245,18,0,insufficient_funds
TXN102199,10029.2,credit_card,65,129.9,0.136,2,747,0.05,22,0,insufficient_funds
TXN102200,3557.26,debit_card,51,162.5,0.552,1,274,0.083,0,0,insufficient_funds
TXN102201,73.67,credit_card,51,191.7,0.251,1,1255,0.222,0,0,insufficient_funds
TXN102202,1311.55,credit_card,96,606.3,0.119,0,86,0.51,19,0,network_error
TXN102203,2149.85,wallet,51,170.2,0.081,0,219,0.221,18,1,insufficient_funds
TXN102204,6712.57,credit_card,51,131.3,0.172,1,167,0.173,22,0,insufficient_funds
TXN102205,2151.88,debit_card,5,561.5,0.336,0,1115,0.665,19,0,network_error
TXN102206,1926.94,upi,51,211.1,0.174,3,447,0.217,19,0,insufficient_funds
TXN102207,13181.61,credit_card,51,107.2,0.172,0,236,0.142,15,0,insufficient_funds
TXN102208,4090.2,upi,51,49.9,0.013,2,185,0.22,14,0,insufficient_funds
TXN102209,10382.18,wallet,61,183.8,0.205,1,68,0.359,2,0,insufficient_funds
TXN102210,2419.93,credit_card,61,198.2,0.036,1,9,0.266,5,0,insufficient_funds
TXN102211,4591.3,credit_card,5,174.2,0.692,1,460,0.681,23,1,fraud_false_positive
TXN102212,1762.48,netbanking,91,410.8,0.226,1,557,0.452,11,0,bank_timeout
TXN102213,1384.35,credit_card,96,620.4,0.109,0,53,0.688,18,0,network_error
TXN102214,5273.15,credit_card,51,104.4,0.039,0,511,0.307,1,0,insufficient_funds
TXN102215,1990.58,debit_card,96,438.8,0.213,1,333,0.34,9,0,bank_timeout
TXN102216,1693.33,upi,51,155.5,0.228,1,344,0.072,2,1,insufficient_funds
TXN102217,2749.07,wallet,96,459.2,0.306,0,650,0.557,14,0,network_error
TXN102218,1637.71,credit_card,91,289.1,0.193,0,328,0.752,10,1,bank_timeout
TXN102219,3227.82,credit_card,5,595.2,0.307,0,1219,0.528,22,0,network_error
TXN102220,1014.49,upi,21,368.9,0.119,0,96,0.549,7,0,network_error
TXN102221,1079.03,netbanking,96,473.6,0.241,1,1057,0.38,10,0,network_error
TXN102222,4934.24,credit_card,61,129.3,0.116,0,5,0.182,0,1,insufficient_funds
TXN102223,1273.34,upi,51,212.6,0.022,0,1875,0.152,15,1,insufficient_funds
TXN102224,6992.75,upi,51,213.9,0.37,0,605,0.479,6,1,insufficient_funds
TXN102225,7037.13,credit_card,51,262.7,0.173,1,461,0.093,21,1,insufficient_funds
TXN102226,3853.53,debit_card,91,402.6,0.308,1,888,0.576,17,0,bank_timeout
TXN102227,7415.45,wallet,5,121.8,0.703,0,477,0.7,18,0,fraud_false_positive
TXN102228,519.66,upi,68,371.7,0.124,0,65,0.35,10,0,bank_timeout
TXN102229,10397.75,debit_card,51,168.9,0.165,0,484,0.476,7,0,insufficient_funds
TXN102230,2276.97,credit_card,51,135.1,0.336,1,73,0.383,17,0,insufficient_funds
TXN102231,1092.38,debit_card,96,394.1,0.194,0,125,0.613,22,1,network_error
TXN102232,4724.22,credit_card,59,250.7,0.75,0,2779,0.801,14,0,fraud_false_positive
TXN102233,3485.95,credit_card,51,236.2,0.183,0,911,0.014,18,0,insufficient_funds
TXN102234,6997.62,wallet,51,125.9,0.113,0,454,0.355,6,1,insufficient_funds
TXN102235,3731.51,wallet,51,196.9,0.28,1,131,0.08,19,0,insufficient_funds
TXN102236,602.94,credit_card,68,260.9,0.157,0,506,0.632,4,1,bank_timeout
TXN102237,2812.6,credit_card,59,333.5,0.535,0,168,0.865,19,1,fraud_false_positive
TXN102238,2426.57,credit_card,61,178.2,0.196,0,372,0.172,0,1,insufficient_funds
TXN102239,2709.14,upi,5,322.0,0.333,1,140,0.586,20,1,network_error
TXN102240,1412.38,credit_card,91,434.5,0.256,3,737,0.44,4,0,bank_timeout
TXN102241,2197.03,netbanking,96,630.6,0.295,1,1589,0.809,7,1,network_error
TXN102242,4586.03,credit_card,51,141.5,0.151,1,508,0.044,9,0,insufficient_funds
TXN102243,15955.55,debit_card,59,192.4,0.815,0,623,0.884,13,0,fraud_false_positive
TXN102244,2667.19,credit_card,91,466.6,0.161,0,859,0.77,14,1,bank_timeout
TXN102245,2409.47,debit_card,59,134.3,0.456,1,944,0.483,1,0,fraud_false_positive
TXN102246,196.35,credit_card,5,608.1,0.302,0,607,0.678,15,1,network_error
TXN102247,248.59,credit_card,91,320.0,0.351,0,742,0.167,6,0,bank_timeout
TXN102248,582.84,upi,61,250.8,0.619,3,302,0.252,10,0,insufficient_funds
TXN102249,613.35,credit_card,51,173.8,0.404,0,38,0.344,15,0,insufficient_funds
TXN102250,7451.75,debit_card,51,129.5,0.226,4,910,0.221,12,0,insufficient_funds
TXN102251,85.65,debit_card,96,575.8,0.352,0,787,0.455,11,0,network_error
TXN102252,1576.31,credit_card,5,259.0,0.059,0,304,0.452,11,1,network_error
TXN102253,1094.63,upi,21,521.0,0.028,3,69,0.131,18,1,network_error
TXN102254,2903.77,netbanking,96,368.7,0.113,0,35,0.372,23,0,bank_timeout
TXN102255,1438.86,upi,68,226.5,0.149,1,329,0.798,19,0,bank_timeout
TXN102256,2012.01,debit_card,59,223.1,0.868,1,2260,0.783,0,0,fraud_false_positive
TXN102257,608.39,upi,96,353.1,0.209,2,72,0.227,0,0,bank_timeout
TXN102258,4682.08,upi,59,162.6,0.751,0,4863,0.683,9,0,fraud_false_positive
TXN102259,1478.78,netbanking,51,210.7,0.155,0,405,0.168,20,0,insufficient_funds
TXN102260,4478.95,credit_card,51,191.9,0.101,1,334,0.255,21,0,insufficient_funds
TXN102261,602.82,debit_card,21,549.5,0.49,1,44,0.241,8,0,network_error
TXN102262,1646.73,debit_card,91,270.7,0.193,1,68,0.144,19,1,bank_timeout
TXN102263,3919.48,debit_card,51,210.8,0.039,2,596,0.153,15,0,insufficient_funds
TXN102264,1183.78,wallet,61,221.3,0.053,1,54,0.195,15,1,insufficient_funds
TXN102265,713.0,wallet,96,375.8,0.108,1,26,0.474,21,0,network_error
TXN102266,1587.8,debit_card,91,323.1,0.171,1,594,0.551,0,0,bank_timeout
TXN102267,426.24,credit_card,5,495.3,0.021,0,90,0.401,17,0,network_error
TXN102268,3069.08,credit_card,96,389.1,0.288,0,262,0.391,15,0,network_error
TXN102269,2154.18,upi,96,426.5,0.382,0,1006,0.51,17,0,bank_timeout
TXN102270,188.25,upi,59,187.5,0.918,0,879,0.876,22,0,fraud_false_positive
TXN102271,4591.03,credit_card,51,252.2,0.089,0,1071,0.416,21,0,insufficient_funds
TXN102272,4379.17,debit_card,51,176.6,0.148,0,511,0.132,8,1,insufficient_funds
TXN102273,1068.38,netbanking,91,354.3,0.112,1,474,0.49,12,1,bank_timeout
TXN102274,13844.6,debit_card,63,248.7,0.86,0,1341,0.752,4,1,fraud_false_positive
TXN102275,5537.51,debit_card,59,162.4,0.689,0,1141,0.639,15,1,fraud_false_positive
TXN102276,4424.07,credit_card,51,173.5,0.327,0,900,0.214,1,1,insufficient_funds
TXN102277,3338.19,debit_card,51,130.4,0.152,1,34,0.083,17,0,insufficient_funds
TXN102278,1157.94,credit_card,68,385.5,0.099,0,860,0.716,18,1,bank_timeout
TXN102279,3674.71,debit_card,96,430.2,0.147,0,505,0.553,9,1,network_error
TXN102280,976.53,upi,51,206.8,0.113,5,151,0.277,16,0,insufficient_funds
TXN102281,11637.02,credit_card,5,156.7,0.963,0,739,0.613,15,0,fraud_false_positive
TXN102282,1070.64,debit_card,68,450.4,0.109,1,2048,0.457,22,0,bank_timeout
TXN102283,4275.02,wallet,59,199.2,0.427,0,1508,0.776,18,1,fraud_false_positive
TXN102284,609.17,credit_card,96,377.2,0.329,0,201,0.483,12,0,network_error
TXN102285,1461.12,wallet,51,193.6,0.19,1,1065,0.101,7,0,insufficient_funds
TXN102286,2059.96,debit_card,96,346.1,0.037,0,70,0.223,23,1,bank_timeout
TXN102287,1698.7,debit_card,65,193.4,0.095,1,231,0.174,8,0,insufficient_funds
TXN102288,2224.23,debit_card,51,215.0,0.095,0,302,0.554,6,1,insufficient_funds
TXN102289,2707.71,upi,59,112.9,0.816,0,2189,0.75,3,0,fraud_false_positive
TXN102290,1764.57,netbanking,96,414.9,0.277,0,98,0.438,12,0,network_error
TXN102291,4883.36,wallet,51,201.1,0.146,1,636,0.292,10,0,insufficient_funds
TXN102292,434.91,upi,51,228.0,0.054,0,291,0.297,0,0,insufficient_funds
TXN102293,5501.61,credit_card,65,121.9,0.223,1,651,0.345,1,0,insufficient_funds
TXN102294,1067.07,debit_card,61,108.6,0.054,2,648,0.215,3,0,insufficient_funds
TXN102295,1308.14,debit_card,96,528.7,0.192,0,240,0.695,2,1,bank_timeout
TXN102296,853.73,upi,51,252.2,0.313,1,110,0.2,7,0,insufficient_funds
TXN102297,4364.04,upi,96,236.5,0.29,0,154,0.479,7,1,bank_timeout
TXN102298,185.04,credit_card,51,191.9,0.053,1,119,0.348,19,0,insufficient_funds
TXN102299,4195.82,netbanking,51,225.6,0.016,1,672,0.335,20,1,insufficient_funds
TXN102300,1461.19,credit_card,21,683.1,0.05,0,216,0.504,19,1,network_error
TXN102301,6394.87,wallet,96,362.6,0.193,0,661,0.531,4,0,bank_timeout
TXN102302,3756.21,upi,63,96.4,0.802,1,88,0.857,19,0,fraud_false_positive
TXN102303,2413.2,credit_card,21,478.6,0.112,2,179,0.521,22,1,network_error
TXN102304,829.57,netbanking,91,419.8,0.352,0,1293,0.389,9,1,bank_timeout
TXN102305,1287.84,credit_card,96,312.5,0.191,0,357,0.605,22,1,network_error
TXN102306,811.55,debit_card,51,207.7,0.325,0,19,0.19,7,0,insufficient_funds
TXN102307,50.94,upi,51,202.0,0.095,1,160,0.045,2,0,insufficient_funds
TXN102308,3000.15,debit_card,96,488.5,0.302,0,43,0.639,10,1,network_error
TXN102309,4186.6,credit_card,91,348.9,0.107,1,394,0.424,4,0,bank_timeout
TXN102310,10712.66,debit_card,51,178.0,0.094,0,461,0.32,22,0,insufficient_funds
TXN102311,2407.38,credit_card,65,205.3,0.253,1,577,0.281,9,0,insufficient_funds
TXN102312,6971.96,upi,51,165.3,0.334,2,481,0.569,11,1,insufficient_funds
TXN102313,1360.82,credit_card,96,806.8,0.11,0,73,0.346,18,0,network_error
TXN102314,1154.97,upi,51,181.7,0.186,1,246,0.075,5,1,insufficient_funds
TXN102315,531.14,upi,51,172.1,0.111,2,574,0.043,15,0,insufficient_funds
TXN102316,867.07,credit_card,96,527.4,0.457,1,42,0.492,7,1,network_error
TXN102317,3145.81,credit_card,51,169.6,0.043,1,989,0.084,18,1,insufficient_funds
TXN102318,1786.07,upi,96,543.4,0.165,0,211,0.472,3,0,network_error
TXN102319,5681.86,debit_card,65,185.9,0.195,2,202,0.316,2,1,insufficient_funds
TXN102320,2739.88,upi,91,449.9,0.136,0,136,0.322,9,0,bank_timeout
TXN102321,1125.17,upi,21,538.8,0.114,0,163,0.3,12,0,network_error
TXN102322,2804.82,netbanking,61,127.3,0.145,0,388,0.614,6,0,insufficient_funds
TXN102323,3401.97,debit_card,61,110.9,0.257,3,504,0.064,9,0,insufficient_funds
TXN102324,3563.86,debit_card,96,665.6,0.115,0,221,0.393,21,1,network_error
TXN102325,2051.88,upi,51,192.5,0.402,3,402,0.245,10,0,insufficient_funds
TXN102326,6813.06,upi,5,217.1,0.671,0,3335,0.845,3,1,fraud_false_positive
TXN102327,1433.22,debit_card,5,409.4,0.306,0,1113,0.189,5,0,network_error
TXN102328,2543.29,debit_card,61,217.9,0.055,0,118,0.439,11,0,insufficient_funds
TXN102329,271.53,upi,5,505.0,0.418,2,164,0.209,22,0,network_error
TXN102330,1159.64,netbanking,5,515.4,0.107,0,5,0.431,10,1,network_error
TXN102331,1965.03,debit_card,91,295.4,0.117,0,1324,0.488,15,1,bank_timeout
TXN102332,2905.13,upi,65,174.4,0.177,1,260,0.328,11,1,insufficient_funds
TXN102333,3197.49,wallet,51,122.7,0.301,1,134,0.129,12,0,insufficient_funds
TXN102334,3147.79,netbanking,59,316.2,0.922,1,1662,0.875,19,0,fraud_false_positive
TXN102335,2329.19,debit_card,5,409.3,0.225,1,215,0.789,22,0,network_error
TXN102336,12704.69,upi,61,248.8,0.265,3,710,0.506,10,0,insufficient_funds
TXN102337,1409.51,credit_card,96,494.1,0.381,0,747,0.365,12,0,network_error
TXN102338,1032.73,netbanking,96,356.8,0.405,1,173,0.501,20,0,network_error
TXN102339,3461.7,wallet,51,154.5,0.321,1,253,0.243,18,0,insufficient_funds
TXN102340,13703.98,netbanking,51,193.0,0.203,0,653,0.225,9,0,insufficient_funds
TXN102341,1718.39,credit_card,65,161.3,0.235,2,236,0.071,7,0,insufficient_funds
TXN102342,1513.66,netbanking,96,355.9,0.18,0,7,0.4,22,1,bank_timeout
TXN102343,5499.39,credit_card,59,190.0,0.874,0,1303,0.816,21,0,fraud_false_positive
TXN102344,2482.44,upi,61,169.9,0.094,3,1839,0.068,13,0,insufficient_funds
TXN102345,2440.17,debit_card,61,179.6,0.28,1,141,0.181,8,1,insufficient_funds
TXN102346,2120.73,debit_card,51,180.8,0.391,2,136,0.144,6,1,insufficient_funds
TXN102347,2783.7,upi,51,142.7,0.229,1,796,0.098,17,1,insufficient_funds
TXN102348,1981.22,debit_card,96,687.3,0.426,1,354,0.626,19,1,network_error
TXN102349,6243.44,credit_card,59,195.1,0.853,0,123,0.579,13,0,fraud_false_positive
TXN102350,1060.2,debit_card,59,181.8,0.764,0,828,0.571,23,0,fraud_false_positive
TXN102351,1569.04,debit_card,61,209.9,0.274,3,216,0.107,10,1,insufficient_funds
TXN102352,4561.87,debit_card,51,231.8,0.231,1,474,0.3,11,1,insufficient_funds
TXN102353,3578.77,credit_card,91,363.5,0.169,0,475,0.413,8,0,bank_timeout
TXN102354,2397.21,wallet,51,182.7,0.139,1,348,0.196,22,1,insufficient_funds
TXN102355,3739.2,credit_card,91,347.9,0.302,0,164,0.35,2,0,bank_timeout
TXN102356,12183.44,netbanking,51,154.2,0.088,1,1911,0.277,16,0,insufficient_funds
TXN102357,2861.72,debit_card,51,173.5,0.475,1,378,0.276,10,0,insufficient_funds
TXN102358,5021.62,debit_card,5,232.4,0.735,0,2322,0.444,10,0,fraud_false_positive
TXN102359,1923.75,upi,91,506.8,0.112,0,254,0.332,0,0,bank_timeout
TXN102360,1003.32,debit_card,21,666.1,0.319,0,86,0.49,4,0,network_error
TXN102361,883.98,credit_card,21,511.5,0.14,1,139,0.38,7,0,network_error
TXN102362,1730.47,netbanking,91,384.2,0.127,0,109,0.278,1,1,bank_timeout
TXN102363,1761.18,debit_card,5,199.8,0.908,0,173,0.54,6,0,fraud_false_positive
TXN102364,2621.11,debit_card,91,322.7,0.097,1,134,0.654,18,1,bank_timeout
TXN102365,4503.8,netbanking,51,138.4,0.063,0,24,0.42,17,0,insufficient_funds
TXN102366,2478.84,debit_card,59,172.9,0.503,0,892,0.78,20,1,fraud_false_positive
TXN102367,68.27,wallet,5,616.1,0.502,0,362,0.49,10,1,network_error
TXN102368,2026.1,upi,59,138.1,0.767,1,5113,0.584,10,1,fraud_false_positive
TXN102369,5815.77,debit_card,63,124.6,0.87,2,231,0.767,10,0,fraud_false_positive
TXN102370,2526.02,debit_card,59,137.1,0.655,0,301,0.353,11,1,fraud_false_positive
TXN102371,2423.42,netbanking,21,306.2,0.099,1,821,0.626,10,0,network_error
TXN102372,1817.64,debit_card,91,297.1,0.344,0,2114,0.72,15,0,bank_timeout
TXN102373,4057.58,debit_card,61,169.5,0.016,0,221,0.195,4,1,insufficient_funds
TXN102374,4694.83,credit_card,61,128.5,0.19,1,770,0.05,6,0,insufficient_funds
TXN102375,679.74,upi,96,495.7,0.599,0,284,0.449,0,1,network_error
TXN102376,3170.43,debit_card,59,217.8,0.909,1,935,0.796,22,1,fraud_false_positive
TXN102377,360.31,debit_card,91,412.0,0.237,0,686,0.301,8,0,bank_timeout
TXN102378,476.78,netbanking,96,302.4,0.242,1,325,0.363,3,0,network_error
TXN102379,1497.89,netbanking,96,413.2,0.035,0,19,0.544,12,1,network_error
TXN102380,361.66,netbanking,21,431.9,0.205,1,538,0.638,21,0,network_error
TXN102381,4166.81,credit_card,51,189.7,0.268,0,247,0.135,5,1,insufficient_funds
TXN102382,5211.38,upi,51,155.5,0.323,0,547,0.181,22,0,insufficient_funds
TXN102383,186.0,netbanking,96,451.6,0.077,2,25,0.343,10,0,network_error
TXN102384,1368.36,debit_card,91,237.9,0.148,1,389,0.756,7,1,bank_timeout
TXN102385,1135.37,netbanking,96,466.8,0.096,0,93,0.668,6,1,bank_timeout
TXN102386,2945.42,credit_card,51,240.7,0.238,1,443,0.085,20,0,insufficient_funds
TXN102387,1502.2,credit_card,91,394.5,0.159,1,718,0.509,20,1,bank_timeout
TXN102388,2375.25,credit_card,63,227.7,0.645,0,688,0.785,13,1,fraud_false_positive
TXN102389,3789.2,netbanking,96,364.0,0.111,1,2201,0.437,20,0,bank_timeout
TXN102390,2311.15,netbanking,59,218.5,0.709,1,303,0.825,3,1,fraud_false_positive
TXN102391,426.7,upi,91,252.1,0.226,1,350,0.449,21,0,bank_timeout
TXN102392,6840.06,debit_card,68,259.5,0.146,0,665,0.622,6,1,bank_timeout
TXN102393,1377.69,debit_card,96,389.2,0.054,0,422,0.421,23,0,network_error
TXN102394,2635.24,credit_card,51,169.4,0.094,2,440,0.394,12,0,insufficient_funds
TXN102395,699.24,upi,91,284.2,0.375,1,1786,0.566,12,0,bank_timeout
TXN102396,617.92,debit_card,5,377.3,0.121,0,479,0.674,9,0,network_error
TXN102397,3474.48,debit_card,51,246.4,0.095,1,29,0.334,12,0,insufficient_funds
TXN102398,866.9,upi,91,485.8,0.245,0,1017,0.554,1,0,bank_timeout
TXN102399,5551.54,credit_card,91,356.9,0.28,0,193,0.575,0,0,bank_timeout
TXN102400,522.05,netbanking,51,127.1,0.337,0,121,0.602,4,0,insufficient_funds
TXN102401,3403.75,credit_card,51,134.7,0.349,1,36,0.369,1,1,insufficient_funds
TXN102402,714.67,debit_card,68,410.0,0.088,0,868,0.335,12,0,bank_timeout
TXN102403,853.66,credit_card,5,604.8,0.47,1,253,0.589,14,1,network_error
TXN102404,2479.98,credit_card,51,187.3,0.248,3,185,0.422,7,0,insufficient_funds
TXN102405,7584.46,credit_card,51,160.6,0.286,1,366,0.152,1,0,insufficient_funds
TXN102406,1760.45,credit_card,59,220.1,0.729,1,178,0.649,15,0,fraud_false_positive
TXN102407,2959.98,upi,51,169.4,0.125,2,95,0.43,7,0,insufficient_funds
TXN102408,2194.47,debit_card,91,288.9,0.044,1,258,0.525,3,0,bank_timeout
TXN102409,1047.26,credit_card,51,181.9,0.26,0,708,0.062,20,1,insufficient_funds
TXN102410,11456.53,netbanking,59,151.4,0.748,0,392,0.677,17,0,fraud_false_positive
TXN102411,2597.63,credit_card,51,92.9,0.174,1,71,0.426,2,0,insufficient_funds
TXN102412,1696.03,debit_card,51,131.6,0.206,2,1056,0.027,19,1,insufficient_funds
TXN102413,287.25,debit_card,61,152.3,0.087,4,380,0.355,12,0,insufficient_funds
TXN102414,3254.89,credit_card,51,173.8,0.188,1,360,0.081,17,1,insufficient_funds
TXN102415,1857.27,credit_card,51,176.5,0.185,1,577,0.18,12,1,insufficient_funds
TXN102416,1072.95,debit_card,61,266.4,0.561,0,264,0.129,17,0,insufficient_funds
TXN102417,7292.02,netbanking,51,169.8,0.012,0,1007,0.065,17,1,insufficient_funds
TXN102418,2689.29,credit_card,59,325.1,0.811,1,779,0.786,16,1,fraud_false_positive
TXN102419,1836.76,netbanking,51,246.6,0.126,1,950,0.344,5,0,insufficient_funds
TXN102420,3681.65,debit_card,91,404.5,0.094,2,63,0.467,11,0,bank_timeout
TXN102421,5322.49,debit_card,51,90.4,0.22,0,617,0.163,17,0,insufficient_funds
TXN102422,2994.64,debit_card,59,143.9,0.719,0,1230,0.733,23,0,fraud_false_positive
TXN102423,5115.74,debit_card,51,191.2,0.271,0,462,0.489,10,0,insufficient_funds
TXN102424,1682.33,credit_card,91,398.3,0.272,0,254,0.35,17,0,bank_timeout
TXN102425,2863.6,debit_card,96,288.9,0.224,0,640,0.491,18,0,bank_timeout
TXN102426,1054.43,debit_card,51,129.5,0.126,3,292,0.337,23,0,insufficient_funds
TXN102427,286.36,debit_card,21,697.3,0.285,1,92,0.442,8,0,network_error
TXN102428,521.94,netbanking,51,185.3,0.308,1,601,0.1,10,1,insufficient_funds
TXN102429,528.65,upi,91,377.6,0.105,1,1249,0.649,4,1,bank_timeout
TXN102430,1048.03,credit_card,96,289.6,0.142,0,196,0.555,22,0,bank_timeout
TXN102431,5976.44,debit_card,63,174.0,0.641,2,1554,0.662,23,0,fraud_false_positive
TXN102432,1109.58,debit_card,21,449.4,0.15,0,473,0.532,10,0,network_error
TXN102433,2179.68,credit_card,21,471.7,0.388,0,354,0.192,0,1,network_error
TXN102434,4111.17,credit_card,96,557.7,0.228,1,635,0.448,3,1,network_error
TXN102435,1579.71,debit_card,59,192.3,0.677,1,77,0.698,23,1,fraud_false_positive
TXN102436,3342.53,netbanking,91,405.8,0.146,3,268,0.141,6,1,bank_timeout
TXN102437,3983.75,debit_card,51,124.1,0.229,0,765,0.174,20,0,insufficient_funds
TXN102438,2618.23,wallet,51,239.2,0.169,1,459,0.466,8,0,insufficient_funds
TXN102439,3511.57,netbanking,61,238.8,0.074,1,818,0.172,7,0,insufficient_funds
TXN102440,3030.2,debit_card,51,246.5,0.359,1,81,0.205,5,1,insufficient_funds
TXN102441,2550.79,upi,21,480.3,0.07,0,1138,0.566,4,1,network_error
TXN102442,1613.2,credit_card,96,422.8,0.165,0,175,0.833,15,0,bank_timeout
TXN102443,762.73,upi,5,148.5,0.795,0,321,0.57,13,0,fraud_false_positive
TXN102444,5292.74,debit_card,59,218.6,0.804,0,254,0.889,4,0,fraud_false_positive
TXN102445,973.93,debit_card,51,217.5,0.139,1,545,0.078,13,0,insufficient_funds
TXN102446,831.94,upi,51,203.4,0.173,0,303,0.38,17,0,insufficient_funds
TXN102447,2857.71,credit_card,51,128.2,0.04,0,718,0.435,10,0,insufficient_funds
TXN102448,1806.17,upi,51,209.3,0.185,2,958,0.186,21,0,insufficient_funds
TXN102449,3228.63,upi,51,193.1,0.044,1,954,0.155,10,1,insufficient_funds
TXN102450,4940.16,debit_card,59,157.7,0.737,0,360,0.588,2,1,fraud_false_positive
TXN102451,2147.39,credit_card,21,396.1,0.035,0,14,0.38,6,0,network_error
TXN102452,3495.69,upi,96,341.1,0.516,1,190,0.494,14,0,bank_timeout
TXN102453,3601.67,debit_card,5,534.9,0.195,0,137,0.708,10,1,network_error
TXN102454,2655.85,netbanking,61,153.3,0.243,0,175,0.051,10,1,insufficient_funds
TXN102455,9817.46,credit_card,51,194.1,0.111,0,92,0.152,6,0,insufficient_funds
TXN102456,4434.8,debit_card,63,269.9,0.737,0,130,0.781,23,0,fraud_false_positive
TXN102457,2700.93,credit_card,51,171.8,0.444,0,196,0.061,7,1,insufficient_funds
TXN102458,2988.01,credit_card,51,263.9,0.369,0,290,0.137,19,0,insufficient_funds
TXN102459,866.06,credit_card,96,337.4,0.005,1,4,0.387,10,0,bank_timeout
TXN102460,3847.38,credit_card,51,190.3,0.284,1,357,0.146,20,0,insufficient_funds
TXN102461,990.97,credit_card,91,279.6,0.039,1,100,0.519,18,0,bank_timeout
TXN102462,6482.84,debit_card,68,370.7,0.166,0,64,0.606,17,1,bank_timeout
TXN102463,1633.59,credit_card,96,649.6,0.277,0,597,0.452,6,0,network_error
TXN102464,3978.46,debit_card,51,250.2,0.029,1,458,0.201,10,0,insufficient_funds
TXN102465,1583.01,upi,61,159.1,0.123,0,467,0.525,1,0,insufficient_funds
TXN102466,1572.69,credit_card,51,122.5,0.089,0,212,0.363,2,0,insufficient_funds
TXN102467,399.71,credit_card,59,182.6,0.795,0,214,0.732,3,0,fraud_false_positive
TXN102468,2178.46,credit_card,91,278.2,0.123,0,216,0.405,15,1,bank_timeout
TXN102469,559.89,wallet,63,267.2,0.624,0,479,0.78,15,1,fraud_false_positive
TXN102470,2369.83,debit_card,65,178.6,0.01,1,282,0.077,23,1,insufficient_funds
TXN102471,1028.63,credit_card,65,155.3,0.171,1,80,0.064,7,0,insufficient_funds
TXN102472,1572.61,netbanking,63,145.5,0.45,0,1109,0.786,23,0,fraud_false_positive
TXN102473,601.63,credit_card,65,263.0,0.332,1,144,0.463,10,0,insufficient_funds
TXN102474,1880.95,credit_card,51,169.1,0.319,1,78,0.065,18,0,insufficient_funds
TXN102475,2506.48,credit_card,68,309.2,0.355,0,1275,0.533,6,1,bank_timeout
TXN102476,1431.04,upi,21,564.5,0.081,1,1605,0.163,17,0,network_error
TXN102477,2179.1,credit_card,5,456.9,0.156,0,323,0.454,22,1,network_error
TXN102478,852.52,upi,51,189.1,0.239,3,385,0.066,17,0,insufficient_funds
TXN102479,2812.02,upi,96,476.4,0.178,0,97,0.798,18,0,network_error
TXN102480,4764.2,debit_card,61,206.7,0.133,1,460,0.111,23,0,insufficient_funds
TXN102481,1685.77,debit_card,21,533.1,0.055,0,689,0.35,5,0,network_error
TXN102482,3895.98,debit_card,91,358.9,0.247,1,1111,0.87,0,0,bank_timeout
TXN102483,3638.44,credit_card,91,426.8,0.358,1,324,0.841,22,1,bank_timeout
TXN102484,513.71,credit_card,21,592.1,0.178,0,172,0.314,5,1,network_error
TXN102485,1672.58,wallet,51,196.1,0.216,0,418,0.289,0,0,insufficient_funds
TXN102486,1681.06,upi,21,523.2,0.187,0,176,0.26,18,0,network_error
TXN102487,552.15,netbanking,96,333.0,0.388,0,441,0.395,8,0,network_error
TXN102488,8783.58,wallet,51,183.9,0.052,0,1654,0.228,8,0,insufficient_funds
TXN102489,3267.96,upi,68,441.7,0.133,0,982,0.714,0,0,bank_timeout
TXN102490,2598.08,credit_card,51,201.9,0.226,0,822,0.036,21,0,insufficient_funds
TXN102491,2743.86,credit_card,96,525.8,0.19,1,1024,0.333,2,0,network_error
TXN102492,2111.36,debit_card,5,192.3,0.835,1,327,0.593,16,0,fraud_false_positive
TXN102493,3711.22,upi,68,439.4,0.192,0,336,0.335,5,0,bank_timeout
TXN102494,7273.23,credit_card,51,208.0,0.133,0,529,0.114,3,1,insufficient_funds
TXN102495,1655.29,debit_card,96,354.8,0.201,1,1343,0.593,15,0,bank_timeout
TXN102496,894.21,debit_card,5,458.6,0.1,0,128,0.438,22,0,network_error
TXN102497,4754.77,upi,91,391.7,0.221,0,339,0.713,21,0,bank_timeout
TXN102498,3788.12,netbanking,51,244.9,0.203,1,208,0.115,23,1,insufficient_funds
TXN102499,3064.35,credit_card,61,245.9,0.117,3,177,0.274,10,0,insufficient_funds
TXN102500,2283.82,credit_card,51,211.7,0.054,2,27,0.541,7,0,insufficient_funds
TXN102501,374.8,credit_card,96,520.8,0.456,0,190,0.712,16,1,network_error
TXN102502,4135.69,credit_card,51,223.1,0.372,1,33,0.168,5,0,insufficient_funds
TXN102503,3548.66,debit_card,21,628.5,0.182,0,3709,0.353,14,0,network_error
TXN102504,3800.6,credit_card,91,432.5,0.21,1,120,0.567,11,0,bank_timeout
TXN102505,6950.1,debit_card,51,214.0,0.092,0,15,0.354,2,1,insufficient_funds
TXN102506,5093.8,credit_card,51,195.5,0.217,1,128,0.298,20,1,insufficient_funds
TXN102507,1984.12,netbanking,91,339.3,0.306,0,1405,0.728,9,1,bank_timeout
TXN102508,1418.04,credit_card,21,432.0,0.199,0,49,0.671,3,0,network_error
TXN102509,1321.76,credit_card,51,208.8,0.332,1,306,0.152,2,1,insufficient_funds
TXN102510,2053.43,debit_card,59,248.4,0.865,1,2423,0.75,5,1,fraud_false_positive
TXN102511,1703.65,wallet,91,439.8,0.027,1,16,0.697,8,1,bank_timeout
TXN102512,5412.62,debit_card,51,150.1,0.267,3,271,0.094,13,1,insufficient_funds
TXN102513,1708.83,debit_card,21,443.6,0.359,2,488,0.417,3,0,network_error
TXN102514,2415.88,debit_card,51,233.6,0.286,3,161,0.306,10,0,insufficient_funds
TXN102515,507.04,credit_card,51,168.6,0.058,0,1207,0.225,15,1,insufficient_funds
TXN102516,1455.96,debit_card,59,261.3,0.711,0,941,0.524,22,0,fraud_false_positive
TXN102517,1363.22,wallet,68,222.6,0.274,1,20,0.516,18,1,bank_timeout
TXN102518,1369.65,credit_card,51,192.8,0.335,1,260,0.188,1,0,insufficient_funds
TXN102519,1746.06,netbanking,51,152.2,0.123,3,419,0.312,14,1,insufficient_funds
TXN102520,1463.47,wallet,51,140.1,0.126,1,514,0.276,14,0,insufficient_funds
TXN102521,741.58,credit_card,51,129.2,0.297,1,549,0.304,15,1,insufficient_funds
TXN102522,3686.03,credit_card,61,216.8,0.278,2,132,0.192,23,0,insufficient_funds
TXN102523,3002.08,credit_card,61,199.7,0.09,2,25,0.266,20,1,insufficient_funds
TXN102524,3213.24,credit_card,96,517.1,0.098,2,266,0.747,22,1,network_error
TXN102525,585.48,debit_card,96,476.7,0.225,0,602,0.658,5,1,network_error
TXN102526,2219.58,upi,96,286.6,0.327,0,39,0.764,3,0,bank_timeout
TXN102527,1181.07,debit_card,96,287.9,0.129,1,48,0.693,21,0,bank_timeout
TXN102528,2410.7,netbanking,21,550.6,0.226,0,259,0.494,21,1,network_error
TXN102529,1683.56,debit_card,91,396.0,0.553,1,1294,0.601,18,0,bank_timeout
TXN102530,2988.19,credit_card,51,140.5,0.066,0,108,0.191,3,1,insufficient_funds
TXN102531,1428.18,credit_card,5,498.5,0.066,0,708,0.294,14,1,network_error
TXN102532,1220.76,debit_card,51,219.8,0.134,0,239,0.075,9,1,insufficient_funds
TXN102533,288.67,netbanking,96,350.8,0.259,0,548,0.67,10,0,bank_timeout
TXN102534,1585.81,debit_card,91,456.2,0.045,1,845,0.532,21,0,bank_timeout
TXN102535,5158.42,debit_card,59,158.6,0.699,0,788,0.751,12,1,fraud_false_positive
TXN102536,4666.74,upi,59,226.2,0.751,0,959,0.789,23,1,fraud_false_positive
TXN102537,4448.6,netbanking,96,500.6,0.368,1,299,0.489,2,1,network_error
TXN102538,3103.34,debit_card,51,181.3,0.28,2,839,0.049,1,0,insufficient_funds
TXN102539,7323.84,debit_card,59,262.8,0.83,0,397,0.849,14,0,fraud_false_positive
TXN102540,4589.82,upi,96,401.4,0.096,0,6,0.639,12,1,network_error
TXN102541,605.37,credit_card,91,442.6,0.301,0,1619,0.447,17,1,bank_timeout
TXN102542,2663.18,wallet,96,448.1,0.146,0,61,0.668,1,0,bank_timeout
TXN102543,2034.63,debit_card,51,134.8,0.299,2,156,0.105,13,0,insufficient_funds
TXN102544,5819.9,debit_card,51,230.2,0.257,2,238,0.371,17,0,insufficient_funds
TXN102545,2621.37,upi,51,147.3,0.183,0,418,0.697,1,1,insufficient_funds
TXN102546,4294.28,debit_card,51,106.6,0.248,0,966,0.096,16,0,insufficient_funds
TXN102547,1267.76,upi,51,104.2,0.241,1,64,0.144,22,0,insufficient_funds
TXN102548,2014.55,credit_card,59,148.3,0.807,0,1728,0.466,5,0,fraud_false_positive
TXN102549,5144.16,netbanking,51,222.7,0.058,1,874,0.231,16,0,insufficient_funds
TXN102550,4621.79,netbanking,61,186.8,0.118,1,358,0.058,6,1,insufficient_funds
TXN102551,4344.72,upi,96,459.5,0.177,0,56,0.475,17,1,network_error
TXN102552,1876.56,credit_card,5,454.5,0.321,1,522,0.179,18,1,network_error
TXN102553,2326.12,netbanking,21,525.5,0.451,2,107,0.285,19,1,network_error
TXN102554,1632.22,netbanking,96,708.2,0.345,1,50,0.618,0,1,network_error
TXN102555,5806.14,credit_card,51,188.7,0.179,1,146,0.281,10,0,insufficient_funds
TXN102556,252.97,credit_card,91,460.3,0.054,0,1006,0.419,6,0,bank_timeout
TXN102557,1628.2,credit_card,91,412.2,0.18,0,849,0.52,19,1,bank_timeout
TXN102558,1913.55,debit_card,5,204.6,0.655,0,2688,0.599,23,1,fraud_false_positive
TXN102559,9768.34,debit_card,59,161.1,0.78,0,1200,0.649,13,1,fraud_false_positive
TXN102560,3866.97,upi,5,117.4,0.809,0,157,0.679,4,1,fraud_false_positive
TXN102561,2612.18,netbanking,96,383.9,0.182,0,156,0.379,5,0,network_error
TXN102562,3692.3,debit_card,59,123.8,0.805,0,950,0.784,5,1,fraud_false_positive
TXN102563,3858.31,credit_card,59,197.7,0.752,0,4603,0.724,0,1,fraud_false_positive
TXN102564,1588.08,debit_card,96,633.7,0.216,1,291,0.427,7,0,network_error
TXN102565,2156.9,netbanking,51,105.5,0.529,2,176,0.174,17,1,insufficient_funds
TXN102566,422.68,credit_card,68,381.4,0.464,1,918,0.425,10,1,bank_timeout
TXN102567,650.71,debit_card,5,676.8,0.058,1,735,0.377,4,1,network_error
TXN102568,1408.84,debit_card,61,202.7,0.06,0,114,0.252,11,0,insufficient_funds
TXN102569,951.01,credit_card,51,135.7,0.049,0,42,0.38,17,1,insufficient_funds
TXN102570,2174.01,credit_card,5,447.4,0.126,0,1013,0.771,9,1,network_error
TXN102571,1975.03,credit_card,96,433.9,0.205,0,1539,0.186,6,1,network_error
TXN102572,1487.48,debit_card,51,137.4,0.294,0,57,0.213,15,0,insufficient_funds
TXN102573,3055.94,netbanking,63,154.5,0.564,0,337,0.623,19,0,fraud_false_positive
TXN102574,1487.05,credit_card,5,395.0,0.07,0,566,0.48,0,1,network_error
TXN102575,2418.93,upi,51,145.0,0.245,1,778,0.097,22,0,insufficient_funds
TXN102576,6400.32,wallet,51,157.7,0.289,2,198,0.035,2,1,insufficient_funds
TXN102577,3066.42,credit_card,61,162.5,0.396,1,793,0.281,0,0,insufficient_funds
TXN102578,1882.42,credit_card,51,219.0,0.145,0,902,0.029,0,0,insufficient_funds
TXN102579,5920.32,credit_card,51,226.0,0.202,1,1180,0.181,2,0,insufficient_funds
TXN102580,10261.57,debit_card,59,174.4,0.577,0,397,0.632,9,1,fraud_false_positive
TXN102581,14345.15,upi,59,224.6,0.821,1,657,0.561,1,0,fraud_false_positive
TXN102582,3847.7,upi,51,117.1,0.428,1,138,0.094,2,0,insufficient_funds
TXN102583,2522.98,upi,96,463.1,0.147,0,416,0.694,17,0,bank_timeout
TXN102584,6219.12,upi,61,214.0,0.202,1,19,0.16,0,0,insufficient_funds
TXN102585,626.96,credit_card,21,531.1,0.208,0,140,0.336,13,0,network_error
TXN102586,1280.76,netbanking,5,194.8,0.852,0,656,0.59,2,0,fraud_false_positive
TXN102587,514.86,debit_card,51,171.8,0.15,1,989,0.396,7,0,insufficient_funds
TXN102588,2107.59,netbanking,51,127.1,0.123,0,7,0.077,10,1,insufficient_funds
TXN102589,2283.13,credit_card,96,274.0,0.018,2,20,0.61,2,0,bank_timeout
TXN102590,1043.5,upi,61,225.9,0.168,0,433,0.321,4,0,insufficient_funds
TXN102591,2832.03,upi,91,260.3,0.087,1,22,0.458,3,0,bank_timeout
TXN102592,1411.37,debit_card,68,392.1,0.285,2,149,0.655,2,1,bank_timeout
TXN102593,2580.98,wallet,51,235.4,0.231,0,160,0.195,12,0,insufficient_funds
TXN102594,3852.23,debit_card,65,206.5,0.432,1,44,0.142,19,1,insufficient_funds
TXN102595,3793.67,debit_card,51,176.1,0.184,1,335,0.13,9,1,insufficient_funds
TXN102596,7557.11,credit_card,59,240.0,0.779,0,1677,0.503,7,1,fraud_false_positive
TXN102597,2506.28,upi,61,192.4,0.236,1,362,0.151,6,1,insufficient_funds
TXN102598,2800.08,credit_card,59,178.7,0.698,1,159,0.794,17,0,fraud_false_positive
TXN102599,1882.95,netbanking,68,277.5,0.642,0,1928,0.542,9,0,bank_timeout
TXN102600,1253.84,upi,21,509.6,0.14,0,645,0.263,17,0,network_error
TXN102601,191.58,upi,96,416.5,0.261,0,1421,0.282,13,0,network_error
TXN102602,407.89,credit_card,96,630.7,0.09,0,141,0.501,15,0,network_error
TXN102603,324.98,credit_card,21,623.3,0.226,0,371,0.65,19,0,network_error
TXN102604,3432.38,debit_card,51,244.0,0.089,0,41,0.59,18,0,insufficient_funds
TXN102605,3484.05,debit_card,51,138.5,0.246,1,466,0.091,1,0,insufficient_funds
TXN102606,2847.22,wallet,5,599.8,0.161,0,1608,0.138,12,0,network_error
TXN102607,1666.12,credit_card,91,359.3,0.203,0,40,0.414,13,0,bank_timeout
TXN102608,2185.44,credit_card,63,241.4,0.811,0,301,0.208,23,0,fraud_false_positive
TXN102609,6764.82,debit_card,59,214.5,0.581,1,439,0.351,20,0,fraud_false_positive
TXN102610,3714.57,debit_card,51,135.6,0.071,1,839,0.468,0,1,insufficient_funds
TXN102611,324.21,credit_card,96,601.3,0.134,1,461,0.41,12,0,network_error
TXN102612,3362.17,credit_card,96,480.6,0.238,0,948,0.642,19,0,network_error
TXN102613,11348.68,wallet,51,156.5,0.418,0,69,0.237,4,1,insufficient_funds
TXN102614,2749.37,debit_card,5,201.6,0.848,0,1382,0.843,14,0,fraud_false_positive
TXN102615,1568.16,debit_card,68,470.6,0.152,1,287,0.242,0,0,bank_timeout
TXN102616,502.22,credit_card,96,248.0,0.198,1,752,0.399,15,1,bank_timeout
TXN102617,1210.92,netbanking,68,244.9,0.249,0,260,0.372,16,0,bank_timeout
TXN102618,887.1,upi,51,217.2,0.215,1,478,0.408,19,1,insufficient_funds
TXN102619,3644.12,credit_card,59,250.3,0.473,0,443,0.838,6,1,fraud_false_positive
TXN102620,1400.93,netbanking,91,234.9,0.237,2,569,0.539,1,1,bank_timeout
TXN102621,9663.71,debit_card,59,142.5,0.658,0,121,0.722,16,0,fraud_false_positive
TXN102622,6762.83,credit_card,61,236.5,0.227,1,469,0.441,22,0,insufficient_funds
TXN102623,857.7,debit_card,21,512.7,0.273,1,217,0.666,23,0,network_error
TXN102624,2058.06,upi,51,120.8,0.254,2,14,0.021,1,0,insufficient_funds
TXN102625,4568.75,netbanking,61,180.6,0.294,1,611,0.109,15,1,insufficient_funds
TXN102626,4251.26,upi,59,167.1,0.816,1,789,0.581,2,0,fraud_false_positive
TXN102627,2003.37,credit_card,96,211.2,0.028,0,197,0.468,6,0,bank_timeout
TXN102628,11433.67,debit_card,63,122.1,0.666,0,1257,0.775,14,0,fraud_false_positive
TXN102629,1643.21,credit_card,21,829.5,0.204,1,333,0.347,23,0,network_error
TXN102630,1471.15,debit_card,21,473.1,0.302,0,303,0.271,1,0,network_error
TXN102631,5234.38,wallet,59,131.2,0.851,0,823,0.642,5,0,fraud_false_positive
TXN102632,5683.35,upi,51,128.5,0.48,3,1319,0.31,11,0,insufficient_funds
TXN102633,7711.99,credit_card,59,285.2,0.626,2,123,0.746,8,0,fraud_false_positive
TXN102634,3358.91,upi,5,659.4,0.249,0,447,0.846,20,0,network_error
TXN102635,2991.07,debit_card,51,157.4,0.226,2,260,0.176,19,0,insufficient_funds
TXN102636,1674.07,credit_card,96,472.3,0.416,0,1057,0.796,10,0,network_error
TXN102637,532.79,debit_card,5,740.3,0.255,1,7,0.614,16,0,network_error
TXN102638,2207.09,debit_card,51,159.6,0.339,0,185,0.377,1,0,insufficient_funds
TXN102639,7047.5,netbanking,96,417.8,0.132,3,67,0.619,6,0,bank_timeout
TXN102640,229.25,debit_card,21,485.7,0.048,0,385,0.8,5,0,network_error
TXN102641,1455.38,debit_card,51,179.9,0.092,1,132,0.058,11,0,insufficient_funds
TXN102642,4190.19,debit_card,61,190.9,0.173,3,1409,0.22,11,0,insufficient_funds
TXN102643,2480.95,debit_card,51,117.8,0.324,0,51,0.261,21,0,insufficient_funds
TXN102644,903.74,credit_card,21,597.3,0.15,0,87,0.847,15,1,network_error
TXN102645,3058.74,debit_card,51,204.7,0.239,1,516,0.084,13,0,insufficient_funds
TXN102646,6091.92,netbanking,65,185.6,0.073,0,189,0.337,1,0,insufficient_funds
TXN102647,4095.51,upi,68,334.8,0.169,0,340,0.795,18,0,bank_timeout
TXN102648,932.41,debit_card,96,714.1,0.474,1,34,0.646,5,0,network_error
TXN102649,963.03,credit_card,96,462.1,0.191,0,3793,0.447,0,0,network_error
TXN102650,6388.82,upi,51,200.5,0.087,1,507,0.319,3,0,insufficient_funds
TXN102651,12718.41,wallet,63,249.0,0.931,2,800,0.637,8,1,fraud_false_positive
TXN102652,8131.56,debit_card,59,284.3,0.714,0,1255,0.737,5,1,fraud_false_positive
TXN102653,1655.72,debit_card,51,177.7,0.227,3,559,0.111,14,0,insufficient_funds
TXN102654,2375.1,debit_card,96,722.6,0.122,2,92,0.476,11,0,network_error
TXN102655,876.92,netbanking,96,377.7,0.083,0,1254,0.599,9,0,bank_timeout
TXN102656,2109.42,upi,21,692.8,0.087,1,1377,0.71,4,0,network_error
TXN102657,215.03,debit_card,96,383.2,0.102,0,106,0.445,4,0,bank_timeout
TXN102658,1544.02,credit_card,65,171.7,0.335,1,216,0.147,8,0,insufficient_funds
TXN102659,642.59,debit_card,96,501.0,0.477,1,195,0.231,4,0,network_error
TXN102660,7541.98,upi,51,164.9,0.078,2,134,0.316,12,0,insufficient_funds
TXN102661,6533.81,credit_card,61,129.7,0.058,0,33,0.322,0,1,insufficient_funds
TXN102662,408.4,debit_card,65,219.5,0.109,0,122,0.216,4,1,insufficient_funds
TXN102663,3968.33,upi,51,200.2,0.248,1,476,0.339,15,0,insufficient_funds
TXN102664,6226.96,debit_card,91,344.7,0.193,0,42,0.601,16,1,bank_timeout
TXN102665,273.64,debit_card,96,469.0,0.082,0,397,0.496,11,0,network_error
TXN102666,4995.95,debit_card,59,171.6,0.88,0,3831,0.834,22,0,fraud_false_positive
TXN102667,974.38,debit_card,96,279.3,0.33,1,106,0.583,7,0,bank_timeout
TXN102668,2562.76,wallet,51,197.0,0.143,0,218,0.147,12,1,insufficient_funds
TXN102669,11091.6,upi,63,182.0,0.858,0,874,0.52,17,0,fraud_false_positive
TXN102670,1096.36,credit_card,96,690.9,0.06,0,144,0.526,18,1,network_error
TXN102671,2491.69,netbanking,61,144.9,0.477,3,15,0.247,22,1,insufficient_funds
TXN102672,2088.24,debit_card,51,206.6,0.078,3,113,0.352,7,1,insufficient_funds
TXN102673,1093.1,debit_card,51,163.5,0.449,3,1102,0.447,4,0,insufficient_funds
TXN102674,5002.66,upi,65,189.9,0.204,2,100,0.202,15,0,insufficient_funds
TXN102675,801.92,netbanking,65,256.0,0.351,0,454,0.351,11,0,insufficient_funds
TXN102676,1554.9,debit_card,91,333.3,0.069,0,30,0.3,6,1,bank_timeout
TXN102677,6472.19,credit_card,59,203.2,0.609,0,75,0.546,8,0,fraud_false_positive
TXN102678,3198.53,credit_card,96,423.3,0.102,0,250,0.43,21,1,bank_timeout
TXN102679,5623.44,wallet,51,229.1,0.403,1,699,0.165,18,0,insufficient_funds
TXN102680,926.83,upi,91,353.6,0.348,0,492,0.744,5,1,bank_timeout
TXN102681,1707.01,credit_card,51,146.1,0.447,1,725,0.19,2,1,insufficient_funds
TXN102682,2542.05,wallet,91,492.8,0.182,1,1261,0.87,6,1,bank_timeout
TXN102683,4560.4,upi,5,601.5,0.282,0,406,0.718,10,0,network_error
TXN102684,2380.47,credit_card,51,225.0,0.251,0,196,0.326,4,1,insufficient_funds
TXN102685,1221.78,upi,68,324.6,0.27,0,587,0.653,2,0,bank_timeout
TXN102686,2934.37,netbanking,5,518.3,0.338,0,44,0.501,6,1,network_error
TXN102687,6127.58,debit_card,61,152.5,0.068,2,260,0.329,19,1,insufficient_funds
TXN102688,1681.13,credit_card,96,816.7,0.161,0,170,0.722,23,0,network_error
TXN102689,3294.88,credit_card,51,153.7,0.626,0,12,0.294,15,1,insufficient_funds
TXN102690,909.97,debit_card,96,212.9,0.178,0,1082,0.44,20,0,bank_timeout
TXN102691,1974.06,wallet,96,181.9,0.12,0,660,0.389,13,1,bank_timeout
TXN102692,1997.81,debit_card,5,307.9,0.252,0,224,0.642,19,0,network_error
TXN102693,3948.41,credit_card,5,245.5,0.572,0,650,0.381,18,0,fraud_false_positive
TXN102694,5210.18,debit_card,96,648.7,0.191,0,121,0.567,11,0,network_error
TXN102695,4983.0,credit_card,65,222.8,0.078,2,1034,0.128,23,0,insufficient_funds
TXN102696,2649.14,debit_card,91,238.7,0.225,0,49,0.255,18,0,bank_timeout
TXN102697,1972.87,debit_card,51,205.1,0.198,1,400,0.096,5,0,insufficient_funds
TXN102698,7126.54,credit_card,5,212.6,0.71,0,2,0.627,6,1,fraud_false_positive
TXN102699,1906.35,credit_card,91,268.8,0.017,2,630,0.269,6,0,bank_timeout
TXN102700,1134.24,debit_card,51,215.7,0.282,3,201,0.273,6,0,insufficient_funds
TXN102701,1442.8,upi,96,449.8,0.172,1,1431,0.474,16,1,bank_timeout
TXN102702,1387.7,wallet,63,198.5,0.588,1,1461,0.465,17,0,fraud_false_positive
TXN102703,2329.76,debit_card,96,434.4,0.163,0,2039,0.305,2,0,network_error
TXN102704,873.07,credit_card,96,268.0,0.255,0,595,0.275,3,0,network_error
TXN102705,3829.66,upi,59,208.9,0.643,0,846,0.661,8,0,fraud_false_positive
TXN102706,4795.14,debit_card,51,215.8,0.292,1,773,0.179,16,0,insufficient_funds
TXN102707,897.28,credit_card,68,352.3,0.267,0,679,0.407,22,0,bank_timeout
TXN102708,7771.64,debit_card,51,225.1,0.2,1,161,0.518,4,1,insufficient_funds
TXN102709,2951.11,upi,51,153.8,0.106,1,28,0.545,0,0,insufficient_funds
TXN102710,2460.81,netbanking,96,573.1,0.235,1,728,0.497,3,0,network_error
TXN102711,1550.57,credit_card,96,284.5,0.178,0,1339,0.709,9,0,bank_timeout
TXN102712,1763.11,credit_card,96,649.4,0.172,1,737,0.869,8,1,network_error
TXN102713,1162.32,netbanking,51,93.1,0.189,2,138,0.333,0,0,insufficient_funds
TXN102714,3292.16,credit_card,65,159.1,0.304,1,595,0.14,16,0,insufficient_funds
TXN102715,3292.76,credit_card,51,213.6,0.156,1,198,0.28,3,0,insufficient_funds
TXN102716,6295.21,credit_card,59,144.9,0.902,0,276,0.529,15,0,fraud_false_positive
TXN102717,325.0,wallet,21,520.1,0.162,0,100,0.489,5,1,network_error
TXN102718,1734.3,credit_card,96,437.5,0.023,0,588,0.454,11,0,network_error
TXN102719,1395.01,upi,21,675.8,0.251,0,981,0.89,11,0,network_error
TXN102720,5205.47,wallet,65,127.5,0.222,1,195,0.162,0,1,insufficient_funds
TXN102721,2173.45,credit_card,61,135.8,0.083,2,214,0.251,19,0,insufficient_funds
TXN102722,3411.22,debit_card,96,323.7,0.096,0,92,0.369,11,0,bank_timeout
TXN102723,3904.78,debit_card,91,379.7,0.14,0,428,0.372,9,1,bank_timeout
TXN102724,1308.38,upi,51,242.6,0.235,2,393,0.419,21,0,insufficient_funds
TXN102725,2747.11,debit_card,96,521.4,0.181,2,1328,0.29,2,1,bank_timeout
TXN102726,3140.09,upi,5,358.9,0.431,0,252,0.766,10,1,network_error
TXN102727,2176.57,debit_card,51,171.9,0.07,0,508,0.119,7,1,insufficient_funds
TXN102728,3365.09,wallet,61,215.8,0.127,0,28,0.297,23,1,insufficient_funds
TXN102729,1471.38,netbanking,21,466.8,0.052,0,1430,0.686,5,1,network_error
TXN102730,1865.2,upi,91,488.4,0.141,0,663,0.561,12,1,bank_timeout
TXN102731,6146.87,debit_card,61,62.2,0.042,4,371,0.208,13,0,insufficient_funds
TXN102732,2724.24,debit_card,21,651.8,0.184,0,440,0.41,7,0,network_error
TXN102733,4253.07,credit_card,51,187.2,0.074,1,397,0.289,12,0,insufficient_funds
TXN102734,616.57,credit_card,68,423.1,0.047,0,384,0.274,13,1,bank_timeout
TXN102735,2845.02,upi,21,487.5,0.386,0,212,0.732,10,0,network_error
TXN102736,1460.09,credit_card,51,205.7,0.067,1,380,0.15,4,0,insufficient_funds
TXN102737,1075.15,debit_card,51,256.3,0.609,0,735,0.133,4,0,insufficient_funds
TXN102738,1931.7,upi,51,266.2,0.241,0,260,0.411,1,0,insufficient_funds
TXN102739,1848.85,debit_card,91,299.8,0.197,0,387,0.572,12,0,bank_timeout
TXN102740,1402.42,debit_card,91,438.6,0.186,1,730,0.414,18,0,bank_timeout
TXN102741,10261.46,wallet,61,230.9,0.084,1,25,0.221,3,0,insufficient_funds
TXN102742,3895.62,debit_card,51,186.1,0.04,2,111,0.546,7,1,insufficient_funds
TXN102743,1184.84,credit_card,51,144.6,0.201,0,282,0.151,2,0,insufficient_funds
TXN102744,307.91,upi,61,111.5,0.555,2,484,0.094,22,1,insufficient_funds
TXN102745,690.09,credit_card,96,501.9,0.009,0,1412,0.829,18,0,network_error
TXN102746,1900.96,debit_card,5,190.0,0.859,0,581,0.712,11,0,fraud_false_positive
TXN102747,4376.95,credit_card,5,132.5,0.694,0,43,0.733,5,0,fraud_false_positive
TXN102748,1626.94,credit_card,68,354.1,0.252,1,737,0.569,21,0,bank_timeout
TXN102749,2445.17,upi,91,378.9,0.451,3,844,0.25,2,0,bank_timeout
TXN102750,3577.59,upi,5,115.6,0.973,0,513,0.872,9,0,fraud_false_positive
TXN102751,3548.0,debit_card,59,173.0,0.831,1,633,0.628,15,0,fraud_false_positive
TXN102752,969.32,credit_card,21,668.0,0.189,1,91,0.593,7,0,network_error
TXN102753,4821.74,netbanking,96,531.3,0.166,1,246,0.186,14,0,network_error
TXN102754,3682.16,credit_card,61,135.8,0.038,0,856,0.031,13,0,insufficient_funds
TXN102755,4245.13,debit_card,59,189.4,0.753,1,472,0.672,3,1,fraud_false_positive
TXN102756,4258.78,credit_card,51,209.6,0.089,0,1224,0.463,11,0,insufficient_funds
TXN102757,4662.62,netbanking,51,194.1,0.305,1,79,0.067,12,0,insufficient_funds
TXN102758,841.12,upi,21,319.6,0.092,1,145,0.424,0,0,network_error
TXN102759,5519.53,credit_card,59,182.4,0.823,0,155,0.847,18,0,fraud_false_positive
TXN102760,5589.97,credit_card,65,208.0,0.32,0,423,0.034,4,1,insufficient_funds
TXN102761,981.17,upi,96,835.6,0.147,0,816,0.632,21,0,network_error
TXN102762,1001.36,upi,68,189.1,0.092,2,808,0.56,4,0,bank_timeout
TXN102763,4294.26,credit_card,96,542.1,0.073,0,211,0.375,21,0,network_error
TXN102764,1537.92,netbanking,96,352.6,0.115,0,66,0.668,11,0,network_error
TXN102765,2818.53,debit_card,51,227.7,0.256,1,258,0.571,9,1,insufficient_funds
TXN102766,3249.08,upi,96,512.0,0.052,0,213,0.585,17,0,network_error
TXN102767,2014.83,credit_card,51,71.5,0.112,0,98,0.12,4,0,insufficient_funds
TXN102768,798.6,credit_card,96,511.1,0.087,0,388,0.808,18,1,network_error
TXN102769,686.88,netbanking,51,177.5,0.079,2,722,0.292,1,0,insufficient_funds
TXN102770,5123.82,debit_card,61,115.9,0.115,0,62,0.189,15,0,insufficient_funds
TXN102771,2827.56,debit_card,51,141.9,0.108,0,688,0.19,14,0,insufficient_funds
TXN102772,609.57,debit_card,96,485.1,0.278,0,250,0.207,17,1,network_error
TXN102773,3514.53,credit_card,96,379.6,0.409,0,100,0.509,10,0,network_error
TXN102774,1476.53,debit_card,96,172.3,0.359,3,303,0.371,7,0,bank_timeout
TXN102775,735.79,credit_card,5,309.1,0.174,0,350,0.471,15,1,network_error
TXN102776,1157.19,credit_card,91,414.8,0.285,1,336,0.546,11,0,bank_timeout
TXN102777,4568.88,debit_card,51,198.4,0.253,1,1187,0.07,22,0,insufficient_funds
TXN102778,2523.98,debit_card,51,198.4,0.086,1,224,0.458,11,0,insufficient_funds
TXN102779,3281.68,debit_card,51,132.4,0.205,1,296,0.256,14,1,insufficient_funds
TXN102780,903.73,debit_card,21,780.4,0.111,1,480,0.785,23,0,network_error
TXN102781,1885.39,debit_card,96,357.1,0.254,2,103,0.397,5,0,bank_timeout
TXN102782,9582.96,upi,63,261.9,0.72,0,1115,0.603,22,0,fraud_false_positive
TXN102783,1139.08,debit_card,96,126.5,0.182,1,39,0.69,21,1,bank_timeout
TXN102784,1131.57,upi,96,316.6,0.357,1,39,0.763,0,1,bank_timeout
TXN102785,1988.21,upi,51,172.2,0.056,1,125,0.404,0,0,insufficient_funds
TXN102786,3071.44,credit_card,61,196.8,0.147,1,81,0.259,16,0,insufficient_funds
TXN102787,3534.22,debit_card,51,209.7,0.19,1,128,0.146,1,1,insufficient_funds
TXN102788,796.5,wallet,96,338.8,0.122,0,248,0.402,20,0,network_error
TXN102789,1805.29,credit_card,96,544.4,0.267,0,444,0.444,1,1,network_error
TXN102790,4778.95,credit_card,65,107.3,0.204,2,167,0.528,3,0,insufficient_funds
TXN102791,4892.98,debit_card,61,147.1,0.106,0,85,0.138,22,1,insufficient_funds
TXN102792,1765.4,netbanking,96,480.6,0.059,0,732,0.356,21,0,network_error
TXN102793,4758.76,debit_card,91,264.9,0.381,0,940,0.534,9,0,bank_timeout
TXN102794,2404.47,upi,91,375.9,0.124,2,800,0.537,23,0,bank_timeout
TXN102795,3219.54,credit_card,91,397.4,0.214,1,46,0.363,22,1,bank_timeout
TXN102796,2509.0,credit_card,68,402.0,0.142,0,326,0.296,11,1,bank_timeout
TXN102797,476.12,upi,51,211.0,0.128,3,128,0.452,16,0,insufficient_funds
TXN102798,2440.84,debit_card,91,463.7,0.078,0,553,0.314,19,0,bank_timeout
TXN102799,3669.08,netbanking,59,188.3,0.928,0,1484,0.484,2,0,fraud_false_positive
TXN102800,1432.41,debit_card,59,228.1,0.419,0,1611,0.516,8,1,fraud_false_positive
TXN102801,1378.23,netbanking,68,395.8,0.178,0,374,0.546,15,0,bank_timeout
TXN102802,3943.03,credit_card,96,794.9,0.236,0,2119,0.512,4,0,network_error
TXN102803,6234.62,upi,5,265.9,0.801,0,44,0.472,21,1,fraud_false_positive
TXN102804,1254.33,netbanking,61,199.7,0.284,1,752,0.444,16,1,insufficient_funds
TXN102805,1046.2,debit_card,61,190.1,0.166,1,111,0.11,4,1,insufficient_funds
TXN102806,8452.44,credit_card,5,486.2,0.075,0,337,0.556,19,0,network_error
TXN102807,3250.49,debit_card,68,273.3,0.035,1,905,0.791,19,0,bank_timeout
TXN102808,3298.33,credit_card,96,433.7,0.442,0,198,0.424,12,0,bank_timeout
TXN102809,10227.19,wallet,63,237.2,0.819,1,636,0.715,10,0,fraud_false_positive
TXN102810,4010.95,upi,51,186.8,0.156,2,604,0.253,2,0,insufficient_funds
TXN102811,592.29,credit_card,65,159.4,0.31,3,88,0.101,22,0,insufficient_funds
TXN102812,1576.14,debit_card,5,209.4,0.195,0,257,0.137,14,0,network_error
TXN102813,2030.73,netbanking,91,388.0,0.204,0,1501,0.6,3,0,bank_timeout
TXN102814,1440.13,debit_card,68,291.0,0.296,0,589,0.524,2,0,bank_timeout
TXN102815,2364.62,debit_card,5,362.2,0.121,0,325,0.43,0,0,network_error
TXN102816,1100.12,upi,68,304.6,0.136,0,533,0.405,1,0,bank_timeout
TXN102817,2323.46,credit_card,65,213.3,0.159,3,426,0.307,22,1,insufficient_funds
TXN102818,793.19,credit_card,96,342.2,0.065,1,77,0.141,15,1,network_error
TXN102819,926.12,wallet,21,557.0,0.312,1,385,0.367,15,0,network_error
TXN102820,2803.17,wallet,51,194.9,0.387,0,194,0.465,16,1,insufficient_funds
TXN102821,2241.89,credit_card,61,98.0,0.279,1,642,0.159,6,0,insufficient_funds
TXN102822,729.03,credit_card,51,144.5,0.067,3,31,0.159,4,1,insufficient_funds
TXN102823,2238.93,upi,21,626.8,0.113,2,6,0.399,20,1,network_error
TXN102824,1154.46,upi,96,431.6,0.138,2,1471,0.567,22,1,network_error
TXN102825,500.26,credit_card,21,382.9,0.024,0,1441,0.862,13,0,network_error
TXN102826,4312.97,upi,65,187.5,0.366,1,199,0.48,21,0,insufficient_funds
TXN102827,880.15,credit_card,51,226.8,0.356,0,200,0.219,22,0,insufficient_funds
TXN102828,3330.17,debit_card,96,410.4,0.274,0,34,0.811,14,0,bank_timeout
TXN102829,3479.12,upi,96,681.9,0.153,1,537,0.433,4,1,network_error
TXN102830,2109.1,netbanking,21,429.0,0.127,1,639,0.479,4,1,network_error
TXN102831,9580.54,debit_card,59,198.7,0.663,0,572,0.877,12,1,fraud_false_positive
TXN102832,2198.23,debit_card,91,418.9,0.151,1,1253,0.442,20,0,bank_timeout
TXN102833,5701.51,credit_card,51,148.7,0.046,1,159,0.111,23,1,insufficient_funds
TXN102834,473.95,netbanking,91,410.9,0.176,0,758,0.478,19,1,bank_timeout
TXN102835,2153.68,upi,61,180.3,0.19,2,176,0.472,4,1,insufficient_funds
TXN102836,1074.56,upi,96,658.1,0.037,0,2939,0.585,19,0,network_error
TXN102837,7844.27,upi,59,159.4,0.633,0,1239,0.926,14,1,fraud_false_positive
TXN102838,2088.51,credit_card,91,372.9,0.326,1,1786,0.36,9,1,bank_timeout
TXN102839,1071.92,debit_card,96,562.1,0.292,0,19,0.514,8,0,network_error
TXN102840,9761.39,debit_card,51,195.1,0.335,1,132,0.149,16,1,insufficient_funds
TXN102841,2724.26,debit_card,21,427.0,0.216,0,960,0.704,14,1,network_error
TXN102842,8403.83,credit_card,63,221.5,0.717,0,594,0.564,12,1,fraud_false_positive
TXN102843,2305.21,debit_card,51,180.6,0.142,0,303,0.309,8,1,insufficient_funds
TXN102844,2411.55,wallet,21,530.2,0.083,1,76,0.809,19,0,network_error
TXN102845,2389.85,wallet,96,358.7,0.143,1,207,0.513,5,1,bank_timeout
TXN102846,2863.65,upi,59,226.1,0.762,0,352,0.666,2,0,fraud_false_positive
TXN102847,2065.6,upi,21,822.5,0.215,1,868,0.694,0,1,network_error
TXN102848,3049.66,upi,5,563.2,0.103,0,594,0.484,23,0,network_error
TXN102849,3377.18,credit_card,51,103.7,0.156,2,187,0.229,12,1,insufficient_funds
TXN102850,3230.97,debit_card,5,560.7,0.128,2,213,0.497,22,0,network_error
TXN102851,1484.46,credit_card,51,224.5,0.133,1,199,0.49,10,1,insufficient_funds
TXN102852,2244.46,wallet,51,190.8,0.19,1,700,0.375,13,1,insufficient_funds
TXN102853,4049.45,wallet,63,84.6,0.565,0,1149,0.767,5,0,fraud_false_positive
TXN102854,1691.55,debit_card,91,240.6,0.084,1,611,0.553,5,0,bank_timeout
TXN102855,1504.3,debit_card,51,149.8,0.116,4,299,0.16,17,0,insufficient_funds
TXN102856,3785.13,debit_card,68,366.8,0.125,2,3,0.321,19,1,bank_timeout
TXN102857,2082.89,netbanking,51,200.7,0.147,2,134,0.253,14,0,insufficient_funds
TXN102858,3885.88,upi,51,254.1,0.159,1,148,0.272,12,0,insufficient_funds
TXN102859,8934.62,debit_card,51,181.2,0.181,0,307,0.032,16,0,insufficient_funds
TXN102860,1346.07,debit_card,51,179.4,0.075,0,284,0.441,15,1,insufficient_funds
TXN102861,4207.16,debit_card,51,111.7,0.331,1,92,0.117,1,0,insufficient_funds
TXN102862,7969.29,debit_card,61,212.5,0.166,1,264,0.331,0,0,insufficient_funds
TXN102863,2299.83,debit_card,21,499.8,0.11,2,739,0.443,21,1,network_error
TXN102864,3301.37,upi,96,530.0,0.502,1,370,0.6,6,0,network_error
TXN102865,2869.07,credit_card,59,122.9,0.655,1,2212,0.333,6,1,fraud_false_positive
TXN102866,4836.83,debit_card,91,291.9,0.168,1,206,0.487,11,1,bank_timeout
TXN102867,3707.97,debit_card,59,224.9,0.5,0,461,0.869,8,1,fraud_false_positive
TXN102868,748.02,debit_card,51,168.5,0.022,1,411,0.349,3,1,insufficient_funds
TXN102869,4903.97,debit_card,63,245.3,0.829,0,878,0.574,14,1,fraud_false_positive
TXN102870,2852.71,debit_card,96,519.9,0.103,3,9,0.088,3,0,network_error
TXN102871,1546.86,credit_card,96,713.8,0.235,0,132,0.425,0,0,network_error
TXN102872,1724.38,debit_card,96,290.5,0.022,1,497,0.324,1,1,bank_timeout
TXN102873,3435.88,netbanking,91,316.5,0.076,0,29,0.088,23,0,bank_timeout
TXN102874,1560.69,netbanking,51,187.1,0.158,0,110,0.211,9,1,insufficient_funds
TXN102875,166.94,wallet,21,544.9,0.032,2,2591,0.915,9,0,network_error
TXN102876,10693.2,credit_card,59,177.6,0.86,0,2954,0.915,14,0,fraud_false_positive
TXN102877,2168.71,upi,51,140.4,0.229,0,335,0.281,7,1,insufficient_funds
TXN102878,5956.38,netbanking,61,197.3,0.164,0,783,0.128,2,0,insufficient_funds
TXN102879,1357.68,debit_card,61,131.9,0.117,1,181,0.21,12,0,insufficient_funds
TXN102880,1050.77,debit_card,5,565.9,0.324,1,1377,0.715,9,1,network_error
TXN102881,883.42,debit_card,51,197.3,0.062,1,1085,0.209,3,1,insufficient_funds
TXN102882,2879.84,debit_card,59,230.7,0.433,1,1076,0.581,2,1,fraud_false_positive
TXN102883,762.46,credit_card,96,520.1,0.085,0,196,0.654,2,1,network_error
TXN102884,2360.15,upi,91,336.5,0.567,0,818,0.403,14,0,bank_timeout
TXN102885,1715.7,credit_card,91,476.8,0.126,0,204,0.187,16,1,bank_timeout
TXN102886,10778.81,netbanking,51,150.1,0.302,0,80,0.264,8,0,insufficient_funds
TXN102887,3987.77,debit_card,59,149.7,0.669,0,1406,0.892,7,0,fraud_false_positive
TXN102888,6017.64,upi,51,197.7,0.24,0,525,0.445,22,0,insufficient_funds
TXN102889,1214.18,upi,51,150.5,0.189,1,1148,0.099,21,0,insufficient_funds
TXN102890,3223.43,debit_card,59,196.5,0.696,0,298,0.566,5,0,fraud_false_positive
TXN102891,4646.0,netbanking,61,162.6,0.048,2,745,0.273,4,0,insufficient_funds
TXN102892,2773.47,debit_card,61,218.4,0.191,0,306,0.453,23,0,insufficient_funds
TXN102893,4402.48,debit_card,5,179.6,0.469,1,285,0.593,1,0,fraud_false_positive
TXN102894,1187.97,upi,65,158.0,0.242,4,497,0.084,16,1,insufficient_funds
TXN102895,2920.55,credit_card,5,219.4,0.386,0,688,0.617,8,1,fraud_false_positive
TXN102896,5439.69,credit_card,96,409.8,0.271,1,94,0.551,8,1,network_error
TXN102897,1670.1,netbanking,91,331.3,0.315,2,217,0.337,16,0,bank_timeout
TXN102898,1688.58,debit_card,91,405.5,0.111,0,419,0.52,21,0,bank_timeout
TXN102899,4664.1,credit_card,65,226.7,0.262,2,681,0.279,16,0,insufficient_funds
TXN102900,1321.73,credit_card,61,230.7,0.351,2,1079,0.379,3,0,insufficient_funds
TXN102901,827.94,wallet,96,535.1,0.532,1,14,0.668,18,0,network_error
TXN102902,4065.42,debit_card,51,161.9,0.126,0,163,0.073,19,0,insufficient_funds
TXN102903,7386.5,netbanking,51,167.5,0.119,1,20,0.324,21,0,insufficient_funds
TXN102904,5164.68,credit_card,51,148.3,0.098,0,165,0.541,7,1,insufficient_funds
TXN102905,964.76,debit_card,51,173.5,0.184,1,122,0.098,9,0,insufficient_funds
TXN102906,1628.82,upi,21,600.4,0.129,0,23,0.301,1,0,network_error
TXN102907,879.43,debit_card,96,404.1,0.413,1,97,0.281,16,0,bank_timeout
TXN102908,2811.21,debit_card,96,251.8,0.155,2,64,0.203,4,0,bank_timeout
TXN102909,1608.43,debit_card,59,207.4,0.747,0,59,0.686,2,1,fraud_false_positive
TXN102910,3626.21,credit_card,51,157.1,0.154,1,254,0.488,22,0,insufficient_funds
TXN102911,1243.42,netbanking,96,311.3,0.051,1,19,0.547,9,0,network_error
TXN102912,8148.27,upi,51,194.2,0.18,1,526,0.245,2,0,insufficient_funds
TXN102913,9697.99,credit_card,59,219.4,0.779,0,424,0.801,11,1,fraud_false_positive
TXN102914,11786.62,netbanking,63,260.3,0.899,0,1045,0.693,7,0,fraud_false_positive
TXN102915,7431.65,debit_card,61,126.2,0.134,1,205,0.072,14,0,insufficient_funds
TXN102916,4582.13,debit_card,5,350.0,0.353,0,29,0.499,0,1,network_error
TXN102917,5736.55,debit_card,59,212.0,0.903,0,845,0.666,18,1,fraud_false_positive
TXN102918,1131.34,credit_card,65,133.1,0.206,0,85,0.311,7,1,insufficient_funds
TXN102919,2889.53,upi,96,303.4,0.043,0,105,0.324,10,1,bank_timeout
TXN102920,6647.0,credit_card,51,145.4,0.496,1,596,0.254,18,0,insufficient_funds
TXN102921,147.24,netbanking,96,527.2,0.276,0,860,0.481,19,1,bank_timeout
TXN102922,3441.3,wallet,68,375.7,0.474,0,1554,0.368,14,0,bank_timeout
TXN102923,3043.9,debit_card,91,284.7,0.033,0,603,0.613,7,0,bank_timeout
TXN102924,1687.59,credit_card,51,193.8,0.246,1,340,0.198,7,1,insufficient_funds
TXN102925,1486.55,upi,5,486.5,0.104,1,440,0.521,2,0,network_error
TXN102926,5087.14,credit_card,96,460.9,0.061,0,1024,0.732,6,1,bank_timeout
TXN102927,1574.79,debit_card,5,363.7,0.05,1,186,0.677,7,0,network_error
TXN102928,3704.94,debit_card,96,481.9,0.132,0,273,0.689,1,1,network_error
TXN102929,1121.1,credit_card,5,522.6,0.238,0,370,0.614,10,0,network_error
TXN102930,1818.16,netbanking,51,210.8,0.127,0,1070,0.192,23,1,insufficient_funds
TXN102931,4361.59,credit_card,51,236.9,0.142,1,776,0.084,1,1,insufficient_funds
TXN102932,2204.64,debit_card,65,156.6,0.104,0,148,0.091,17,0,insufficient_funds
TXN102933,4898.6,debit_card,59,220.4,0.661,0,258,0.509,23,1,fraud_false_positive
TXN102934,448.13,credit_card,5,546.7,0.088,0,686,0.858,18,1,network_error
TXN102935,1541.63,credit_card,91,160.8,0.283,0,554,0.623,4,0,bank_timeout
TXN102936,2954.08,wallet,61,123.8,0.335,3,697,0.201,10,1,insufficient_funds
TXN102937,6193.93,debit_card,59,212.5,0.627,0,702,0.472,1,0,fraud_false_positive
TXN102938,368.48,wallet,96,530.6,0.135,1,319,0.597,19,1,network_error
TXN102939,4819.25,debit_card,51,176.1,0.087,2,145,0.19,19,1,insufficient_funds
TXN102940,434.75,credit_card,91,454.7,0.248,0,30,0.454,15,0,bank_timeout
TXN102941,3771.69,debit_card,96,389.6,0.145,2,388,0.231,4,0,network_error
TXN102942,1992.83,debit_card,61,216.1,0.084,3,102,0.095,18,0,insufficient_funds
TXN102943,3140.88,credit_card,96,373.1,0.309,0,632,0.379,20,0,network_error
TXN102944,2033.89,credit_card,96,501.0,0.055,0,691,0.724,11,1,network_error
TXN102945,1902.61,upi,51,224.7,0.158,1,226,0.185,2,0,insufficient_funds
TXN102946,3218.54,netbanking,51,137.5,0.03,1,776,0.374,15,0,insufficient_funds
TXN102947,2237.18,debit_card,61,161.3,0.35,1,305,0.173,9,1,insufficient_funds
TXN102948,4666.97,upi,51,204.5,0.039,0,634,0.419,3,0,insufficient_funds
TXN102949,1942.92,credit_card,91,342.6,0.205,0,248,0.28,17,0,bank_timeout
TXN102950,9457.79,debit_card,5,138.3,0.75,0,685,0.738,9,0,fraud_false_positive
TXN102951,1849.55,upi,61,185.8,0.157,3,200,0.023,13,0,insufficient_funds
TXN102952,4798.42,debit_card,61,233.7,0.113,2,1079,0.115,19,0,insufficient_funds
TXN102953,1111.69,debit_card,91,331.9,0.269,0,152,0.437,1,0,bank_timeout
TXN102954,1102.37,credit_card,59,187.1,0.838,0,1528,0.676,21,0,fraud_false_positive
TXN102955,1137.55,netbanking,51,192.0,0.132,0,85,0.18,7,0,insufficient_funds
TXN102956,1494.17,credit_card,65,195.3,0.304,1,43,0.415,21,1,insufficient_funds
TXN102957,2963.03,netbanking,96,343.1,0.176,0,506,0.654,17,1,bank_timeout
TXN102958,1016.37,debit_card,5,518.2,0.36,0,46,0.694,14,0,network_error
TXN102959,2397.94,debit_card,61,187.0,0.188,3,10,0.266,11,0,insufficient_funds
TXN102960,6582.87,upi,59,195.5,0.677,1,1521,0.932,7,0,fraud_false_positive
TXN102961,1233.95,credit_card,61,170.6,0.588,2,211,0.303,3,1,insufficient_funds
TXN102962,1348.76,debit_card,51,131.8,0.122,1,96,0.385,21,0,insufficient_funds
TXN102963,3134.96,upi,51,261.2,0.267,1,268,0.381,14,0,insufficient_funds
TXN102964,2267.17,upi,5,585.6,0.435,0,65,0.655,19,1,network_error
TXN102965,4917.49,debit_card,51,139.7,0.449,0,75,0.084,20,1,insufficient_funds
TXN102966,4302.72,credit_card,91,334.6,0.121,0,394,0.372,14,0,bank_timeout
TXN102967,6552.04,credit_card,59,144.2,0.861,0,60,0.506,23,0,fraud_false_positive
TXN102968,1671.64,debit_card,91,326.4,0.192,2,910,0.79,17,0,bank_timeout
TXN102969,4241.05,debit_card,61,208.8,0.18,1,225,0.326,9,0,insufficient_funds
TXN102970,1236.87,upi,51,202.3,0.264,2,157,0.113,16,0,insufficient_funds
TXN102971,1933.22,debit_card,96,391.6,0.1,1,774,0.334,4,1,network_error
TXN102972,5101.44,credit_card,51,132.7,0.208,2,41,0.415,4,0,insufficient_funds
TXN102973,2931.27,wallet,91,313.0,0.08,1,338,0.531,17,0,bank_timeout
TXN102974,1408.73,debit_card,61,180.1,0.133,0,530,0.391,20,0,insufficient_funds
TXN102975,497.25,debit_card,51,180.9,0.086,2,16,0.152,6,1,insufficient_funds
TXN102976,3541.27,debit_card,51,147.8,0.171,2,34,0.124,12,1,insufficient_funds
TXN102977,2126.76,upi,63,209.9,0.929,0,878,0.484,4,0,fraud_false_positive
TXN102978,2616.35,upi,96,453.8,0.166,0,677,0.645,15,0,network_error
TXN102979,2322.06,credit_card,61,165.7,0.19,0,255,0.11,19,1,insufficient_funds
TXN102980,1426.78,debit_card,51,198.9,0.155,1,62,0.127,12,0,insufficient_funds
TXN102981,3293.08,debit_card,65,134.5,0.173,0,722,0.118,0,1,insufficient_funds
TXN102982,2028.35,credit_card,63,124.8,0.809,0,64,0.702,12,0,fraud_false_positive
TXN102983,818.53,credit_card,96,437.5,0.115,0,19,0.513,13,1,network_error
TXN102984,1585.66,credit_card,21,555.3,0.029,0,432,0.44,17,1,network_error
TXN102985,339.99,wallet,51,194.9,0.17,1,714,0.378,15,0,insufficient_funds
TXN102986,2791.16,upi,96,542.2,0.102,1,609,0.678,13,1,bank_timeout
TXN102987,1286.04,netbanking,96,482.6,0.019,2,716,0.447,23,1,bank_timeout
TXN102988,1039.71,debit_card,5,398.5,0.181,1,1385,0.324,8,0,network_error
TXN102989,3419.85,upi,59,141.1,0.712,0,471,0.646,4,0,fraud_false_positive
TXN102990,3115.11,wallet,61,253.3,0.039,2,355,0.295,16,0,insufficient_funds
TXN102991,5509.86,credit_card,65,250.5,0.123,0,201,0.414,9,0,insufficient_funds
TXN102992,1500.17,debit_card,68,182.4,0.076,0,223,0.543,12,0,bank_timeout
TXN102993,2471.51,credit_card,51,174.2,0.312,2,786,0.185,1,0,insufficient_funds
TXN102994,4554.1,credit_card,51,158.7,0.363,3,121,0.322,18,0,insufficient_funds
TXN102995,6881.19,credit_card,96,546.6,0.124,1,1245,0.435,21,0,network_error
TXN102996,1998.91,debit_card,5,266.4,0.093,1,1215,0.326,12,1,network_error
TXN102997,1322.6,netbanking,91,255.4,0.053,0,573,0.291,2,1,bank_timeout
TXN102998,5868.47,debit_card,51,201.8,0.101,1,247,0.262,15,0,insufficient_funds
TXN102999,2330.95,credit_card,61,137.4,0.305,0,97,0.354,6,0,insufficient_funds
TXN103000,3584.32,debit_card,51,225.6,0.048,0,318,0.312,0,0,insufficient_funds
TXN103001,1316.84,credit_card,96,395.9,0.143,1,191,0.698,22,0,bank_timeout
TXN103002,2407.22,debit_card,5,376.9,0.362,0,634,0.696,15,0,network_error
TXN103003,8110.87,upi,63,81.3,0.583,0,187,0.71,3,0,fraud_false_positive
TXN103004,2087.54,netbanking,5,547.6,0.263,0,761,0.547,1,0,network_error
TXN103005,1025.1,upi,21,665.1,0.145,0,1798,0.601,22,0,network_error
TXN103006,9586.75,upi,59,188.9,0.599,0,1037,0.497,16,0,fraud_false_positive
TXN103007,20321.91,upi,59,217.5,0.713,0,366,0.722,1,1,fraud_false_positive
TXN103008,9021.13,netbanking,51,210.8,0.217,2,88,0.197,17,0,insufficient_funds
TXN103009,777.69,upi,91,525.0,0.201,1,176,0.79,16,0,bank_timeout
TXN103010,1011.99,debit_card,5,293.3,0.179,0,919,0.296,0,0,network_error
TXN103011,2970.87,netbanking,51,213.9,0.266,2,430,0.238,14,1,insufficient_funds
TXN103012,2241.25,debit_card,51,167.2,0.314,2,216,0.415,4,1,insufficient_funds
TXN103013,1367.52,debit_card,96,383.5,0.035,0,1085,0.582,7,1,bank_timeout
TXN103014,12090.69,credit_card,59,195.8,0.44,0,2181,0.739,7,0,fraud_false_positive
TXN103015,2164.92,debit_card,91,375.9,0.306,0,120,0.411,0,0,bank_timeout
TXN103016,311.45,debit_card,5,360.0,0.104,1,286,0.426,8,0,network_error
TXN103017,4030.73,credit_card,51,195.9,0.158,1,265,0.446,14,0,insufficient_funds
TXN103018,4086.99,upi,51,196.1,0.09,1,523,0.278,20,0,insufficient_funds
TXN103019,378.65,wallet,91,427.1,0.056,2,645,0.477,23,1,bank_timeout
TXN103020,5010.49,wallet,59,260.2,0.586,1,3083,0.65,22,0,fraud_false_positive
TXN103021,5626.3,credit_card,51,229.0,0.088,0,548,0.227,17,0,insufficient_funds
TXN103022,873.85,debit_card,96,134.8,0.387,0,1615,0.792,15,1,bank_timeout
TXN103023,2983.66,debit_card,59,185.9,0.874,1,78,0.514,21,1,fraud_false_positive
TXN103024,385.35,upi,51,182.7,0.147,3,135,0.426,2,0,insufficient_funds
TXN103025,2900.82,debit_card,51,214.2,0.191,1,200,0.301,7,1,insufficient_funds
TXN103026,2806.26,debit_card,51,184.1,0.285,0,43,0.095,16,0,insufficient_funds
TXN103027,1230.25,credit_card,51,141.4,0.307,0,62,0.653,20,0,insufficient_funds
TXN103028,3508.41,upi,59,211.6,0.596,0,40,0.792,15,0,fraud_false_positive
TXN103029,1764.84,debit_card,59,205.1,0.851,0,197,0.897,12,1,fraud_false_positive
TXN103030,3028.85,credit_card,91,284.8,0.321,0,199,0.555,17,1,bank_timeout
TXN103031,2206.26,debit_card,96,269.7,0.106,1,20,0.414,4,0,bank_timeout
TXN103032,2802.79,credit_card,65,167.1,0.057,2,139,0.279,10,0,insufficient_funds
TXN103033,8910.44,netbanking,51,174.4,0.153,1,882,0.165,3,0,insufficient_funds
TXN103034,3015.05,credit_card,61,194.0,0.219,1,257,0.422,22,0,insufficient_funds
TXN103035,7450.93,debit_card,59,209.1,0.765,0,594,0.943,7,0,fraud_false_positive
TXN103036,5729.82,credit_card,61,267.2,0.063,5,489,0.309,10,1,insufficient_funds
TXN103037,3939.14,debit_card,5,203.1,0.466,1,873,0.736,20,0,fraud_false_positive
TXN103038,2268.45,credit_card,21,524.0,0.325,0,254,0.489,9,1,network_error
TXN103039,2537.52,credit_card,68,273.8,0.081,0,395,0.501,18,0,bank_timeout
TXN103040,2578.99,netbanking,5,406.7,0.13,0,437,0.325,21,0,network_error
TXN103041,6506.91,wallet,21,549.2,0.243,0,313,0.633,13,1,network_error
TXN103042,1057.46,wallet,5,719.1,0.165,0,441,0.688,20,1,network_error
TXN103043,3226.38,debit_card,51,157.4,0.262,1,422,0.293,17,0,insufficient_funds
TXN103044,1397.0,debit_card,96,686.9,0.235,1,1263,0.9,11,0,network_error
TXN103045,8474.45,credit_card,51,184.5,0.227,0,1383,0.052,8,0,insufficient_funds
TXN103046,214.4,credit_card,96,473.0,0.077,0,1530,0.462,10,0,network_error
TXN103047,4498.82,credit_card,61,95.8,0.212,2,262,0.194,2,1,insufficient_funds
TXN103048,9501.8,debit_card,51,241.7,0.007,2,862,0.152,19,1,insufficient_funds
TXN103049,6367.53,upi,59,122.3,0.919,0,613,0.643,21,1,fraud_false_positive
TXN103050,643.98,credit_card,51,219.6,0.04,0,74,0.062,7,0,insufficient_funds
TXN103051,2376.85,debit_card,51,161.3,0.395,2,1282,0.171,18,0,insufficient_funds
TXN103052,4053.18,debit_card,65,143.2,0.235,2,116,0.415,19,0,insufficient_funds
TXN103053,598.56,credit_card,51,125.2,0.152,0,7,0.09,22,1,insufficient_funds
TXN103054,269.45,debit_card,91,165.0,0.168,0,1094,0.89,12,0,bank_timeout
TXN103055,4493.09,debit_card,51,147.8,0.213,2,20,0.129,9,1,insufficient_funds
TXN103056,3324.87,wallet,96,447.4,0.144,0,215,0.238,12,1,network_error
TXN103057,3330.85,netbanking,96,399.9,0.069,0,191,0.748,1,0,bank_timeout
TXN103058,2413.94,debit_card,51,172.6,0.232,1,1064,0.165,9,1,insufficient_funds
TXN103059,2865.44,credit_card,51,192.8,0.081,2,1645,0.465,11,0,insufficient_funds
TXN103060,5645.23,upi,51,173.9,0.458,0,69,0.227,14,0,insufficient_funds
TXN103061,1103.37,upi,96,635.9,0.114,1,160,0.57,16,0,network_error
TXN103062,1463.48,upi,68,389.6,0.139,1,151,0.306,1,0,bank_timeout
TXN103063,2324.43,credit_card,51,198.4,0.19,0,566,0.138,13,0,insufficient_funds
TXN103064,1481.53,debit_card,96,527.4,0.165,0,5,0.387,13,0,network_error
TXN103065,3469.7,netbanking,91,378.0,0.183,1,588,0.253,8,1,bank_timeout
TXN103066,2659.59,upi,65,165.3,0.146,0,717,0.319,23,0,insufficient_funds
TXN103067,5433.85,credit_card,51,230.7,0.425,2,494,0.167,7,1,insufficient_funds
TXN103068,11942.83,netbanking,51,150.2,0.487,2,420,0.074,12,0,insufficient_funds
TXN103069,1087.16,debit_card,96,492.2,0.324,0,677,0.22,5,1,network_error
TXN103070,565.42,upi,68,485.6,0.102,0,769,0.473,15,0,bank_timeout
TXN103071,1812.53,debit_card,96,376.9,0.213,0,518,0.494,7,0,bank_timeout
TXN103072,3602.83,debit_card,51,181.4,0.262,2,760,0.206,10,1,insufficient_funds
TXN103073,7826.92,credit_card,59,233.8,0.757,0,490,0.703,21,0,fraud_false_positive
TXN103074,2971.3,debit_card,51,153.1,0.083,0,367,0.288,1,0,insufficient_funds
TXN103075,4657.23,credit_card,91,154.4,0.108,0,572,0.513,6,1,bank_timeout
TXN103076,4794.51,credit_card,21,743.8,0.133,0,160,0.374,14,0,network_error
TXN103077,728.52,credit_card,21,644.9,0.31,1,394,0.47,22,1,network_error
TXN103078,1164.44,wallet,5,562.9,0.1,1,1019,0.515,5,0,network_error
TXN103079,5538.72,netbanking,65,184.8,0.267,1,304,0.279,5,1,insufficient_funds
TXN103080,4473.58,wallet,59,234.9,0.486,1,763,0.459,20,0,fraud_false_positive
TXN103081,803.99,debit_card,51,118.7,0.301,2,225,0.433,10,0,insufficient_funds
TXN103082,3242.31,upi,65,187.1,0.067,3,201,0.047,7,1,insufficient_funds
TXN103083,3497.72,debit_card,65,210.1,0.365,1,210,0.043,4,1,insufficient_funds
TXN103084,757.12,credit_card,91,310.7,0.17,0,337,0.581,15,1,bank_timeout
TXN103085,5644.25,credit_card,51,198.4,0.207,1,310,0.072,15,1,insufficient_funds
TXN103086,5525.06,upi,59,137.1,0.703,1,2190,0.795,2,0,fraud_false_positive
TXN103087,1369.38,netbanking,51,175.2,0.234,0,517,0.353,3,0,insufficient_funds
TXN103088,278.24,upi,21,471.9,0.389,0,113,0.531,22,0,network_error
TXN103089,5960.35,upi,91,298.4,0.134,1,215,0.369,20,0,bank_timeout
TXN103090,2166.9,debit_card,96,418.2,0.116,0,1047,0.611,5,1,network_error
TXN103091,2675.44,upi,51,171.7,0.086,4,183,0.273,14,1,insufficient_funds
TXN103092,2722.42,upi,51,191.1,0.35,1,155,0.42,11,0,insufficient_funds
TXN103093,1821.75,debit_card,61,214.6,0.416,0,256,0.039,18,0,insufficient_funds
TXN103094,7930.52,credit_card,63,250.4,0.528,0,318,0.799,1,1,fraud_false_positive
TXN103095,2786.31,credit_card,51,116.7,0.334,0,354,0.088,7,1,insufficient_funds
TXN103096,2669.26,debit_card,21,465.1,0.112,0,984,0.496,15,0,network_error
TXN103097,2679.11,credit_card,21,577.0,0.32,1,199,0.528,14,0,network_error
TXN103098,4595.3,debit_card,51,195.1,0.181,1,368,0.229,1,0,insufficient_funds
TXN103099,763.54,debit_card,21,322.3,0.156,2,449,0.344,22,0,network_error
TXN103100,1402.48,debit_card,96,429.1,0.3,0,453,0.592,0,0,bank_timeout
TXN103101,2382.41,wallet,51,207.6,0.27,1,835,0.352,15,1,insufficient_funds
TXN103102,1590.8,credit_card,21,521.2,0.291,3,637,0.589,9,1,network_error
TXN103103,10473.95,upi,59,207.7,0.775,0,3134,0.83,7,1,fraud_false_positive
TXN103104,2857.34,wallet,65,144.6,0.132,1,737,0.052,15,1,insufficient_funds
TXN103105,830.36,upi,5,399.2,0.109,0,792,0.237,19,0,network_error
TXN103106,4608.48,debit_card,51,190.0,0.186,3,512,0.156,17,0,insufficient_funds
TXN103107,2077.24,credit_card,51,168.7,0.186,3,622,0.188,8,0,insufficient_funds
TXN103108,1889.71,debit_card,96,451.7,0.227,1,491,0.216,13,0,network_error
TXN103109,1038.24,wallet,68,229.5,0.455,0,1805,0.77,2,1,bank_timeout
TXN103110,8235.55,debit_card,51,185.0,0.357,2,1635,0.044,20,1,insufficient_funds
TXN103111,3237.72,upi,61,159.7,0.315,1,443,0.248,22,0,insufficient_funds
TXN103112,3327.57,credit_card,63,203.2,0.528,0,15,0.915,19,0,fraud_false_positive
TXN103113,4300.81,netbanking,61,164.5,0.083,2,58,0.192,21,0,insufficient_funds
TXN103114,5073.04,upi,51,184.8,0.509,3,375,0.443,21,0,insufficient_funds
TXN103115,1875.49,credit_card,59,177.3,0.877,0,1317,0.769,6,1,fraud_false_positive
TXN103116,4333.69,wallet,51,125.7,0.227,0,277,0.061,8,0,insufficient_funds
TXN103117,6816.71,debit_card,51,141.7,0.169,0,1516,0.288,12,0,insufficient_funds
TXN103118,1934.32,netbanking,61,220.7,0.308,0,198,0.103,12,0,insufficient_funds
TXN103119,7073.12,debit_card,51,235.7,0.063,5,490,0.322,13,1,insufficient_funds
TXN103120,8581.77,upi,51,176.6,0.367,1,1654,0.2,22,0,insufficient_funds
TXN103121,6720.25,debit_card,51,177.0,0.285,0,650,0.568,1,0,insufficient_funds
TXN103122,1336.11,wallet,91,292.1,0.222,0,797,0.353,22,1,bank_timeout
TXN103123,3074.66,wallet,91,258.8,0.072,0,214,0.481,12,1,bank_timeout
TXN103124,585.08,debit_card,96,324.7,0.321,1,161,0.423,5,0,bank_timeout
TXN103125,2945.95,credit_card,51,194.1,0.271,2,246,0.363,20,1,insufficient_funds
TXN103126,1727.75,credit_card,96,427.6,0.199,0,1265,0.246,11,0,network_error
TXN103127,1838.6,netbanking,21,452.8,0.127,0,295,0.536,19,0,network_error
TXN103128,2748.47,credit_card,51,192.8,0.204,0,533,0.369,0,1,insufficient_funds
TXN103129,2633.98,debit_card,21,451.5,0.171,0,1079,0.294,19,0,network_error
TXN103130,1101.92,wallet,96,534.5,0.211,1,1130,0.489,22,0,network_error
TXN103131,2522.17,wallet,96,563.8,0.211,1,722,0.351,22,1,network_error
TXN103132,238.83,debit_card,91,498.1,0.089,2,412,0.46,9,1,bank_timeout
TXN103133,7224.6,debit_card,51,185.2,0.062,1,131,0.031,8,0,insufficient_funds
TXN103134,2190.77,netbanking,96,498.6,0.289,1,969,0.833,4,0,network_error
TXN103135,1084.41,credit_card,21,395.6,0.352,0,58,0.653,0,0,network_error
TXN103136,3729.48,credit_card,61,175.7,0.437,1,26,0.398,6,1,insufficient_funds
TXN103137,1015.19,upi,65,183.2,0.201,1,114,0.113,2,0,insufficient_funds
TXN103138,280.82,credit_card,96,557.4,0.163,1,33,0.537,2,0,network_error
TXN103139,5273.68,upi,61,105.3,0.113,4,287,0.227,13,0,insufficient_funds
TXN103140,4759.58,debit_card,5,152.8,0.781,1,2040,0.364,8,1,fraud_false_positive
TXN103141,409.77,debit_card,51,188.7,0.105,3,271,0.605,23,1,insufficient_funds
TXN103142,2476.12,upi,96,496.6,0.154,1,290,0.435,8,0,network_error
TXN103143,340.13,debit_card,51,167.3,0.087,0,1102,0.135,12,0,insufficient_funds
TXN103144,1077.55,debit_card,51,200.7,0.296,0,899,0.101,15,0,insufficient_funds
TXN103145,2631.28,wallet,59,166.5,0.804,0,160,0.337,8,0,fraud_false_positive
TXN103146,4874.62,debit_card,59,169.9,0.923,1,1867,0.884,8,1,fraud_false_positive
TXN103147,6648.08,upi,51,175.9,0.149,5,319,0.489,9,0,insufficient_funds
TXN103148,1310.55,debit_card,91,349.8,0.674,0,583,0.906,23,1,bank_timeout
TXN103149,493.25,netbanking,96,578.9,0.07,1,2110,0.367,16,0,network_error
TXN103150,1858.84,wallet,21,410.1,0.087,2,350,0.65,10,0,network_error
TXN103151,443.55,netbanking,21,554.2,0.194,0,1059,0.267,5,0,network_error
TXN103152,1675.09,wallet,91,252.6,0.261,0,107,0.43,9,1,bank_timeout
TXN103153,1872.96,credit_card,5,208.6,0.726,0,349,0.681,7,0,fraud_false_positive
TXN103154,1954.73,debit_card,21,551.9,0.447,1,720,0.668,9,0,network_error
TXN103155,2329.29,debit_card,65,181.6,0.212,2,414,0.207,15,1,insufficient_funds
TXN103156,2512.38,upi,68,381.9,0.368,1,1507,0.461,17,1,bank_timeout
TXN103157,1076.68,credit_card,96,678.3,0.181,0,290,0.704,13,1,network_error
TXN103158,2357.48,netbanking,91,414.1,0.143,0,296,0.174,6,0,bank_timeout
TXN103159,2796.54,debit_card,51,168.7,0.161,0,15,0.381,19,1,insufficient_funds
TXN103160,908.63,netbanking,21,457.9,0.077,0,257,0.197,7,1,network_error
TXN103161,572.18,upi,51,213.1,0.218,2,130,0.497,17,0,insufficient_funds
TXN103162,12209.05,credit_card,65,225.3,0.507,3,324,0.277,0,0,insufficient_funds
TXN103163,9291.52,debit_card,51,208.2,0.09,0,428,0.31,5,0,insufficient_funds
TXN103164,5183.67,debit_card,51,179.9,0.192,2,75,0.225,16,0,insufficient_funds
TXN103165,715.08,netbanking,96,554.4,0.097,0,1649,0.731,23,0,network_error
TXN103166,1760.17,debit_card,96,472.2,0.079,1,239,0.568,3,1,network_error
TXN103167,611.73,debit_card,91,314.5,0.063,0,1508,0.617,11,0,bank_timeout
TXN103168,2339.38,upi,59,233.8,0.433,1,105,0.455,20,1,fraud_false_positive
TXN103169,1553.37,debit_card,51,196.9,0.181,3,260,0.311,23,0,insufficient_funds
TXN103170,5626.57,credit_card,5,178.7,0.836,0,76,0.625,18,0,fraud_false_positive
TXN103171,2087.92,credit_card,68,374.8,0.187,2,257,0.163,23,1,bank_timeout
TXN103172,2255.34,credit_card,96,594.8,0.178,0,472,0.582,15,0,network_error
TXN103173,2573.3,upi,51,198.3,0.273,2,28,0.115,17,0,insufficient_funds
TXN103174,6196.55,debit_card,51,180.1,0.125,0,57,0.341,4,0,insufficient_funds
TXN103175,2386.88,debit_card,63,226.4,0.735,0,2246,0.838,14,0,fraud_false_positive
TXN103176,3853.9,credit_card,51,160.6,0.09,4,450,0.344,10,1,insufficient_funds
TXN103177,128.83,debit_card,5,627.6,0.539,0,173,0.509,15,0,network_error
TXN103178,3648.5,debit_card,51,150.6,0.095,1,111,0.34,7,0,insufficient_funds
TXN103179,217.24,wallet,68,366.9,0.227,0,9,0.421,23,0,bank_timeout
TXN103180,2867.25,upi,59,164.1,0.956,0,1939,0.785,20,0,fraud_false_positive
TXN103181,1768.06,upi,51,135.7,0.117,0,517,0.057,0,0,insufficient_funds
TXN103182,4078.3,credit_card,63,283.5,0.815,0,591,0.755,18,0,fraud_false_positive
TXN103183,3304.21,debit_card,51,161.6,0.195,3,280,0.122,9,0,insufficient_funds
TXN103184,4862.24,credit_card,65,164.5,0.052,0,164,0.544,5,1,insufficient_funds
TXN103185,1984.51,netbanking,65,202.0,0.171,2,894,0.444,1,0,insufficient_funds
TXN103186,2844.3,debit_card,96,525.8,0.051,0,760,0.604,5,1,network_error
TXN103187,474.72,netbanking,51,158.1,0.133,0,1211,0.275,12,0,insufficient_funds
TXN103188,4003.27,debit_card,65,158.9,0.14,0,7,0.348,15,1,insufficient_funds
TXN103189,7916.03,debit_card,61,230.6,0.117,0,243,0.269,13,1,insufficient_funds
TXN103190,2104.53,credit_card,51,136.9,0.507,2,514,0.173,6,0,insufficient_funds
TXN103191,5696.53,upi,51,137.5,0.296,0,565,0.1,15,0,insufficient_funds
TXN103192,837.84,upi,63,206.4,0.598,3,223,0.758,15,1,fraud_false_positive
TXN103193,1117.65,debit_card,96,349.7,0.071,0,1162,0.491,18,0,network_error
TXN103194,1587.59,wallet,96,426.2,0.125,0,535,0.48,13,0,network_error
TXN103195,2645.5,netbanking,5,319.1,0.893,0,738,0.489,14,0,fraud_false_positive
TXN103196,1663.15,debit_card,91,345.1,0.42,2,1142,0.556,9,0,bank_timeout
TXN103197,5392.44,credit_card,65,181.7,0.283,2,69,0.186,19,0,insufficient_funds
TXN103198,768.61,wallet,59,144.8,0.696,1,1,0.829,19,1,fraud_false_positive
TXN103199,4735.01,upi,51,182.9,0.395,1,764,0.302,9,0,insufficient_funds
TXN103200,660.36,wallet,96,392.5,0.094,1,1148,0.462,16,1,network_error
TXN103201,10092.2,netbanking,59,253.7,0.653,1,2217,0.451,20,0,fraud_false_positive
TXN103202,1018.86,upi,51,240.6,0.221,1,84,0.019,21,0,insufficient_funds
TXN103203,1213.87,netbanking,91,470.1,0.226,2,2569,0.62,9,1,bank_timeout
TXN103204,1929.67,wallet,51,137.0,0.16,2,73,0.231,16,0,insufficient_funds
TXN103205,955.13,credit_card,59,228.4,0.59,2,1009,0.883,21,0,fraud_false_positive
TXN103206,7542.35,credit_card,51,223.0,0.204,1,22,0.105,8,0,insufficient_funds
TXN103207,2270.59,credit_card,96,487.4,0.33,0,172,0.474,9,0,network_error
TXN103208,6522.29,debit_card,59,197.2,0.509,0,479,0.669,2,0,fraud_false_positive
TXN103209,8948.89,upi,59,192.2,0.629,1,685,0.597,13,0,fraud_false_positive
TXN103210,2970.94,wallet,51,153.4,0.185,2,755,0.038,9,0,insufficient_funds
TXN103211,361.65,netbanking,68,312.4,0.15,0,634,0.381,9,0,bank_timeout
TXN103212,3530.14,debit_card,51,124.6,0.117,0,164,0.247,4,1,insufficient_funds
TXN103213,2092.54,upi,96,452.2,0.282,0,153,0.422,22,0,network_error
TXN103214,951.11,netbanking,96,381.1,0.584,1,423,0.628,8,0,bank_timeout
TXN103215,3747.75,credit_card,51,147.0,0.127,1,149,0.608,3,1,insufficient_funds
TXN103216,2585.49,debit_card,51,192.3,0.172,2,1310,0.192,20,1,insufficient_funds
TXN103217,3624.3,upi,91,428.8,0.172,2,11,0.428,1,0,bank_timeout
TXN103218,2747.28,debit_card,91,386.8,0.483,0,924,0.346,8,1,bank_timeout
TXN103219,2103.43,debit_card,91,403.9,0.436,1,74,0.192,13,0,bank_timeout
TXN103220,213.14,debit_card,51,164.2,0.243,0,222,0.287,13,1,insufficient_funds
TXN103221,2666.1,debit_card,96,451.4,0.229,0,239,0.519,19,0,network_error
TXN103222,3492.29,upi,51,232.3,0.075,0,203,0.151,6,0,insufficient_funds
TXN103223,2129.87,credit_card,91,346.6,0.166,0,1473,0.765,20,1,bank_timeout
TXN103224,1799.16,netbanking,68,340.6,0.187,0,703,0.274,21,1,bank_timeout
TXN103225,8248.4,credit_card,51,121.5,0.026,1,146,0.381,12,0,insufficient_funds
TXN103226,3602.21,upi,91,321.7,0.081,0,18,0.29,6,0,bank_timeout
TXN103227,3531.97,credit_card,91,359.9,0.088,1,278,0.683,14,0,bank_timeout
TXN103228,2015.61,credit_card,51,156.9,0.198,1,524,0.388,21,1,insufficient_funds
TXN103229,810.64,credit_card,21,648.0,0.125,0,125,0.435,16,1,network_error
TXN103230,1486.76,debit_card,96,431.9,0.21,0,1204,0.296,18,1,network_error
TXN103231,3232.5,debit_card,21,455.5,0.074,0,190,0.469,5,1,network_error
TXN103232,6930.75,netbanking,51,184.5,0.228,3,330,0.121,20,1,insufficient_funds
TXN103233,2972.64,upi,61,144.5,0.38,4,227,0.14,15,0,insufficient_funds
TXN103234,1677.75,debit_card,61,189.9,0.125,3,1141,0.505,21,1,insufficient_funds
TXN103235,1295.74,upi,96,614.2,0.158,0,725,0.492,19,0,network_error
TXN103236,3663.88,debit_card,61,134.2,0.219,0,1417,0.062,15,0,insufficient_funds
TXN103237,4622.55,upi,61,148.4,0.024,1,181,0.119,17,1,insufficient_funds
TXN103238,4097.59,upi,96,340.7,0.315,1,274,0.189,19,1,network_error
TXN103239,1725.57,debit_card,51,192.3,0.07,1,802,0.14,18,0,insufficient_funds
TXN103240,5685.56,debit_card,51,163.1,0.246,0,1807,0.225,11,1,insufficient_funds
TXN103241,2886.86,upi,91,233.1,0.077,0,189,0.54,17,0,bank_timeout
TXN103242,1459.95,credit_card,61,132.4,0.238,1,217,0.067,1,0,insufficient_funds
TXN103243,1603.12,debit_card,61,111.3,0.128,0,170,0.155,15,1,insufficient_funds
TXN103244,834.35,wallet,21,575.4,0.334,0,43,0.672,13,1,network_error
TXN103245,5911.27,debit_card,51,238.4,0.086,1,552,0.453,18,0,insufficient_funds
TXN103246,4327.53,debit_card,51,206.2,0.308,0,615,0.34,0,0,insufficient_funds
TXN103247,1718.55,debit_card,51,129.7,0.029,0,12,0.183,10,0,insufficient_funds
TXN103248,1531.46,upi,96,396.4,0.04,0,65,0.624,13,1,bank_timeout
TXN103249,3321.93,debit_card,96,600.6,0.319,0,642,0.409,1,0,network_error
TXN103250,6656.49,credit_card,65,122.5,0.114,0,600,0.347,7,1,insufficient_funds
TXN103251,1922.71,debit_card,21,488.0,0.309,1,940,0.568,12,0,network_error
TXN103252,3826.26,credit_card,51,223.1,0.262,1,135,0.429,21,0,insufficient_funds
TXN103253,2210.6,credit_card,91,401.9,0.088,3,580,0.164,8,0,bank_timeout
TXN103254,1925.49,debit_card,51,238.9,0.044,1,335,0.399,19,0,insufficient_funds
TXN103255,6535.83,debit_card,51,192.9,0.115,0,113,0.17,17,0,insufficient_funds
TXN103256,2780.69,debit_card,63,284.6,0.773,0,3252,0.583,16,0,fraud_false_positive
TXN103257,1759.21,debit_card,96,288.5,0.093,2,242,0.366,17,0,network_error
TXN103258,6725.37,credit_card,63,174.6,0.812,0,630,0.691,6,1,fraud_false_positive
TXN103259,738.58,upi,65,158.4,0.046,1,282,0.251,9,1,insufficient_funds
TXN103260,6519.22,debit_card,5,284.0,0.719,0,708,0.803,21,1,fraud_false_positive
TXN103261,897.14,credit_card,96,429.8,0.212,0,318,0.552,15,0,bank_timeout
TXN103262,824.06,debit_card,91,415.9,0.119,1,302,0.306,21,0,bank_timeout
TXN103263,2192.62,credit_card,51,178.0,0.091,1,518,0.256,9,0,insufficient_funds
TXN103264,2882.27,wallet,51,225.6,0.241,1,1463,0.299,12,0,insufficient_funds
TXN103265,2484.62,netbanking,51,187.9,0.435,1,96,0.199,14,0,insufficient_funds
TXN103266,972.2,credit_card,91,387.9,0.142,0,183,0.539,1,0,bank_timeout
TXN103267,2557.4,credit_card,91,344.4,0.338,1,105,0.476,8,0,bank_timeout
TXN103268,1625.97,credit_card,51,151.8,0.131,1,250,0.043,10,0,insufficient_funds
TXN103269,869.19,upi,59,214.8,0.802,1,671,0.55,1,0,fraud_false_positive
TXN103270,3625.94,credit_card,51,229.7,0.283,0,453,0.575,15,0,insufficient_funds
TXN103271,1381.78,credit_card,91,304.5,0.188,1,141,0.504,12,0,bank_timeout
TXN103272,3756.44,wallet,59,203.8,0.954,0,556,0.795,11,1,fraud_false_positive
TXN103273,3613.4,credit_card,96,487.6,0.34,0,2323,0.51,20,1,network_error
TXN103274,752.16,debit_card,96,600.3,0.022,0,298,0.556,12,1,network_error
TXN103275,880.65,upi,91,193.2,0.167,0,307,0.59,7,0,bank_timeout
TXN103276,9271.39,upi,61,161.1,0.26,2,546,0.28,8,0,insufficient_funds
TXN103277,3445.06,credit_card,51,185.7,0.16,1,131,0.32,14,0,insufficient_funds
TXN103278,7275.11,upi,51,172.2,0.243,0,189,0.119,14,0,insufficient_funds
TXN103279,1526.52,debit_card,5,285.7,0.625,1,1992,0.552,18,0,fraud_false_positive
TXN103280,1399.26,netbanking,51,120.1,0.398,2,436,0.291,5,1,insufficient_funds
TXN103281,6912.79,credit_card,61,246.2,0.051,1,231,0.338,4,1,insufficient_funds
TXN103282,2633.45,wallet,96,423.6,0.099,0,663,0.531,10,1,network_error
TXN103283,15961.85,netbanking,59,247.2,0.757,0,1482,0.543,4,0,fraud_false_positive
TXN103284,3415.19,debit_card,21,194.9,0.012,0,230,0.673,3,0,network_error
TXN103285,893.75,upi,21,501.2,0.071,0,1377,0.715,20,0,network_error
TXN103286,2092.1,debit_card,96,466.3,0.077,0,436,0.691,16,1,network_error
TXN103287,6177.51,debit_card,51,138.4,0.425,1,312,0.311,8,0,insufficient_funds
TXN103288,1194.44,upi,96,476.1,0.413,1,42,0.764,2,0,bank_timeout
TXN103289,4134.99,debit_card,51,192.6,0.205,0,1103,0.126,8,0,insufficient_funds
TXN103290,1566.39,debit_card,96,341.0,0.185,0,354,0.278,3,0,bank_timeout
TXN103291,302.33,upi,96,646.3,0.213,1,750,0.551,5,0,network_error
TXN103292,1873.27,debit_card,21,457.9,0.117,0,2235,0.627,0,1,network_error
TXN103293,1969.73,wallet,61,241.8,0.203,0,390,0.216,1,1,insufficient_funds
TXN103294,336.47,credit_card,96,606.1,0.257,0,216,0.252,14,1,network_error
TXN103295,1926.34,debit_card,51,280.3,0.323,1,45,0.642,18,0,insufficient_funds
TXN103296,1834.15,credit_card,96,388.2,0.127,0,668,0.357,0,0,network_error
TXN103297,4045.35,wallet,91,345.5,0.306,1,376,0.427,0,0,bank_timeout
TXN103298,2051.91,upi,96,452.0,0.062,0,152,0.483,22,0,network_error
TXN103299,3262.18,netbanking,96,576.8,0.261,0,175,0.622,10,1,network_error
TXN103300,884.25,upi,68,397.3,0.066,0,317,0.293,4,0,bank_timeout
TXN103301,1191.31,credit_card,51,213.9,0.35,1,438,0.292,0,0,insufficient_funds
TXN103302,7327.04,upi,51,206.8,0.253,1,378,0.026,10,0,insufficient_funds
TXN103303,1538.3,netbanking,51,214.6,0.03,2,118,0.187,20,0,insufficient_funds
TXN103304,5011.04,upi,65,188.2,0.407,1,682,0.168,20,0,insufficient_funds
TXN103305,5611.52,debit_card,65,236.7,0.152,2,1890,0.131,2,1,insufficient_funds
TXN103306,3326.13,credit_card,96,568.4,0.136,0,579,0.789,9,0,network_error
TXN103307,393.55,debit_card,5,659.7,0.118,0,682,0.83,12,0,network_error
TXN103308,894.87,upi,96,549.1,0.091,0,1338,0.683,3,0,network_error
TXN103309,1151.29,netbanking,96,415.3,0.257,0,1375,0.483,4,0,network_error
TXN103310,739.8,debit_card,68,403.1,0.074,0,763,0.366,23,0,bank_timeout
TXN103311,2442.13,credit_card,91,174.7,0.077,0,281,0.508,6,0,bank_timeout
TXN103312,1282.7,credit_card,91,379.4,0.131,1,223,0.36,9,0,bank_timeout
TXN103313,1649.41,credit_card,63,198.9,0.881,0,863,0.414,5,1,fraud_false_positive
TXN103314,470.07,debit_card,96,403.0,0.108,0,47,0.746,9,1,network_error
TXN103315,2238.24,netbanking,51,201.8,0.287,0,259,0.082,7,0,insufficient_funds
TXN103316,1514.46,netbanking,51,196.4,0.085,0,428,0.361,23,0,insufficient_funds
TXN103317,1434.55,debit_card,96,281.4,0.285,0,347,0.19,13,0,network_error
TXN103318,763.65,debit_card,96,480.2,0.319,0,2505,0.275,4,1,network_error
TXN103319,3053.38,credit_card,96,327.5,0.167,0,920,0.341,15,0,network_error
TXN103320,1169.1,upi,96,474.2,0.362,0,278,0.637,17,0,network_error
TXN103321,6459.76,credit_card,63,213.2,0.786,0,102,0.649,4,0,fraud_false_positive
TXN103322,228.23,debit_card,91,257.3,0.223,1,78,0.276,0,0,bank_timeout
TXN103323,1005.66,debit_card,61,145.7,0.28,0,122,0.162,21,0,insufficient_funds
TXN103324,2744.08,credit_card,51,78.0,0.357,0,47,0.097,16,0,insufficient_funds
TXN103325,4415.57,credit_card,51,172.4,0.086,2,720,0.393,20,0,insufficient_funds
TXN103326,4073.02,debit_card,91,317.3,0.138,0,374,0.796,8,1,bank_timeout
TXN103327,418.7,debit_card,91,403.7,0.21,0,1804,0.6,10,0,bank_timeout
TXN103328,1164.77,credit_card,51,182.0,0.294,1,129,0.047,8,0,insufficient_funds
TXN103329,1645.5,upi,51,204.9,0.039,0,60,0.107,15,1,insufficient_funds
TXN103330,151.66,upi,61,148.7,0.048,0,25,0.297,15,0,insufficient_funds
TXN103331,1377.15,wallet,91,460.1,0.306,0,761,0.103,5,0,bank_timeout
TXN103332,3007.42,credit_card,21,397.6,0.216,0,17,0.566,12,0,network_error
TXN103333,2855.0,netbanking,91,411.7,0.123,1,476,0.449,1,0,bank_timeout
TXN103334,3490.53,debit_card,61,189.5,0.207,1,102,0.358,22,0,insufficient_funds
TXN103335,1200.6,credit_card,5,526.7,0.069,0,652,0.858,17,1,network_error
TXN103336,1482.21,debit_card,5,333.2,0.027,0,285,0.075,22,0,network_error
TXN103337,705.32,credit_card,96,398.6,0.148,0,138,0.592,22,1,network_error
TXN103338,2749.81,credit_card,91,284.1,0.225,0,4,0.515,16,1,bank_timeout
TXN103339,1504.88,upi,51,229.6,0.096,0,453,0.347,15,0,insufficient_funds
TXN103340,9482.95,debit_card,65,111.0,0.016,0,3,0.149,4,0,insufficient_funds
TXN103341,6249.35,upi,51,201.6,0.462,1,449,0.576,3,0,insufficient_funds
TXN103342,1061.8,wallet,68,314.7,0.151,1,205,0.274,21,1,bank_timeout
TXN103343,1107.66,debit_card,96,423.1,0.346,0,587,0.513,1,0,network_error
TXN103344,942.21,credit_card,96,523.9,0.15,0,244,0.397,5,0,network_error
TXN103345,520.75,credit_card,21,521.0,0.236,0,1788,0.206,23,1,network_error
TXN103346,556.99,wallet,21,461.1,0.347,1,189,0.343,9,0,network_error
TXN103347,3677.43,debit_card,51,161.3,0.255,0,12,0.258,7,0,insufficient_funds
TXN103348,9795.33,netbanking,51,154.4,0.129,1,304,0.134,21,1,insufficient_funds
TXN103349,6224.23,upi,51,214.9,0.27,0,429,0.086,7,1,insufficient_funds
TXN103350,3708.51,debit_card,21,397.3,0.256,1,45,0.143,18,0,network_error
TXN103351,1030.51,debit_card,51,220.9,0.334,1,94,0.408,0,0,insufficient_funds
TXN103352,17031.33,credit_card,59,231.9,0.664,0,1091,0.815,23,0,fraud_false_positive
TXN103353,2799.43,credit_card,51,197.9,0.32,2,169,0.686,4,0,insufficient_funds
TXN103354,3801.17,upi,61,145.3,0.178,1,88,0.121,6,0,insufficient_funds
TXN103355,502.97,debit_card,21,709.4,0.114,0,208,0.412,12,1,network_error
TXN103356,3661.76,upi,91,395.3,0.13,0,197,0.472,23,0,bank_timeout
TXN103357,4179.13,credit_card,65,154.7,0.274,1,509,0.199,9,1,insufficient_funds
TXN103358,12536.41,credit_card,59,214.6,0.794,1,43,0.602,0,0,fraud_false_positive
TXN103359,1464.87,debit_card,91,384.9,0.099,2,286,0.604,2,1,bank_timeout
TXN103360,202.77,debit_card,68,227.9,0.079,0,488,0.505,22,0,bank_timeout
TXN103361,3213.28,upi,51,141.3,0.113,1,487,0.071,10,0,insufficient_funds
TXN103362,2369.04,credit_card,96,305.6,0.053,0,693,0.55,5,0,bank_timeout
TXN103363,1798.4,debit_card,68,359.2,0.087,0,1427,0.666,19,0,bank_timeout
TXN103364,7785.89,upi,51,158.8,0.225,1,1972,0.589,17,0,insufficient_funds
TXN103365,36.4,netbanking,21,574.5,0.145,0,38,0.454,23,1,network_error
TXN103366,6234.64,credit_card,51,222.9,0.104,1,863,0.278,3,1,insufficient_funds
TXN103367,2770.52,credit_card,61,190.8,0.22,2,1360,0.055,8,1,insufficient_funds
TXN103368,3970.49,debit_card,5,541.9,0.149,1,1129,0.631,18,0,network_error
TXN103369,2084.86,credit_card,96,608.5,0.103,0,21,0.656,12,1,network_error
TXN103370,4114.65,credit_card,96,230.7,0.364,1,29,0.222,15,1,bank_timeout
TXN103371,6853.93,debit_card,51,153.5,0.482,0,632,0.027,5,0,insufficient_funds
TXN103372,9017.83,upi,59,167.4,0.631,0,3091,0.605,5,0,fraud_false_positive
TXN103373,5969.05,credit_card,51,206.3,0.18,0,1203,0.105,2,0,insufficient_funds
TXN103374,344.45,debit_card,51,171.2,0.198,0,249,0.085,0,1,insufficient_funds
TXN103375,3951.5,debit_card,68,338.2,0.058,2,361,0.588,10,0,bank_timeout
TXN103376,901.71,wallet,91,464.0,0.116,1,409,0.424,1,0,bank_timeout
TXN103377,232.18,credit_card,21,542.4,0.446,0,486,0.525,22,1,network_error
TXN103378,1380.9,wallet,5,314.6,0.107,2,63,0.254,18,0,network_error
TXN103379,6305.36,debit_card,51,215.9,0.129,2,943,0.181,2,0,insufficient_funds
TXN103380,1715.93,debit_card,21,468.2,0.319,0,345,0.547,14,0,network_error
TXN103381,643.38,credit_card,96,576.1,0.024,0,95,0.879,6,0,network_error
TXN103382,11181.26,wallet,61,154.7,0.306,2,203,0.195,5,0,insufficient_funds
TXN103383,6080.94,wallet,51,199.1,0.182,1,33,0.392,22,1,insufficient_funds
TXN103384,2855.42,credit_card,91,452.9,0.118,0,345,0.81,19,0,bank_timeout
TXN103385,5564.44,credit_card,65,226.3,0.393,2,245,0.081,13,0,insufficient_funds
TXN103386,3989.94,debit_card,51,200.5,0.148,0,245,0.204,2,1,insufficient_funds
TXN103387,1710.17,upi,51,216.1,0.084,3,194,0.367,4,0,insufficient_funds
TXN103388,1791.18,credit_card,61,203.8,0.384,0,131,0.13,16,1,insufficient_funds
TXN103389,1605.49,upi,65,196.0,0.25,1,202,0.15,12,0,insufficient_funds
TXN103390,5283.01,credit_card,65,155.6,0.22,2,67,0.07,5,0,insufficient_funds
TXN103391,1566.73,upi,96,363.0,0.326,0,91,0.265,20,0,network_error
TXN103392,3068.81,debit_card,5,189.2,0.685,0,241,0.727,10,0,fraud_false_positive
TXN103393,11906.09,netbanking,59,242.5,0.798,2,71,0.637,11,1,fraud_false_positive
TXN103394,1367.59,debit_card,91,523.4,0.096,2,1289,0.56,17,1,bank_timeout
TXN103395,3291.91,credit_card,51,190.6,0.086,1,394,0.311,1,1,insufficient_funds
TXN103396,3975.19,upi,51,229.5,0.043,0,723,0.316,12,0,insufficient_funds
TXN103397,171.96,credit_card,51,210.2,0.375,1,433,0.378,5,1,insufficient_funds
TXN103398,5289.09,upi,51,196.0,0.201,4,62,0.048,20,0,insufficient_funds
TXN103399,1265.0,credit_card,65,197.3,0.276,2,1158,0.075,18,0,insufficient_funds
TXN103400,5233.92,wallet,51,227.1,0.269,2,96,0.332,12,1,insufficient_funds
TXN103401,1966.33,upi,91,421.0,0.348,0,737,0.423,16,0,bank_timeout
TXN103402,2148.26,netbanking,51,216.3,0.159,1,179,0.111,0,0,insufficient_funds
TXN103403,759.88,debit_card,96,782.5,0.129,0,711,0.476,20,0,network_error
TXN103404,4205.78,debit_card,96,372.9,0.138,3,385,0.401,4,0,bank_timeout
TXN103405,2439.87,credit_card,65,134.8,0.315,1,104,0.057,12,1,insufficient_funds
TXN103406,7099.65,netbanking,51,113.3,0.154,2,1146,0.065,5,1,insufficient_funds
TXN103407,4798.91,upi,96,478.8,0.079,1,250,0.499,2,0,network_error
TXN103408,1777.24,credit_card,91,407.1,0.21,0,308,0.844,14,0,bank_timeout
TXN103409,3796.3,netbanking,65,216.6,0.166,0,262,0.149,2,1,insufficient_funds
TXN103410,1414.71,debit_card,96,594.4,0.135,0,221,0.498,10,1,network_error
TXN103411,2699.89,upi,68,312.8,0.118,0,284,0.737,1,0,bank_timeout
TXN103412,2013.32,debit_card,96,453.4,0.158,0,219,0.61,2,0,network_error
TXN103413,3387.7,upi,68,431.3,0.157,1,693,0.432,22,1,bank_timeout
TXN103414,4368.23,credit_card,61,205.9,0.094,0,11,0.266,4,0,insufficient_funds
TXN103415,2933.86,upi,61,209.9,0.286,0,426,0.14,20,0,insufficient_funds
TXN103416,4928.87,debit_card,59,222.4,0.68,0,2461,0.827,7,0,fraud_false_positive
TXN103417,4373.83,wallet,61,216.5,0.111,3,62,0.141,11,0,insufficient_funds
TXN103418,3224.09,credit_card,91,315.1,0.069,1,57,0.747,9,0,bank_timeout
TXN103419,910.77,upi,21,530.2,0.405,0,79,0.71,6,0,network_error
TXN103420,2175.57,debit_card,21,573.8,0.076,0,681,0.699,10,0,network_error
TXN103421,973.18,credit_card,61,172.8,0.113,0,158,0.27,3,0,insufficient_funds
TXN103422,1384.79,netbanking,96,482.3,0.143,2,806,0.45,14,1,network_error
TXN103423,980.34,wallet,96,183.7,0.466,1,414,0.195,15,1,bank_timeout
TXN103424,1241.98,debit_card,51,201.7,0.297,1,46,0.69,10,0,insufficient_funds
TXN103425,2794.0,debit_card,5,466.7,0.107,0,322,0.461,3,1,network_error
TXN103426,959.32,debit_card,21,450.7,0.608,0,528,0.708,4,0,network_error
TXN103427,2237.78,netbanking,59,239.7,0.888,0,221,0.979,0,1,fraud_false_positive
TXN103428,3108.65,credit_card,91,384.6,0.093,2,789,0.34,8,1,bank_timeout
TXN103429,2627.56,credit_card,59,201.9,0.357,0,965,0.52,11,0,fraud_false_positive
TXN103430,1688.49,debit_card,5,279.6,0.136,1,1441,0.592,15,1,network_error
TXN103431,3531.35,credit_card,96,386.6,0.192,0,75,0.591,10,0,bank_timeout
TXN103432,1468.79,wallet,96,391.0,0.114,1,57,0.421,16,0,bank_timeout
TXN103433,1291.81,credit_card,51,38.7,0.124,1,12,0.247,10,1,insufficient_funds
TXN103434,2805.69,credit_card,61,94.9,0.048,0,88,0.145,21,0,insufficient_funds
TXN103435,929.93,wallet,96,481.2,0.048,2,458,0.478,19,0,bank_timeout
TXN103436,1947.0,credit_card,61,186.1,0.373,0,282,0.084,7,0,insufficient_funds
TXN103437,1829.44,wallet,61,229.1,0.339,1,7,0.267,20,1,insufficient_funds
TXN103438,5362.45,netbanking,21,474.5,0.077,1,46,0.231,0,0,network_error
TXN103439,1705.98,debit_card,51,146.0,0.219,3,552,0.372,2,1,insufficient_funds
TXN103440,4742.11,upi,91,339.5,0.121,1,1084,0.297,5,1,bank_timeout
TXN103441,2089.31,credit_card,91,397.4,0.109,1,194,0.396,1,0,bank_timeout
TXN103442,2508.15,debit_card,51,188.8,0.104,1,1007,0.412,1,0,insufficient_funds
TXN103443,2068.17,credit_card,5,443.9,0.126,0,1617,0.258,15,0,network_error
TXN103444,3870.7,debit_card,5,141.8,0.716,0,1187,0.67,12,0,fraud_false_positive
TXN103445,991.93,netbanking,5,377.3,0.273,0,343,0.562,2,0,network_error
TXN103446,5191.6,debit_card,51,195.6,0.177,0,227,0.237,12,0,insufficient_funds
TXN103447,4575.91,debit_card,51,133.5,0.47,1,47,0.194,23,0,insufficient_funds
TXN103448,1654.26,credit_card,59,183.9,0.625,0,3339,0.851,7,0,fraud_false_positive
TXN103449,1273.88,upi,96,371.0,0.039,2,478,0.495,17,0,bank_timeout
TXN103450,2709.18,credit_card,96,293.6,0.124,0,177,0.368,7,0,bank_timeout
TXN103451,5555.38,debit_card,59,181.4,0.82,0,189,0.588,19,0,fraud_false_positive
TXN103452,3476.85,upi,61,249.0,0.239,1,106,0.516,21,0,insufficient_funds
TXN103453,3237.07,upi,51,186.5,0.252,3,228,0.463,20,0,insufficient_funds
TXN103454,2563.23,debit_card,91,298.1,0.195,2,454,0.364,17,0,bank_timeout
TXN103455,4470.05,credit_card,51,92.0,0.389,2,397,0.042,2,1,insufficient_funds
TXN103456,2768.97,debit_card,51,163.2,0.087,2,350,0.374,9,0,insufficient_funds
TXN103457,564.9,upi,59,93.0,0.598,0,496,0.792,1,0,fraud_false_positive
TXN103458,2069.95,upi,96,297.3,0.423,1,482,0.58,7,1,bank_timeout
TXN103459,2797.21,debit_card,5,876.2,0.052,1,218,0.247,22,0,network_error
TXN103460,2066.03,credit_card,65,172.2,0.238,3,96,0.368,14,1,insufficient_funds
TXN103461,3577.17,debit_card,51,156.5,0.375,0,701,0.19,22,0,insufficient_funds
TXN103462,20190.23,wallet,59,184.0,0.703,0,50,0.841,8,1,fraud_false_positive
TXN103463,2006.57,debit_card,21,550.5,0.164,0,522,0.401,14,1,network_error
TXN103464,6366.18,credit_card,59,192.9,0.969,0,1003,0.796,14,0,fraud_false_positive
TXN103465,6750.69,credit_card,5,235.2,0.789,0,969,0.542,13,0,fraud_false_positive
TXN103466,893.37,credit_card,61,240.3,0.078,2,43,0.146,12,1,insufficient_funds
TXN103467,2702.19,upi,51,185.7,0.383,2,339,0.188,0,1,insufficient_funds
TXN103468,9338.12,upi,51,131.2,0.056,1,119,0.317,3,1,insufficient_funds
TXN103469,2779.12,debit_card,96,574.0,0.253,0,463,0.676,20,0,network_error
TXN103470,8143.95,debit_card,59,186.6,0.612,0,798,0.517,21,1,fraud_false_positive
TXN103471,1635.95,upi,96,663.3,0.155,0,175,0.492,15,0,network_error
TXN103472,4380.15,credit_card,51,171.3,0.174,0,575,0.196,1,0,insufficient_funds
TXN103473,1011.16,debit_card,96,282.9,0.067,0,639,0.546,14,0,bank_timeout
TXN103474,1081.62,netbanking,96,439.4,0.179,1,712,0.34,15,0,network_error
TXN103475,2297.58,credit_card,96,354.7,0.127,0,315,0.43,2,1,bank_timeout
TXN103476,628.82,wallet,96,546.3,0.177,0,1184,0.163,11,0,network_error
TXN103477,1675.44,upi,51,199.8,0.23,2,583,0.769,22,0,insufficient_funds
TXN103478,1432.35,credit_card,96,139.3,0.174,1,984,0.442,4,0,bank_timeout
TXN103479,3031.36,credit_card,51,215.5,0.627,1,322,0.583,6,0,insufficient_funds
TXN103480,2982.87,credit_card,51,206.2,0.134,1,196,0.079,9,0,insufficient_funds
TXN103481,1720.97,debit_card,61,148.4,0.162,2,68,0.192,20,1,insufficient_funds
TXN103482,1089.25,upi,96,681.6,0.102,1,773,0.865,9,1,network_error
TXN103483,531.37,credit_card,51,192.2,0.243,1,860,0.171,23,0,insufficient_funds
TXN103484,4444.21,debit_card,59,145.1,0.88,3,1712,0.774,12,0,fraud_false_positive
TXN103485,16844.8,netbanking,5,170.8,0.828,0,583,0.791,17,1,fraud_false_positive
TXN103486,2173.36,debit_card,51,228.3,0.237,0,190,0.393,17,0,insufficient_funds
TXN103487,1076.82,debit_card,96,273.7,0.107,1,396,0.443,22,0,bank_timeout
TXN103488,2962.67,debit_card,51,189.9,0.028,1,251,0.258,23,0,insufficient_funds
TXN103489,1939.83,debit_card,96,492.2,0.128,0,67,0.806,23,0,network_error
TXN103490,4910.82,debit_card,51,203.0,0.109,1,544,0.329,13,1,insufficient_funds
TXN103491,4334.56,credit_card,51,99.4,0.48,1,158,0.357,6,1,insufficient_funds
TXN103492,554.43,debit_card,96,570.5,0.19,0,334,0.322,2,0,network_error
TXN103493,1369.6,credit_card,96,683.7,0.485,1,198,0.746,2,1,network_error
TXN103494,2946.32,upi,61,204.0,0.255,0,67,0.147,19,0,insufficient_funds
TXN103495,1103.46,credit_card,96,481.4,0.14,0,572,0.641,12,0,network_error
TXN103496,5729.38,wallet,63,188.8,0.733,0,381,0.619,7,0,fraud_false_positive
TXN103497,1585.0,credit_card,61,235.1,0.206,0,64,0.392,19,0,insufficient_funds
TXN103498,3190.98,debit_card,63,157.1,0.895,1,361,0.843,5,0,fraud_false_positive
TXN103499,2855.05,debit_card,51,158.3,0.052,0,41,0.577,23,0,insufficient_funds
TXN103500,1228.8,debit_card,96,530.4,0.352,0,97,0.411,22,1,network_error
TXN103501,4120.71,upi,61,138.3,0.143,1,133,0.206,9,0,insufficient_funds
TXN103502,1095.71,netbanking,5,427.6,0.109,1,223,0.458,10,0,network_error
TXN103503,7162.45,debit_card,5,179.5,0.793,0,557,0.381,8,0,fraud_false_positive
TXN103504,1069.3,debit_card,91,416.8,0.317,1,1250,0.656,11,1,bank_timeout
TXN103505,1314.76,credit_card,51,186.1,0.043,1,470,0.322,18,1,insufficient_funds
TXN103506,1267.98,credit_card,5,512.5,0.061,1,319,0.669,14,0,network_error
TXN103507,3451.43,upi,51,196.4,0.332,2,211,0.108,13,1,insufficient_funds
TXN103508,1295.36,credit_card,96,334.8,0.257,2,288,0.378,5,0,bank_timeout
TXN103509,1219.09,upi,21,624.1,0.397,1,955,0.295,20,0,network_error
TXN103510,4393.0,debit_card,51,162.1,0.126,2,630,0.25,10,0,insufficient_funds
TXN103511,11550.35,wallet,61,178.0,0.144,1,586,0.031,20,0,insufficient_funds
TXN103512,609.97,upi,61,175.2,0.225,1,333,0.097,0,1,insufficient_funds
TXN103513,1072.1,netbanking,51,204.7,0.227,2,323,0.451,5,0,insufficient_funds
TXN103514,5325.66,upi,59,247.6,0.657,0,237,0.848,0,0,fraud_false_positive
TXN103515,1127.6,debit_card,91,247.7,0.171,1,1369,0.681,7,0,bank_timeout
TXN103516,3062.14,credit_card,51,193.0,0.123,1,122,0.368,2,0,insufficient_funds
TXN103517,889.03,credit_card,51,181.3,0.03,0,807,0.507,13,0,insufficient_funds
TXN103518,1832.9,wallet,96,462.5,0.099,0,144,0.305,19,0,network_error
TXN103519,995.3,netbanking,91,356.4,0.327,0,672,0.379,4,0,bank_timeout
TXN103520,1784.0,upi,61,220.7,0.155,0,52,0.167,11,1,insufficient_funds
TXN103521,5506.71,credit_card,51,122.9,0.077,0,560,0.033,3,1,insufficient_funds
TXN103522,7500.8,upi,59,170.3,0.901,2,562,0.742,8,1,fraud_false_positive
TXN103523,2982.24,credit_card,59,162.2,0.795,0,108,0.601,9,0,fraud_false_positive
TXN103524,3188.51,debit_card,51,148.6,0.241,0,49,0.197,6,0,insufficient_funds
TXN103525,2567.99,upi,51,155.6,0.213,0,1119,0.364,20,1,insufficient_funds
TXN103526,1478.91,debit_card,96,377.8,0.304,1,270,0.499,21,0,bank_timeout
TXN103527,5492.04,upi,51,191.5,0.038,2,1619,0.282,20,0,insufficient_funds
TXN103528,2078.97,credit_card,96,310.2,0.155,0,408,0.352,18,1,bank_timeout
TXN103529,875.08,credit_card,96,507.6,0.169,0,817,0.797,8,1,network_error
TXN103530,2317.39,upi,91,402.1,0.097,0,106,0.62,23,1,bank_timeout
TXN103531,1249.66,credit_card,51,175.0,0.358,1,868,0.157,3,0,insufficient_funds
TXN103532,3677.68,debit_card,59,214.8,0.795,0,1031,0.617,11,0,fraud_false_positive
TXN103533,2276.79,debit_card,91,401.0,0.534,0,892,0.66,1,0,bank_timeout
TXN103534,5128.9,wallet,59,234.7,0.538,0,796,0.584,0,1,fraud_false_positive
TXN103535,486.2,netbanking,68,513.4,0.182,0,122,0.146,0,0,bank_timeout
TXN103536,1170.46,debit_card,91,383.6,0.023,0,19,0.39,16,0,bank_timeout
TXN103537,1772.36,debit_card,51,103.6,0.167,3,150,0.328,6,0,insufficient_funds
TXN103538,1295.67,credit_card,63,234.0,0.76,0,1273,0.817,6,1,fraud_false_positive
TXN103539,3800.53,debit_card,51,215.3,0.046,2,388,0.17,20,0,insufficient_funds
TXN103540,4720.9,netbanking,59,174.4,0.598,0,1446,0.386,16,0,fraud_false_positive
TXN103541,263.54,upi,51,198.8,0.096,0,113,0.087,18,0,insufficient_funds
TXN103542,7315.43,credit_card,51,226.5,0.076,1,658,0.044,2,0,insufficient_funds
TXN103543,2435.16,upi,61,211.1,0.043,1,571,0.252,14,0,insufficient_funds
TXN103544,5972.46,upi,65,271.9,0.497,1,562,0.29,1,0,insufficient_funds
TXN103545,1510.58,upi,51,132.0,0.108,0,957,0.386,10,0,insufficient_funds
TXN103546,2733.82,debit_card,51,173.0,0.124,2,53,0.185,2,0,insufficient_funds
TXN103547,155.79,upi,5,516.7,0.118,0,31,0.77,2,0,network_error
TXN103548,3166.33,netbanking,91,307.9,0.088,0,169,0.377,0,1,bank_timeout
TXN103549,6433.91,debit_card,51,204.0,0.493,1,571,0.085,18,0,insufficient_funds
TXN103550,1739.1,debit_card,96,500.1,0.35,0,1429,0.313,2,1,network_error
TXN103551,2079.15,upi,51,199.4,0.074,0,248,0.092,21,1,insufficient_funds
TXN103552,4153.68,debit_card,51,141.7,0.356,0,287,0.126,4,0,insufficient_funds
TXN103553,4080.63,upi,61,161.2,0.261,2,41,0.245,11,0,insufficient_funds
TXN103554,3206.93,debit_card,91,357.6,0.078,0,225,0.497,23,0,bank_timeout
TXN103555,760.6,upi,96,264.8,0.088,0,619,0.582,13,0,bank_timeout
TXN103556,3321.47,debit_card,21,731.3,0.516,0,318,0.217,15,1,network_error
TXN103557,2095.31,upi,51,141.0,0.345,0,297,0.23,16,0,insufficient_funds
TXN103558,5337.34,debit_card,51,172.4,0.053,1,543,0.266,12,1,insufficient_funds
TXN103559,4776.14,upi,63,212.4,0.65,0,1326,0.751,10,0,fraud_false_positive
TXN103560,10139.45,debit_card,51,136.8,0.308,1,38,0.123,19,0,insufficient_funds
TXN103561,5454.23,debit_card,21,455.8,0.138,0,1194,0.324,11,0,network_error
TXN103562,3060.8,debit_card,91,483.5,0.263,0,195,0.524,16,1,bank_timeout
TXN103563,411.73,debit_card,21,737.9,0.226,0,341,0.409,4,1,network_error
TXN103564,3958.31,debit_card,59,195.1,0.853,1,3068,0.798,0,0,fraud_false_positive
TXN103565,711.07,debit_card,21,454.4,0.18,0,88,0.169,13,0,network_error
TXN103566,491.67,credit_card,51,129.3,0.169,1,496,0.371,17,0,insufficient_funds
TXN103567,9352.83,credit_card,51,121.7,0.207,1,328,0.163,18,1,insufficient_funds
TXN103568,503.94,wallet,59,225.5,0.598,0,374,0.791,11,0,fraud_false_positive
TXN103569,277.53,debit_card,96,413.3,0.128,0,479,0.211,16,1,network_error
TXN103570,892.02,debit_card,96,523.4,0.388,0,214,0.582,19,0,network_error
TXN103571,967.43,credit_card,5,647.7,0.114,0,47,0.222,3,0,network_error
TXN103572,3606.9,debit_card,68,478.1,0.086,3,569,0.431,1,0,bank_timeout
TXN103573,2155.83,credit_card,96,565.9,0.135,1,867,0.499,0,1,network_error
TXN103574,7857.89,debit_card,61,203.4,0.11,1,233,0.275,8,1,insufficient_funds
TXN103575,3197.42,credit_card,59,143.7,0.804,1,590,0.64,5,1,fraud_false_positive
TXN103576,3239.22,debit_card,96,456.9,0.41,0,193,0.575,14,0,network_error
TXN103577,686.68,debit_card,96,220.8,0.299,0,161,0.466,11,1,network_error
TXN103578,2305.03,credit_card,61,159.8,0.311,1,408,0.277,18,0,insufficient_funds
TXN103579,1853.46,credit_card,51,223.5,0.16,0,546,0.348,11,0,insufficient_funds
TXN103580,4615.35,credit_card,63,89.0,0.769,2,1364,0.459,14,1,fraud_false_positive
TXN103581,1045.14,upi,5,601.5,0.388,0,821,0.489,8,1,network_error
TXN103582,4211.83,debit_card,51,201.0,0.23,1,212,0.504,10,0,insufficient_funds
TXN103583,8024.84,wallet,61,175.1,0.134,1,145,0.44,8,0,insufficient_funds
TXN103584,7413.06,credit_card,59,131.0,0.732,3,941,0.657,12,0,fraud_false_positive
TXN103585,1310.56,debit_card,96,329.6,0.502,0,648,0.638,11,0,bank_timeout
TXN103586,1289.28,credit_card,96,344.3,0.361,0,423,0.755,19,1,network_error
TXN103587,2153.83,wallet,61,241.3,0.143,0,192,0.171,11,0,insufficient_funds
TXN103588,6060.31,credit_card,51,118.1,0.683,3,223,0.089,10,0,insufficient_funds
TXN103589,699.48,credit_card,96,333.8,0.344,1,932,0.612,8,0,bank_timeout
TXN103590,2074.88,credit_card,91,243.6,0.055,0,119,0.664,15,0,bank_timeout
TXN103591,901.39,upi,91,391.1,0.445,1,1344,0.559,11,0,bank_timeout
TXN103592,4019.28,upi,51,207.1,0.238,4,198,0.498,3,1,insufficient_funds
TXN103593,8811.46,upi,51,228.2,0.234,0,133,0.142,6,0,insufficient_funds
TXN103594,7990.91,upi,59,256.8,0.939,1,1682,0.685,12,0,fraud_false_positive
TXN103595,1837.68,upi,96,717.3,0.192,1,652,0.534,23,0,network_error
TXN103596,1916.24,debit_card,96,538.2,0.445,1,610,0.749,2,0,network_error
TXN103597,235.14,wallet,91,378.9,0.269,0,23,0.332,14,0,bank_timeout
TXN103598,993.91,credit_card,91,343.3,0.033,0,708,0.26,22,0,bank_timeout
TXN103599,1738.61,debit_card,51,155.5,0.088,0,879,0.318,15,1,insufficient_funds
TXN103600,488.86,netbanking,21,329.2,0.175,0,798,0.515,10,1,network_error
TXN103601,2357.33,upi,51,166.8,0.187,1,1225,0.354,18,1,insufficient_funds
TXN103602,3176.46,netbanking,91,421.8,0.022,0,559,0.683,7,1,bank_timeout
TXN103603,3021.01,credit_card,51,144.4,0.339,1,245,0.187,11,0,insufficient_funds
TXN103604,1879.35,debit_card,21,570.6,0.461,0,676,0.335,7,0,network_error
TXN103605,526.86,credit_card,21,548.6,0.042,0,6,0.179,18,0,network_error
TXN103606,64.55,debit_card,91,358.2,0.345,0,240,0.411,17,0,bank_timeout
TXN103607,1455.96,debit_card,96,455.4,0.183,0,286,0.847,14,0,bank_timeout
TXN103608,2321.17,upi,51,122.0,0.349,0,54,0.271,10,1,insufficient_funds
TXN103609,1694.5,upi,91,362.6,0.216,0,218,0.509,18,0,bank_timeout
TXN103610,3517.24,wallet,5,397.1,0.292,0,552,0.64,17,0,network_error
TXN103611,1512.67,debit_card,65,164.3,0.272,0,9,0.249,8,0,insufficient_funds
TXN103612,4163.54,credit_card,63,190.0,0.474,0,894,0.713,4,1,fraud_false_positive
TXN103613,1924.31,upi,61,231.8,0.061,3,380,0.311,10,0,insufficient_funds
TXN103614,7270.88,wallet,61,224.0,0.351,0,1837,0.233,10,1,insufficient_funds
TXN103615,1621.45,debit_card,61,129.8,0.172,2,193,0.14,0,0,insufficient_funds
TXN103616,6103.1,debit_card,51,223.0,0.074,0,477,0.32,0,1,insufficient_funds
TXN103617,4401.5,upi,51,185.2,0.236,0,86,0.119,8,0,insufficient_funds
TXN103618,2392.75,debit_card,91,267.8,0.365,2,1105,0.622,15,1,bank_timeout
TXN103619,529.26,credit_card,68,461.1,0.376,1,164,0.493,13,1,bank_timeout
TXN103620,1941.12,debit_card,96,362.9,0.048,0,159,0.279,23,0,network_error
TXN103621,2439.53,debit_card,51,152.1,0.07,1,1117,0.635,21,0,insufficient_funds
TXN103622,2713.77,wallet,68,232.6,0.161,0,752,0.567,15,0,bank_timeout
TXN103623,5181.45,credit_card,51,187.1,0.39,1,866,0.247,22,1,insufficient_funds
TXN103624,6006.78,debit_card,65,167.5,0.162,0,273,0.515,2,1,insufficient_funds
TXN103625,4397.85,debit_card,51,218.4,0.054,2,519,0.329,22,1,insufficient_funds
TXN103626,1909.55,credit_card,61,215.0,0.134,1,596,0.15,7,0,insufficient_funds
TXN103627,14380.32,wallet,63,173.2,0.803,1,888,0.64,20,1,fraud_false_positive
TXN103628,2663.5,upi,91,251.9,0.142,3,110,0.757,6,0,bank_timeout
TXN103629,3417.25,upi,61,141.4,0.166,1,75,0.087,6,1,insufficient_funds
TXN103630,833.7,credit_card,91,442.8,0.125,0,44,0.485,4,0,bank_timeout
TXN103631,1827.94,credit_card,51,175.3,0.287,2,865,0.156,17,0,insufficient_funds
TXN103632,1776.18,netbanking,5,610.9,0.308,0,267,0.456,13,0,network_error
TXN103633,6476.27,credit_card,51,189.0,0.305,1,21,0.337,9,0,insufficient_funds
TXN103634,1519.77,credit_card,5,598.3,0.412,1,110,0.689,14,0,network_error
TXN103635,1469.28,credit_card,61,148.3,0.113,2,132,0.364,15,0,insufficient_funds
TXN103636,2272.16,upi,21,423.1,0.348,0,1479,0.783,16,0,network_error
TXN103637,2773.98,debit_card,61,249.6,0.038,3,247,0.189,16,0,insufficient_funds
TXN103638,467.09,credit_card,5,98.6,0.822,0,147,0.501,21,0,fraud_false_positive
TXN103639,3321.04,wallet,61,187.9,0.067,1,178,0.228,15,0,insufficient_funds
TXN103640,3669.99,debit_card,59,214.4,0.771,1,2586,0.8,6,0,fraud_false_positive
TXN103641,2557.27,debit_card,59,210.1,0.698,1,183,0.534,10,0,fraud_false_positive
TXN103642,5214.14,upi,5,143.7,0.751,1,88,0.739,2,1,fraud_false_positive
TXN103643,8166.34,debit_card,51,180.7,0.086,2,270,0.36,22,0,insufficient_funds
TXN103644,3735.24,debit_card,51,140.9,0.145,0,659,0.192,12,0,insufficient_funds
TXN103645,1947.42,debit_card,91,261.2,0.06,0,11,0.727,2,0,bank_timeout
TXN103646,2361.02,debit_card,59,198.5,0.737,1,625,0.76,8,1,fraud_false_positive
TXN103647,621.74,credit_card,59,86.3,0.709,1,98,0.709,15,0,fraud_false_positive
TXN103648,887.17,upi,5,670.1,0.051,1,142,0.55,13,0,network_error
TXN103649,3347.95,credit_card,61,201.3,0.247,2,91,0.281,19,1,insufficient_funds
TXN103650,11621.45,credit_card,59,262.8,0.959,0,996,0.493,1,0,fraud_false_positive
TXN103651,9787.25,wallet,59,179.3,0.791,1,363,0.878,18,0,fraud_false_positive
TXN103652,1708.29,credit_card,21,512.2,0.321,1,498,0.202,6,1,network_error
TXN103653,3295.3,debit_card,68,140.4,0.101,1,208,0.614,19,1,bank_timeout
TXN103654,3223.2,debit_card,59,273.1,0.62,0,592,0.8,23,1,fraud_false_positive
TXN103655,8074.23,upi,51,65.4,0.167,2,120,0.299,18,0,insufficient_funds
TXN103656,523.52,wallet,91,419.0,0.161,0,528,0.55,7,0,bank_timeout
TXN103657,1047.35,credit_card,21,535.0,0.096,0,424,0.731,1,0,network_error
TXN103658,1674.78,upi,51,223.3,0.075,1,115,0.422,12,0,insufficient_funds
TXN103659,692.89,debit_card,21,576.1,0.079,0,69,0.109,6,1,network_error
TXN103660,4460.3,debit_card,91,303.6,0.176,2,49,0.661,1,0,bank_timeout
TXN103661,6820.6,credit_card,51,245.6,0.313,2,490,0.35,23,0,insufficient_funds
TXN103662,2031.71,credit_card,96,437.4,0.264,1,108,0.782,18,1,bank_timeout
TXN103663,1338.57,wallet,91,443.9,0.133,2,184,0.714,2,0,bank_timeout
TXN103664,2860.02,wallet,51,158.0,0.397,1,563,0.174,18,0,insufficient_funds
TXN103665,1042.37,credit_card,91,306.4,0.149,0,230,0.204,23,0,bank_timeout
TXN103666,1682.9,debit_card,21,341.9,0.195,1,132,0.525,0,0,network_error
TXN103667,1343.19,debit_card,21,343.0,0.104,1,63,0.693,17,0,network_error
TXN103668,13366.63,netbanking,59,220.0,0.758,0,661,0.632,13,0,fraud_false_positive
TXN103669,2088.73,credit_card,96,381.2,0.117,1,197,0.857,1,0,bank_timeout
TXN103670,2456.55,credit_card,63,190.0,0.779,1,373,0.771,2,0,fraud_false_positive
TXN103671,2110.66,debit_card,96,670.2,0.2,0,193,0.391,23,1,network_error
TXN103672,4139.01,credit_card,51,154.2,0.109,1,319,0.198,22,0,insufficient_funds
TXN103673,8386.24,upi,51,166.5,0.19,0,43,0.152,21,1,insufficient_funds
TXN103674,4725.42,upi,51,189.7,0.066,1,76,0.12,5,1,insufficient_funds
TXN103675,4548.64,debit_card,51,110.1,0.108,1,167,0.116,15,0,insufficient_funds
TXN103676,3746.27,upi,51,205.8,0.013,1,359,0.177,22,0,insufficient_funds
TXN103677,678.11,upi,91,334.8,0.173,2,773,0.431,10,0,bank_timeout
TXN103678,8201.27,credit_card,59,283.4,0.518,0,1394,0.716,2,0,fraud_false_positive
TXN103679,1396.3,debit_card,21,333.6,0.154,0,1164,0.528,15,0,network_error
TXN103680,2105.28,debit_card,51,204.7,0.206,2,875,0.198,0,0,insufficient_funds
TXN103681,5068.44,credit_card,51,196.2,0.07,1,584,0.273,13,1,insufficient_funds
TXN103682,1349.86,credit_card,59,167.1,0.856,1,2119,0.687,22,1,fraud_false_positive
TXN103683,3244.41,debit_card,5,570.0,0.132,0,610,0.581,23,0,network_error
TXN103684,4058.25,credit_card,65,246.7,0.049,2,708,0.232,10,0,insufficient_funds
TXN103685,4108.26,credit_card,51,166.8,0.233,1,1008,0.18,17,0,insufficient_funds
TXN103686,4423.87,credit_card,51,88.9,0.379,1,143,0.395,14,0,insufficient_funds
TXN103687,1764.95,debit_card,21,335.1,0.555,0,85,0.749,2,1,network_error
TXN103688,2689.6,upi,51,188.2,0.094,3,19,0.086,0,0,insufficient_funds
TXN103689,2554.16,debit_card,61,131.9,0.235,1,291,0.41,17,1,insufficient_funds
TXN103690,1652.77,credit_card,96,602.8,0.042,0,610,0.281,19,0,network_error
TXN103691,1704.62,debit_card,59,99.0,0.689,1,600,0.757,22,0,fraud_false_positive
TXN103692,2091.6,upi,51,214.1,0.201,1,17,0.37,23,1,insufficient_funds
TXN103693,4535.43,netbanking,65,156.0,0.184,4,376,0.547,1,1,insufficient_funds
TXN103694,394.63,debit_card,96,523.5,0.381,1,1114,0.496,16,0,network_error
TXN103695,2318.98,debit_card,5,256.2,0.591,0,519,0.519,5,0,fraud_false_positive
TXN103696,3353.44,debit_card,65,152.7,0.204,0,581,0.328,10,0,insufficient_funds
TXN103697,1867.46,debit_card,96,387.6,0.19,0,141,0.273,20,1,network_error
TXN103698,1994.87,netbanking,51,114.9,0.066,2,56,0.194,5,0,insufficient_funds
TXN103699,5591.06,credit_card,51,246.3,0.138,1,493,0.453,15,0,insufficient_funds
TXN103700,3018.51,upi,96,397.0,0.174,0,1148,0.384,14,0,bank_timeout
TXN103701,2670.74,debit_card,96,245.4,0.505,0,536,0.377,6,0,bank_timeout
TXN103702,3806.71,upi,51,112.5,0.128,2,29,0.451,18,0,insufficient_funds
TXN103703,2512.49,debit_card,91,372.0,0.398,1,864,0.185,2,1,bank_timeout
TXN103704,2818.68,upi,61,242.4,0.072,1,503,0.602,2,1,insufficient_funds
TXN103705,1066.24,credit_card,96,453.9,0.543,0,447,0.416,4,0,network_error
TXN103706,3877.33,debit_card,51,204.6,0.417,2,435,0.114,22,0,insufficient_funds
TXN103707,664.28,upi,59,295.8,0.805,1,76,0.689,18,0,fraud_false_positive
TXN103708,3318.34,debit_card,65,156.3,0.084,1,204,0.202,9,0,insufficient_funds
TXN103709,2784.64,debit_card,51,177.9,0.379,3,328,0.105,2,1,insufficient_funds
TXN103710,1741.17,netbanking,51,178.4,0.309,1,104,0.159,22,1,insufficient_funds
TXN103711,2335.47,debit_card,51,168.2,0.168,2,423,0.029,16,0,insufficient_funds
TXN103712,2628.54,credit_card,51,119.7,0.219,2,69,0.238,19,1,insufficient_funds
TXN103713,13764.64,debit_card,59,145.9,0.732,1,78,0.659,23,0,fraud_false_positive
TXN103714,1809.77,credit_card,65,203.4,0.081,2,266,0.067,4,1,insufficient_funds
TXN103715,7362.19,wallet,59,130.1,0.77,0,493,0.54,17,0,fraud_false_positive
TXN103716,2577.09,debit_card,51,146.6,0.194,4,443,0.678,20,1,insufficient_funds
TXN103717,3689.04,wallet,61,184.7,0.129,2,266,0.454,0,0,insufficient_funds
TXN103718,4085.84,credit_card,51,214.7,0.269,2,615,0.394,2,0,insufficient_funds
TXN103719,7008.82,upi,59,77.9,0.871,1,1281,0.698,17,1,fraud_false_positive
TXN103720,1264.54,debit_card,5,631.9,0.386,0,91,0.445,1,0,network_error
TXN103721,3544.74,debit_card,51,164.9,0.085,3,551,0.113,17,0,insufficient_funds
TXN103722,1760.22,credit_card,91,182.1,0.061,0,413,0.711,2,0,bank_timeout
TXN103723,3410.67,debit_card,59,118.5,0.808,1,2414,0.636,23,0,fraud_false_positive
TXN103724,1621.16,debit_card,51,122.5,0.068,1,117,0.317,18,0,insufficient_funds
TXN103725,1347.52,netbanking,96,650.6,0.056,2,728,0.668,22,0,network_error
TXN103726,4576.54,credit_card,21,665.2,0.228,0,366,0.54,19,1,network_error
TXN103727,786.49,debit_card,21,518.3,0.341,0,229,0.286,6,1,network_error
TXN103728,1556.24,credit_card,96,547.6,0.093,0,420,0.395,2,1,network_error
TXN103729,1138.03,netbanking,96,485.4,0.195,0,307,0.374,17,1,bank_timeout
TXN103730,2876.8,debit_card,51,117.0,0.199,1,39,0.262,21,0,insufficient_funds
TXN103731,875.01,credit_card,51,188.5,0.127,1,290,0.135,9,0,insufficient_funds
TXN103732,4022.61,wallet,59,269.4,0.551,0,4307,0.721,0,1,fraud_false_positive
TXN103733,1793.33,credit_card,61,142.0,0.519,0,312,0.243,15,0,insufficient_funds
TXN103734,12625.77,wallet,61,188.6,0.133,2,122,0.035,19,0,insufficient_funds
TXN103735,4956.33,upi,96,212.8,0.149,0,1116,0.274,10,1,network_error
TXN103736,5456.12,upi,61,161.4,0.26,2,681,0.184,4,1,insufficient_funds
TXN103737,2959.63,credit_card,51,192.1,0.149,4,545,0.059,8,1,insufficient_funds
TXN103738,2639.28,credit_card,21,493.7,0.055,0,338,0.766,18,0,network_error
TXN103739,1843.7,upi,63,142.0,0.835,1,66,0.581,13,1,fraud_false_positive
TXN103740,2969.5,debit_card,61,210.1,0.318,1,505,0.315,20,0,insufficient_funds
TXN103741,1817.67,upi,96,464.9,0.056,0,1271,0.408,19,0,network_error
TXN103742,753.01,credit_card,96,387.6,0.06,0,599,0.704,13,0,bank_timeout
TXN103743,1631.66,debit_card,96,632.8,0.087,1,237,0.473,8,0,network_error
TXN103744,630.18,debit_card,91,445.2,0.137,0,309,0.742,3,1,bank_timeout
TXN103745,3390.34,credit_card,51,110.9,0.128,0,537,0.364,19,1,insufficient_funds
TXN103746,1968.69,credit_card,96,461.5,0.187,1,341,0.732,1,0,network_error
TXN103747,5098.61,debit_card,91,352.4,0.112,0,411,0.772,21,0,bank_timeout
TXN103748,2010.99,debit_card,51,201.8,0.1,0,119,0.143,19,0,insufficient_funds
TXN103749,1047.1,netbanking,96,487.4,0.195,0,199,0.533,21,0,network_error
TXN103750,3524.08,credit_card,5,471.1,0.238,0,287,0.374,4,0,network_error
TXN103751,1377.93,wallet,91,279.0,0.121,2,1727,0.513,20,0,bank_timeout
TXN103752,463.37,netbanking,21,552.9,0.267,0,692,0.331,1,1,network_error
TXN103753,1277.39,credit_card,21,578.1,0.331,1,269,0.788,1,0,network_error
TXN103754,6625.46,wallet,5,691.3,0.107,0,566,0.323,4,1,network_error
TXN103755,8830.11,debit_card,61,180.1,0.291,1,1327,0.38,6,0,insufficient_funds
TXN103756,1140.87,credit_card,96,483.2,0.138,0,501,0.307,8,1,bank_timeout
TXN103757,1697.35,wallet,51,252.7,0.32,1,37,0.143,16,0,insufficient_funds
TXN103758,556.14,credit_card,68,263.3,0.023,1,166,0.278,12,1,bank_timeout
TXN103759,1421.26,credit_card,96,568.9,0.511,1,1190,0.622,19,0,network_error
TXN103760,1467.87,debit_card,51,64.6,0.295,1,342,0.204,22,1,insufficient_funds
TXN103761,831.07,credit_card,96,539.5,0.182,1,99,0.341,18,1,network_error
TXN103762,6138.5,credit_card,91,357.2,0.092,0,314,0.665,9,0,bank_timeout
TXN103763,7809.63,upi,63,146.8,0.752,0,693,0.75,16,0,fraud_false_positive
TXN103764,560.77,debit_card,91,302.7,0.048,1,175,0.872,16,1,bank_timeout
TXN103765,2847.42,debit_card,96,474.0,0.336,1,14,0.478,6,0,network_error
TXN103766,3494.57,upi,96,610.9,0.176,1,548,0.592,23,1,network_error
TXN103767,2452.62,wallet,65,205.5,0.282,1,354,0.006,14,1,insufficient_funds
TXN103768,8604.3,upi,51,184.1,0.298,1,644,0.334,1,0,insufficient_funds
TXN103769,3332.92,upi,91,247.1,0.077,0,272,0.578,1,1,bank_timeout
TXN103770,3481.31,upi,96,437.9,0.299,1,494,0.41,21,0,network_error
TXN103771,1204.55,debit_card,61,240.0,0.121,3,110,0.409,14,1,insufficient_funds
TXN103772,4584.78,upi,91,345.0,0.17,0,1459,0.741,6,0,bank_timeout
TXN103773,7286.1,upi,51,143.2,0.134,1,425,0.426,21,0,insufficient_funds
TXN103774,2449.62,credit_card,61,214.0,0.068,2,47,0.507,21,0,insufficient_funds
TXN103775,4149.38,netbanking,51,186.8,0.495,5,442,0.622,10,0,insufficient_funds
TXN103776,9615.29,netbanking,5,236.3,0.528,0,186,0.624,15,0,fraud_false_positive
TXN103777,5063.88,credit_card,21,485.0,0.277,0,330,0.277,0,0,network_error
TXN103778,1605.96,netbanking,5,543.6,0.315,0,130,0.474,18,0,network_error
TXN103779,6157.36,credit_card,61,232.0,0.063,1,227,0.445,19,1,insufficient_funds
TXN103780,872.11,debit_card,96,450.0,0.141,1,234,0.154,22,0,network_error
TXN103781,415.19,debit_card,96,484.2,0.293,0,10,0.39,7,1,network_error
TXN103782,7723.29,upi,51,123.7,0.24,1,329,0.335,23,0,insufficient_funds
TXN103783,2761.56,debit_card,91,467.1,0.276,1,73,0.131,23,0,bank_timeout
TXN103784,8267.84,netbanking,65,274.2,0.12,2,223,0.203,4,0,insufficient_funds
TXN103785,543.6,credit_card,91,285.2,0.182,0,518,0.445,22,0,bank_timeout
TXN103786,4381.13,wallet,63,188.8,0.892,1,138,0.665,13,0,fraud_false_positive
TXN103787,3933.17,credit_card,51,188.3,0.413,0,117,0.148,13,0,insufficient_funds
TXN103788,5192.69,wallet,59,244.9,0.513,0,174,0.706,3,1,fraud_false_positive
TXN103789,2393.2,upi,68,365.4,0.026,0,650,0.426,7,1,bank_timeout
TXN103790,373.26,credit_card,96,277.0,0.169,0,181,0.522,3,1,network_error
TXN103791,2520.62,debit_card,51,169.9,0.136,1,553,0.311,13,0,insufficient_funds
TXN103792,1398.44,debit_card,96,340.5,0.127,0,2346,0.802,10,0,bank_timeout
TXN103793,1460.69,debit_card,21,528.3,0.236,1,20,0.203,22,1,network_error
TXN103794,318.84,credit_card,96,483.4,0.138,0,41,0.455,6,1,network_error
TXN103795,1649.7,wallet,59,140.3,0.657,0,545,0.682,1,1,fraud_false_positive
TXN103796,844.53,debit_card,51,195.0,0.157,2,423,0.561,9,1,insufficient_funds
TXN103797,1904.36,credit_card,96,717.7,0.371,0,1028,0.539,15,0,network_error
TXN103798,2874.42,credit_card,63,131.7,0.838,0,1767,0.801,16,0,fraud_false_positive
TXN103799,1566.88,credit_card,63,235.7,0.943,0,348,0.509,11,0,fraud_false_positive
TXN103800,10705.33,upi,61,240.4,0.184,1,1350,0.355,5,0,insufficient_funds
TXN103801,1492.26,debit_card,91,548.2,0.219,1,270,0.339,14,1,bank_timeout
TXN103802,5080.28,wallet,61,173.6,0.133,1,54,0.073,19,0,insufficient_funds
TXN103803,5439.11,debit_card,61,193.3,0.273,4,292,0.291,20,1,insufficient_funds
TXN103804,4775.21,debit_card,51,256.7,0.142,1,130,0.177,15,0,insufficient_funds
TXN103805,446.1,debit_card,96,449.0,0.066,0,278,0.745,19,0,network_error
TXN103806,8966.64,netbanking,59,231.8,0.858,0,616,0.58,19,0,fraud_false_positive
TXN103807,170.34,upi,5,454.4,0.118,0,1582,0.505,9,0,network_error
TXN103808,3183.13,upi,51,80.8,0.118,2,35,0.238,7,1,insufficient_funds
TXN103809,1834.03,netbanking,91,312.8,0.305,1,93,0.697,8,0,bank_timeout
TXN103810,2323.14,netbanking,51,216.5,0.157,2,236,0.115,15,0,insufficient_funds
TXN103811,243.34,netbanking,91,491.8,0.334,4,93,0.564,22,1,bank_timeout
TXN103812,1672.49,netbanking,63,116.1,0.781,0,449,0.662,20,1,fraud_false_positive
TXN103813,6240.51,credit_card,59,237.5,0.843,0,688,0.657,19,1,fraud_false_positive
TXN103814,1492.74,debit_card,21,398.6,0.144,1,117,0.651,23,0,network_error
TXN103815,1803.28,netbanking,65,159.9,0.303,0,450,0.353,11,0,insufficient_funds
TXN103816,7629.45,credit_card,61,149.6,0.208,0,46,0.102,6,0,insufficient_funds
TXN103817,1896.25,credit_card,96,260.5,0.262,0,292,0.444,13,1,network_error
TXN103818,3109.31,netbanking,21,557.3,0.082,1,447,0.45,15,0,network_error
TXN103819,1268.64,debit_card,51,254.8,0.164,2,149,0.129,13,0,insufficient_funds
TXN103820,838.33,credit_card,51,229.2,0.348,1,883,0.071,16,0,insufficient_funds
TXN103821,2948.8,debit_card,51,158.1,0.213,0,33,0.308,23,0,insufficient_funds
TXN103822,3277.06,debit_card,21,392.4,0.247,0,475,0.684,9,1,network_error
TXN103823,2077.34,wallet,96,362.3,0.493,0,153,0.384,22,0,bank_timeout
TXN103824,991.43,credit_card,91,334.6,0.103,1,363,0.258,9,0,bank_timeout
TXN103825,4032.71,debit_card,51,132.1,0.176,0,112,0.458,12,1,insufficient_funds
TXN103826,1710.74,netbanking,21,636.2,0.089,0,1302,0.392,12,0,network_error
TXN103827,2455.41,upi,68,339.9,0.103,1,361,0.566,16,1,bank_timeout
TXN103828,1040.57,debit_card,51,204.7,0.16,1,330,0.182,8,0,insufficient_funds
TXN103829,14211.71,netbanking,61,126.3,0.286,0,71,0.393,4,0,insufficient_funds
TXN103830,2693.25,upi,96,257.9,0.239,1,594,0.476,15,0,network_error
TXN103831,1017.52,credit_card,91,247.7,0.219,2,838,0.824,0,1,bank_timeout
TXN103832,677.9,upi,5,415.4,0.304,0,428,0.26,9,0,network_error
TXN103833,1914.92,debit_card,21,449.5,0.082,0,1203,0.375,17,0,network_error
TXN103834,5048.21,wallet,91,305.3,0.145,0,1,0.574,19,0,bank_timeout
TXN103835,2560.02,debit_card,51,126.8,0.238,2,361,0.232,4,0,insufficient_funds
TXN103836,1800.26,upi,21,262.2,0.019,1,822,0.25,23,1,network_error
TXN103837,1516.76,credit_card,5,504.3,0.086,1,55,0.542,5,0,network_error
TXN103838,1678.71,credit_card,21,377.7,0.304,0,48,0.284,11,1,network_error
TXN103839,1414.24,credit_card,91,345.0,0.031,1,166,0.713,22,0,bank_timeout
TXN103840,1094.08,upi,96,581.1,0.145,1,259,0.359,13,0,bank_timeout
TXN103841,3704.14,credit_card,63,159.3,0.624,0,525,0.723,4,0,fraud_false_positive
TXN103842,1640.48,upi,5,485.5,0.049,0,94,0.508,6,1,network_error
TXN103843,4026.98,debit_card,91,305.7,0.265,0,262,0.577,0,0,bank_timeout
TXN103844,1262.03,upi,21,700.8,0.28,0,351,0.304,12,1,network_error
TXN103845,2177.65,netbanking,96,362.8,0.148,0,1127,0.729,22,0,network_error
TXN103846,5791.38,upi,59,211.6,0.422,0,7,0.856,22,0,fraud_false_positive
TXN103847,1811.61,debit_card,5,253.5,0.803,0,599,0.766,17,1,fraud_false_positive
TXN103848,2311.67,debit_card,51,190.2,0.266,3,175,0.193,7,0,insufficient_funds
TXN103849,183.9,credit_card,96,641.7,0.096,0,704,0.323,0,1,network_error
TXN103850,503.38,upi,68,336.5,0.291,0,105,0.603,3,0,bank_timeout
TXN103851,349.13,debit_card,21,582.6,0.27,1,1036,0.601,5,1,network_error
TXN103852,1593.64,upi,96,393.4,0.249,2,1187,0.537,11,0,network_error
TXN103853,9616.91,netbanking,51,185.7,0.213,2,1364,0.586,7,1,insufficient_funds
TXN103854,3807.62,debit_card,51,90.4,0.028,1,75,0.173,19,0,insufficient_funds
TXN103855,246.87,netbanking,51,263.7,0.231,2,226,0.425,2,0,insufficient_funds
TXN103856,1176.03,wallet,91,334.1,0.142,1,253,0.299,15,0,bank_timeout
TXN103857,4028.02,upi,51,235.2,0.42,2,96,0.041,11,0,insufficient_funds
TXN103858,553.66,upi,61,158.7,0.205,1,136,0.238,0,1,insufficient_funds
TXN103859,3946.14,debit_card,51,181.8,0.284,1,18,0.184,22,0,insufficient_funds
TXN103860,3614.08,debit_card,51,224.7,0.122,2,87,0.372,5,0,insufficient_funds
TXN103861,2244.66,wallet,59,232.7,0.895,0,309,0.619,22,1,fraud_false_positive
TXN103862,1055.53,credit_card,65,225.2,0.096,1,316,0.261,20,1,insufficient_funds
TXN103863,2869.75,debit_card,51,228.5,0.291,0,232,0.49,13,0,insufficient_funds
TXN103864,1250.05,credit_card,21,595.0,0.496,0,14,0.515,3,1,network_error
TXN103865,1983.46,credit_card,51,219.6,0.578,1,70,0.145,17,1,insufficient_funds
TXN103866,435.81,wallet,21,430.4,0.097,1,215,0.287,8,1,network_error
TXN103867,2974.94,debit_card,63,152.9,0.859,0,996,0.657,21,0,fraud_false_positive
TXN103868,3045.95,debit_card,96,521.0,0.323,0,641,0.22,9,0,network_error
TXN103869,1130.54,credit_card,51,215.1,0.068,3,635,0.046,18,0,insufficient_funds
TXN103870,2510.8,debit_card,96,398.9,0.056,3,504,0.251,1,0,bank_timeout
TXN103871,235.78,credit_card,91,314.1,0.073,1,222,0.67,1,1,bank_timeout
TXN103872,2816.67,upi,61,235.1,0.06,1,1107,0.258,5,1,insufficient_funds
TXN103873,4499.64,upi,59,253.7,0.707,1,51,0.767,2,0,fraud_false_positive
TXN103874,2007.26,credit_card,68,234.7,0.039,0,83,0.463,23,1,bank_timeout
TXN103875,2133.16,debit_card,68,236.6,0.121,0,229,0.34,4,1,bank_timeout
TXN103876,2455.97,credit_card,51,146.9,0.543,0,603,0.194,17,1,insufficient_funds
TXN103877,4565.98,debit_card,59,299.8,0.623,0,1035,0.811,7,1,fraud_false_positive
TXN103878,11402.01,upi,51,186.8,0.08,2,200,0.077,20,0,insufficient_funds
TXN103879,2137.22,debit_card,96,449.5,0.7,2,18,0.834,17,0,network_error
TXN103880,2211.85,debit_card,51,206.1,0.033,2,863,0.027,23,0,insufficient_funds
TXN103881,2342.51,debit_card,68,258.3,0.442,2,1082,0.37,13,1,bank_timeout
TXN103882,4533.14,upi,61,208.0,0.167,0,1345,0.121,6,0,insufficient_funds
TXN103883,901.21,debit_card,91,273.0,0.038,1,32,0.573,18,0,bank_timeout
TXN103884,2644.48,debit_card,63,257.7,0.712,1,162,0.847,9,1,fraud_false_positive
TXN103885,4416.3,credit_card,96,418.4,0.114,1,4,0.479,22,1,bank_timeout
TXN103886,8458.41,upi,59,136.2,0.693,0,2993,0.851,3,0,fraud_false_positive
TXN103887,820.39,credit_card,51,124.3,0.189,1,897,0.079,4,0,insufficient_funds
TXN103888,3118.43,netbanking,51,160.6,0.112,2,47,0.406,14,0,insufficient_funds
TXN103889,2413.2,upi,91,538.3,0.438,0,647,0.319,14,1,bank_timeout
TXN103890,1450.15,credit_card,51,169.9,0.115,0,170,0.23,18,0,insufficient_funds
TXN103891,7110.04,credit_card,51,234.8,0.023,2,1022,0.198,1,0,insufficient_funds
TXN103892,2172.81,netbanking,96,205.7,0.187,2,322,0.408,20,0,bank_timeout
TXN103893,2079.25,debit_card,21,614.3,0.234,1,1236,0.353,18,0,network_error
TXN103894,1217.36,credit_card,68,215.1,0.193,1,211,0.509,9,1,bank_timeout
TXN103895,3430.67,debit_card,59,182.3,0.874,0,405,0.809,13,0,fraud_false_positive
TXN103896,5267.83,wallet,61,203.9,0.265,5,360,0.155,2,1,insufficient_funds
TXN103897,1995.48,debit_card,96,334.0,0.299,0,98,0.431,22,0,bank_timeout
TXN103898,2570.5,upi,96,393.3,0.098,1,365,0.869,6,1,network_error
TXN103899,3240.34,credit_card,21,516.6,0.286,1,463,0.525,13,0,network_error
TXN103900,5200.22,upi,51,84.6,0.071,1,289,0.2,4,1,insufficient_funds
TXN103901,2097.92,credit_card,91,400.6,0.122,1,16,0.699,5,0,bank_timeout
TXN103902,6476.03,debit_card,61,198.3,0.061,0,317,0.136,19,0,insufficient_funds
TXN103903,9500.79,credit_card,59,260.4,0.595,0,158,0.274,12,1,fraud_false_positive
TXN103904,3807.79,debit_card,51,137.0,0.209,0,20,0.374,9,0,insufficient_funds
TXN103905,6753.84,debit_card,51,166.2,0.241,2,1482,0.229,1,0,insufficient_funds
TXN103906,4765.32,debit_card,65,183.6,0.436,0,55,0.286,7,0,insufficient_funds
TXN103907,1566.5,debit_card,96,389.2,0.048,1,1,0.43,20,0,bank_timeout
TXN103908,3254.42,debit_card,96,461.8,0.148,0,104,0.532,16,0,network_error
TXN103909,4192.04,debit_card,51,221.3,0.186,2,15,0.065,14,1,insufficient_funds
TXN103910,1721.13,upi,96,332.4,0.223,0,312,0.637,19,0,bank_timeout
TXN103911,6893.98,credit_card,5,218.4,0.766,1,587,0.776,3,1,fraud_false_positive
TXN103912,4227.47,upi,51,213.9,0.134,0,173,0.139,3,1,insufficient_funds
TXN103913,3269.56,upi,65,164.2,0.355,2,17,0.355,6,1,insufficient_funds
TXN103914,1757.39,credit_card,5,481.6,0.046,2,114,0.436,7,0,network_error
TXN103915,3732.52,upi,51,228.7,0.462,1,555,0.062,13,1,insufficient_funds
TXN103916,728.11,debit_card,5,177.8,0.36,0,215,0.547,10,0,fraud_false_positive
TXN103917,2871.53,debit_card,68,299.2,0.162,1,75,0.272,1,0,bank_timeout
TXN103918,1483.84,netbanking,21,522.6,0.003,1,354,0.408,13,1,network_error
TXN103919,1043.66,debit_card,96,609.1,0.291,0,251,0.441,14,0,network_error
TXN103920,1534.18,debit_card,51,216.7,0.038,0,1112,0.426,16,0,insufficient_funds
TXN103921,3191.36,upi,51,185.6,0.11,1,219,0.527,1,0,insufficient_funds
TXN103922,878.74,credit_card,5,432.5,0.114,2,29,0.469,10,0,network_error
TXN103923,3046.52,upi,96,427.4,0.304,0,475,0.453,11,0,network_error
TXN103924,2661.91,wallet,61,215.1,0.08,1,535,0.417,23,1,insufficient_funds
TXN103925,3591.17,netbanking,68,293.0,0.214,0,506,0.542,1,0,bank_timeout
TXN103926,5430.57,credit_card,65,178.8,0.129,3,90,0.42,21,0,insufficient_funds
TXN103927,3533.27,wallet,51,143.9,0.201,1,178,0.21,1,0,insufficient_funds
TXN103928,1099.38,credit_card,96,554.3,0.211,1,538,0.463,15,0,network_error
TXN103929,2530.48,credit_card,96,550.4,0.307,1,44,0.253,17,1,network_error
TXN103930,7332.65,upi,51,122.3,0.209,1,466,0.315,16,1,insufficient_funds
TXN103931,2108.35,netbanking,65,162.1,0.234,2,112,0.061,8,0,insufficient_funds
TXN103932,1195.94,debit_card,91,328.0,0.128,1,222,0.655,19,0,bank_timeout
TXN103933,1764.98,credit_card,51,140.7,0.019,3,194,0.408,22,0,insufficient_funds
TXN103934,2299.51,debit_card,51,223.2,0.114,4,57,0.198,3,0,insufficient_funds
TXN103935,1238.15,upi,96,378.9,0.173,1,1899,0.518,0,1,network_error
TXN103936,3114.69,credit_card,68,314.8,0.089,0,321,0.407,23,1,bank_timeout
TXN103937,1112.42,debit_card,91,317.4,0.217,0,46,0.482,15,0,bank_timeout
TXN103938,5925.88,debit_card,51,248.2,0.07,2,1169,0.25,17,0,insufficient_funds
TXN103939,2709.69,wallet,63,217.7,0.81,0,544,0.423,15,1,fraud_false_positive
TXN103940,512.37,credit_card,21,367.1,0.417,0,240,0.312,14,1,network_error
TXN103941,964.64,debit_card,21,439.6,0.291,0,841,0.81,5,0,network_error
TXN103942,2678.15,netbanking,51,193.8,0.143,0,398,0.034,10,0,insufficient_funds
TXN103943,8368.51,credit_card,65,95.9,0.561,2,31,0.211,18,0,insufficient_funds
TXN103944,1623.87,credit_card,96,543.0,0.022,0,84,0.621,3,1,bank_timeout
TXN103945,1812.81,debit_card,51,237.1,0.191,0,383,0.072,5,0,insufficient_funds
TXN103946,2213.48,credit_card,91,472.8,0.309,0,324,0.518,17,0,bank_timeout
TXN103947,2811.76,debit_card,96,336.4,0.073,2,86,0.479,20,0,network_error
TXN103948,584.95,upi,51,213.1,0.188,3,216,0.207,10,0,insufficient_funds
TXN103949,1515.79,debit_card,96,441.8,0.035,0,566,0.618,3,1,bank_timeout
TXN103950,748.35,netbanking,96,381.8,0.103,2,54,0.441,3,0,bank_timeout
TXN103951,115.59,upi,96,357.4,0.162,0,117,0.517,5,0,network_error
TXN103952,2917.2,netbanking,61,180.2,0.114,0,267,0.387,17,0,insufficient_funds
TXN103953,3517.29,debit_card,51,164.2,0.233,3,526,0.119,8,0,insufficient_funds
TXN103954,2614.28,credit_card,51,169.6,0.313,2,226,0.224,4,1,insufficient_funds
TXN103955,912.06,wallet,51,227.4,0.323,0,143,0.494,23,1,insufficient_funds
TXN103956,3608.99,netbanking,51,198.6,0.09,2,100,0.212,12,1,insufficient_funds
TXN103957,3716.94,upi,51,210.7,0.118,0,494,0.268,0,0,insufficient_funds
TXN103958,6741.51,netbanking,51,212.6,0.023,1,371,0.425,0,0,insufficient_funds
TXN103959,539.03,upi,91,408.8,0.267,1,21,0.577,18,0,bank_timeout
TXN103960,2168.32,credit_card,59,184.3,0.875,0,990,0.811,0,0,fraud_false_positive
TXN103961,2104.08,netbanking,63,190.6,0.545,0,327,0.603,22,1,fraud_false_positive
TXN103962,6194.4,debit_card,51,161.8,0.426,1,100,0.175,11,1,insufficient_funds
TXN103963,2432.25,upi,51,100.0,0.262,0,137,0.068,10,1,insufficient_funds
TXN103964,4363.0,netbanking,59,274.0,0.896,0,1623,0.801,22,0,fraud_false_positive
TXN103965,5871.24,netbanking,51,159.2,0.137,1,188,0.296,3,0,insufficient_funds
TXN103966,3733.49,upi,51,176.6,0.115,2,58,0.224,3,0,insufficient_funds
TXN103967,2324.46,debit_card,96,684.5,0.073,0,308,0.501,2,0,network_error
TXN103968,4458.98,upi,61,197.5,0.383,2,198,0.298,9,1,insufficient_funds
TXN103969,5930.85,debit_card,61,141.6,0.168,1,271,0.599,8,1,insufficient_funds
TXN103970,398.97,wallet,96,684.7,0.321,0,830,0.512,5,0,network_error
TXN103971,1566.8,upi,96,379.1,0.367,1,142,0.084,9,1,bank_timeout
TXN103972,2741.88,credit_card,96,383.1,0.089,0,264,0.36,9,0,bank_timeout
TXN103973,4087.68,debit_card,51,183.3,0.108,3,287,0.045,14,0,insufficient_funds
TXN103974,7731.18,credit_card,51,152.6,0.223,0,259,0.084,9,0,insufficient_funds
TXN103975,6337.11,credit_card,51,111.7,0.376,1,313,0.25,20,1,insufficient_funds
TXN103976,984.29,debit_card,91,233.6,0.319,0,547,0.284,22,0,bank_timeout
TXN103977,1061.21,credit_card,51,129.6,0.323,2,184,0.215,14,0,insufficient_funds
TXN103978,3790.73,debit_card,21,351.5,0.115,0,147,0.61,5,1,network_error
TXN103979,825.86,credit_card,96,466.3,0.078,0,5,0.22,19,0,network_error
TXN103980,1714.89,credit_card,51,154.6,0.184,2,287,0.149,3,0,insufficient_funds
TXN103981,1756.26,credit_card,51,179.3,0.323,3,374,0.118,17,0,insufficient_funds
TXN103982,6804.09,credit_card,59,149.8,0.934,0,647,0.833,20,0,fraud_false_positive
TXN103983,2914.5,upi,51,206.1,0.161,0,381,0.216,16,1,insufficient_funds
TXN103984,2974.36,netbanking,61,209.7,0.109,0,357,0.186,15,1,insufficient_funds
TXN103985,3301.71,upi,65,198.3,0.124,0,225,0.646,9,1,insufficient_funds
TXN103986,1541.04,netbanking,91,419.5,0.12,1,478,0.56,13,1,bank_timeout
TXN103987,409.26,upi,21,427.1,0.286,0,11,0.556,23,0,network_error
TXN103988,2377.85,debit_card,21,385.3,0.178,1,438,0.466,10,1,network_error
TXN103989,851.39,debit_card,68,358.7,0.232,1,213,0.657,6,0,bank_timeout
TXN103990,1576.61,netbanking,68,441.5,0.232,0,152,0.34,17,1,bank_timeout
TXN103991,3538.09,upi,59,217.7,0.607,0,852,0.804,0,1,fraud_false_positive
TXN103992,2965.78,netbanking,59,216.4,0.793,2,131,0.673,8,0,fraud_false_positive
TXN103993,2697.33,credit_card,51,240.1,0.58,0,670,0.049,1,0,insufficient_funds
TXN103994,471.04,netbanking,96,402.9,0.102,2,536,0.25,1,0,bank_timeout
TXN103995,3351.85,netbanking,68,469.1,0.221,0,203,0.427,15,1,bank_timeout
TXN103996,3269.58,upi,91,504.4,0.099,1,538,0.48,19,1,bank_timeout
TXN103997,7831.99,debit_card,63,200.4,0.649,1,183,0.402,15,1,fraud_false_positive
TXN103998,4624.94,debit_card,68,338.2,0.297,1,711,0.247,20,0,bank_timeout
TXN103999,1495.47,upi,21,616.3,0.047,0,252,0.558,8,1,network_error
TXN104000,2908.49,credit_card,51,204.6,0.295,4,93,0.38,12,0,insufficient_funds
TXN104001,7284.16,debit_card,65,136.9,0.214,0,479,0.712,7,0,insufficient_funds
TXN104002,1581.94,credit_card,59,217.6,0.544,1,653,0.655,20,1,fraud_false_positive
TXN104003,269.24,credit_card,96,591.3,0.119,1,328,0.202,12,0,network_error
TXN104004,958.26,credit_card,96,572.1,0.138,1,724,0.376,9,1,network_error
TXN104005,1985.32,credit_card,68,354.6,0.103,0,501,0.671,9,0,bank_timeout
TXN104006,3457.56,wallet,63,264.3,0.919,0,111,0.851,21,0,fraud_false_positive
TXN104007,2690.27,netbanking,59,228.8,0.52,0,8,0.663,14,0,fraud_false_positive
TXN104008,4977.08,credit_card,51,253.9,0.024,2,852,0.309,17,1,insufficient_funds
TXN104009,7769.05,debit_card,65,208.6,0.19,1,520,0.333,6,1,insufficient_funds
TXN104010,3392.52,credit_card,65,165.3,0.215,2,1158,0.427,7,1,insufficient_funds
TXN104011,4149.27,debit_card,61,161.8,0.24,3,258,0.47,6,0,insufficient_funds
TXN104012,1319.26,upi,51,159.6,0.181,2,137,0.231,2,0,insufficient_funds
TXN104013,4392.75,wallet,91,277.1,0.464,1,530,0.838,8,0,bank_timeout
TXN104014,429.1,upi,5,324.1,0.139,2,3043,0.437,10,0,network_error
TXN104015,1970.76,credit_card,5,331.6,0.406,2,371,0.459,1,0,network_error
TXN104016,407.15,upi,5,409.8,0.243,0,794,0.382,9,1,network_error
TXN104017,1164.78,upi,68,380.0,0.105,0,2515,0.349,16,1,bank_timeout
TXN104018,1326.12,credit_card,59,190.4,0.858,1,167,0.866,11,0,fraud_false_positive
TXN104019,2571.9,debit_card,21,557.1,0.44,0,354,0.621,19,0,network_error
TXN104020,3105.08,debit_card,63,198.8,0.52,0,1154,0.555,5,0,fraud_false_positive
TXN104021,3359.88,credit_card,51,226.7,0.122,1,158,0.31,5,1,insufficient_funds
TXN104022,1387.74,netbanking,96,324.4,0.24,0,438,0.643,3,0,network_error
TXN104023,576.37,debit_card,91,455.7,0.303,2,67,0.461,4,0,bank_timeout
TXN104024,2408.83,credit_card,96,340.1,0.21,1,126,0.587,3,1,bank_timeout
TXN104025,393.33,upi,21,637.7,0.136,0,145,0.417,22,0,network_error
TXN104026,800.92,debit_card,96,568.9,0.183,1,31,0.386,12,1,network_error
TXN104027,2210.9,credit_card,91,408.6,0.385,2,126,0.627,2,0,bank_timeout
TXN104028,1418.07,credit_card,59,103.8,0.556,0,270,0.686,16,1,fraud_false_positive
TXN104029,1589.9,wallet,68,356.7,0.017,0,388,0.731,21,0,bank_timeout
TXN104030,420.85,credit_card,96,273.1,0.296,1,567,0.49,22,0,bank_timeout
TXN104031,1474.48,debit_card,96,525.9,0.243,2,1058,0.67,6,0,network_error
TXN104032,1848.44,credit_card,51,132.5,0.269,1,1231,0.129,0,0,insufficient_funds
TXN104033,1373.81,wallet,51,146.6,0.155,0,927,0.203,8,0,insufficient_funds
TXN104034,3073.11,debit_card,96,239.4,0.041,1,433,0.419,10,1,network_error
TXN104035,2009.26,debit_card,51,159.1,0.162,3,621,0.057,18,0,insufficient_funds
TXN104036,3180.76,credit_card,51,148.8,0.101,2,97,0.359,10,0,insufficient_funds
TXN104037,2465.06,netbanking,61,128.2,0.213,0,107,0.243,18,1,insufficient_funds
TXN104038,2683.66,credit_card,91,360.3,0.018,1,6,0.803,22,1,bank_timeout
TXN104039,2638.02,debit_card,96,490.5,0.282,1,345,0.38,21,0,network_error
TXN104040,652.48,credit_card,5,432.6,0.2,0,103,0.461,17,0,network_error
TXN104041,4403.91,credit_card,51,200.7,0.288,0,14,0.07,21,0,insufficient_funds
TXN104042,6287.73,upi,51,171.4,0.035,1,37,0.284,17,1,insufficient_funds
TXN104043,915.0,upi,51,188.3,0.339,1,118,0.229,23,1,insufficient_funds
TXN104044,1737.57,netbanking,68,367.0,0.266,0,163,0.51,15,0,bank_timeout
TXN104045,2461.54,credit_card,96,573.1,0.102,0,811,0.376,23,1,network_error
TXN104046,1812.24,debit_card,21,462.0,0.346,1,249,0.661,17,1,network_error
TXN104047,1036.52,upi,96,412.5,0.113,0,170,0.546,15,1,bank_timeout
TXN104048,7154.81,upi,61,202.4,0.548,0,175,0.217,23,0,insufficient_funds
TXN104049,5328.31,upi,51,162.4,0.2,3,392,0.265,21,0,insufficient_funds
TXN104050,2998.81,credit_card,61,223.3,0.061,2,30,0.172,3,0,insufficient_funds
TXN104051,2079.14,upi,51,195.0,0.363,1,262,0.548,12,1,insufficient_funds
TXN104052,2203.74,debit_card,51,125.8,0.281,2,46,0.254,9,0,insufficient_funds
TXN104053,3918.52,debit_card,51,144.7,0.214,2,1135,0.437,5,0,insufficient_funds
TXN104054,5410.24,credit_card,59,229.5,0.887,0,65,0.779,13,0,fraud_false_positive
TXN104055,5057.8,netbanking,61,206.8,0.245,1,896,0.359,5,0,insufficient_funds
TXN104056,1882.84,credit_card,51,148.6,0.352,2,177,0.287,19,1,insufficient_funds
TXN104057,3429.78,debit_card,61,191.7,0.134,2,91,0.579,11,0,insufficient_funds
TXN104058,149.3,wallet,51,187.3,0.344,2,1040,0.468,13,0,insufficient_funds
TXN104059,1076.83,upi,65,221.6,0.184,3,721,0.149,13,1,insufficient_funds
TXN104060,6079.47,netbanking,51,235.1,0.115,0,4,0.433,12,0,insufficient_funds
TXN104061,284.71,debit_card,96,362.7,0.019,0,92,0.268,17,0,bank_timeout
TXN104062,1053.75,netbanking,96,328.2,0.263,2,1302,0.525,0,0,network_error
TXN104063,5812.9,wallet,51,232.1,0.233,2,1,0.034,20,0,insufficient_funds
TXN104064,3006.73,upi,61,136.2,0.457,2,147,0.19,2,0,insufficient_funds
TXN104065,3543.47,credit_card,65,178.0,0.068,1,1074,0.296,23,1,insufficient_funds
TXN104066,4365.16,netbanking,51,145.4,0.21,1,231,0.339,7,0,insufficient_funds
TXN104067,1447.28,debit_card,96,541.4,0.211,0,902,0.603,9,1,network_error
TXN104068,3278.6,credit_card,51,210.0,0.188,1,161,0.175,23,0,insufficient_funds
TXN104069,740.58,upi,91,400.6,0.184,1,557,0.602,13,0,bank_timeout
TXN104070,2010.2,wallet,51,170.0,0.08,1,89,0.369,15,1,insufficient_funds
TXN104071,4745.53,netbanking,91,252.7,0.296,0,10,0.322,10,0,bank_timeout
TXN104072,3640.76,upi,59,175.0,0.738,0,1899,0.842,6,0,fraud_false_positive
TXN104073,963.77,credit_card,51,158.1,0.363,1,115,0.038,5,1,insufficient_funds
TXN104074,1904.32,credit_card,51,246.2,0.065,0,104,0.059,4,0,insufficient_funds
TXN104075,6611.99,debit_card,59,196.5,0.914,0,1235,0.553,10,0,fraud_false_positive
TXN104076,5018.92,debit_card,61,201.9,0.031,2,585,0.525,13,1,insufficient_funds
TXN104077,941.14,upi,96,313.2,0.248,0,4,0.615,0,0,network_error
TXN104078,3013.15,debit_card,59,209.5,0.61,1,980,0.685,11,0,fraud_false_positive
TXN104079,1760.74,debit_card,96,453.9,0.24,1,616,0.435,10,1,bank_timeout
TXN104080,3036.63,debit_card,91,468.1,0.104,2,54,0.584,15,0,bank_timeout
TXN104081,1442.0,credit_card,51,131.8,0.336,0,85,0.079,2,1,insufficient_funds
TXN104082,2160.92,credit_card,91,391.4,0.269,0,27,0.369,8,1,bank_timeout
TXN104083,4115.12,netbanking,51,150.1,0.157,0,534,0.075,16,0,insufficient_funds
TXN104084,687.14,netbanking,5,522.4,0.218,1,439,0.326,1,0,network_error
TXN104085,9096.28,debit_card,96,532.5,0.251,1,382,0.317,15,1,network_error
TXN104086,13438.98,debit_card,63,174.3,0.784,0,485,0.805,22,1,fraud_false_positive
TXN104087,2022.32,upi,91,327.0,0.282,0,1371,0.648,16,1,bank_timeout
TXN104088,791.28,credit_card,59,133.2,0.586,0,2095,0.627,13,0,fraud_false_positive
TXN104089,3489.12,netbanking,51,189.9,0.105,1,65,0.088,16,0,insufficient_funds
TXN104090,297.4,debit_card,96,335.6,0.429,0,2568,0.135,14,1,network_error
TXN104091,3424.56,wallet,21,551.6,0.094,0,624,0.429,14,0,network_error
TXN104092,686.45,credit_card,51,96.6,0.21,3,270,0.554,22,1,insufficient_funds
TXN104093,8013.26,debit_card,63,116.7,0.67,1,1609,0.626,17,1,fraud_false_positive
TXN104094,5881.45,credit_card,51,139.9,0.109,1,823,0.08,1,0,insufficient_funds
TXN104095,3284.36,credit_card,91,381.7,0.418,0,146,0.471,13,0,bank_timeout
TXN104096,2478.84,netbanking,5,562.3,0.191,0,572,0.305,20,0,network_error
TXN104097,7724.97,upi,51,269.1,0.282,1,783,0.009,7,1,insufficient_funds
TXN104098,640.27,upi,96,472.5,0.11,0,99,0.78,13,1,network_error
TXN104099,1500.9,credit_card,51,263.0,0.284,0,70,0.466,12,1,insufficient_funds
TXN104100,519.15,debit_card,96,756.7,0.225,0,859,0.205,22,0,network_error
TXN104101,7998.42,upi,63,224.9,0.735,0,322,0.612,2,0,fraud_false_positive
TXN104102,3152.4,upi,5,193.6,0.566,0,438,0.479,11,1,fraud_false_positive
TXN104103,1997.16,wallet,91,346.4,0.27,0,209,0.459,11,1,bank_timeout
TXN104104,2424.86,netbanking,51,148.1,0.249,3,455,0.577,15,1,insufficient_funds
TXN104105,4696.15,debit_card,63,180.8,0.7,0,1960,0.782,20,0,fraud_false_positive
TXN104106,2325.01,credit_card,51,215.7,0.541,3,427,0.222,5,1,insufficient_funds
TXN104107,4202.87,wallet,51,165.9,0.336,0,288,0.345,7,0,insufficient_funds
TXN104108,2325.42,upi,96,215.4,0.046,0,82,0.427,10,0,bank_timeout
TXN104109,2329.02,credit_card,51,173.5,0.168,0,45,0.137,2,0,insufficient_funds
TXN104110,541.87,debit_card,91,390.5,0.074,0,3351,0.57,12,0,bank_timeout
TXN104111,2233.66,credit_card,91,358.3,0.227,0,143,0.752,12,0,bank_timeout
TXN104112,1785.06,credit_card,51,207.6,0.288,1,124,0.281,14,0,insufficient_funds
TXN104113,4090.93,wallet,5,205.9,0.58,0,441,0.721,7,1,fraud_false_positive
TXN104114,8987.19,credit_card,51,221.2,0.139,0,52,0.166,13,0,insufficient_funds
TXN104115,4631.49,upi,51,221.2,0.195,1,126,0.548,18,0,insufficient_funds
TXN104116,3195.5,upi,96,544.9,0.155,1,242,0.568,4,0,network_error
TXN104117,803.12,netbanking,51,190.4,0.292,1,920,0.286,23,0,insufficient_funds
TXN104118,1023.01,debit_card,21,368.3,0.439,0,649,0.751,9,1,network_error
TXN104119,3700.46,netbanking,51,180.5,0.049,0,255,0.139,19,0,insufficient_funds
TXN104120,2774.05,wallet,51,123.8,0.142,2,1104,0.214,1,0,insufficient_funds
TXN104121,2491.15,debit_card,5,474.4,0.468,0,728,0.622,14,0,network_error
TXN104122,2779.88,upi,68,353.8,0.138,0,238,0.702,6,0,bank_timeout
TXN104123,1508.74,debit_card,51,94.7,0.191,0,131,0.119,3,1,insufficient_funds
TXN104124,1028.73,wallet,96,476.8,0.374,0,87,0.591,15,0,network_error
TXN104125,3366.56,credit_card,96,312.8,0.261,0,102,0.596,0,1,bank_timeout
TXN104126,1973.51,upi,96,318.2,0.162,0,163,0.331,17,0,network_error
TXN104127,2744.53,credit_card,96,343.3,0.049,0,1584,0.291,0,1,bank_timeout
TXN104128,3665.06,upi,61,194.7,0.038,2,24,0.384,22,0,insufficient_funds
TXN104129,5487.77,debit_card,51,205.6,0.237,1,170,0.266,7,1,insufficient_funds
TXN104130,10457.48,netbanking,59,231.7,0.759,0,1284,0.774,13,0,fraud_false_positive
TXN104131,1475.14,debit_card,21,453.9,0.245,0,332,0.385,8,0,network_error
TXN104132,2614.06,debit_card,96,663.2,0.157,1,878,0.337,10,0,network_error
TXN104133,1347.03,debit_card,51,219.8,0.429,2,831,0.336,11,0,insufficient_funds
TXN104134,7882.07,netbanking,59,253.9,0.608,0,1876,0.774,16,0,fraud_false_positive
TXN104135,32.52,debit_card,51,99.9,0.034,2,745,0.272,18,1,insufficient_funds
TXN104136,3217.11,credit_card,51,156.0,0.241,0,33,0.136,0,0,insufficient_funds
TXN104137,12216.12,debit_card,59,202.1,0.789,0,167,0.49,23,1,fraud_false_positive
TXN104138,1349.91,credit_card,96,397.5,0.101,1,56,0.656,12,0,network_error
TXN104139,18694.89,credit_card,63,139.3,0.514,1,1599,0.393,17,0,fraud_false_positive
TXN104140,4728.34,debit_card,51,154.3,0.241,2,455,0.248,1,1,insufficient_funds
TXN104141,209.14,credit_card,91,241.6,0.238,0,467,0.449,6,0,bank_timeout
TXN104142,2577.5,debit_card,51,116.0,0.195,1,95,0.059,6,0,insufficient_funds
TXN104143,3995.38,debit_card,21,502.2,0.113,2,537,0.397,7,0,network_error
TXN104144,3470.94,credit_card,51,215.9,0.134,2,21,0.334,5,0,insufficient_funds
TXN104145,3079.35,debit_card,63,203.6,0.837,1,1030,0.804,2,0,fraud_false_positive
TXN104146,719.46,credit_card,96,372.0,0.188,2,75,0.395,2,0,network_error
TXN104147,2306.06,credit_card,51,134.5,0.242,1,75,0.16,5,0,insufficient_funds
TXN104148,4956.41,upi,51,189.4,0.168,4,163,0.046,22,0,insufficient_funds
TXN104149,3177.89,credit_card,51,117.1,0.081,0,117,0.128,16,1,insufficient_funds
TXN104150,1709.9,debit_card,96,245.7,0.436,1,1184,0.37,12,1,bank_timeout
TXN104151,458.87,credit_card,51,183.5,0.261,1,1616,0.4,21,1,insufficient_funds
TXN104152,2813.49,wallet,96,334.5,0.05,1,307,0.557,20,0,bank_timeout
TXN104153,1239.53,upi,91,220.9,0.027,3,579,0.774,16,0,bank_timeout
TXN104154,1879.46,debit_card,91,164.6,0.261,1,18,0.733,20,1,bank_timeout
TXN104155,4846.13,debit_card,51,164.3,0.197,1,425,0.045,15,1,insufficient_funds
TXN104156,3501.01,upi,61,162.5,0.086,1,189,0.553,10,1,insufficient_funds
TXN104157,1440.31,upi,61,179.6,0.132,1,287,0.411,16,0,insufficient_funds
TXN104158,1533.65,wallet,68,206.6,0.297,0,25,0.587,22,1,bank_timeout
TXN104159,4493.55,debit_card,96,548.6,0.247,0,801,0.676,21,1,network_error
TXN104160,1695.23,debit_card,51,79.3,0.302,2,89,0.281,3,0,insufficient_funds
TXN104161,1384.05,netbanking,51,134.7,0.237,3,301,0.148,21,0,insufficient_funds
TXN104162,7106.58,debit_card,59,199.8,0.531,0,272,0.915,13,0,fraud_false_positive
TXN104163,1134.7,debit_card,96,613.1,0.209,1,509,0.296,19,0,network_error
TXN104164,3453.51,debit_card,96,626.3,0.357,1,183,0.296,5,1,network_error
TXN104165,138.8,upi,96,285.8,0.363,0,2494,0.301,7,0,bank_timeout
TXN104166,6202.01,upi,61,112.2,0.516,2,121,0.086,6,0,insufficient_funds
TXN104167,2107.37,debit_card,51,155.1,0.375,3,254,0.123,17,1,insufficient_funds
TXN104168,4110.12,debit_card,91,313.0,0.129,1,1026,0.141,21,0,bank_timeout
TXN104169,8834.59,credit_card,51,200.6,0.1,0,414,0.28,4,0,insufficient_funds
TXN104170,2050.35,debit_card,61,162.2,0.009,2,8,0.236,23,0,insufficient_funds
TXN104171,2592.89,debit_card,51,167.3,0.117,2,575,0.147,20,0,insufficient_funds
TXN104172,997.71,credit_card,68,407.4,0.169,1,273,0.405,9,0,bank_timeout
TXN104173,2836.96,credit_card,63,192.0,0.812,0,526,0.871,1,0,fraud_false_positive
TXN104174,6278.01,credit_card,61,151.0,0.135,4,65,0.368,4,1,insufficient_funds
TXN104175,770.51,debit_card,21,473.9,0.241,0,309,0.523,14,0,network_error
TXN104176,8038.37,credit_card,63,180.5,0.938,1,311,0.881,11,0,fraud_false_positive
TXN104177,306.81,debit_card,96,415.3,0.163,1,206,0.516,9,0,bank_timeout
TXN104178,1872.19,credit_card,21,406.9,0.11,1,159,0.729,3,1,network_error
TXN104179,2119.8,debit_card,91,249.0,0.227,0,651,0.647,16,0,bank_timeout
TXN104180,3508.28,credit_card,63,130.6,0.71,0,618,0.526,16,0,fraud_false_positive
TXN104181,2005.17,credit_card,51,211.0,0.051,0,12,0.323,18,0,insufficient_funds
TXN104182,7969.39,upi,51,175.9,0.279,1,89,0.232,5,0,insufficient_funds
TXN104183,392.75,debit_card,96,378.9,0.129,1,966,0.461,18,0,bank_timeout
TXN104184,5488.04,debit_card,96,347.9,0.086,1,535,0.499,12,1,network_error
TXN104185,8461.3,credit_card,59,167.1,0.671,0,270,0.615,19,1,fraud_false_positive
TXN104186,3995.92,credit_card,61,225.5,0.106,2,190,0.087,15,0,insufficient_funds
TXN104187,5639.33,credit_card,51,180.7,0.189,1,192,0.658,22,0,insufficient_funds
TXN104188,4738.01,credit_card,51,112.2,0.301,0,1670,0.128,20,1,insufficient_funds
TXN104189,4164.07,credit_card,68,455.2,0.046,2,364,0.348,22,0,bank_timeout
TXN104190,7333.56,netbanking,91,429.8,0.238,2,587,0.193,11,0,bank_timeout
TXN104191,1729.17,debit_card,5,212.1,0.46,0,1831,0.711,23,0,fraud_false_positive
TXN104192,550.75,netbanking,51,159.3,0.334,1,122,0.371,15,0,insufficient_funds
TXN104193,4191.01,credit_card,5,328.7,0.675,1,988,0.75,20,0,fraud_false_positive
TXN104194,8452.79,credit_card,51,209.0,0.397,1,887,0.173,15,1,insufficient_funds
TXN104195,5621.39,upi,61,164.3,0.204,1,223,0.271,22,1,insufficient_funds
TXN104196,2670.37,credit_card,5,748.2,0.201,0,407,0.27,23,1,network_error
TXN104197,973.25,debit_card,51,235.3,0.057,0,398,0.467,13,0,insufficient_funds
TXN104198,332.49,credit_card,51,159.2,0.149,1,146,0.233,18,0,insufficient_funds
TXN104199,1686.18,wallet,51,198.5,0.014,2,919,0.508,17,0,insufficient_funds
TXN104200,2396.55,debit_card,96,411.6,0.189,0,959,0.455,7,0,network_error
TXN104201,10618.53,debit_card,51,108.7,0.206,2,208,0.148,21,1,insufficient_funds
TXN104202,5039.57,credit_card,5,350.9,0.226,0,762,0.49,2,0,network_error
TXN104203,2387.65,debit_card,51,133.5,0.198,1,100,0.092,22,1,insufficient_funds
TXN104204,1503.53,upi,51,136.3,0.21,0,716,0.314,7,0,insufficient_funds
TXN104205,2089.72,credit_card,91,301.5,0.226,0,336,0.564,5,0,bank_timeout
TXN104206,2910.64,upi,51,158.3,0.205,0,300,0.661,14,0,insufficient_funds
TXN104207,3260.56,credit_card,51,161.2,0.159,1,419,0.126,14,0,insufficient_funds
TXN104208,3903.32,netbanking,51,192.3,0.147,2,438,0.728,18,0,insufficient_funds
TXN104209,3246.37,credit_card,51,183.3,0.052,0,86,0.12,11,0,insufficient_funds
TXN104210,724.67,debit_card,68,262.4,0.168,0,896,0.554,6,0,bank_timeout
TXN104211,9362.66,debit_card,59,160.5,0.743,1,4167,0.174,12,1,fraud_false_positive
TXN104212,5409.76,upi,96,521.8,0.097,0,684,0.62,3,1,network_error
TXN104213,5685.96,credit_card,96,585.2,0.211,1,113,0.916,0,0,network_error
TXN104214,2388.5,upi,91,291.9,0.67,3,878,0.281,14,1,bank_timeout
TXN104215,7008.19,credit_card,5,256.2,0.963,0,617,0.438,22,0,fraud_false_positive
TXN104216,768.19,debit_card,96,407.5,0.103,0,41,0.471,7,0,network_error
TXN104217,1984.1,credit_card,96,468.7,0.26,1,544,0.421,15,0,network_error
TXN104218,10279.64,upi,59,228.8,0.894,0,2484,0.844,15,0,fraud_false_positive
TXN104219,1560.81,credit_card,59,139.1,0.579,0,969,0.799,6,0,fraud_false_positive
TXN104220,1592.24,debit_card,96,803.8,0.114,2,789,0.586,11,1,network_error
TXN104221,4955.39,credit_card,5,112.7,0.815,1,236,0.759,14,1,fraud_false_positive
TXN104222,7495.19,credit_card,91,426.5,0.192,2,210,0.626,15,0,bank_timeout
TXN104223,1116.37,upi,51,208.0,0.154,2,426,0.076,3,1,insufficient_funds
TXN104224,1397.88,credit_card,91,243.6,0.096,0,368,0.348,22,1,bank_timeout
TXN104225,3118.04,credit_card,91,221.8,0.056,0,344,0.465,7,1,bank_timeout
TXN104226,3021.95,debit_card,96,638.0,0.218,0,1076,0.217,2,0,network_error
TXN104227,10153.56,credit_card,59,203.7,0.651,0,929,0.554,14,1,fraud_false_positive
TXN104228,3488.9,credit_card,96,539.4,0.148,0,364,0.505,11,0,network_error
TXN104229,3185.24,upi,51,167.5,0.08,2,751,0.221,1,0,insufficient_funds
TXN104230,2847.62,netbanking,51,112.6,0.15,0,1428,0.381,1,1,insufficient_funds
TXN104231,1851.02,wallet,96,614.3,0.375,0,1079,0.52,18,0,network_error
TXN104232,4012.9,wallet,5,576.6,0.144,0,64,0.442,6,0,network_error
TXN104233,5763.63,debit_card,51,97.6,0.258,1,61,0.316,2,1,insufficient_funds
TXN104234,1469.71,credit_card,59,142.7,0.58,0,1074,0.403,4,0,fraud_false_positive
TXN104235,4144.6,debit_card,51,205.0,0.193,0,1542,0.039,1,1,insufficient_funds
TXN104236,2060.28,credit_card,91,345.9,0.246,1,253,0.325,17,0,bank_timeout
TXN104237,1494.41,upi,96,426.0,0.244,1,1738,0.748,20,0,network_error
TXN104238,1463.08,debit_card,5,175.5,0.791,1,90,0.56,18,0,fraud_false_positive
TXN104239,4421.29,credit_card,61,190.2,0.122,0,60,0.497,23,1,insufficient_funds
TXN104240,5709.81,credit_card,61,177.9,0.276,0,831,0.26,2,0,insufficient_funds
TXN104241,1458.99,credit_card,5,369.2,0.416,0,105,0.61,7,0,network_error
TXN104242,1667.0,credit_card,96,336.6,0.072,2,52,0.406,19,0,bank_timeout
TXN104243,1985.7,upi,91,538.9,0.223,1,180,0.352,22,1,bank_timeout
TXN104244,4813.67,debit_card,51,259.5,0.161,0,289,0.081,20,1,insufficient_funds
TXN104245,1297.66,debit_card,96,488.4,0.242,0,1590,0.657,19,0,network_error
TXN104246,1736.68,debit_card,91,346.6,0.134,1,359,0.214,23,0,bank_timeout
TXN104247,411.32,debit_card,96,574.2,0.146,1,69,0.564,0,0,network_error
TXN104248,1920.53,debit_card,51,79.9,0.149,3,228,0.257,14,0,insufficient_funds
TXN104249,3157.37,upi,59,231.3,0.666,0,197,0.757,16,0,fraud_false_positive
TXN104250,2373.5,credit_card,5,633.7,0.095,0,765,0.297,21,0,network_error
TXN104251,1718.03,debit_card,96,503.9,0.177,2,252,0.632,16,0,network_error
TXN104252,553.28,debit_card,96,773.9,0.095,0,917,0.58,6,0,network_error
TXN104253,1559.55,credit_card,96,391.1,0.158,0,10,0.453,20,1,network_error
TXN104254,2392.01,upi,21,538.0,0.23,1,696,0.725,9,1,network_error
TXN104255,803.71,credit_card,96,254.5,0.216,0,110,0.66,13,1,network_error
TXN104256,2085.67,wallet,91,369.3,0.374,0,305,0.633,23,0,bank_timeout
TXN104257,428.01,credit_card,51,135.1,0.017,1,145,0.098,16,1,insufficient_funds
TXN104258,4603.72,credit_card,61,215.0,0.329,0,495,0.474,2,0,insufficient_funds
TXN104259,6300.52,credit_card,51,184.7,0.163,1,239,0.231,12,0,insufficient_funds
TXN104260,1641.18,upi,21,626.1,0.172,2,963,0.652,21,1,network_error
TXN104261,3573.63,credit_card,68,303.8,0.156,1,620,0.519,7,0,bank_timeout
TXN104262,3008.31,debit_card,21,629.3,0.122,0,420,0.549,5,0,network_error
TXN104263,2141.18,credit_card,5,777.4,0.072,0,453,0.829,7,0,network_error
TXN104264,1599.99,debit_card,91,375.3,0.206,1,829,0.437,6,1,bank_timeout
TXN104265,1233.3,netbanking,91,370.8,0.128,1,1544,0.258,8,0,bank_timeout
TXN104266,253.29,credit_card,5,607.5,0.178,0,1217,0.446,7,0,network_error
TXN104267,1306.34,debit_card,5,413.0,0.158,0,462,0.624,1,0,network_error
TXN104268,6406.48,credit_card,51,207.0,0.462,2,112,0.219,15,1,insufficient_funds
TXN104269,7775.78,debit_card,51,201.0,0.168,2,133,0.16,22,1,insufficient_funds
TXN104270,2853.39,credit_card,65,120.8,0.229,0,144,0.158,16,1,insufficient_funds
TXN104271,854.6,credit_card,96,508.9,0.058,0,1771,0.646,20,0,network_error
TXN104272,4600.24,netbanking,65,163.2,0.282,0,804,0.327,8,1,insufficient_funds
TXN104273,2696.48,upi,51,151.2,0.264,2,62,0.207,3,0,insufficient_funds
TXN104274,3092.39,upi,51,178.9,0.395,2,226,0.309,22,0,insufficient_funds
TXN104275,322.54,upi,91,296.9,0.324,1,274,0.617,7,1,bank_timeout
TXN104276,6087.97,credit_card,51,169.6,0.372,1,2918,0.126,6,0,insufficient_funds
TXN104277,1559.85,debit_card,51,214.9,0.085,2,783,0.346,16,0,insufficient_funds
TXN104278,1635.74,debit_card,96,659.3,0.131,0,750,0.727,9,1,network_error
TXN104279,1610.25,upi,51,181.6,0.232,1,1053,0.503,22,0,insufficient_funds
TXN104280,99.49,debit_card,21,446.8,0.066,2,147,0.717,15,1,network_error
TXN104281,5045.93,netbanking,59,171.2,0.756,0,518,0.851,3,0,fraud_false_positive
TXN104282,5467.97,upi,59,296.6,0.348,0,819,0.433,16,1,fraud_false_positive
TXN104283,820.91,debit_card,21,445.0,0.072,1,1506,0.855,13,0,network_error
TXN104284,1820.55,credit_card,61,222.9,0.074,2,382,0.184,3,0,insufficient_funds
TXN104285,1534.82,credit_card,5,156.0,0.877,0,58,0.454,5,1,fraud_false_positive
TXN104286,1271.17,wallet,68,360.9,0.39,0,52,0.404,13,0,bank_timeout
TXN104287,736.24,credit_card,96,234.9,0.164,2,45,0.474,7,0,bank_timeout
TXN104288,1445.63,debit_card,51,195.3,0.191,3,234,0.227,7,1,insufficient_funds
TXN104289,366.25,credit_card,65,186.7,0.316,1,110,0.092,6,0,insufficient_funds
TXN104290,239.63,wallet,91,395.1,0.224,1,498,0.583,11,0,bank_timeout
TXN104291,1937.74,upi,61,229.4,0.056,0,131,0.257,4,0,insufficient_funds
TXN104292,1282.76,debit_card,96,554.5,0.381,0,2305,0.459,20,0,network_error
TXN104293,4668.07,upi,51,211.6,0.172,1,214,0.329,12,0,insufficient_funds
TXN104294,8285.35,debit_card,59,208.5,0.581,0,503,0.912,3,0,fraud_false_positive
TXN104295,1822.45,debit_card,21,425.8,0.087,1,81,0.322,5,0,network_error
TXN104296,1247.23,upi,51,219.0,0.409,1,71,0.488,2,1,insufficient_funds
TXN104297,2845.52,credit_card,51,239.5,0.248,2,592,0.117,2,0,insufficient_funds
TXN104298,1246.56,credit_card,21,816.6,0.333,0,31,0.67,7,1,network_error
TXN104299,3573.42,wallet,91,358.0,0.282,1,95,0.646,11,1,bank_timeout
TXN104300,1761.22,debit_card,59,221.7,0.647,0,690,0.69,10,1,fraud_false_positive
TXN104301,5353.23,credit_card,51,232.2,0.364,0,419,0.141,19,1,insufficient_funds
TXN104302,4509.82,debit_card,51,181.8,0.176,1,80,0.328,7,1,insufficient_funds
TXN104303,776.29,debit_card,96,238.9,0.092,0,20,0.477,10,0,bank_timeout
TXN104304,630.81,credit_card,61,222.6,0.19,0,647,0.061,0,1,insufficient_funds
TXN104305,1135.98,upi,91,383.7,0.051,0,26,0.509,23,1,bank_timeout
TXN104306,1342.69,wallet,51,147.9,0.195,0,180,0.547,9,1,insufficient_funds
TXN104307,4294.48,debit_card,61,200.4,0.204,0,1323,0.283,22,0,insufficient_funds
TXN104308,994.36,credit_card,59,256.5,0.839,0,1082,0.725,4,1,fraud_false_positive
TXN104309,1055.76,credit_card,68,424.1,0.291,1,310,0.391,8,0,bank_timeout
TXN104310,6063.82,wallet,51,146.4,0.047,2,310,0.5,18,1,insufficient_funds
TXN104311,3868.09,credit_card,65,130.3,0.124,2,1099,0.348,4,0,insufficient_funds
TXN104312,2135.89,wallet,51,184.1,0.131,1,22,0.325,4,1,insufficient_funds
TXN104313,1772.9,upi,96,347.3,0.078,1,124,0.339,8,0,network_error
TXN104314,6102.73,netbanking,61,124.7,0.123,5,604,0.275,8,0,insufficient_funds
TXN104315,1943.08,debit_card,61,128.3,0.097,0,280,0.236,22,0,insufficient_funds
TXN104316,6266.03,debit_card,63,209.3,0.767,0,23,0.858,6,0,fraud_false_positive
TXN104317,3005.19,netbanking,96,514.3,0.265,0,1382,0.637,11,1,network_error
TXN104318,2976.32,debit_card,51,205.3,0.288,1,67,0.099,2,1,insufficient_funds
TXN104319,1564.16,credit_card,51,153.3,0.174,2,1433,0.106,2,0,insufficient_funds
TXN104320,1163.07,debit_card,59,189.3,0.667,1,361,0.812,22,0,fraud_false_positive
TXN104321,3424.58,netbanking,91,90.2,0.137,0,864,0.725,4,0,bank_timeout
TXN104322,3474.61,netbanking,61,249.2,0.302,2,1123,0.195,20,0,insufficient_funds
TXN104323,3320.6,debit_card,91,389.1,0.257,0,631,0.46,8,0,bank_timeout
TXN104324,3997.35,upi,91,321.2,0.068,1,67,0.354,1,0,bank_timeout
TXN104325,529.64,credit_card,91,387.9,0.118,1,564,0.674,14,0,bank_timeout
TXN104326,1145.96,debit_card,5,355.4,0.302,0,137,0.444,4,0,network_error
TXN104327,875.46,credit_card,68,329.7,0.209,0,223,0.42,17,0,bank_timeout
TXN104328,929.14,debit_card,96,636.8,0.471,0,387,0.523,14,1,network_error
TXN104329,3054.56,upi,21,526.2,0.127,0,421,0.493,15,1,network_error
TXN104330,3723.17,credit_card,51,147.9,0.543,0,605,0.587,5,0,insufficient_funds
TXN104331,1192.78,credit_card,5,398.1,0.047,0,1836,0.687,14,0,network_error
TXN104332,844.1,debit_card,96,412.1,0.243,0,45,0.269,4,1,bank_timeout
TXN104333,874.7,netbanking,91,253.4,0.251,0,722,0.485,21,0,bank_timeout
TXN104334,761.56,credit_card,91,360.9,0.229,0,427,0.41,0,0,bank_timeout
TXN104335,4551.28,credit_card,5,748.4,0.222,0,33,0.441,9,0,network_error
TXN104336,270.51,credit_card,91,355.0,0.264,0,49,0.539,18,0,bank_timeout
TXN104337,4043.64,upi,61,98.0,0.334,1,261,0.519,4,1,insufficient_funds
TXN104338,370.91,credit_card,96,598.9,0.061,0,154,0.324,5,1,network_error
TXN104339,5387.23,credit_card,51,158.6,0.334,5,194,0.211,2,0,insufficient_funds
TXN104340,12407.87,credit_card,5,125.2,0.685,1,1447,0.544,9,0,fraud_false_positive
TXN104341,1907.79,credit_card,5,208.6,0.761,0,173,0.524,6,0,fraud_false_positive
TXN104342,709.34,debit_card,51,180.2,0.318,0,150,0.404,6,0,insufficient_funds
TXN104343,1959.24,debit_card,91,349.6,0.438,1,241,0.439,0,0,bank_timeout
TXN104344,1733.45,debit_card,96,383.1,0.406,1,217,0.364,5,1,bank_timeout
TXN104345,3090.7,netbanking,51,188.5,0.238,3,658,0.238,13,0,insufficient_funds
TXN104346,2234.81,credit_card,61,189.2,0.19,0,35,0.174,4,0,insufficient_funds
TXN104347,6119.28,netbanking,51,231.9,0.222,2,236,0.169,8,0,insufficient_funds
TXN104348,5276.88,debit_card,96,379.1,0.444,1,382,0.674,23,0,bank_timeout
TXN104349,2262.79,credit_card,65,151.2,0.319,0,1163,0.144,18,0,insufficient_funds
TXN104350,4332.55,debit_card,5,119.2,0.798,0,25,0.834,19,0,fraud_false_positive
TXN104351,4979.92,upi,59,139.4,0.529,0,1262,0.49,16,0,fraud_false_positive
TXN104352,1919.25,netbanking,61,184.9,0.412,1,2324,0.735,14,0,insufficient_funds
TXN104353,7814.83,debit_card,51,261.3,0.178,1,194,0.191,23,0,insufficient_funds
TXN104354,3501.17,upi,21,519.4,0.26,0,1698,0.422,14,1,network_error
TXN104355,978.66,debit_card,65,207.1,0.149,5,49,0.084,1,1,insufficient_funds
TXN104356,978.66,upi,96,488.2,0.174,0,847,0.785,16,0,network_error
TXN104357,2968.73,debit_card,21,571.2,0.284,0,114,0.55,11,1,network_error
TXN104358,185.94,credit_card,96,376.1,0.158,0,66,0.51,5,0,bank_timeout
TXN104359,4809.73,upi,61,219.3,0.324,1,427,0.063,11,1,insufficient_funds
TXN104360,2357.84,wallet,91,426.0,0.018,0,134,0.477,14,0,bank_timeout
TXN104361,2444.23,netbanking,51,178.0,0.192,0,23,0.296,18,0,insufficient_funds
TXN104362,633.59,credit_card,96,452.1,0.196,0,161,0.403,3,1,network_error
TXN104363,1717.43,upi,51,120.5,0.296,2,110,0.091,13,0,insufficient_funds
TXN104364,1240.69,wallet,5,428.2,0.156,0,1051,0.273,11,0,network_error
TXN104365,879.53,debit_card,65,170.1,0.415,0,113,0.141,6,0,insufficient_funds
TXN104366,7356.56,debit_card,51,236.6,0.145,0,1280,0.197,12,0,insufficient_funds
TXN104367,4771.89,credit_card,51,127.6,0.136,2,414,0.193,22,1,insufficient_funds
TXN104368,5096.93,credit_card,59,170.0,0.803,0,1829,0.55,19,1,fraud_false_positive
TXN104369,10503.69,credit_card,63,229.7,0.818,2,653,0.731,3,1,fraud_false_positive
TXN104370,2766.28,debit_card,5,298.7,0.056,0,311,0.563,14,0,network_error
TXN104371,1038.08,credit_card,51,141.3,0.067,0,81,0.293,17,0,insufficient_funds
TXN104372,2234.66,upi,5,259.5,0.395,0,953,0.887,5,0,fraud_false_positive
TXN104373,3691.86,credit_card,96,243.3,0.084,0,124,0.519,7,0,bank_timeout
TXN104374,1881.39,debit_card,91,319.0,0.175,0,1581,0.285,2,1,bank_timeout
TXN104375,3267.56,credit_card,21,445.0,0.108,1,1181,0.768,22,0,network_error
TXN104376,11839.27,credit_card,63,263.1,0.763,0,1600,0.811,10,0,fraud_false_positive
TXN104377,1979.67,debit_card,51,114.6,0.339,1,950,0.057,17,0,insufficient_funds
TXN104378,3894.98,debit_card,91,437.7,0.45,1,511,0.424,13,1,bank_timeout
TXN104379,1977.48,debit_card,61,213.7,0.259,4,261,0.187,1,0,insufficient_funds
TXN104380,929.22,netbanking,91,374.9,0.078,2,152,0.527,3,0,bank_timeout
TXN104381,4445.88,wallet,51,155.6,0.073,0,24,0.047,12,1,insufficient_funds
TXN104382,3631.09,debit_card,51,178.9,0.506,3,20,0.198,0,1,insufficient_funds
TXN104383,21002.39,credit_card,61,172.9,0.197,4,430,0.139,23,0,insufficient_funds
TXN104384,506.21,upi,91,405.1,0.039,1,54,0.459,11,1,bank_timeout
TXN104385,902.11,netbanking,51,156.4,0.232,0,340,0.138,14,0,insufficient_funds
TXN104386,2814.33,debit_card,51,120.8,0.349,1,394,0.498,2,1,insufficient_funds
TXN104387,14114.83,netbanking,59,157.1,0.83,0,123,0.498,16,0,fraud_false_positive
TXN104388,1367.3,credit_card,68,419.5,0.225,1,311,0.438,9,0,bank_timeout
TXN104389,313.17,netbanking,91,472.7,0.265,0,790,0.534,12,1,bank_timeout
TXN104390,1764.92,wallet,51,180.8,0.282,2,724,0.139,23,0,insufficient_funds
TXN104391,960.91,upi,65,114.6,0.383,2,79,0.341,7,0,insufficient_funds
TXN104392,2271.57,netbanking,51,168.2,0.168,2,95,0.138,2,1,insufficient_funds
TXN104393,2287.13,credit_card,21,565.3,0.284,1,24,0.346,0,0,network_error
TXN104394,1390.31,upi,51,175.7,0.171,0,116,0.313,0,0,insufficient_funds
TXN104395,2727.12,debit_card,51,152.0,0.481,2,71,0.391,18,1,insufficient_funds
TXN104396,1868.78,netbanking,96,540.6,0.284,0,823,0.535,2,0,network_error
TXN104397,851.17,debit_card,91,372.2,0.116,0,394,0.334,3,0,bank_timeout
TXN104398,10578.51,credit_card,51,159.6,0.137,1,225,0.145,21,1,insufficient_funds
TXN104399,3018.89,debit_card,51,153.8,0.351,3,1060,0.024,20,0,insufficient_funds
TXN104400,711.61,credit_card,68,360.7,0.29,1,444,0.655,14,0,bank_timeout
TXN104401,5465.2,credit_card,51,222.3,0.126,1,461,0.393,21,0,insufficient_funds
TXN104402,698.99,debit_card,96,492.2,0.169,0,1301,0.709,4,0,network_error
TXN104403,1349.99,debit_card,21,624.5,0.165,0,133,0.649,5,0,network_error
TXN104404,1007.37,credit_card,51,195.4,0.017,0,1024,0.127,4,0,insufficient_funds
TXN104405,224.6,wallet,59,304.6,0.621,1,229,0.777,19,0,fraud_false_positive
TXN104406,2107.19,credit_card,91,287.0,0.337,1,240,0.663,14,0,bank_timeout
TXN104407,3400.0,debit_card,91,486.1,0.035,0,49,0.453,14,0,bank_timeout
TXN104408,2528.2,debit_card,96,585.6,0.334,0,1513,0.783,4,0,network_error
TXN104409,2922.17,netbanking,59,87.2,0.876,0,610,0.66,0,0,fraud_false_positive
TXN104410,2118.87,netbanking,96,281.9,0.219,0,70,0.588,20,1,bank_timeout
TXN104411,1886.71,wallet,91,245.4,0.37,1,1177,0.48,13,1,bank_timeout
TXN104412,539.6,credit_card,96,405.8,0.308,0,842,0.27,9,0,bank_timeout
TXN104413,3556.96,upi,51,181.5,0.071,2,1698,0.135,6,0,insufficient_funds
TXN104414,98.37,wallet,61,215.1,0.229,3,598,0.431,16,0,insufficient_funds
TXN104415,30.32,credit_card,5,587.0,0.391,0,208,0.457,0,0,network_error
TXN104416,1813.45,netbanking,51,132.2,0.151,0,1449,0.518,23,1,insufficient_funds
TXN104417,585.02,debit_card,68,365.3,0.135,1,537,0.64,12,0,bank_timeout
TXN104418,1265.37,upi,63,266.3,0.728,0,304,0.748,3,1,fraud_false_positive
TXN104419,6066.85,upi,51,175.5,0.132,0,502,0.196,18,0,insufficient_funds
TXN104420,2857.49,debit_card,63,180.2,0.716,0,483,0.371,0,1,fraud_false_positive
TXN104421,735.61,debit_card,91,397.9,0.249,1,625,0.342,16,0,bank_timeout
TXN104422,3363.89,upi,51,241.9,0.028,2,540,0.165,9,1,insufficient_funds
TXN104423,1175.59,credit_card,96,720.1,0.287,0,266,0.37,3,1,network_error
TXN104424,4552.16,upi,59,136.9,0.861,1,1555,0.531,20,0,fraud_false_positive
TXN104425,2762.24,upi,51,207.0,0.223,2,82,0.138,20,1,insufficient_funds
TXN104426,1332.97,debit_card,51,178.4,0.108,1,459,0.236,12,0,insufficient_funds
TXN104427,1568.42,netbanking,91,429.1,0.237,2,363,0.535,21,0,bank_timeout
TXN104428,2830.44,upi,61,224.3,0.402,3,495,0.65,14,1,insufficient_funds
TXN104429,12986.63,credit_card,51,157.5,0.008,1,559,0.208,12,0,insufficient_funds
TXN104430,8178.31,netbanking,59,271.0,0.793,0,797,0.538,3,0,fraud_false_positive
TXN104431,3209.03,credit_card,96,485.1,0.221,2,19,0.417,9,1,network_error
TXN104432,7575.66,credit_card,51,111.0,0.114,1,305,0.482,1,0,insufficient_funds
TXN104433,1291.98,debit_card,61,136.2,0.39,0,8,0.015,14,0,insufficient_funds
TXN104434,2066.72,wallet,5,572.4,0.245,0,408,0.549,18,0,network_error
TXN104435,516.46,upi,21,380.0,0.069,0,1059,0.318,15,0,network_error
TXN104436,7520.26,debit_card,51,256.3,0.172,0,510,0.106,6,0,insufficient_funds
TXN104437,4143.6,upi,65,195.2,0.22,1,2,0.19,7,0,insufficient_funds
TXN104438,2379.75,netbanking,91,480.1,0.561,0,468,0.801,18,1,bank_timeout
TXN104439,3657.61,credit_card,65,165.9,0.14,2,597,0.314,22,0,insufficient_funds
TXN104440,8052.64,credit_card,5,153.9,0.6,0,1614,0.526,12,0,fraud_false_positive
TXN104441,825.18,upi,96,365.8,0.227,0,30,0.537,15,0,network_error
TXN104442,5392.54,debit_card,51,220.9,0.241,3,1243,0.342,0,1,insufficient_funds
TXN104443,2184.32,debit_card,61,154.6,0.364,3,423,0.128,14,0,insufficient_funds
TXN104444,631.02,credit_card,51,158.4,0.027,2,1085,0.214,18,1,insufficient_funds
TXN104445,4777.53,credit_card,96,579.9,0.103,0,664,0.527,7,1,network_error
TXN104446,3329.71,wallet,51,176.0,0.058,3,113,0.275,3,0,insufficient_funds
TXN104447,1908.16,debit_card,51,191.6,0.178,2,442,0.125,19,1,insufficient_funds
TXN104448,1539.06,wallet,96,663.2,0.208,0,43,0.508,0,0,network_error
TXN104449,153.47,credit_card,96,551.3,0.235,0,234,0.194,4,0,network_error
TXN104450,337.21,upi,65,197.2,0.487,2,396,0.144,4,1,insufficient_funds
TXN104451,597.54,debit_card,59,209.2,0.681,0,31,0.357,2,0,fraud_false_positive
TXN104452,4331.5,debit_card,5,180.4,0.917,1,6016,0.647,5,0,fraud_false_positive
TXN104453,745.81,netbanking,61,155.5,0.083,0,134,0.54,5,1,insufficient_funds
TXN104454,9496.29,credit_card,65,172.8,0.198,3,114,0.014,11,1,insufficient_funds
TXN104455,871.28,upi,96,489.7,0.213,0,331,0.438,8,1,network_error
TXN104456,2952.75,credit_card,96,431.0,0.04,0,1467,0.536,8,1,network_error
TXN104457,2393.11,credit_card,96,433.3,0.202,2,48,0.421,18,0,network_error
TXN104458,1208.09,credit_card,51,201.7,0.06,1,13,0.073,11,1,insufficient_funds
TXN104459,2640.93,netbanking,51,189.9,0.094,0,259,0.256,17,0,insufficient_funds
TXN104460,748.56,debit_card,68,406.6,0.157,1,273,0.688,23,0,bank_timeout
TXN104461,1581.74,netbanking,61,183.9,0.348,1,1296,0.17,4,0,insufficient_funds
TXN104462,868.08,debit_card,51,222.8,0.068,3,361,0.156,7,0,insufficient_funds
TXN104463,920.7,credit_card,51,139.9,0.083,2,205,0.606,13,0,insufficient_funds
TXN104464,388.25,wallet,96,603.5,0.133,0,1528,0.369,21,1,network_error
TXN104465,311.31,debit_card,91,469.5,0.228,0,306,0.38,0,0,bank_timeout
TXN104466,2062.62,credit_card,5,527.9,0.046,0,497,0.451,19,0,network_error
TXN104467,2714.64,credit_card,91,426.0,0.051,0,631,0.651,8,0,bank_timeout
TXN104468,11905.62,credit_card,51,225.6,0.063,2,28,0.445,9,1,insufficient_funds
TXN104469,1739.75,upi,61,223.5,0.163,0,382,0.24,19,0,insufficient_funds
TXN104470,2088.06,debit_card,96,524.5,0.125,0,1495,0.494,14,0,bank_timeout
TXN104471,592.32,upi,65,141.1,0.403,4,693,0.403,8,0,insufficient_funds
TXN104472,461.97,upi,91,452.6,0.424,1,397,0.35,6,0,bank_timeout
TXN104473,1193.98,credit_card,5,297.1,0.169,0,245,0.7,3,1,network_error
TXN104474,1071.52,credit_card,61,185.3,0.044,0,306,0.381,1,1,insufficient_funds
TXN104475,450.41,credit_card,21,517.6,0.082,0,511,0.207,18,1,network_error
TXN104476,544.58,credit_card,96,394.3,0.058,0,153,0.533,15,0,bank_timeout
TXN104477,1456.14,debit_card,51,108.2,0.04,1,51,0.095,5,1,insufficient_funds
TXN104478,1569.69,credit_card,96,304.7,0.096,0,1905,0.536,19,0,network_error
TXN104479,4963.56,netbanking,65,215.0,0.102,0,614,0.074,0,0,insufficient_funds
TXN104480,1799.74,debit_card,96,419.5,0.31,0,715,0.368,5,0,network_error
TXN104481,11879.17,credit_card,59,202.9,0.678,1,384,0.777,5,0,fraud_false_positive
TXN104482,4744.44,debit_card,65,159.7,0.094,4,490,0.246,18,1,insufficient_funds
TXN104483,2367.6,upi,61,220.5,0.07,0,552,0.156,3,0,insufficient_funds
TXN104484,2521.72,debit_card,96,774.0,0.171,4,873,0.396,15,1,network_error
TXN104485,3872.92,credit_card,96,415.2,0.19,0,114,0.718,21,1,bank_timeout
TXN104486,3689.93,debit_card,59,137.9,0.666,1,921,0.312,8,1,fraud_false_positive
TXN104487,1708.62,debit_card,61,162.7,0.15,0,83,0.236,2,0,insufficient_funds
TXN104488,2076.42,debit_card,59,228.1,0.69,0,291,0.453,13,0,fraud_false_positive
TXN104489,1500.28,netbanking,5,577.1,0.277,0,405,0.522,8,1,network_error
TXN104490,944.09,upi,91,406.0,0.134,2,374,0.648,5,0,bank_timeout
TXN104491,3745.08,credit_card,91,429.8,0.2,0,602,0.458,11,0,bank_timeout
TXN104492,2347.18,upi,5,529.1,0.111,0,209,0.359,13,0,network_error
TXN104493,2225.5,credit_card,51,175.8,0.527,0,242,0.636,20,1,insufficient_funds
TXN104494,4333.11,debit_card,21,561.4,0.266,1,331,0.575,9,1,network_error
TXN104495,1008.51,debit_card,91,422.7,0.058,0,63,0.723,10,0,bank_timeout
TXN104496,478.52,debit_card,91,400.6,0.253,0,207,0.753,17,0,bank_timeout
TXN104497,1191.86,credit_card,51,118.8,0.382,0,695,0.294,21,0,insufficient_funds
TXN104498,5999.79,debit_card,51,211.1,0.045,1,113,0.162,13,0,insufficient_funds
TXN104499,4805.81,credit_card,5,210.7,0.765,1,2336,0.486,20,0,fraud_false_positive
TXN104500,2103.44,credit_card,96,455.3,0.194,0,384,0.307,13,0,network_error
TXN104501,3050.46,debit_card,51,189.2,0.429,3,88,0.201,7,1,insufficient_funds
TXN104502,1753.24,debit_card,51,184.5,0.047,1,299,0.06,20,1,insufficient_funds
TXN104503,711.52,netbanking,96,498.4,0.184,2,158,0.825,3,0,network_error
TXN104504,1212.09,debit_card,51,156.0,0.429,2,57,0.111,17,0,insufficient_funds
TXN104505,1719.64,debit_card,96,461.5,0.057,0,101,0.735,14,0,network_error
TXN104506,852.36,credit_card,91,432.7,0.058,0,91,0.341,5,0,bank_timeout
TXN104507,4948.29,credit_card,65,154.0,0.549,1,170,0.176,22,1,insufficient_funds
TXN104508,6366.6,debit_card,96,528.2,0.205,1,1799,0.448,10,0,network_error
TXN104509,3707.86,debit_card,51,233.1,0.081,0,248,0.066,21,0,insufficient_funds
TXN104510,2990.36,debit_card,59,153.1,0.799,0,82,0.747,2,0,fraud_false_positive
TXN104511,370.42,debit_card,21,466.2,0.075,0,513,0.433,15,0,network_error
TXN104512,792.22,debit_card,21,550.9,0.082,0,429,0.67,22,1,network_error
TXN104513,5018.81,debit_card,51,179.6,0.063,1,960,0.387,10,0,insufficient_funds
TXN104514,2664.66,credit_card,51,271.7,0.225,2,21,0.061,20,0,insufficient_funds
TXN104515,4682.63,credit_card,51,194.0,0.042,1,1,0.162,16,1,insufficient_funds
TXN104516,9808.68,debit_card,51,114.6,0.13,3,190,0.373,23,0,insufficient_funds
TXN104517,824.35,upi,96,299.5,0.013,0,285,0.299,20,0,bank_timeout
TXN104518,5571.97,credit_card,5,159.4,0.619,0,1105,0.681,5,0,fraud_false_positive
TXN104519,3492.52,debit_card,59,248.3,0.785,1,764,0.6,8,1,fraud_false_positive
TXN104520,4768.86,upi,63,184.9,0.704,0,131,0.539,13,1,fraud_false_positive
TXN104521,432.05,upi,21,588.1,0.378,0,717,0.544,15,0,network_error
TXN104522,1231.46,upi,91,302.2,0.055,2,313,0.593,5,1,bank_timeout
TXN104523,3729.78,credit_card,51,111.6,0.138,1,1,0.346,8,1,insufficient_funds
TXN104524,3548.78,debit_card,51,225.5,0.193,0,388,0.359,13,0,insufficient_funds
TXN104525,6509.6,netbanking,51,221.3,0.358,1,160,0.29,7,1,insufficient_funds
TXN104526,2745.52,credit_card,96,333.3,0.111,2,198,0.644,15,1,bank_timeout
TXN104527,845.32,debit_card,21,422.4,0.322,0,131,0.346,19,1,network_error
TXN104528,1443.2,upi,96,465.9,0.303,0,231,0.424,18,0,bank_timeout
TXN104529,1841.8,netbanking,51,111.9,0.118,2,127,0.255,7,0,insufficient_funds
TXN104530,1063.56,netbanking,68,441.7,0.129,2,12,0.478,6,0,bank_timeout
TXN104531,2627.16,debit_card,68,120.4,0.232,1,98,0.311,14,1,bank_timeout
TXN104532,2763.51,debit_card,91,368.3,0.213,0,669,0.798,7,1,bank_timeout
TXN104533,2051.97,credit_card,51,254.1,0.058,0,1484,0.193,17,1,insufficient_funds
TXN104534,11786.97,debit_card,65,179.0,0.155,2,322,0.436,10,0,insufficient_funds
TXN104535,1791.46,upi,51,241.1,0.193,1,116,0.116,22,0,insufficient_funds
TXN104536,4141.31,credit_card,51,147.8,0.298,3,281,0.143,19,0,insufficient_funds
TXN104537,396.32,credit_card,96,553.9,0.047,1,172,0.615,14,1,network_error
TXN104538,2561.97,credit_card,68,387.2,0.06,1,2332,0.33,23,1,bank_timeout
TXN104539,2724.2,credit_card,96,507.7,0.09,0,715,0.466,11,0,network_error
TXN104540,2307.02,upi,91,315.6,0.224,1,79,0.362,8,1,bank_timeout
TXN104541,2451.78,upi,21,476.6,0.081,0,1567,0.458,10,1,network_error
TXN104542,3015.67,debit_card,61,136.6,0.098,2,411,0.404,13,1,insufficient_funds
TXN104543,5873.57,upi,61,200.0,0.09,1,227,0.435,5,0,insufficient_funds
TXN104544,3404.11,debit_card,91,295.4,0.086,0,784,0.268,15,0,bank_timeout
TXN104545,6041.66,upi,59,221.1,0.435,0,948,0.802,2,0,fraud_false_positive
TXN104546,3335.26,debit_card,51,213.0,0.328,2,509,0.379,21,0,insufficient_funds
TXN104547,951.92,debit_card,91,169.5,0.374,2,25,0.311,23,0,bank_timeout
TXN104548,7721.02,upi,51,164.3,0.185,3,295,0.517,21,0,insufficient_funds
TXN104549,777.5,credit_card,21,618.7,0.227,2,268,0.391,6,0,network_error
TXN104550,1073.49,credit_card,91,336.0,0.469,0,2569,0.541,19,0,bank_timeout
TXN104551,1588.27,debit_card,96,534.8,0.116,0,544,0.288,8,1,network_error
TXN104552,1360.85,debit_card,91,382.5,0.129,0,2459,0.633,11,1,bank_timeout
TXN104553,2662.75,debit_card,96,278.7,0.11,0,39,0.539,14,1,bank_timeout
TXN104554,855.91,debit_card,5,212.4,0.515,0,11,0.624,7,0,fraud_false_positive
TXN104555,1360.82,netbanking,51,164.4,0.127,1,718,0.12,19,0,insufficient_funds
TXN104556,10104.07,credit_card,51,134.6,0.315,1,480,0.266,16,0,insufficient_funds
TXN104557,589.98,upi,5,598.4,0.102,0,171,0.344,23,0,network_error
TXN104558,7178.19,upi,51,162.2,0.036,0,909,0.423,1,1,insufficient_funds
TXN104559,4265.3,credit_card,96,298.5,0.191,0,253,0.739,13,0,bank_timeout
TXN104560,1848.45,netbanking,59,268.2,0.724,0,18,0.438,20,1,fraud_false_positive
TXN104561,5937.55,upi,96,268.2,0.423,0,209,0.279,2,1,bank_timeout
TXN104562,1557.67,upi,91,301.7,0.277,1,525,0.592,1,1,bank_timeout
TXN104563,2244.1,debit_card,61,148.7,0.273,4,1256,0.402,1,0,insufficient_funds
TXN104564,2619.67,upi,61,158.1,0.737,4,476,0.215,17,1,insufficient_funds
TXN104565,1183.49,upi,91,310.4,0.21,0,558,0.711,10,0,bank_timeout
TXN104566,2618.57,debit_card,96,251.2,0.145,2,758,0.682,23,1,bank_timeout
TXN104567,779.11,debit_card,59,227.0,0.939,0,12,0.784,15,1,fraud_false_positive
TXN104568,2435.37,debit_card,96,217.5,0.228,1,152,0.189,12,1,bank_timeout
TXN104569,857.61,debit_card,61,219.7,0.147,1,109,0.147,17,0,insufficient_funds
TXN104570,5466.93,upi,51,138.8,0.265,2,508,0.269,22,0,insufficient_funds
TXN104571,2014.71,wallet,91,361.3,0.28,0,568,0.423,8,0,bank_timeout
TXN104572,3498.46,debit_card,91,401.4,0.126,0,367,0.297,10,0,bank_timeout
TXN104573,478.47,upi,61,225.8,0.259,3,786,0.354,23,0,insufficient_funds
TXN104574,1194.01,credit_card,68,315.9,0.089,0,525,0.74,22,1,bank_timeout
TXN104575,2748.73,credit_card,61,176.8,0.287,2,44,0.551,19,0,insufficient_funds
TXN104576,4074.81,debit_card,51,157.9,0.407,0,2509,0.609,22,0,insufficient_funds
TXN104577,442.44,credit_card,91,289.2,0.21,0,343,0.469,19,1,bank_timeout
TXN104578,1626.53,debit_card,51,207.8,0.114,2,164,0.14,10,1,insufficient_funds
TXN104579,1542.8,debit_card,51,195.8,0.317,1,332,0.068,13,0,insufficient_funds
TXN104580,1957.04,upi,51,265.3,0.126,3,47,0.266,22,0,insufficient_funds
TXN104581,478.34,debit_card,5,364.3,0.279,0,678,0.443,7,0,network_error
TXN104582,817.43,debit_card,51,212.0,0.077,2,331,0.311,8,0,insufficient_funds
TXN104583,1091.34,debit_card,68,305.7,0.088,2,735,0.684,11,1,bank_timeout
TXN104584,1871.76,netbanking,59,255.3,0.453,0,781,0.713,20,1,fraud_false_positive
TXN104585,890.35,credit_card,91,244.2,0.042,1,682,0.262,13,0,bank_timeout
TXN104586,766.37,upi,96,553.6,0.217,0,1038,0.516,8,1,network_error
TXN104587,2280.59,credit_card,51,168.2,0.075,0,199,0.391,11,0,insufficient_funds
TXN104588,2862.44,netbanking,51,210.7,0.116,4,1111,0.437,3,0,insufficient_funds
TXN104589,1425.42,wallet,96,768.4,0.369,1,1129,0.719,2,1,network_error
TXN104590,3112.33,credit_card,51,250.9,0.257,1,187,0.312,20,0,insufficient_funds
TXN104591,717.82,debit_card,96,451.2,0.038,0,334,0.539,13,0,network_error
TXN104592,4348.61,debit_card,51,158.3,0.198,0,63,0.323,7,1,insufficient_funds
TXN104593,791.72,credit_card,68,325.2,0.149,1,1005,0.442,1,0,bank_timeout
TXN104594,10342.73,credit_card,63,278.9,0.704,0,1907,0.706,18,0,fraud_false_positive
TXN104595,873.82,credit_card,5,606.1,0.088,0,861,0.537,5,0,network_error
TXN104596,1785.73,upi,96,416.7,0.152,0,1277,0.599,8,0,network_error
TXN104597,301.9,debit_card,61,216.1,0.464,2,226,0.013,7,0,insufficient_funds
TXN104598,4954.59,credit_card,96,551.1,0.079,0,190,0.518,23,0,network_error
TXN104599,1439.95,debit_card,51,159.7,0.314,2,236,0.306,15,0,insufficient_funds
TXN104600,541.95,netbanking,96,634.1,0.355,1,322,0.525,15,0,network_error
TXN104601,3043.73,upi,51,216.1,0.175,2,260,0.366,11,1,insufficient_funds
TXN104602,397.22,wallet,59,269.4,0.847,0,1939,0.605,9,1,fraud_false_positive
TXN104603,4831.14,debit_card,59,185.8,0.476,0,85,0.623,6,1,fraud_false_positive
TXN104604,595.55,credit_card,51,229.4,0.359,1,1151,0.421,7,1,insufficient_funds
TXN104605,970.96,upi,51,161.0,0.043,1,429,0.435,14,1,insufficient_funds
TXN104606,812.15,credit_card,96,326.1,0.242,0,696,0.636,7,0,network_error
TXN104607,2560.5,upi,91,242.4,0.088,1,344,0.653,16,0,bank_timeout
TXN104608,2233.73,credit_card,96,236.2,0.375,0,45,0.559,8,0,network_error
TXN104609,9009.17,netbanking,59,180.7,0.657,1,841,0.683,15,1,fraud_false_positive
TXN104610,2683.57,netbanking,96,279.8,0.102,1,46,0.602,10,1,bank_timeout
TXN104611,1988.08,credit_card,51,163.5,0.055,1,419,0.144,16,0,insufficient_funds
TXN104612,1825.92,credit_card,51,134.8,0.032,2,561,0.205,11,0,insufficient_funds
TXN104613,2622.18,debit_card,96,280.9,0.2,0,49,0.35,21,1,bank_timeout
TXN104614,6951.13,wallet,51,148.4,0.307,1,237,0.113,21,0,insufficient_funds
TXN104615,1617.72,debit_card,51,165.5,0.102,2,666,0.119,1,0,insufficient_funds
TXN104616,1352.13,netbanking,91,364.9,0.073,1,917,0.687,2,0,bank_timeout
TXN104617,3281.37,credit_card,59,176.9,0.722,1,30,0.637,9,1,fraud_false_positive
TXN104618,926.78,upi,91,388.0,0.147,0,424,0.701,13,1,bank_timeout
TXN104619,1832.67,credit_card,51,143.0,0.029,2,360,0.349,10,0,insufficient_funds
TXN104620,3737.97,debit_card,91,305.9,0.318,0,1676,0.557,7,0,bank_timeout
TXN104621,3655.69,debit_card,51,199.5,0.187,0,349,0.292,8,1,insufficient_funds
TXN104622,3664.51,upi,61,166.9,0.081,0,211,0.407,11,0,insufficient_funds
TXN104623,2339.6,credit_card,59,178.8,0.78,0,1283,0.749,23,0,fraud_false_positive
TXN104624,161.2,debit_card,96,496.1,0.127,0,896,0.398,10,0,network_error
TXN104625,1751.11,netbanking,21,478.6,0.27,0,806,0.317,5,0,network_error
TXN104626,721.74,debit_card,51,220.4,0.286,0,56,0.304,15,1,insufficient_funds
TXN104627,3771.44,credit_card,96,491.9,0.033,0,792,0.421,8,0,network_error
TXN104628,764.92,netbanking,91,427.8,0.295,0,111,0.438,17,0,bank_timeout
TXN104629,6525.86,upi,59,180.7,0.561,0,944,0.671,15,1,fraud_false_positive
TXN104630,12193.03,upi,61,181.2,0.035,0,47,0.304,3,1,insufficient_funds
TXN104631,1123.95,debit_card,96,434.9,0.038,1,302,0.31,22,1,network_error
TXN104632,1401.03,credit_card,96,560.3,0.233,2,20,0.484,1,1,network_error
TXN104633,3170.71,credit_card,51,132.0,0.067,0,733,0.527,6,1,insufficient_funds
TXN104634,2636.62,upi,96,397.6,0.194,0,149,0.551,17,1,bank_timeout
TXN104635,3647.01,upi,96,609.8,0.266,1,8,0.563,12,0,network_error
TXN104636,1336.06,credit_card,5,675.1,0.073,1,213,0.593,7,0,network_error
TXN104637,1765.04,debit_card,21,546.0,0.173,1,804,0.458,13,0,network_error
TXN104638,1925.92,debit_card,61,167.4,0.122,1,103,0.2,1,0,insufficient_funds
TXN104639,1629.66,credit_card,51,189.5,0.456,0,217,0.105,3,0,insufficient_funds
TXN104640,1175.1,credit_card,61,195.7,0.108,0,148,0.343,10,0,insufficient_funds
TXN104641,1371.2,upi,65,160.3,0.4,1,283,0.427,7,0,insufficient_funds
TXN104642,1947.77,credit_card,51,216.8,0.106,1,263,0.25,7,1,insufficient_funds
TXN104643,2359.03,credit_card,65,177.0,0.022,1,204,0.334,10,1,insufficient_funds
TXN104644,15602.79,debit_card,59,225.9,0.69,1,120,0.535,13,1,fraud_false_positive
TXN104645,9799.51,debit_card,51,214.7,0.223,1,74,0.081,9,0,insufficient_funds
TXN104646,1559.1,credit_card,96,364.4,0.067,0,344,0.688,16,0,bank_timeout
TXN104647,3576.4,upi,63,157.4,0.578,0,169,0.646,2,0,fraud_false_positive
TXN104648,3480.69,debit_card,91,181.7,0.267,0,194,0.556,17,0,bank_timeout
TXN104649,1209.47,wallet,91,547.9,0.362,1,1544,0.551,15,0,bank_timeout
TXN104650,6576.09,debit_card,61,221.7,0.067,0,77,0.338,14,1,insufficient_funds
TXN104651,2290.94,upi,21,631.3,0.114,0,385,0.583,23,0,network_error
TXN104652,5989.28,credit_card,59,273.1,0.532,0,1946,0.771,12,0,fraud_false_positive
TXN104653,79.52,credit_card,96,567.5,0.18,0,150,0.096,20,1,network_error
TXN104654,891.02,credit_card,96,362.1,0.177,0,549,0.463,8,0,bank_timeout
TXN104655,2284.19,credit_card,63,119.4,0.718,0,20,0.787,21,0,fraud_false_positive
TXN104656,1757.99,debit_card,21,835.3,0.13,0,857,0.573,3,0,network_error
TXN104657,3034.76,netbanking,51,139.5,0.101,2,146,0.117,14,0,insufficient_funds
TXN104658,4362.68,wallet,5,583.7,0.282,0,513,0.515,11,0,network_error
TXN104659,1229.35,debit_card,68,283.3,0.284,0,134,0.737,3,0,bank_timeout
TXN104660,2315.91,upi,96,532.0,0.117,0,460,0.72,1,1,network_error
TXN104661,2437.52,upi,61,167.0,0.1,2,15,0.128,16,0,insufficient_funds
TXN104662,1357.73,netbanking,68,440.6,0.271,0,84,0.717,16,1,bank_timeout
TXN104663,2754.44,debit_card,51,241.6,0.17,0,391,0.103,10,1,insufficient_funds
TXN104664,1290.33,netbanking,96,361.2,0.324,0,541,0.299,11,1,network_error
TXN104665,1502.14,credit_card,51,155.3,0.302,0,326,0.329,22,1,insufficient_funds
TXN104666,3667.3,credit_card,96,344.1,0.27,1,676,0.36,14,0,bank_timeout
TXN104667,4867.4,debit_card,61,233.7,0.05,0,704,0.127,10,1,insufficient_funds
TXN104668,3369.54,upi,61,227.5,0.261,2,241,0.184,16,0,insufficient_funds
TXN104669,1639.87,credit_card,91,377.8,0.124,0,970,0.567,21,1,bank_timeout
TXN104670,2440.22,upi,59,229.5,0.815,0,1103,0.789,20,0,fraud_false_positive
TXN104671,1536.19,upi,65,67.7,0.371,1,143,0.328,0,1,insufficient_funds
TXN104672,3190.48,upi,96,641.0,0.369,1,708,0.743,16,0,network_error
TXN104673,3621.61,credit_card,51,118.8,0.261,2,305,0.11,6,1,insufficient_funds
TXN104674,1142.96,credit_card,21,430.9,0.064,0,386,0.52,23,0,network_error
TXN104675,1548.03,credit_card,65,178.2,0.082,1,2158,0.176,19,0,insufficient_funds
TXN104676,3267.79,debit_card,96,319.9,0.167,0,264,0.482,14,0,bank_timeout
TXN104677,2430.22,debit_card,91,236.7,0.082,1,137,0.733,12,0,bank_timeout
TXN104678,2921.65,credit_card,51,180.4,0.249,0,118,0.064,3,0,insufficient_funds
TXN104679,2681.26,debit_card,51,107.1,0.115,0,1333,0.132,12,1,insufficient_funds
TXN104680,2372.05,debit_card,65,113.6,0.289,0,8,0.469,5,1,insufficient_funds
TXN104681,3634.77,credit_card,5,176.4,0.865,0,939,0.48,0,0,fraud_false_positive
TXN104682,1022.88,upi,5,478.0,0.116,0,1081,0.51,19,1,network_error
TXN104683,6997.04,netbanking,61,168.4,0.245,0,304,0.247,0,0,insufficient_funds
TXN104684,4912.07,upi,65,142.8,0.135,1,196,0.485,4,0,insufficient_funds
TXN104685,4151.27,debit_card,51,130.7,0.711,1,402,0.429,7,0,insufficient_funds
TXN104686,2669.52,netbanking,5,318.6,0.193,0,149,0.276,6,0,network_error
TXN104687,3588.14,credit_card,51,175.6,0.101,0,1378,0.154,6,1,insufficient_funds
TXN104688,1657.6,upi,51,99.4,0.096,3,1200,0.216,22,0,insufficient_funds
TXN104689,2628.87,debit_card,5,206.0,0.75,0,32,0.707,21,0,fraud_false_positive
TXN104690,284.24,upi,51,187.2,0.109,4,1086,0.257,18,0,insufficient_funds
TXN104691,351.25,debit_card,51,169.7,0.118,1,800,0.087,21,0,insufficient_funds
TXN104692,2609.92,upi,61,204.9,0.274,1,452,0.412,11,0,insufficient_funds
TXN104693,9785.98,upi,61,235.5,0.545,0,242,0.099,8,0,insufficient_funds
TXN104694,257.81,upi,21,493.0,0.253,0,2819,0.28,6,0,network_error
TXN104695,1758.12,upi,51,108.7,0.238,1,778,0.677,22,0,insufficient_funds
TXN104696,3339.05,debit_card,96,509.5,0.139,1,18,0.639,7,0,network_error
TXN104697,3835.9,credit_card,59,203.6,0.796,2,1471,0.623,0,1,fraud_false_positive
TXN104698,989.81,wallet,21,502.3,0.268,1,21,0.639,7,1,network_error
TXN104699,870.38,credit_card,63,144.1,0.787,0,226,0.913,7,0,fraud_false_positive
TXN104700,1751.81,debit_card,21,592.4,0.233,2,390,0.308,22,0,network_error
TXN104701,4171.32,debit_card,61,178.3,0.348,0,485,0.421,21,1,insufficient_funds
TXN104702,2258.6,upi,21,348.8,0.127,0,276,0.356,2,1,network_error
TXN104703,1385.93,debit_card,21,588.7,0.229,0,287,0.484,1,1,network_error
TXN104704,2829.97,debit_card,96,277.3,0.113,1,38,0.66,11,1,bank_timeout
TXN104705,984.96,upi,91,386.1,0.276,0,682,0.303,5,1,bank_timeout
TXN104706,2943.48,debit_card,21,595.6,0.165,0,145,0.855,14,0,network_error
TXN104707,1291.55,credit_card,91,307.7,0.123,2,720,0.19,15,0,bank_timeout
TXN104708,1528.02,credit_card,21,708.1,0.143,0,281,0.718,23,0,network_error
TXN104709,4489.39,credit_card,65,233.8,0.243,1,693,0.029,23,1,insufficient_funds
TXN104710,1190.98,netbanking,51,156.1,0.029,2,1740,0.197,21,1,insufficient_funds
TXN104711,533.73,wallet,96,367.0,0.225,0,332,0.496,13,0,network_error
TXN104712,2219.42,upi,59,164.7,0.621,0,485,0.526,16,1,fraud_false_positive
TXN104713,2612.05,upi,5,569.5,0.114,1,605,0.692,4,0,network_error
TXN104714,3029.67,credit_card,68,398.8,0.102,0,139,0.479,6,0,bank_timeout
TXN104715,652.03,debit_card,21,428.6,0.313,0,575,0.819,5,0,network_error
TXN104716,2851.93,debit_card,61,146.7,0.061,2,110,0.494,11,1,insufficient_funds
TXN104717,1620.29,wallet,63,106.2,0.857,0,1196,0.932,19,0,fraud_false_positive
TXN104718,6686.11,credit_card,51,146.1,0.105,3,86,0.062,1,0,insufficient_funds
TXN104719,5585.39,upi,51,192.7,0.158,2,733,0.232,13,0,insufficient_funds
TXN104720,2189.23,netbanking,51,97.7,0.081,1,566,0.117,7,0,insufficient_funds
TXN104721,2623.95,credit_card,21,527.7,0.036,1,488,0.429,17,1,network_error
TXN104722,3070.16,credit_card,61,230.6,0.165,0,101,0.443,18,0,insufficient_funds
TXN104723,2350.56,debit_card,5,479.1,0.185,0,148,0.471,16,0,network_error
TXN104724,6794.58,debit_card,51,207.6,0.197,1,41,0.243,9,1,insufficient_funds
TXN104725,2770.89,debit_card,51,145.3,0.112,0,998,0.346,21,0,insufficient_funds
TXN104726,1751.47,credit_card,96,449.2,0.182,0,307,0.466,20,0,network_error
TXN104727,2326.81,netbanking,51,187.3,0.271,0,1108,0.358,13,1,insufficient_funds
TXN104728,983.18,credit_card,21,490.7,0.089,1,971,0.405,17,1,network_error
TXN104729,3798.82,credit_card,59,224.0,0.859,0,1807,0.854,3,0,fraud_false_positive
TXN104730,2899.51,credit_card,51,175.7,0.267,0,1033,0.398,22,0,insufficient_funds
TXN104731,715.45,debit_card,51,210.6,0.526,1,298,0.229,7,0,insufficient_funds
TXN104732,2945.09,credit_card,61,191.2,0.175,1,308,0.41,22,1,insufficient_funds
TXN104733,1450.31,netbanking,21,425.1,0.327,0,560,0.396,18,1,network_error
TXN104734,327.34,debit_card,68,317.5,0.134,2,85,0.534,18,0,bank_timeout
TXN104735,2784.64,upi,61,167.8,0.092,1,2,0.138,12,0,insufficient_funds
TXN104736,4501.8,upi,51,181.6,0.097,2,261,0.294,20,1,insufficient_funds
TXN104737,1970.42,debit_card,91,212.0,0.222,0,43,0.541,21,1,bank_timeout
TXN104738,2049.99,debit_card,51,212.8,0.009,1,331,0.338,15,0,insufficient_funds
TXN104739,2255.72,debit_card,96,376.0,0.086,1,852,0.439,9,0,bank_timeout
TXN104740,283.99,credit_card,51,183.4,0.289,0,701,0.277,18,1,insufficient_funds
TXN104741,1750.6,debit_card,96,619.6,0.201,0,40,0.277,15,0,network_error
TXN104742,3305.07,debit_card,61,168.4,0.164,0,339,0.16,8,0,insufficient_funds
TXN104743,2351.61,upi,59,220.4,0.881,0,339,0.687,15,0,fraud_false_positive
TXN104744,1986.3,credit_card,59,197.4,0.589,0,534,0.588,18,1,fraud_false_positive
TXN104745,5331.83,credit_card,91,356.9,0.147,1,436,0.295,16,1,bank_timeout
TXN104746,2457.31,upi,5,296.4,0.148,0,615,0.703,3,0,network_error
TXN104747,241.73,upi,61,142.2,0.385,2,190,0.223,21,0,insufficient_funds
TXN104748,938.75,netbanking,68,388.3,0.272,0,1303,0.248,9,0,bank_timeout
TXN104749,922.71,netbanking,65,176.1,0.134,1,93,0.115,10,1,insufficient_funds
TXN104750,1680.44,netbanking,91,272.7,0.149,0,902,0.621,15,0,bank_timeout
TXN104751,6818.8,debit_card,61,224.4,0.299,0,277,0.095,22,0,insufficient_funds
TXN104752,310.63,credit_card,5,473.9,0.519,0,1447,0.585,4,0,network_error
TXN104753,6778.58,credit_card,96,417.1,0.271,0,255,0.347,1,0,bank_timeout
TXN104754,281.82,debit_card,91,289.6,0.007,1,375,0.536,14,1,bank_timeout
TXN104755,819.07,upi,96,369.3,0.031,1,1371,0.198,7,1,bank_timeout
TXN104756,3124.65,credit_card,51,172.5,0.561,3,219,0.399,9,0,insufficient_funds
TXN104757,3598.07,netbanking,51,128.5,0.142,0,41,0.343,13,0,insufficient_funds
TXN104758,1909.92,debit_card,65,254.2,0.039,0,1041,0.547,10,1,insufficient_funds
TXN104759,1301.53,credit_card,91,389.4,0.144,0,24,0.345,12,0,bank_timeout
TXN104760,4686.44,wallet,51,215.8,0.239,0,582,0.238,7,0,insufficient_funds
TXN104761,2822.96,upi,96,337.4,0.236,0,80,0.421,16,0,bank_timeout
TXN104762,2144.69,credit_card,21,460.7,0.185,0,215,0.557,12,0,network_error
TXN104763,3527.24,credit_card,91,332.1,0.206,1,321,0.369,2,0,bank_timeout
TXN104764,7197.51,credit_card,51,118.2,0.15,2,53,0.257,16,0,insufficient_funds
TXN104765,4107.58,upi,96,573.5,0.396,0,1016,0.39,15,0,network_error
TXN104766,1912.57,wallet,61,100.3,0.392,0,153,0.066,13,1,insufficient_funds
TXN104767,1818.45,wallet,51,234.3,0.167,2,285,0.403,16,1,insufficient_funds
TXN104768,1331.78,credit_card,65,125.7,0.492,1,425,0.164,13,0,insufficient_funds
TXN104769,2642.73,upi,63,206.4,0.611,2,223,0.863,18,0,fraud_false_positive
TXN104770,866.73,debit_card,51,179.1,0.249,0,63,0.18,4,0,insufficient_funds
TXN104771,663.16,credit_card,68,170.6,0.292,1,10,0.472,6,1,bank_timeout
TXN104772,458.19,debit_card,91,384.1,0.159,1,99,0.587,22,1,bank_timeout
TXN104773,1611.99,upi,51,211.4,0.267,0,44,0.169,19,1,insufficient_funds
TXN104774,3998.25,upi,51,198.7,0.127,3,657,0.355,19,1,insufficient_funds
TXN104775,7447.3,netbanking,51,183.3,0.197,2,231,0.286,13,0,insufficient_funds
TXN104776,7595.5,credit_card,61,63.6,0.45,2,304,0.479,2,0,insufficient_funds
TXN104777,1456.88,debit_card,96,294.1,0.254,0,149,0.419,10,0,network_error
TXN104778,2639.91,debit_card,21,690.6,0.193,1,125,0.614,2,0,network_error
TXN104779,2273.13,upi,96,498.6,0.244,1,275,0.222,3,0,network_error
TXN104780,9129.32,debit_card,59,171.2,0.802,0,147,0.383,7,1,fraud_false_positive
TXN104781,2591.58,debit_card,21,465.1,0.083,0,184,0.617,15,0,network_error
TXN104782,4421.14,debit_card,59,274.5,0.572,0,2725,0.594,8,0,fraud_false_positive
TXN104783,9526.79,credit_card,51,203.5,0.169,0,594,0.117,12,0,insufficient_funds
TXN104784,4621.9,netbanking,96,590.3,0.149,0,469,0.41,8,0,network_error
TXN104785,3467.44,netbanking,51,168.9,0.158,3,417,0.424,16,1,insufficient_funds
TXN104786,129.11,upi,21,257.1,0.062,1,967,0.561,11,1,network_error
TXN104787,1563.49,credit_card,91,388.2,0.291,1,258,0.678,23,0,bank_timeout
TXN104788,3939.23,debit_card,59,172.2,0.758,0,2522,0.565,11,1,fraud_false_positive
TXN104789,1251.34,wallet,61,195.8,0.11,1,344,0.39,10,1,insufficient_funds
TXN104790,3450.85,debit_card,51,211.9,0.214,2,364,0.127,2,0,insufficient_funds
TXN104791,1404.28,upi,96,337.6,0.188,0,106,0.734,5,0,bank_timeout
TXN104792,8510.27,netbanking,51,252.9,0.205,2,184,0.267,23,0,insufficient_funds
TXN104793,7340.92,debit_card,59,259.0,0.694,1,1263,0.412,7,1,fraud_false_positive
TXN104794,2814.27,debit_card,51,181.6,0.11,2,491,0.075,6,0,insufficient_funds
TXN104795,2586.79,debit_card,61,159.0,0.303,1,521,0.661,1,0,insufficient_funds
TXN104796,2517.15,credit_card,91,389.6,0.156,1,635,0.289,17,0,bank_timeout
TXN104797,1047.51,debit_card,96,460.4,0.104,0,1033,0.266,13,0,network_error
TXN104798,3555.65,credit_card,96,633.5,0.043,1,1109,0.358,16,0,network_error
TXN104799,2865.52,upi,96,333.8,0.123,0,466,0.272,9,1,bank_timeout
TXN104800,3593.47,credit_card,51,218.3,0.197,1,283,0.473,15,0,insufficient_funds
TXN104801,1127.96,debit_card,96,486.9,0.113,0,1145,0.366,19,0,network_error
TXN104802,2533.21,wallet,5,546.1,0.047,1,99,0.467,13,0,network_error
TXN104803,2963.35,debit_card,51,161.3,0.19,1,2,0.617,9,0,insufficient_funds
TXN104804,5829.13,debit_card,51,180.6,0.096,2,113,0.573,22,0,insufficient_funds
TXN104805,1416.28,upi,96,524.0,0.128,1,107,0.803,6,0,bank_timeout
TXN104806,4617.65,credit_card,59,218.9,0.765,0,241,0.589,18,1,fraud_false_positive
TXN104807,2521.15,wallet,96,434.2,0.334,1,489,0.515,17,0,network_error
TXN104808,1184.46,upi,96,549.8,0.082,0,244,0.464,18,1,network_error
TXN104809,2211.0,netbanking,91,359.5,0.39,0,125,0.858,4,0,bank_timeout
TXN104810,7175.73,upi,61,151.3,0.081,1,511,0.331,7,0,insufficient_funds
TXN104811,959.11,debit_card,91,434.9,0.26,0,880,0.771,19,0,bank_timeout
TXN104812,2276.02,wallet,96,390.0,0.152,0,271,0.578,7,1,network_error
TXN104813,5337.33,credit_card,51,221.1,0.06,2,621,0.442,4,0,insufficient_funds
TXN104814,4251.78,credit_card,51,276.9,0.288,2,1018,0.421,21,0,insufficient_funds
TXN104815,1539.7,credit_card,91,261.6,0.309,0,1166,0.335,13,0,bank_timeout
TXN104816,2931.83,upi,51,202.7,0.106,0,771,0.397,9,0,insufficient_funds
TXN104817,1098.03,credit_card,21,393.4,0.1,0,444,0.493,10,1,network_error
TXN104818,3091.16,debit_card,5,641.9,0.059,1,2266,0.629,13,0,network_error
TXN104819,2074.29,upi,59,292.3,0.743,2,794,0.76,4,1,fraud_false_positive
TXN104820,2035.06,debit_card,51,108.0,0.199,0,135,0.388,13,1,insufficient_funds
TXN104821,566.1,debit_card,96,315.2,0.084,1,121,0.431,23,1,bank_timeout
TXN104822,2334.56,netbanking,96,664.4,0.207,1,1274,0.447,21,0,network_error
TXN104823,2228.69,debit_card,91,297.8,0.18,0,693,0.664,14,1,bank_timeout
TXN104824,2409.41,debit_card,51,126.6,0.461,0,107,0.251,6,0,insufficient_funds
TXN104825,977.47,wallet,51,102.7,0.263,3,47,0.12,16,1,insufficient_funds
TXN104826,1010.52,debit_card,68,279.5,0.276,0,1095,0.697,20,1,bank_timeout
TXN104827,6139.56,upi,51,200.7,0.318,2,481,0.362,13,0,insufficient_funds
TXN104828,721.52,upi,96,402.9,0.195,1,132,0.525,6,0,network_error
TXN104829,2738.18,credit_card,51,165.8,0.256,1,8,0.353,3,0,insufficient_funds
TXN104830,3174.95,debit_card,96,729.5,0.064,0,320,0.332,23,0,network_error
TXN104831,1192.39,upi,51,164.0,0.239,0,43,0.21,1,0,insufficient_funds
TXN104832,686.8,credit_card,51,203.3,0.034,0,221,0.369,8,1,insufficient_funds
TXN104833,1991.8,upi,51,219.8,0.08,0,23,0.417,9,1,insufficient_funds
TXN104834,5609.57,netbanking,96,558.1,0.323,0,563,0.541,8,1,network_error
TXN104835,6653.82,credit_card,65,176.0,0.173,4,648,0.327,13,0,insufficient_funds
TXN104836,2949.56,credit_card,65,209.2,0.185,3,402,0.275,16,0,insufficient_funds
TXN104837,4748.61,upi,51,115.7,0.146,0,154,0.163,18,0,insufficient_funds
TXN104838,1345.24,debit_card,65,172.2,0.063,0,33,0.146,9,1,insufficient_funds
TXN104839,1099.44,debit_card,51,140.3,0.146,0,177,0.415,17,0,insufficient_funds
TXN104840,3096.35,credit_card,51,196.0,0.177,0,118,0.256,2,1,insufficient_funds
TXN104841,733.68,debit_card,51,106.1,0.129,0,121,0.17,20,0,insufficient_funds
TXN104842,863.42,upi,51,252.7,0.382,2,41,0.279,22,0,insufficient_funds
TXN104843,6223.63,debit_card,96,375.8,0.038,0,600,0.541,3,0,network_error
TXN104844,2337.96,debit_card,63,208.4,0.569,0,232,0.905,9,0,fraud_false_positive
TXN104845,291.39,credit_card,96,452.3,0.038,0,796,0.246,11,0,bank_timeout
TXN104846,5060.46,debit_card,61,123.4,0.303,0,111,0.272,13,0,insufficient_funds
TXN104847,1420.82,credit_card,91,421.9,0.089,2,294,0.547,3,0,bank_timeout
TXN104848,9696.69,debit_card,59,240.6,0.875,2,253,0.774,9,1,fraud_false_positive
TXN104849,2699.81,wallet,51,165.3,0.135,0,290,0.039,16,1,insufficient_funds
TXN104850,5099.57,credit_card,59,241.9,0.776,0,4,0.691,8,0,fraud_false_positive
TXN104851,1637.23,upi,59,187.7,0.801,1,39,0.925,12,1,fraud_false_positive
TXN104852,1197.76,debit_card,91,328.4,0.122,0,588,0.794,6,0,bank_timeout
TXN104853,697.05,credit_card,68,414.7,0.2,1,67,0.628,22,1,bank_timeout
TXN104854,898.41,debit_card,91,278.7,0.098,3,119,0.832,8,1,bank_timeout
TXN104855,2452.12,upi,91,423.7,0.198,0,877,0.804,10,1,bank_timeout
TXN104856,6381.13,netbanking,5,156.6,0.869,0,528,0.916,19,0,fraud_false_positive
TXN104857,8853.93,netbanking,59,175.0,0.539,0,742,0.81,7,0,fraud_false_positive
TXN104858,2554.7,wallet,96,402.5,0.095,1,1321,0.696,9,1,network_error
TXN104859,1572.01,credit_card,96,279.1,0.101,0,24,0.584,5,0,bank_timeout
TXN104860,1053.74,debit_card,63,229.1,0.812,0,145,0.638,18,0,fraud_false_positive
TXN104861,7783.73,credit_card,51,173.7,0.187,0,154,0.316,8,0,insufficient_funds
TXN104862,2938.92,upi,96,403.8,0.423,2,208,0.45,15,0,bank_timeout
TXN104863,902.82,debit_card,21,736.8,0.033,0,530,0.262,5,0,network_error
TXN104864,7220.34,debit_card,51,195.2,0.051,0,189,0.23,4,0,insufficient_funds
TXN104865,5603.91,upi,59,223.0,0.963,0,202,0.633,10,0,fraud_false_positive
TXN104866,1967.06,credit_card,51,214.6,0.109,2,417,0.02,12,0,insufficient_funds
TXN104867,1261.64,credit_card,59,158.6,0.657,0,36,0.424,23,0,fraud_false_positive
TXN104868,201.88,netbanking,21,771.8,0.219,1,328,0.319,12,1,network_error
TXN104869,1052.64,debit_card,51,208.5,0.283,1,374,0.244,18,0,insufficient_funds
TXN104870,5103.93,credit_card,91,378.5,0.399,0,1324,0.526,7,0,bank_timeout
TXN104871,248.9,netbanking,68,425.5,0.476,1,83,0.459,7,0,bank_timeout
TXN104872,8999.73,upi,59,307.4,0.582,0,4514,0.65,23,0,fraud_false_positive
TXN104873,3272.03,credit_card,96,581.5,0.141,0,124,0.185,15,0,network_error
TXN104874,12137.63,netbanking,5,213.2,0.63,1,1195,0.912,0,0,fraud_false_positive
TXN104875,1838.68,credit_card,51,189.9,0.302,3,2,0.468,2,0,insufficient_funds
TXN104876,578.02,netbanking,96,287.1,0.066,0,2053,0.431,16,0,bank_timeout
TXN104877,4700.62,netbanking,96,464.5,0.079,1,97,0.846,14,0,network_error
TXN104878,1974.23,upi,5,239.2,0.693,1,1643,0.854,17,1,fraud_false_positive
TXN104879,5269.0,wallet,51,180.4,0.227,2,59,0.302,3,1,insufficient_funds
TXN104880,1296.77,upi,51,69.9,0.265,2,31,0.327,18,0,insufficient_funds
TXN104881,2553.32,netbanking,96,415.0,0.338,0,304,0.698,17,0,network_error
TXN104882,1281.31,netbanking,61,175.5,0.04,1,178,0.148,2,1,insufficient_funds
TXN104883,1081.85,upi,91,228.8,0.093,1,678,0.282,18,1,bank_timeout
TXN104884,3739.33,netbanking,63,185.9,0.496,0,256,0.685,20,0,fraud_false_positive
TXN104885,3766.2,credit_card,63,219.7,0.896,0,355,0.728,10,0,fraud_false_positive
TXN104886,1153.89,credit_card,5,626.3,0.327,0,754,0.308,1,0,network_error
TXN104887,2386.06,upi,59,182.5,0.666,0,1067,0.74,3,0,fraud_false_positive
TXN104888,234.12,upi,96,485.0,0.059,0,367,0.62,8,0,bank_timeout
TXN104889,1002.08,credit_card,51,158.9,0.209,4,12,0.481,21,0,insufficient_funds
TXN104890,1146.97,credit_card,51,187.2,0.04,1,268,0.133,3,0,insufficient_funds
TXN104891,3413.54,upi,63,232.2,0.65,0,993,0.613,1,0,fraud_false_positive
TXN104892,118.31,credit_card,96,532.0,0.093,0,390,0.437,18,1,network_error
TXN104893,1515.79,netbanking,96,410.9,0.212,1,1094,0.497,18,0,bank_timeout
TXN104894,3516.11,netbanking,59,205.2,0.862,0,1759,0.625,10,0,fraud_false_positive
TXN104895,10701.13,upi,51,197.9,0.242,1,25,0.208,3,0,insufficient_funds
TXN104896,6370.28,credit_card,51,89.9,0.224,0,65,0.089,6,0,insufficient_funds
TXN104897,855.13,debit_card,96,381.6,0.139,2,842,0.505,12,1,bank_timeout
TXN104898,1402.36,debit_card,91,319.5,0.215,0,1030,0.529,14,1,bank_timeout
TXN104899,864.75,netbanking,96,503.9,0.079,2,65,0.552,15,0,network_error
TXN104900,2693.96,upi,51,253.3,0.456,2,46,0.151,15,1,insufficient_funds
TXN104901,5682.97,wallet,61,197.0,0.057,1,185,0.412,16,1,insufficient_funds
TXN104902,1356.29,upi,21,454.1,0.153,1,1812,0.633,11,1,network_error
TXN104903,452.86,credit_card,68,465.7,0.397,0,69,0.713,10,0,bank_timeout
TXN104904,1676.66,credit_card,5,301.1,0.197,1,424,0.611,22,0,network_error
TXN104905,1689.94,debit_card,91,353.8,0.284,1,260,0.341,17,0,bank_timeout
TXN104906,1104.77,credit_card,61,231.6,0.117,0,376,0.438,13,1,insufficient_funds
TXN104907,1723.04,credit_card,5,377.4,0.092,0,359,0.261,21,1,network_error
TXN104908,2004.9,debit_card,5,156.6,0.764,1,2239,0.731,18,1,fraud_false_positive
TXN104909,4218.23,credit_card,5,419.6,0.083,0,2391,0.666,7,0,network_error
TXN104910,675.85,netbanking,96,558.4,0.12,1,597,0.514,10,0,network_error
TXN104911,6892.01,credit_card,65,182.2,0.094,2,283,0.018,4,0,insufficient_funds
TXN104912,1453.32,netbanking,96,253.6,0.286,1,27,0.554,20,0,bank_timeout
TXN104913,2813.04,credit_card,96,393.6,0.075,0,749,0.622,13,1,network_error
TXN104914,1306.76,credit_card,51,186.4,0.489,2,653,0.05,10,0,insufficient_funds
TXN104915,639.5,wallet,96,599.1,0.101,0,134,0.64,1,0,network_error
TXN104916,2835.38,upi,5,485.2,0.07,0,128,0.35,18,0,network_error
TXN104917,4136.64,upi,91,337.7,0.189,0,1161,0.466,23,0,bank_timeout
TXN104918,1556.17,upi,96,714.5,0.094,0,712,0.533,5,1,network_error
TXN104919,1175.76,wallet,51,197.6,0.163,0,122,0.088,13,0,insufficient_funds
TXN104920,2407.97,credit_card,63,211.9,0.703,0,1100,0.891,18,0,fraud_false_positive
TXN104921,3919.03,netbanking,96,562.0,0.243,0,795,0.241,0,1,network_error
TXN104922,941.23,wallet,61,214.4,0.198,2,495,0.332,1,0,insufficient_funds
TXN104923,4056.08,debit_card,61,212.8,0.142,3,616,0.485,14,0,insufficient_funds
TXN104924,3229.0,credit_card,96,607.0,0.387,0,1076,0.632,12,1,network_error
TXN104925,1377.04,debit_card,61,212.4,0.147,1,433,0.196,3,0,insufficient_funds
TXN104926,3924.68,debit_card,61,215.6,0.372,1,507,0.386,6,0,insufficient_funds
TXN104927,4686.03,credit_card,51,235.2,0.075,2,514,0.065,11,0,insufficient_funds
TXN104928,2342.94,upi,96,370.1,0.294,0,41,0.327,21,0,bank_timeout
TXN104929,2156.68,debit_card,61,155.7,0.218,0,248,0.435,14,0,insufficient_funds
TXN104930,1731.27,debit_card,51,200.3,0.38,0,363,0.168,1,1,insufficient_funds
TXN104931,6549.66,upi,51,189.6,0.154,2,1048,0.158,16,1,insufficient_funds
TXN104932,537.27,credit_card,96,437.7,0.108,0,1022,0.374,0,0,network_error
TXN104933,3960.1,credit_card,96,390.6,0.094,1,85,0.398,21,0,bank_timeout
TXN104934,3208.02,upi,61,214.3,0.152,2,258,0.21,16,1,insufficient_funds
TXN104935,14669.87,debit_card,59,157.2,0.85,0,1108,0.724,11,0,fraud_false_positive
TXN104936,1592.8,upi,96,179.8,0.169,1,485,0.509,10,1,bank_timeout
TXN104937,3860.82,credit_card,5,224.3,0.557,0,1781,0.594,17,0,fraud_false_positive
TXN104938,1506.58,debit_card,61,158.1,0.244,0,15,0.641,3,0,insufficient_funds
TXN104939,3003.84,upi,59,214.1,0.618,0,706,0.905,6,0,fraud_false_positive
TXN104940,3671.92,debit_card,61,187.7,0.09,3,67,0.272,21,1,insufficient_funds
TXN104941,861.25,credit_card,68,376.6,0.132,2,120,0.473,18,1,bank_timeout
TXN104942,1037.19,credit_card,21,478.6,0.329,1,1020,0.657,17,0,network_error
TXN104943,1130.59,credit_card,96,356.3,0.113,0,640,0.45,9,0,network_error
TXN104944,1257.67,wallet,5,427.2,0.115,1,77,0.269,23,0,network_error
TXN104945,1903.99,credit_card,51,203.2,0.204,0,658,0.211,19,0,insufficient_funds
TXN104946,66.21,debit_card,96,414.4,0.398,0,245,0.276,22,0,network_error
TXN104947,9195.36,wallet,51,131.0,0.069,2,5,0.417,15,0,insufficient_funds
TXN104948,1724.08,upi,91,399.3,0.344,0,219,0.563,18,1,bank_timeout
TXN104949,6301.56,debit_card,65,129.6,0.008,0,586,0.138,4,1,insufficient_funds
TXN104950,4078.24,debit_card,5,112.5,0.771,1,390,0.717,16,0,fraud_false_positive
TXN104951,2882.64,netbanking,61,154.8,0.35,2,306,0.079,21,0,insufficient_funds
TXN104952,5502.55,debit_card,51,206.4,0.063,0,33,0.339,6,0,insufficient_funds
TXN104953,2198.32,credit_card,5,531.5,0.143,0,547,0.488,19,1,network_error
TXN104954,4091.69,debit_card,51,169.0,0.208,2,53,0.48,9,0,insufficient_funds
TXN104955,1816.63,credit_card,91,332.7,0.209,1,772,0.629,20,0,bank_timeout
TXN104956,1521.84,wallet,96,436.5,0.076,0,857,0.347,13,0,network_error
TXN104957,1582.24,credit_card,96,438.3,0.212,0,486,0.678,6,0,network_error
TXN104958,9767.25,debit_card,5,200.2,0.628,1,2933,0.532,0,0,fraud_false_positive
TXN104959,1884.01,netbanking,21,591.8,0.24,0,245,0.379,3,1,network_error
TXN104960,2087.83,debit_card,96,269.5,0.16,0,289,0.36,3,1,bank_timeout
TXN104961,2450.65,credit_card,61,190.0,0.073,1,138,0.151,4,0,insufficient_funds
TXN104962,3364.86,debit_card,96,482.7,0.18,1,1598,0.426,4,0,network_error
TXN104963,1868.62,upi,68,345.5,0.106,0,424,0.605,4,0,bank_timeout
TXN104964,864.35,credit_card,21,639.9,0.269,0,567,0.425,20,1,network_error
TXN104965,537.27,credit_card,21,428.4,0.017,0,426,0.426,11,0,network_error
TXN104966,10916.34,debit_card,61,183.7,0.051,1,734,0.061,2,1,insufficient_funds
TXN104967,3201.74,credit_card,21,483.1,0.171,0,405,0.416,11,0,network_error
TXN104968,2493.36,credit_card,51,197.1,0.36,0,432,0.365,1,1,insufficient_funds
TXN104969,6024.95,netbanking,51,233.7,0.042,1,366,0.331,19,0,insufficient_funds
TXN104970,4351.39,debit_card,51,179.5,0.215,1,54,0.239,17,0,insufficient_funds
TXN104971,8997.05,credit_card,51,116.0,0.313,0,989,0.26,1,0,insufficient_funds
TXN104972,3883.66,credit_card,59,216.2,0.726,0,364,0.635,13,1,fraud_false_positive
TXN104973,1973.17,upi,61,202.7,0.096,0,433,0.093,18,0,insufficient_funds
TXN104974,2318.21,credit_card,96,606.4,0.078,0,240,0.731,1,0,network_error
TXN104975,882.9,credit_card,91,272.7,0.128,0,983,0.318,16,0,bank_timeout
TXN104976,3440.22,credit_card,5,351.9,0.224,0,199,0.562,4,0,network_error
TXN104977,2545.32,debit_card,51,214.3,0.769,0,161,0.372,2,0,insufficient_funds
TXN104978,3749.89,debit_card,51,206.8,0.179,2,9,0.087,5,1,insufficient_funds
TXN104979,4598.85,credit_card,59,190.1,0.788,1,616,0.685,8,0,fraud_false_positive
TXN104980,1609.04,netbanking,51,252.0,0.482,1,362,0.059,5,0,insufficient_funds
TXN104981,2170.46,debit_card,96,302.6,0.011,1,604,0.585,4,0,bank_timeout
TXN104982,4020.87,wallet,51,196.1,0.174,2,659,0.128,9,0,insufficient_funds
TXN104983,1982.24,netbanking,51,208.1,0.097,2,614,0.138,21,1,insufficient_funds
TXN104984,2446.82,netbanking,51,162.3,0.066,1,505,0.465,22,0,insufficient_funds
TXN104985,2060.69,debit_card,51,229.7,0.048,0,176,0.522,18,0,insufficient_funds
TXN104986,378.01,upi,96,446.2,0.142,0,789,0.431,2,0,network_error
TXN104987,2876.69,credit_card,91,281.8,0.079,1,529,0.641,15,0,bank_timeout
TXN104988,2691.08,debit_card,61,217.6,0.085,1,153,0.147,10,1,insufficient_funds
TXN104989,4991.57,debit_card,51,182.0,0.22,1,125,0.413,3,1,insufficient_funds
TXN104990,61.51,upi,5,506.4,0.079,0,210,0.577,20,0,network_error
TXN104991,3364.73,debit_card,59,160.8,0.913,0,367,0.596,17,0,fraud_false_positive
TXN104992,6735.65,upi,59,172.0,0.739,0,654,0.433,19,1,fraud_false_positive
TXN104993,2146.44,credit_card,68,289.6,0.052,3,165,0.597,19,0,bank_timeout
TXN104994,6136.5,debit_card,51,142.5,0.278,1,171,0.102,12,1,insufficient_funds
TXN104995,3469.83,credit_card,65,122.7,0.266,1,634,0.168,14,1,insufficient_funds
TXN104996,531.52,credit_card,51,170.5,0.203,2,175,0.273,2,0,insufficient_funds
TXN104997,1482.42,netbanking,68,376.2,0.239,1,342,0.475,18,1,bank_timeout
TXN104998,446.94,credit_card,65,285.2,0.267,2,330,0.239,11,1,insufficient_funds
TXN104999,1770.36,debit_card,91,386.9,0.249,2,359,0.728,14,0,bank_timeout
TXN105000,4789.86,debit_card,51,196.5,0.255,0,516,0.175,9,1,insufficient_funds
TXN105001,1977.15,credit_card,68,401.5,0.084,0,549,0.423,14,0,bank_timeout
TXN105002,3295.53,netbanking,96,242.1,0.218,0,34,0.681,11,0,bank_timeout
TXN105003,2211.11,wallet,96,534.5,0.269,0,1367,0.374,13,0,bank_timeout
TXN105004,1966.46,debit_card,51,159.0,0.16,1,68,0.333,2,0,insufficient_funds
TXN105005,4159.01,credit_card,91,377.7,0.128,0,162,0.397,17,1,bank_timeout
TXN105006,2820.77,debit_card,51,163.3,0.16,0,165,0.405,22,1,insufficient_funds
TXN105007,8070.18,credit_card,91,375.4,0.155,0,784,0.168,22,0,bank_timeout
TXN105008,3804.86,upi,51,158.0,0.078,1,1164,0.102,11,1,insufficient_funds
TXN105009,1951.36,upi,51,186.5,0.216,2,838,0.499,1,1,insufficient_funds
TXN105010,2357.84,debit_card,51,183.5,0.201,4,43,0.122,14,0,insufficient_funds
TXN105011,216.01,upi,5,445.9,0.071,0,418,0.562,3,0,network_error
TXN105012,231.06,netbanking,96,612.8,0.173,1,760,0.502,9,0,network_error
TXN105013,5928.52,debit_card,96,508.2,0.186,0,24,0.403,5,1,network_error
TXN105014,4278.18,debit_card,51,187.4,0.511,1,479,0.229,12,1,insufficient_funds
TXN105015,1888.84,netbanking,91,385.6,0.133,0,672,0.51,4,0,bank_timeout
TXN105016,475.66,debit_card,5,826.3,0.009,0,42,0.289,14,0,network_error
TXN105017,3452.72,credit_card,51,168.2,0.129,0,228,0.14,12,1,insufficient_funds
TXN105018,1303.11,upi,96,423.7,0.2,0,88,0.488,8,1,network_error
TXN105019,1459.88,credit_card,68,404.1,0.476,0,27,0.44,8,1,bank_timeout
TXN105020,1455.48,upi,51,211.4,0.065,0,680,0.154,10,1,insufficient_funds
TXN105021,2142.72,netbanking,96,315.1,0.261,2,328,0.415,10,0,bank_timeout
TXN105022,1766.68,credit_card,51,191.6,0.084,0,1051,0.098,5,0,insufficient_funds
TXN105023,6689.97,upi,65,139.0,0.064,1,432,0.2,18,1,insufficient_funds
TXN105024,3963.39,credit_card,61,241.1,0.017,2,84,0.148,10,1,insufficient_funds
TXN105025,1556.86,credit_card,91,390.6,0.175,1,850,0.343,20,0,bank_timeout
TXN105026,851.46,credit_card,61,270.0,0.241,0,262,0.063,15,1,insufficient_funds
TXN105027,1088.57,debit_card,68,378.4,0.211,0,687,0.335,9,0,bank_timeout
TXN105028,1113.94,debit_card,68,228.2,0.089,1,1521,0.382,13,0,bank_timeout
TXN105029,2704.28,netbanking,91,308.9,0.269,1,150,0.472,23,0,bank_timeout
TXN105030,2110.63,debit_card,51,105.2,0.159,0,255,0.296,2,1,insufficient_funds
TXN105031,5045.65,debit_card,61,162.6,0.188,0,114,0.289,20,0,insufficient_funds
TXN105032,3599.63,debit_card,96,245.4,0.198,0,187,0.442,5,0,bank_timeout
TXN105033,1847.79,upi,21,575.0,0.04,1,445,0.709,9,0,network_error
TXN105034,4130.92,credit_card,51,206.6,0.116,2,591,0.226,8,1,insufficient_funds
TXN105035,5189.71,credit_card,96,322.2,0.432,1,1369,0.724,19,0,bank_timeout
TXN105036,2083.99,credit_card,51,146.0,0.254,0,50,0.304,21,0,insufficient_funds
TXN105037,3272.57,upi,59,174.9,0.51,0,567,0.702,13,1,fraud_false_positive
TXN105038,1901.33,credit_card,65,152.0,0.147,2,313,0.028,19,0,insufficient_funds
TXN105039,3411.21,debit_card,91,368.9,0.316,0,35,0.551,14,0,bank_timeout
TXN105040,2751.71,credit_card,51,138.4,0.191,1,1172,0.303,2,0,insufficient_funds
TXN105041,2058.6,netbanking,96,525.9,0.232,1,99,0.784,3,0,network_error
TXN105042,2235.61,wallet,59,241.7,0.892,0,3816,0.693,10,0,fraud_false_positive
TXN105043,733.26,debit_card,5,619.1,0.106,1,351,0.752,19,0,network_error
TXN105044,504.23,netbanking,51,128.6,0.106,3,322,0.29,3,0,insufficient_funds
TXN105045,1864.68,upi,96,400.8,0.231,0,88,0.483,14,1,bank_timeout
TXN105046,6571.2,debit_card,51,87.0,0.224,0,56,0.098,21,0,insufficient_funds
TXN105047,1942.82,upi,91,308.1,0.071,0,367,0.47,6,0,bank_timeout
TXN105048,510.27,credit_card,91,279.5,0.186,1,54,0.66,8,0,bank_timeout
TXN105049,5045.09,debit_card,59,139.8,0.881,0,1919,0.824,5,0,fraud_false_positive
TXN105050,3118.75,upi,91,162.5,0.402,1,1627,0.603,9,0,bank_timeout
TXN105051,4542.51,credit_card,96,388.4,0.047,0,340,0.602,12,0,bank_timeout
TXN105052,621.7,netbanking,68,386.8,0.151,1,201,0.372,21,0,bank_timeout
TXN105053,2337.7,netbanking,96,536.5,0.361,0,82,0.681,13,0,network_error
TXN105054,1658.37,credit_card,91,391.7,0.068,1,1505,0.451,6,1,bank_timeout
TXN105055,2534.46,debit_card,51,126.8,0.263,0,329,0.11,17,0,insufficient_funds
TXN105056,622.03,credit_card,5,361.6,0.098,1,311,0.274,12,0,network_error
TXN105057,2824.97,netbanking,96,399.4,0.124,0,603,0.61,1,0,network_error
TXN105058,688.09,wallet,21,495.4,0.36,0,58,0.362,14,0,network_error
TXN105059,191.51,wallet,59,202.2,0.663,1,1744,0.565,16,0,fraud_false_positive
TXN105060,5526.36,upi,63,142.4,0.852,1,113,0.854,2,1,fraud_false_positive
TXN105061,473.92,debit_card,91,291.2,0.062,0,192,0.692,3,0,bank_timeout
TXN105062,2412.92,debit_card,51,135.9,0.175,1,716,0.041,7,0,insufficient_funds
TXN105063,1343.18,credit_card,91,390.6,0.148,0,412,0.612,9,0,bank_timeout
TXN105064,1663.48,netbanking,96,604.2,0.248,0,216,0.296,11,0,network_error
TXN105065,958.34,credit_card,21,778.2,0.058,0,760,0.478,0,1,network_error
TXN105066,6347.2,netbanking,51,165.0,0.336,2,76,0.147,9,0,insufficient_funds
TXN105067,2451.36,debit_card,96,831.7,0.365,1,36,0.428,6,0,network_error
TXN105068,2864.73,credit_card,51,91.5,0.238,0,1205,0.14,17,1,insufficient_funds
TXN105069,1245.98,credit_card,91,303.1,0.302,1,1055,0.632,16,0,bank_timeout
TXN105070,803.97,wallet,59,223.3,0.613,1,702,0.914,0,0,fraud_false_positive
TXN105071,3658.7,credit_card,96,356.8,0.379,0,456,0.7,20,0,bank_timeout
TXN105072,1827.48,debit_card,5,122.8,0.748,0,519,0.752,12,0,fraud_false_positive
TXN105073,7254.58,upi,59,238.6,0.41,1,277,0.441,5,1,fraud_false_positive
TXN105074,1645.52,credit_card,21,682.3,0.119,0,642,0.399,13,0,network_error
TXN105075,3072.17,upi,51,192.2,0.238,1,40,0.338,0,1,insufficient_funds
TXN105076,1209.51,debit_card,51,258.1,0.238,2,1056,0.153,0,0,insufficient_funds
TXN105077,5406.53,netbanking,5,826.7,0.033,0,272,0.78,14,0,network_error
TXN105078,4244.17,credit_card,51,194.0,0.271,1,793,0.239,1,0,insufficient_funds
TXN105079,9189.14,netbanking,59,162.1,0.689,1,1510,0.81,6,1,fraud_false_positive
TXN105080,2579.89,upi,65,118.7,0.189,2,240,0.093,23,0,insufficient_funds
TXN105081,165.33,upi,59,168.1,0.859,0,920,0.768,4,0,fraud_false_positive
TXN105082,2398.57,upi,61,167.3,0.085,0,581,0.064,9,0,insufficient_funds
TXN105083,2511.61,netbanking,96,622.3,0.216,0,1451,0.722,3,0,network_error
TXN105084,481.01,debit_card,51,156.3,0.135,1,333,0.324,15,0,insufficient_funds
TXN105085,943.8,upi,96,323.2,0.118,0,413,0.792,5,0,bank_timeout
TXN105086,3708.72,upi,51,230.4,0.15,1,124,0.317,15,1,insufficient_funds
TXN105087,1885.98,credit_card,91,335.0,0.176,1,426,0.416,8,0,bank_timeout
TXN105088,4873.41,netbanking,51,175.5,0.167,1,319,0.138,15,0,insufficient_funds
TXN105089,3899.65,credit_card,51,158.2,0.16,3,230,0.124,20,0,insufficient_funds
TXN105090,1020.8,upi,65,204.3,0.044,1,321,0.239,19,0,insufficient_funds
TXN105091,882.08,debit_card,51,45.6,0.068,2,112,0.172,16,0,insufficient_funds
TXN105092,1731.98,upi,91,266.5,0.101,0,1019,0.621,5,1,bank_timeout
TXN105093,518.26,debit_card,96,348.3,0.227,1,244,0.747,3,0,bank_timeout
TXN105094,2794.25,netbanking,51,122.0,0.307,0,181,0.289,14,1,insufficient_funds
TXN105095,4304.13,debit_card,59,132.2,0.734,1,19,0.375,23,1,fraud_false_positive
TXN105096,6365.61,netbanking,5,135.4,0.855,0,767,0.522,0,0,fraud_false_positive
TXN105097,6816.25,upi,61,245.5,0.124,2,103,0.45,14,0,insufficient_funds
TXN105098,3633.04,wallet,51,174.3,0.173,0,64,0.214,0,0,insufficient_funds
TXN105099,1670.36,upi,51,193.2,0.261,1,410,0.12,22,0,insufficient_funds
TXN105100,1029.89,wallet,5,381.2,0.106,0,98,0.156,7,0,network_error
TXN105101,892.79,wallet,91,310.7,0.347,1,41,0.449,10,1,bank_timeout
TXN105102,6103.08,upi,96,280.4,0.159,0,30,0.538,8,0,bank_timeout
TXN105103,925.17,upi,96,500.7,0.08,0,373,0.416,13,0,network_error
TXN105104,3963.13,netbanking,51,197.1,0.05,1,2,0.163,22,0,insufficient_funds
TXN105105,2070.95,netbanking,61,149.0,0.122,1,542,0.293,0,0,insufficient_funds
TXN105106,8717.65,upi,59,182.3,0.699,0,840,0.672,15,0,fraud_false_positive
TXN105107,6968.51,credit_card,51,188.5,0.153,2,613,0.113,11,1,insufficient_funds
TXN105108,4483.9,netbanking,51,106.8,0.309,0,237,0.09,23,0,insufficient_funds
TXN105109,1261.7,credit_card,91,341.2,0.385,0,231,0.378,21,1,bank_timeout
TXN105110,702.66,credit_card,96,919.5,0.371,0,1082,0.736,3,0,network_error
TXN105111,2717.54,debit_card,59,182.2,0.626,0,2745,0.676,1,1,fraud_false_positive
TXN105112,2202.76,credit_card,59,217.5,0.625,0,788,0.717,19,1,fraud_false_positive
TXN105113,1217.49,debit_card,63,237.4,0.986,0,1190,0.669,1,0,fraud_false_positive
TXN105114,4304.82,debit_card,51,130.3,0.132,0,121,0.213,2,0,insufficient_funds
TXN105115,914.83,credit_card,96,161.5,0.187,0,184,0.508,2,0,bank_timeout
TXN105116,2810.83,credit_card,68,467.3,0.198,2,68,0.339,21,1,bank_timeout
TXN105117,1620.09,upi,51,252.5,0.075,1,235,0.58,18,0,insufficient_funds
TXN105118,6051.84,credit_card,51,209.9,0.145,1,10,0.412,21,0,insufficient_funds
TXN105119,860.43,credit_card,61,171.1,0.211,1,516,0.256,15,0,insufficient_funds
TXN105120,16176.18,debit_card,5,188.6,0.789,0,1047,0.561,15,0,fraud_false_positive
TXN105121,2923.36,debit_card,96,325.3,0.291,1,42,0.378,6,0,network_error
TXN105122,3645.52,debit_card,51,198.0,0.267,0,73,0.404,22,0,insufficient_funds
TXN105123,4324.31,wallet,61,144.0,0.248,2,562,0.238,9,0,insufficient_funds
TXN105124,1462.13,upi,51,227.4,0.051,2,180,0.553,4,1,insufficient_funds
TXN105125,936.17,credit_card,68,324.8,0.033,1,200,0.595,6,0,bank_timeout
TXN105126,2633.65,credit_card,61,236.0,0.389,2,77,0.216,21,0,insufficient_funds
TXN105127,2090.24,upi,91,323.7,0.093,0,359,0.372,20,1,bank_timeout
TXN105128,4391.23,credit_card,51,247.4,0.122,0,479,0.088,14,1,insufficient_funds
TXN105129,2843.46,debit_card,59,201.0,0.68,0,232,0.802,0,0,fraud_false_positive
TXN105130,610.18,netbanking,91,459.2,0.328,0,47,0.559,2,0,bank_timeout
TXN105131,330.3,debit_card,91,460.6,0.053,0,241,0.666,12,0,bank_timeout
TXN105132,3574.98,credit_card,51,214.8,0.124,3,29,0.197,1,0,insufficient_funds
TXN105133,13615.24,debit_card,51,220.5,0.386,1,984,0.282,4,1,insufficient_funds
TXN105134,2047.62,debit_card,61,80.4,0.591,3,1261,0.247,13,1,insufficient_funds
TXN105135,2118.4,debit_card,96,510.0,0.041,0,518,0.335,23,1,network_error
TXN105136,1739.34,debit_card,91,353.2,0.15,0,457,0.72,18,0,bank_timeout
TXN105137,629.3,upi,5,599.0,0.018,0,511,0.829,10,1,network_error
TXN105138,6630.52,upi,51,110.5,0.198,0,209,0.359,4,0,insufficient_funds
TXN105139,9287.17,wallet,59,233.8,0.712,1,2022,0.897,15,0,fraud_false_positive
TXN105140,2102.1,credit_card,63,237.0,0.803,2,3756,0.645,11,1,fraud_false_positive
TXN105141,9776.86,credit_card,61,223.4,0.355,1,22,0.073,0,0,insufficient_funds
TXN105142,13019.29,credit_card,63,252.7,0.491,0,197,0.832,5,0,fraud_false_positive
TXN105143,6039.38,credit_card,21,576.2,0.154,0,827,0.342,10,1,network_error
TXN105144,1913.67,upi,61,137.9,0.092,0,228,0.352,7,1,insufficient_funds
TXN105145,6405.75,debit_card,51,127.3,0.032,3,444,0.109,7,0,insufficient_funds
TXN105146,441.24,upi,5,430.4,0.279,0,36,0.565,9,0,network_error
TXN105147,3519.19,upi,5,136.0,0.89,0,80,0.51,11,0,fraud_false_positive
TXN105148,2459.63,debit_card,61,159.0,0.457,1,107,0.315,7,1,insufficient_funds
TXN105149,2002.19,credit_card,96,423.6,0.315,2,282,0.387,12,0,bank_timeout
TXN105150,5395.75,debit_card,51,207.4,0.178,2,1009,0.384,16,1,insufficient_funds
TXN105151,984.94,credit_card,51,140.2,0.146,2,35,0.22,0,1,insufficient_funds
TXN105152,3275.99,debit_card,59,235.1,0.771,0,502,0.878,1,1,fraud_false_positive
TXN105153,2153.99,netbanking,21,546.0,0.187,1,263,0.618,11,1,network_error
TXN105154,2397.3,netbanking,61,212.6,0.295,0,352,0.119,3,0,insufficient_funds
TXN105155,788.65,upi,59,221.1,0.66,0,2381,0.787,6,1,fraud_false_positive
TXN105156,3246.99,netbanking,51,197.5,0.232,0,158,0.254,10,0,insufficient_funds
TXN105157,1789.33,credit_card,91,275.0,0.155,2,979,0.454,8,0,bank_timeout
TXN105158,658.28,wallet,91,433.3,0.272,0,248,0.713,1,0,bank_timeout
TXN105159,1206.82,upi,65,245.2,0.151,1,635,0.344,22,1,insufficient_funds
TXN105160,1753.27,debit_card,5,701.3,0.258,1,457,0.57,13,0,network_error
TXN105161,4296.26,upi,5,200.0,0.606,0,1193,0.416,23,1,fraud_false_positive
TXN105162,3447.79,debit_card,51,203.5,0.026,1,27,0.195,23,0,insufficient_funds
TXN105163,4841.03,wallet,59,232.1,0.893,0,637,0.451,0,0,fraud_false_positive
TXN105164,2023.95,credit_card,5,405.9,0.219,1,231,0.265,12,1,network_error
TXN105165,3666.25,debit_card,61,189.2,0.333,4,508,0.326,8,1,insufficient_funds
TXN105166,2468.36,netbanking,51,159.9,0.059,1,1003,0.176,0,0,insufficient_funds
TXN105167,11893.25,upi,63,321.9,0.593,1,965,0.444,8,0,fraud_false_positive
TXN105168,8496.94,netbanking,63,361.6,0.578,0,578,0.917,4,1,fraud_false_positive
TXN105169,4138.17,credit_card,51,106.8,0.089,4,617,0.249,12,1,insufficient_funds
TXN105170,804.7,upi,96,398.3,0.11,1,1308,0.338,6,0,network_error
TXN105171,4577.05,debit_card,61,240.6,0.106,0,760,0.219,6,0,insufficient_funds
TXN105172,978.7,debit_card,91,376.5,0.105,2,107,0.136,15,0,bank_timeout
TXN105173,4750.96,netbanking,51,127.9,0.134,5,383,0.358,2,0,insufficient_funds
TXN105174,3157.42,wallet,96,404.8,0.072,0,563,0.341,15,0,network_error
TXN105175,1571.92,upi,51,218.7,0.128,1,72,0.362,13,1,insufficient_funds
TXN105176,1069.09,debit_card,21,705.7,0.246,0,351,0.48,17,1,network_error
TXN105177,5242.45,upi,61,236.2,0.19,1,314,0.546,12,0,insufficient_funds
TXN105178,2470.22,netbanking,91,274.3,0.305,2,275,0.556,18,0,bank_timeout
TXN105179,485.61,upi,21,455.5,0.33,0,63,0.288,4,0,network_error
TXN105180,4809.01,upi,59,109.6,0.927,0,40,0.459,3,1,fraud_false_positive
TXN105181,1257.66,upi,21,674.2,0.083,0,1387,0.342,20,0,network_error
TXN105182,8563.22,upi,51,200.8,0.546,0,3,0.323,9,1,insufficient_funds
TXN105183,2966.48,upi,51,180.5,0.019,1,102,0.138,6,0,insufficient_funds
TXN105184,2206.26,debit_card,51,211.7,0.297,1,1046,0.213,15,0,insufficient_funds
TXN105185,821.16,wallet,21,420.7,0.198,1,205,0.479,18,0,network_error
TXN105186,471.63,upi,96,321.1,0.157,0,72,0.771,10,0,bank_timeout
TXN105187,1773.0,debit_card,21,602.5,0.368,0,1072,0.409,0,1,network_error
TXN105188,3564.2,credit_card,51,229.5,0.058,3,3,0.278,11,0,insufficient_funds
TXN105189,1890.93,credit_card,96,445.2,0.119,2,21,0.691,1,0,network_error
TXN105190,1157.99,credit_card,96,581.1,0.186,2,505,0.36,2,0,bank_timeout
TXN105191,7910.26,upi,65,193.1,0.151,4,573,0.042,22,0,insufficient_funds
TXN105192,1062.35,netbanking,21,482.6,0.109,0,1154,0.691,18,1,network_error
TXN105193,2450.03,netbanking,68,332.9,0.368,0,1055,0.407,19,1,bank_timeout
TXN105194,4134.53,credit_card,61,152.9,0.075,1,340,0.123,16,0,insufficient_funds
TXN105195,2425.56,netbanking,96,553.0,0.195,1,519,0.699,15,0,network_error
TXN105196,1016.38,debit_card,91,299.3,0.043,0,200,0.517,8,0,bank_timeout
TXN105197,5625.71,netbanking,51,237.5,0.249,0,148,0.028,18,0,insufficient_funds
TXN105198,740.99,debit_card,68,385.6,0.066,1,516,0.732,1,0,bank_timeout
TXN105199,1320.1,credit_card,51,186.5,0.157,3,31,0.305,9,1,insufficient_funds
TXN105200,1043.01,upi,96,383.1,0.279,0,1389,0.716,5,0,network_error
TXN105201,2143.03,upi,96,657.1,0.599,0,113,0.396,3,0,network_error
TXN105202,6796.92,credit_card,51,248.8,0.215,2,4,0.535,20,1,insufficient_funds
TXN105203,1767.55,wallet,59,206.3,0.874,0,148,0.869,3,1,fraud_false_positive
TXN105204,3270.41,upi,59,206.4,0.649,0,720,0.309,22,0,fraud_false_positive
TXN105205,809.95,credit_card,51,185.3,0.488,1,14,0.212,2,0,insufficient_funds
TXN105206,3722.56,credit_card,59,233.6,0.48,0,325,0.625,17,0,fraud_false_positive
TXN105207,1385.26,credit_card,96,458.3,0.103,1,68,0.293,7,1,network_error
TXN105208,4586.62,upi,59,208.3,0.768,0,71,0.457,0,1,fraud_false_positive
TXN105209,3184.77,debit_card,91,381.8,0.167,2,1382,0.612,23,0,bank_timeout
TXN105210,1140.09,credit_card,68,288.8,0.143,0,72,0.571,11,1,bank_timeout
TXN105211,2599.93,upi,68,438.4,0.216,2,33,0.464,16,1,bank_timeout
TXN105212,6166.02,credit_card,61,188.4,0.344,3,104,0.388,10,1,insufficient_funds
TXN105213,10766.17,credit_card,59,182.7,0.602,0,1165,0.625,3,0,fraud_false_positive
TXN105214,1084.82,debit_card,61,216.6,0.227,1,101,0.353,9,0,insufficient_funds
TXN105215,4569.73,debit_card,63,216.5,0.733,0,399,0.648,17,0,fraud_false_positive
TXN105216,2370.14,upi,91,325.3,0.023,1,276,0.8,15,1,bank_timeout
TXN105217,1227.68,upi,21,529.2,0.088,1,758,0.52,1,0,network_error
TXN105218,4880.66,credit_card,51,189.7,0.138,0,67,0.066,9,0,insufficient_funds
TXN105219,980.28,credit_card,68,406.0,0.268,1,352,0.629,11,0,bank_timeout
TXN105220,2105.8,credit_card,51,122.5,0.248,1,57,0.123,16,1,insufficient_funds
TXN105221,2478.75,debit_card,51,221.0,0.166,0,191,0.256,5,1,insufficient_funds
TXN105222,218.65,debit_card,5,538.7,0.35,0,44,0.634,17,1,network_error
TXN105223,8971.54,credit_card,59,154.4,0.75,0,4,0.433,6,0,fraud_false_positive
TXN105224,1449.03,upi,51,183.7,0.021,2,132,0.096,0,0,insufficient_funds
TXN105225,1698.37,credit_card,51,112.4,0.116,1,430,0.252,13,0,insufficient_funds
TXN105226,1572.7,debit_card,96,294.6,0.048,0,812,0.404,21,0,bank_timeout
TXN105227,8308.47,netbanking,59,203.3,0.667,2,1886,0.605,15,0,fraud_false_positive
TXN105228,3620.36,upi,51,125.6,0.343,0,27,0.113,15,1,insufficient_funds
TXN105229,4545.35,netbanking,63,124.1,0.593,0,240,0.545,19,0,fraud_false_positive
TXN105230,852.36,debit_card,91,394.7,0.252,0,649,0.484,8,0,bank_timeout
TXN105231,2873.98,credit_card,96,425.9,0.114,1,103,0.282,17,1,network_error
TXN105232,1573.96,wallet,51,216.3,0.01,0,592,0.147,17,1,insufficient_funds
TXN105233,1196.01,credit_card,96,211.9,0.512,0,68,0.143,20,0,bank_timeout
TXN105234,164.33,wallet,96,487.9,0.082,0,60,0.555,1,0,bank_timeout
TXN105235,1283.69,debit_card,5,258.5,0.181,0,102,0.421,20,1,network_error
TXN105236,689.37,debit_card,96,626.4,0.199,0,517,0.311,18,0,network_error
TXN105237,581.03,credit_card,96,281.7,0.162,1,237,0.622,8,0,bank_timeout
TXN105238,2894.81,netbanking,21,424.5,0.2,0,582,0.62,7,1,network_error
TXN105239,2785.26,netbanking,96,538.6,0.193,0,172,0.585,6,0,bank_timeout
TXN105240,2153.29,credit_card,61,177.0,0.304,2,608,0.494,4,1,insufficient_funds
TXN105241,1358.31,upi,91,403.9,0.046,0,289,0.134,17,0,bank_timeout
TXN105242,3890.2,debit_card,51,129.1,0.197,0,236,0.073,14,0,insufficient_funds
TXN105243,5906.92,netbanking,59,204.9,0.711,0,2452,0.652,1,1,fraud_false_positive
TXN105244,8722.6,credit_card,59,276.2,0.767,0,85,0.576,0,0,fraud_false_positive
TXN105245,645.7,netbanking,68,236.5,0.081,0,588,0.631,3,0,bank_timeout
TXN105246,3009.02,debit_card,51,194.2,0.073,2,130,0.158,2,0,insufficient_funds
TXN105247,4918.01,upi,51,182.9,0.377,0,123,0.233,12,0,insufficient_funds
TXN105248,8680.64,upi,63,193.0,0.876,0,260,0.499,19,1,fraud_false_positive
TXN105249,742.38,credit_card,21,564.6,0.226,1,292,0.644,21,0,network_error
TXN105250,569.69,credit_card,68,335.2,0.324,0,2169,0.716,20,0,bank_timeout
TXN105251,3716.92,upi,5,235.5,0.685,0,521,0.493,12,0,fraud_false_positive
TXN105252,2806.6,debit_card,21,474.1,0.392,1,93,0.363,7,1,network_error
TXN105253,3620.25,credit_card,21,547.8,0.085,1,185,0.375,9,1,network_error
TXN105254,3377.48,credit_card,68,372.1,0.27,1,319,0.636,16,0,bank_timeout
TXN105255,3193.4,upi,61,148.9,0.087,2,466,0.236,15,0,insufficient_funds
TXN105256,2389.12,credit_card,96,390.5,0.277,0,762,0.174,2,0,network_error
TXN105257,1791.29,credit_card,5,253.6,0.165,0,8,0.702,11,0,network_error
TXN105258,4764.63,debit_card,51,197.7,0.109,2,467,0.403,17,0,insufficient_funds
TXN105259,9402.46,credit_card,59,33.5,0.879,0,712,0.8,20,0,fraud_false_positive
TXN105260,2453.99,upi,21,549.7,0.205,1,9,0.43,13,0,network_error
TXN105261,271.27,upi,96,677.4,0.057,2,277,0.386,23,1,network_error
TXN105262,9653.81,credit_card,65,222.8,0.071,4,219,0.038,15,0,insufficient_funds
TXN105263,819.16,debit_card,51,104.9,0.08,1,215,0.161,15,0,insufficient_funds
TXN105264,2528.99,credit_card,21,575.9,0.292,0,823,0.175,20,1,network_error
TXN105265,873.08,credit_card,96,624.0,0.24,1,291,0.391,8,0,network_error
TXN105266,3584.34,credit_card,51,109.4,0.075,1,69,0.243,11,1,insufficient_funds
TXN105267,2236.26,debit_card,59,182.2,0.847,1,973,0.886,0,1,fraud_false_positive
TXN105268,3689.5,upi,51,114.8,0.26,2,518,0.015,15,1,insufficient_funds
TXN105269,4231.32,netbanking,96,422.1,0.326,2,356,0.345,6,0,bank_timeout
TXN105270,2162.29,credit_card,51,139.1,0.107,1,147,0.223,4,1,insufficient_funds
TXN105271,11712.58,debit_card,59,177.4,0.838,0,68,0.56,0,0,fraud_false_positive
TXN105272,2365.01,debit_card,65,158.3,0.281,0,188,0.167,8,0,insufficient_funds
TXN105273,6468.51,wallet,51,169.4,0.23,4,62,0.348,20,1,insufficient_funds
TXN105274,2174.38,debit_card,51,90.2,0.357,1,815,0.27,23,0,insufficient_funds
TXN105275,2795.42,debit_card,59,299.2,0.858,1,390,0.955,16,0,fraud_false_positive
TXN105276,642.4,credit_card,51,191.2,0.174,1,822,0.082,3,0,insufficient_funds
TXN105277,1278.09,debit_card,5,565.7,0.183,1,1333,0.741,17,0,network_error
TXN105278,5476.73,netbanking,5,471.9,0.726,0,843,0.547,21,0,network_error
TXN105279,2197.91,wallet,51,171.9,0.056,1,630,0.491,13,0,insufficient_funds
TXN105280,1209.31,debit_card,68,398.4,0.223,1,498,0.519,21,1,bank_timeout
TXN105281,2252.8,credit_card,68,395.9,0.243,0,379,0.373,19,1,bank_timeout
TXN105282,668.29,debit_card,96,823.2,0.264,0,126,0.423,12,0,network_error
TXN105283,4166.38,debit_card,51,256.4,0.072,2,52,0.142,10,0,insufficient_funds
TXN105284,12172.88,netbanking,63,143.7,0.836,0,266,0.61,6,0,fraud_false_positive
TXN105285,1705.18,credit_card,59,229.1,0.743,0,104,0.707,13,0,fraud_false_positive
TXN105286,1949.74,debit_card,21,577.9,0.18,0,1456,0.491,13,1,network_error
TXN105287,1085.29,debit_card,51,142.9,0.177,2,51,0.132,19,0,insufficient_funds
TXN105288,3739.99,credit_card,5,511.7,0.122,0,89,0.206,0,1,network_error
TXN105289,1203.59,debit_card,96,753.4,0.046,1,985,0.447,21,0,network_error
TXN105290,4971.77,upi,68,319.1,0.277,1,81,0.666,9,0,bank_timeout
TXN105291,404.88,debit_card,65,209.9,0.024,1,86,0.293,11,1,insufficient_funds
TXN105292,1640.17,debit_card,51,217.2,0.045,0,38,0.18,7,0,insufficient_funds
TXN105293,1901.77,debit_card,91,348.2,0.332,3,443,0.394,11,0,bank_timeout
TXN105294,3259.09,debit_card,51,184.2,0.341,1,14,0.003,11,0,insufficient_funds
TXN105295,2093.89,credit_card,65,147.6,0.194,1,74,0.441,14,0,insufficient_funds
TXN105296,6181.11,credit_card,65,193.1,0.199,1,153,0.235,22,1,insufficient_funds
TXN105297,319.73,upi,51,147.6,0.187,1,351,0.234,15,0,insufficient_funds
TXN105298,1487.22,netbanking,51,259.9,0.228,1,84,0.111,6,0,insufficient_funds
TXN105299,916.24,credit_card,51,206.4,0.412,2,838,0.483,23,0,insufficient_funds
TXN105300,1055.12,upi,91,429.6,0.287,1,748,0.328,19,0,bank_timeout
TXN105301,7101.05,debit_card,91,286.4,0.103,1,102,0.651,16,0,bank_timeout
TXN105302,1177.82,credit_card,96,349.3,0.343,0,87,0.428,22,1,network_error
TXN105303,1034.04,debit_card,5,466.4,0.032,0,32,0.647,7,1,network_error
TXN105304,6690.83,upi,51,241.4,0.357,1,176,0.474,16,0,insufficient_funds
TXN105305,996.04,debit_card,91,339.7,0.187,0,211,0.566,23,0,bank_timeout
TXN105306,2625.6,wallet,61,165.9,0.214,1,510,0.083,23,1,insufficient_funds
TXN105307,1857.32,wallet,96,318.7,0.059,0,766,0.493,19,0,bank_timeout
TXN105308,5337.64,credit_card,59,187.4,0.782,0,1944,0.553,18,1,fraud_false_positive
TXN105309,888.08,credit_card,21,413.5,0.048,1,332,0.482,11,1,network_error
TXN105310,12284.53,netbanking,5,269.2,0.623,1,606,0.858,19,0,fraud_false_positive
TXN105311,3689.45,upi,96,327.3,0.35,3,540,0.132,9,0,bank_timeout
TXN105312,3667.97,debit_card,51,171.9,0.315,0,30,0.583,9,1,insufficient_funds
TXN105313,3542.47,wallet,91,329.2,0.123,2,373,0.457,10,0,bank_timeout
TXN105314,2110.0,upi,5,174.7,0.747,0,951,0.759,13,0,fraud_false_positive
TXN105315,3067.11,debit_card,51,207.7,0.145,1,29,0.282,9,1,insufficient_funds
TXN105316,6159.41,debit_card,96,344.5,0.193,2,799,0.489,5,0,network_error
TXN105317,979.77,netbanking,51,122.6,0.178,2,123,0.406,23,0,insufficient_funds
TXN105318,1905.98,debit_card,51,191.7,0.271,1,402,0.164,6,0,insufficient_funds
TXN105319,1904.05,debit_card,59,214.8,0.728,0,1446,0.804,18,0,fraud_false_positive
TXN105320,6472.32,upi,63,161.9,0.809,1,105,0.55,1,0,fraud_false_positive
TXN105321,167.08,credit_card,96,429.1,0.292,1,324,0.473,20,0,bank_timeout
TXN105322,2029.05,debit_card,91,134.8,0.143,1,247,0.35,19,1,bank_timeout
TXN105323,1686.62,debit_card,5,235.1,0.84,2,1177,0.536,22,0,fraud_false_positive
TXN105324,2517.5,credit_card,65,178.0,0.372,1,155,0.416,20,0,insufficient_funds
TXN105325,5792.57,credit_card,51,129.3,0.143,1,446,0.338,13,0,insufficient_funds
TXN105326,845.22,netbanking,96,539.3,0.273,0,856,0.486,2,0,network_error
TXN105327,554.47,credit_card,96,243.6,0.343,1,484,0.492,20,0,bank_timeout
TXN105328,3076.06,upi,96,466.0,0.106,0,259,0.637,19,0,network_error
TXN105329,1407.59,netbanking,96,502.3,0.313,0,308,0.266,13,0,network_error
TXN105330,2034.69,netbanking,51,130.8,0.343,2,121,0.544,4,1,insufficient_funds
TXN105331,94.71,netbanking,96,257.9,0.088,1,28,0.589,7,1,bank_timeout
TXN105332,5138.18,credit_card,96,379.1,0.262,1,1213,0.496,15,0,network_error
TXN105333,377.27,upi,59,309.5,0.534,0,323,0.842,2,1,fraud_false_positive
TXN105334,1240.96,netbanking,96,493.9,0.077,0,78,0.488,20,0,bank_timeout
TXN105335,2679.68,credit_card,68,326.2,0.118,0,1645,0.44,6,0,bank_timeout
TXN105336,3187.29,credit_card,61,172.7,0.082,3,77,0.023,20,0,insufficient_funds
TXN105337,10631.99,credit_card,51,207.2,0.031,1,75,0.321,1,0,insufficient_funds
TXN105338,5137.89,debit_card,65,122.7,0.334,0,226,0.106,14,0,insufficient_funds
TXN105339,2938.98,credit_card,59,313.0,0.648,0,996,0.538,5,1,fraud_false_positive
TXN105340,796.94,upi,96,626.7,0.327,0,137,0.525,15,0,network_error
TXN105341,1826.06,debit_card,5,433.8,0.435,0,866,0.306,12,1,network_error
TXN105342,1804.97,credit_card,51,139.3,0.006,1,306,0.679,23,0,insufficient_funds
TXN105343,917.01,wallet,63,228.0,0.688,0,3732,0.787,13,1,fraud_false_positive
TXN105344,4353.12,debit_card,5,454.9,0.161,1,99,0.264,4,1,network_error
TXN105345,1040.91,credit_card,65,207.8,0.396,1,208,0.081,16,1,insufficient_funds
TXN105346,1759.17,upi,5,348.0,0.196,2,686,0.37,3,0,network_error
TXN105347,2024.92,netbanking,51,162.5,0.402,1,350,0.425,23,0,insufficient_funds
TXN105348,1478.2,wallet,63,191.9,0.769,0,1288,0.91,14,0,fraud_false_positive
TXN105349,2577.18,debit_card,59,202.2,0.876,0,748,0.798,11,0,fraud_false_positive
TXN105350,6110.63,debit_card,51,208.3,0.025,2,95,0.462,17,0,insufficient_funds
TXN105351,1419.36,credit_card,96,115.1,0.23,0,1309,0.258,5,1,bank_timeout
TXN105352,936.31,debit_card,5,360.4,0.215,0,8,0.722,11,0,network_error
TXN105353,250.75,debit_card,96,706.6,0.165,0,438,0.444,5,0,network_error
TXN105354,5766.32,debit_card,96,397.3,0.276,1,313,0.6,21,0,bank_timeout
TXN105355,1838.68,wallet,51,227.3,0.071,1,91,0.051,4,0,insufficient_funds
TXN105356,2361.22,upi,59,189.3,0.898,0,95,0.381,0,0,fraud_false_positive
TXN105357,432.56,wallet,61,172.6,0.06,1,302,0.223,12,0,insufficient_funds
TXN105358,8100.53,wallet,59,132.6,0.773,0,91,0.758,20,0,fraud_false_positive
TXN105359,3884.13,netbanking,51,156.8,0.115,0,1382,0.455,1,0,insufficient_funds
TXN105360,565.6,netbanking,96,623.3,0.102,1,322,0.7,11,0,network_error
TXN105361,2016.49,debit_card,91,401.6,0.199,2,783,0.194,4,1,bank_timeout
TXN105362,2130.5,credit_card,96,430.4,0.139,1,226,0.695,22,0,bank_timeout
TXN105363,2022.14,upi,96,310.5,0.393,0,32,0.317,15,1,bank_timeout
TXN105364,3227.52,debit_card,65,190.4,0.12,1,1293,0.378,18,0,insufficient_funds
TXN105365,3546.61,wallet,61,200.8,0.127,0,226,0.219,8,0,insufficient_funds
TXN105366,3880.54,debit_card,59,214.4,0.436,0,174,0.851,3,0,fraud_false_positive
TXN105367,2298.13,debit_card,51,193.5,0.034,3,145,0.418,22,0,insufficient_funds
TXN105368,5744.22,debit_card,51,172.1,0.098,1,225,0.323,21,1,insufficient_funds
TXN105369,3418.27,upi,21,593.5,0.32,0,431,0.518,21,1,network_error
TXN105370,2197.38,debit_card,51,197.9,0.437,0,164,0.332,4,0,insufficient_funds
TXN105371,10695.0,upi,63,179.5,0.648,0,3319,0.529,22,0,fraud_false_positive
TXN105372,8240.2,wallet,5,199.6,0.813,0,560,0.699,0,0,fraud_false_positive
TXN105373,4469.92,credit_card,51,155.9,0.011,2,48,0.131,22,0,insufficient_funds
TXN105374,1627.58,debit_card,63,258.9,0.8,0,1506,0.779,13,0,fraud_false_positive
TXN105375,6443.48,debit_card,59,209.2,0.7,0,2794,0.772,17,1,fraud_false_positive
TXN105376,2829.6,debit_card,51,183.4,0.155,3,1001,0.36,21,0,insufficient_funds
TXN105377,1563.06,netbanking,68,359.2,0.086,0,27,0.867,12,1,bank_timeout
TXN105378,4085.01,upi,51,220.4,0.257,2,197,0.056,9,0,insufficient_funds
TXN105379,1457.0,debit_card,96,737.9,0.105,0,567,0.474,4,0,network_error
TXN105380,3497.61,credit_card,59,210.9,0.933,0,148,0.552,6,0,fraud_false_positive
TXN105381,2158.12,debit_card,96,220.4,0.095,1,1475,0.586,16,1,bank_timeout
TXN105382,1553.94,credit_card,51,192.0,0.316,0,487,0.28,11,0,insufficient_funds
TXN105383,935.05,credit_card,5,390.2,0.054,0,543,0.214,13,0,network_error
TXN105384,8259.96,credit_card,65,193.4,0.295,0,876,0.274,8,0,insufficient_funds
TXN105385,3694.85,debit_card,51,145.3,0.31,0,172,0.281,1,0,insufficient_funds
TXN105386,11256.42,debit_card,59,135.4,0.831,0,1480,0.819,4,0,fraud_false_positive
TXN105387,414.78,debit_card,91,173.1,0.361,0,317,0.343,4,0,bank_timeout
TXN105388,177.03,credit_card,91,396.0,0.056,1,490,0.551,4,1,bank_timeout
TXN105389,1551.97,credit_card,51,208.7,0.066,2,157,0.134,8,1,insufficient_funds
TXN105390,5190.92,debit_card,51,188.4,0.066,5,340,0.059,4,0,insufficient_funds
TXN105391,1350.29,credit_card,21,493.1,0.475,0,775,0.689,23,0,network_error
TXN105392,1537.24,netbanking,96,536.9,0.07,0,67,0.264,19,0,network_error
TXN105393,2857.08,credit_card,61,92.8,0.25,1,6,0.079,20,0,insufficient_funds
TXN105394,1214.6,upi,21,577.8,0.322,0,88,0.638,15,0,network_error
TXN105395,3205.8,upi,68,415.0,0.222,1,404,0.686,17,0,bank_timeout
TXN105396,11796.84,debit_card,51,195.3,0.14,1,617,0.39,1,0,insufficient_funds
TXN105397,4333.62,credit_card,51,229.7,0.374,0,35,0.505,11,0,insufficient_funds
TXN105398,750.33,debit_card,96,596.8,0.137,0,941,0.318,11,0,network_error
TXN105399,1173.07,wallet,96,583.3,0.149,1,757,0.128,8,0,network_error
TXN105400,362.05,wallet,96,357.9,0.13,2,292,0.261,11,0,bank_timeout
TXN105401,3365.91,credit_card,96,495.6,0.257,1,877,0.473,19,1,network_error
TXN105402,581.55,netbanking,51,254.8,0.076,0,122,0.252,8,0,insufficient_funds
TXN105403,5688.62,debit_card,68,367.3,0.355,0,286,0.308,23,1,bank_timeout
TXN105404,1130.61,netbanking,96,429.2,0.196,0,249,0.564,21,0,network_error
TXN105405,418.22,netbanking,96,562.7,0.126,0,1127,0.136,5,1,network_error
TXN105406,1450.42,credit_card,5,683.9,0.226,1,1054,0.743,5,0,network_error
TXN105407,1575.24,credit_card,51,176.2,0.252,0,29,0.114,14,0,insufficient_funds
TXN105408,6916.22,credit_card,51,134.1,0.027,1,441,0.121,0,0,insufficient_funds
TXN105409,1339.56,debit_card,5,196.3,0.62,0,232,0.885,4,0,fraud_false_positive
TXN105410,2435.31,credit_card,63,243.9,0.623,0,211,0.74,4,0,fraud_false_positive
TXN105411,7009.25,credit_card,51,174.2,0.133,1,693,0.07,12,0,insufficient_funds
TXN105412,421.07,debit_card,51,136.5,0.36,0,182,0.27,12,0,insufficient_funds
TXN105413,1510.88,upi,59,147.1,0.718,0,479,0.639,16,0,fraud_false_positive
TXN105414,1380.9,upi,51,192.1,0.067,0,218,0.388,1,1,insufficient_funds
TXN105415,853.3,wallet,61,146.1,0.104,2,918,0.24,17,1,insufficient_funds
TXN105416,2666.73,credit_card,61,193.6,0.024,1,113,0.263,21,1,insufficient_funds
TXN105417,251.14,debit_card,21,472.5,0.139,0,342,0.308,2,0,network_error
TXN105418,2085.73,wallet,65,131.6,0.31,0,447,0.402,20,0,insufficient_funds
TXN105419,9593.21,upi,63,259.1,0.837,0,361,0.924,8,1,fraud_false_positive
TXN105420,2247.94,netbanking,51,183.1,0.12,0,309,0.056,11,0,insufficient_funds
TXN105421,958.18,credit_card,96,447.0,0.444,1,259,0.229,14,1,network_error
TXN105422,13519.48,upi,63,312.1,0.727,1,1213,0.439,14,0,fraud_false_positive
TXN105423,535.15,credit_card,68,355.7,0.197,0,87,0.185,4,0,bank_timeout
TXN105424,2902.65,upi,5,427.1,0.077,0,1348,0.629,11,0,network_error
TXN105425,1525.97,credit_card,61,145.6,0.172,0,275,0.131,10,0,insufficient_funds
TXN105426,4010.94,debit_card,51,180.0,0.339,1,58,0.181,1,0,insufficient_funds
TXN105427,9743.75,credit_card,51,153.1,0.299,1,40,0.194,2,1,insufficient_funds
TXN105428,1941.4,credit_card,59,143.9,0.587,0,1760,0.5,8,1,fraud_false_positive
TXN105429,4886.62,debit_card,96,413.6,0.142,0,495,0.745,5,0,bank_timeout
TXN105430,2305.59,upi,5,181.2,0.875,1,403,0.512,20,0,fraud_false_positive
TXN105431,648.34,debit_card,96,228.3,0.124,0,41,0.598,3,0,network_error
TXN105432,2614.14,credit_card,91,360.6,0.193,1,514,0.307,11,0,bank_timeout
TXN105433,2294.71,credit_card,61,166.3,0.293,0,144,0.193,23,0,insufficient_funds
TXN105434,198.12,debit_card,51,179.7,0.162,0,188,0.279,9,0,insufficient_funds
TXN105435,1596.26,netbanking,91,345.3,0.176,0,1575,0.484,6,0,bank_timeout
TXN105436,1060.67,debit_card,21,706.2,0.09,1,112,0.38,15,1,network_error
TXN105437,6424.13,debit_card,51,264.1,0.122,2,49,0.206,6,1,insufficient_funds
TXN105438,9015.82,upi,59,190.5,0.672,0,746,0.781,1,1,fraud_false_positive
TXN105439,3143.69,debit_card,63,71.0,0.55,0,960,0.845,2,1,fraud_false_positive
TXN105440,3668.65,credit_card,51,192.7,0.444,0,1285,0.069,2,0,insufficient_funds
TXN105441,3471.12,debit_card,96,278.9,0.131,1,215,0.554,9,0,bank_timeout
TXN105442,487.42,debit_card,91,399.6,0.199,0,1238,0.645,15,0,bank_timeout
TXN105443,5632.75,upi,96,324.4,0.175,0,104,0.342,11,1,bank_timeout
TXN105444,3205.46,credit_card,51,173.7,0.165,1,89,0.25,15,0,insufficient_funds
TXN105445,422.18,credit_card,61,76.0,0.408,2,702,0.28,20,0,insufficient_funds
TXN105446,850.09,credit_card,96,592.1,0.096,1,317,0.491,22,1,network_error
TXN105447,5396.54,upi,61,180.3,0.207,0,70,0.235,18,1,insufficient_funds
TXN105448,2035.87,upi,91,433.5,0.315,0,331,0.419,10,0,bank_timeout
TXN105449,1532.21,wallet,21,450.4,0.193,0,523,0.721,2,1,network_error
TXN105450,1538.73,upi,96,362.9,0.242,0,1345,0.304,20,0,bank_timeout
TXN105451,3962.05,netbanking,59,124.5,0.539,0,979,0.474,17,1,fraud_false_positive
TXN105452,925.13,upi,96,426.6,0.081,1,60,0.628,1,1,bank_timeout
TXN105453,2202.63,credit_card,96,311.8,0.252,0,325,0.735,6,0,bank_timeout
TXN105454,5785.6,debit_card,65,176.9,0.201,1,113,0.279,22,0,insufficient_funds
TXN105455,2778.75,debit_card,21,568.8,0.317,0,662,0.714,21,0,network_error
TXN105456,2642.81,debit_card,96,373.8,0.187,1,117,0.56,21,1,network_error
TXN105457,2908.75,credit_card,59,112.0,0.665,0,1673,0.782,19,0,fraud_false_positive
TXN105458,973.0,debit_card,96,583.0,0.091,1,1028,0.43,21,0,network_error
TXN105459,188.02,upi,96,615.1,0.384,2,88,0.583,15,0,network_error
TXN105460,1787.31,credit_card,51,211.9,0.142,0,1001,0.432,5,0,insufficient_funds
TXN105461,3965.0,debit_card,68,326.7,0.222,0,211,0.603,21,1,bank_timeout
TXN105462,2429.73,debit_card,96,258.0,0.022,0,735,0.344,0,0,bank_timeout
TXN105463,1421.15,netbanking,51,122.1,0.378,2,278,0.228,16,1,insufficient_funds
TXN105464,2020.59,upi,91,387.5,0.261,3,96,0.609,11,0,bank_timeout
TXN105465,6937.93,credit_card,59,183.9,0.768,1,633,0.704,22,1,fraud_false_positive
TXN105466,2389.7,wallet,91,477.0,0.062,0,1033,0.274,19,0,bank_timeout
TXN105467,1397.88,credit_card,96,294.8,0.236,1,221,0.439,14,1,bank_timeout
TXN105468,5088.27,debit_card,63,80.9,0.97,0,1166,0.776,0,0,fraud_false_positive
TXN105469,7866.33,credit_card,59,253.7,0.739,1,824,0.782,17,0,fraud_false_positive
TXN105470,326.32,credit_card,91,269.5,0.086,0,98,0.787,17,1,bank_timeout
TXN105471,2714.47,debit_card,96,595.5,0.034,0,531,0.344,11,1,network_error
TXN105472,6380.66,netbanking,63,139.6,0.837,0,2390,0.834,1,1,fraud_false_positive
TXN105473,463.33,upi,5,671.2,0.311,0,392,0.421,17,1,network_error
TXN105474,1800.46,credit_card,96,944.6,0.125,1,761,0.354,7,0,network_error
TXN105475,1025.44,debit_card,96,262.9,0.109,0,7,0.152,16,0,bank_timeout
TXN105476,1843.52,upi,91,370.6,0.216,0,481,0.534,12,1,bank_timeout
TXN105477,11949.02,netbanking,51,90.7,0.151,1,564,0.23,20,1,insufficient_funds
TXN105478,1428.34,credit_card,21,553.6,0.28,0,143,0.491,19,0,network_error
TXN105479,2878.49,debit_card,59,197.9,0.839,0,138,0.588,4,0,fraud_false_positive
TXN105480,4807.32,upi,59,227.8,0.723,1,274,0.892,13,0,fraud_false_positive
TXN105481,3642.05,upi,61,132.3,0.123,1,164,0.323,19,0,insufficient_funds
TXN105482,1701.23,upi,51,165.1,0.179,1,251,0.408,19,1,insufficient_funds
TXN105483,1659.19,upi,51,146.3,0.22,0,302,0.11,13,0,insufficient_funds
TXN105484,4726.2,credit_card,61,192.2,0.178,2,566,0.407,1,0,insufficient_funds
TXN105485,5194.15,debit_card,61,275.1,0.044,0,11,0.508,17,0,insufficient_funds
TXN105486,2703.24,debit_card,51,221.8,0.163,1,5,0.419,3,0,insufficient_funds
TXN105487,313.4,upi,96,359.1,0.031,1,79,0.392,23,1,bank_timeout
TXN105488,1912.52,upi,91,479.0,0.177,2,103,0.305,0,1,bank_timeout
TXN105489,2498.8,credit_card,59,239.1,0.69,1,707,0.69,22,0,fraud_false_positive
TXN105490,3127.24,wallet,51,109.1,0.028,3,1359,0.393,12,1,insufficient_funds
TXN105491,2243.48,credit_card,61,234.3,0.166,1,15,0.239,14,0,insufficient_funds
TXN105492,3722.5,credit_card,61,224.7,0.103,0,115,0.311,1,0,insufficient_funds
TXN105493,1662.69,debit_card,96,477.3,0.29,0,1963,0.446,8,0,network_error
TXN105494,5988.36,debit_card,68,315.4,0.18,0,229,0.329,6,0,bank_timeout
TXN105495,2086.67,debit_card,51,179.5,0.09,2,446,0.537,0,1,insufficient_funds
TXN105496,4436.0,upi,51,166.7,0.027,1,156,0.345,7,0,insufficient_funds
TXN105497,2151.78,upi,51,219.2,0.208,2,155,0.226,2,1,insufficient_funds
TXN105498,1575.95,wallet,96,579.8,0.026,0,480,0.437,7,1,network_error
TXN105499,2359.56,debit_card,51,150.9,0.047,1,650,0.425,4,1,insufficient_funds
TXN105500,5973.79,credit_card,51,96.1,0.028,3,886,0.343,23,0,insufficient_funds
TXN105501,317.59,credit_card,96,307.7,0.151,1,451,0.42,19,1,network_error
TXN105502,1908.24,debit_card,96,304.4,0.084,1,284,0.902,13,0,bank_timeout
TXN105503,1493.85,credit_card,5,217.0,0.9,0,78,0.666,7,0,fraud_false_positive
TXN105504,6088.81,debit_card,51,129.3,0.172,0,1026,0.212,20,1,insufficient_funds
TXN105505,5747.07,debit_card,61,174.6,0.34,1,913,0.373,10,0,insufficient_funds
TXN105506,1546.67,wallet,21,519.1,0.604,0,409,0.595,3,0,network_error
TXN105507,3390.27,credit_card,51,165.9,0.259,2,22,0.258,1,1,insufficient_funds
TXN105508,3239.29,netbanking,51,191.3,0.121,0,465,0.102,8,1,insufficient_funds
TXN105509,3317.93,wallet,65,180.3,0.152,1,2,0.223,15,0,insufficient_funds
TXN105510,1257.27,debit_card,65,253.1,0.382,0,1001,0.316,21,0,insufficient_funds
TXN105511,2861.09,debit_card,96,513.8,0.167,1,887,0.316,19,0,bank_timeout
TXN105512,5599.87,wallet,61,193.0,0.225,0,1284,0.062,22,0,insufficient_funds
TXN105513,459.01,credit_card,51,204.2,0.245,0,598,0.162,22,0,insufficient_funds
TXN105514,3270.67,netbanking,96,488.3,0.159,0,170,0.335,11,0,network_error
TXN105515,844.87,debit_card,96,497.3,0.287,2,782,0.456,18,1,network_error
TXN105516,872.64,credit_card,96,393.9,0.31,2,489,0.305,16,0,network_error
TXN105517,1224.7,upi,61,136.2,0.364,0,308,0.155,17,1,insufficient_funds
TXN105518,2810.86,upi,59,339.7,0.589,1,188,0.769,19,1,fraud_false_positive
TXN105519,8847.93,credit_card,61,204.0,0.157,1,337,0.492,21,0,insufficient_funds
TXN105520,4196.98,credit_card,96,445.7,0.148,1,564,0.433,13,0,network_error
TXN105521,1799.57,upi,61,210.1,0.495,2,56,0.198,7,0,insufficient_funds
TXN105522,1309.14,credit_card,21,522.4,0.146,1,174,0.274,13,1,network_error
TXN105523,1179.9,wallet,91,340.4,0.223,1,1149,0.246,1,1,bank_timeout
TXN105524,2291.03,netbanking,51,134.3,0.182,1,282,0.281,12,1,insufficient_funds
TXN105525,1312.67,upi,96,561.9,0.016,0,151,0.632,3,1,network_error
TXN105526,1267.91,debit_card,51,209.0,0.134,1,126,0.378,2,0,insufficient_funds
TXN105527,5340.7,credit_card,91,397.1,0.31,0,919,0.667,16,0,bank_timeout
TXN105528,1051.19,credit_card,96,304.7,0.036,1,339,0.485,23,1,bank_timeout
TXN105529,1719.69,upi,21,379.2,0.126,0,348,0.371,18,0,network_error
TXN105530,1064.84,upi,68,408.5,0.113,0,1,0.875,9,1,bank_timeout
TXN105531,11433.0,upi,61,176.1,0.255,1,1188,0.364,23,1,insufficient_funds
TXN105532,7745.46,debit_card,5,117.3,0.692,0,468,0.549,23,0,fraud_false_positive
TXN105533,2492.92,netbanking,51,147.0,0.149,3,64,0.204,13,1,insufficient_funds
TXN105534,725.27,debit_card,96,381.1,0.114,1,1269,0.579,11,1,network_error
TXN105535,1532.86,netbanking,96,547.8,0.203,0,103,0.674,13,0,network_error
TXN105536,1074.82,credit_card,91,338.5,0.056,3,739,0.51,19,1,bank_timeout
TXN105537,355.65,credit_card,96,657.4,0.165,0,747,0.329,4,1,network_error
TXN105538,179.28,netbanking,96,683.1,0.159,0,64,0.433,14,0,network_error
TXN105539,5809.61,upi,96,436.7,0.225,0,369,0.397,17,1,network_error
TXN105540,878.01,credit_card,61,155.0,0.144,0,147,0.665,3,1,insufficient_funds
TXN105541,3278.89,credit_card,5,560.4,0.452,0,1839,0.261,15,1,network_error
TXN105542,1286.2,netbanking,68,433.0,0.22,2,888,0.754,14,1,bank_timeout
TXN105543,1685.22,upi,5,550.0,0.047,2,926,0.581,22,0,network_error
TXN105544,4526.13,debit_card,96,564.7,0.289,0,163,0.375,12,0,network_error
TXN105545,2497.78,credit_card,91,315.9,0.135,3,272,0.605,7,0,bank_timeout
TXN105546,6023.86,netbanking,63,191.4,0.69,0,238,0.804,6,0,fraud_false_positive
TXN105547,6243.93,credit_card,63,214.2,0.535,0,243,0.763,3,0,fraud_false_positive
TXN105548,3622.59,netbanking,59,208.0,0.666,0,355,0.58,1,1,fraud_false_positive
TXN105549,2090.5,wallet,91,453.8,0.415,1,261,0.174,14,1,bank_timeout
TXN105550,2891.7,debit_card,51,162.5,0.095,1,34,0.507,10,1,insufficient_funds
TXN105551,1692.41,upi,5,532.7,0.022,0,921,0.449,2,1,network_error
TXN105552,459.62,debit_card,96,411.8,0.394,0,97,0.368,19,1,network_error
TXN105553,380.4,credit_card,91,320.6,0.269,0,78,0.464,1,0,bank_timeout
TXN105554,1105.7,debit_card,51,140.5,0.074,2,126,0.335,3,0,insufficient_funds
TXN105555,2619.93,credit_card,96,463.5,0.228,0,828,0.451,3,0,network_error
TXN105556,1943.51,credit_card,91,295.1,0.323,1,31,0.545,18,0,bank_timeout
TXN105557,2827.85,debit_card,51,172.0,0.179,3,936,0.173,2,0,insufficient_funds
TXN105558,3060.17,upi,5,406.3,0.107,2,822,0.249,2,0,network_error
TXN105559,1636.08,netbanking,51,144.2,0.173,1,146,0.132,17,1,insufficient_funds
TXN105560,2358.08,debit_card,68,486.6,0.226,0,939,0.532,11,0,bank_timeout
TXN105561,2329.15,debit_card,51,145.9,0.227,2,421,0.149,4,0,insufficient_funds
TXN105562,3957.21,debit_card,51,156.5,0.375,3,1210,0.331,6,0,insufficient_funds
TXN105563,961.53,netbanking,51,227.3,0.257,0,265,0.608,14,1,insufficient_funds
TXN105564,3716.81,debit_card,51,213.7,0.19,1,525,0.108,5,0,insufficient_funds
TXN105565,1833.19,debit_card,51,213.5,0.096,0,23,0.046,11,0,insufficient_funds
TXN105566,10444.8,debit_card,61,233.2,0.088,0,12,0.302,19,0,insufficient_funds
TXN105567,2887.22,debit_card,51,230.1,0.131,1,358,0.161,22,0,insufficient_funds
TXN105568,618.71,debit_card,21,536.3,0.118,0,178,0.444,17,0,network_error
TXN105569,2795.74,debit_card,51,180.4,0.263,1,467,0.369,10,1,insufficient_funds
TXN105570,1596.08,upi,21,487.5,0.157,0,456,0.447,16,0,network_error
TXN105571,5476.34,debit_card,59,196.6,0.658,1,561,0.599,10,0,fraud_false_positive
TXN105572,4115.45,debit_card,91,259.5,0.155,2,24,0.601,19,0,bank_timeout
TXN105573,2488.25,upi,61,195.0,0.407,3,1148,0.135,21,1,insufficient_funds
TXN105574,2363.61,netbanking,51,186.9,0.077,1,56,0.074,13,1,insufficient_funds
TXN105575,1981.18,credit_card,59,210.7,0.684,0,174,0.833,20,1,fraud_false_positive
TXN105576,843.19,debit_card,96,580.4,0.165,1,389,0.134,13,1,network_error
TXN105577,3803.12,debit_card,59,288.1,0.85,1,116,0.705,16,1,fraud_false_positive
TXN105578,1664.01,debit_card,51,142.4,0.108,0,283,0.474,6,0,insufficient_funds
TXN105579,3827.91,upi,61,257.2,0.166,0,333,0.283,10,0,insufficient_funds
TXN105580,161.1,wallet,96,326.1,0.069,0,401,0.335,6,0,bank_timeout
TXN105581,2244.95,wallet,59,240.3,0.668,0,1030,0.573,9,0,fraud_false_positive
TXN105582,10889.01,upi,51,209.9,0.211,0,1857,0.592,4,0,insufficient_funds
TXN105583,791.77,credit_card,59,145.6,0.76,1,4014,0.856,21,0,fraud_false_positive
TXN105584,2294.26,credit_card,51,194.1,0.108,1,1893,0.553,11,0,insufficient_funds
TXN105585,1838.72,credit_card,91,278.7,0.182,2,85,0.238,2,0,bank_timeout
TXN105586,195.13,netbanking,5,434.4,0.281,1,389,0.709,23,0,network_error
TXN105587,5861.1,credit_card,51,215.6,0.329,3,397,0.158,13,1,insufficient_funds
TXN105588,1481.26,upi,96,388.4,0.059,1,246,0.503,3,0,network_error
TXN105589,3119.91,netbanking,51,257.3,0.083,2,127,0.225,4,1,insufficient_funds
TXN105590,2275.12,credit_card,51,94.9,0.121,2,7,0.208,7,1,insufficient_funds
TXN105591,3249.36,upi,59,215.4,0.732,0,17,0.505,18,0,fraud_false_positive
TXN105592,2807.98,upi,91,221.2,0.039,0,276,0.601,13,0,bank_timeout
TXN105593,668.29,credit_card,91,437.2,0.025,0,175,0.308,11,0,bank_timeout
TXN105594,731.14,upi,51,80.5,0.091,0,161,0.155,7,0,insufficient_funds
TXN105595,4343.11,debit_card,91,295.6,0.354,0,244,0.48,9,1,bank_timeout
TXN105596,4899.8,credit_card,51,174.3,0.292,0,535,0.046,2,1,insufficient_funds
TXN105597,1681.0,credit_card,59,190.9,0.608,0,14,0.579,4,1,fraud_false_positive
TXN105598,2828.64,netbanking,65,191.9,0.371,1,102,0.086,1,0,insufficient_funds
TXN105599,9790.91,credit_card,5,216.5,0.9,0,192,0.49,10,0,fraud_false_positive
TXN105600,433.81,credit_card,91,385.4,0.027,0,267,0.586,6,0,bank_timeout
TXN105601,1042.0,debit_card,51,163.7,0.159,2,82,0.241,17,0,insufficient_funds
TXN105602,3712.91,wallet,51,161.8,0.173,1,732,0.138,3,1,insufficient_funds
TXN105603,2205.76,debit_card,51,212.8,0.267,0,218,0.3,19,1,insufficient_funds
TXN105604,1715.33,credit_card,21,650.5,0.258,1,92,0.265,2,0,network_error
TXN105605,4179.11,debit_card,96,421.4,0.164,2,1087,0.283,18,0,network_error
TXN105606,1749.99,debit_card,63,195.4,0.928,0,182,0.74,7,1,fraud_false_positive
TXN105607,1158.8,credit_card,91,411.4,0.125,0,1642,0.513,2,0,bank_timeout
TXN105608,815.9,credit_card,51,144.6,0.274,0,1398,0.397,2,0,insufficient_funds
TXN105609,835.85,debit_card,51,153.5,0.116,1,909,0.402,2,0,insufficient_funds
TXN105610,1519.78,upi,21,270.6,0.349,0,62,0.819,7,0,network_error
TXN105611,2268.51,debit_card,51,140.0,0.064,2,578,0.184,5,0,insufficient_funds
TXN105612,5373.4,upi,51,173.8,0.258,0,141,0.156,15,0,insufficient_funds
TXN105613,3939.85,upi,91,365.7,0.185,0,255,0.507,1,0,bank_timeout
TXN105614,971.26,upi,59,184.7,0.698,0,102,0.897,19,0,fraud_false_positive
TXN105615,2422.89,credit_card,68,407.5,0.168,1,1319,0.4,18,1,bank_timeout
TXN105616,2619.21,netbanking,65,185.4,0.366,2,85,0.301,3,0,insufficient_funds
TXN105617,1510.74,wallet,51,206.4,0.34,0,90,0.318,21,1,insufficient_funds
TXN105618,3050.53,netbanking,51,105.4,0.325,0,260,0.116,22,0,insufficient_funds
TXN105619,4232.84,debit_card,51,126.4,0.152,0,538,0.231,23,0,insufficient_funds
TXN105620,8928.63,upi,59,248.1,0.725,0,135,0.583,1,1,fraud_false_positive
TXN105621,1345.57,upi,51,118.7,0.344,1,1038,0.11,5,0,insufficient_funds
TXN105622,3545.27,upi,68,387.3,0.119,2,142,0.702,6,0,bank_timeout
TXN105623,3981.35,debit_card,68,364.3,0.202,0,1861,0.204,7,0,bank_timeout
TXN105624,3678.9,upi,91,363.0,0.128,0,126,0.478,16,0,bank_timeout
TXN105625,1505.04,credit_card,96,518.6,0.027,0,1081,0.695,6,0,network_error
TXN105626,3201.41,debit_card,51,211.7,0.177,2,337,0.126,2,0,insufficient_funds
TXN105627,2016.28,debit_card,59,143.0,0.64,0,513,0.781,18,1,fraud_false_positive
TXN105628,255.01,debit_card,96,464.4,0.132,0,488,0.245,7,0,network_error
TXN105629,1025.14,debit_card,21,373.1,0.23,0,818,0.278,0,0,network_error
TXN105630,4678.07,credit_card,51,222.0,0.208,2,255,0.584,8,1,insufficient_funds
TXN105631,1669.01,upi,91,380.6,0.156,1,418,0.802,9,0,bank_timeout
TXN105632,1228.89,netbanking,96,303.6,0.076,1,632,0.463,17,0,bank_timeout
TXN105633,3728.75,credit_card,65,136.2,0.28,4,383,0.333,4,0,insufficient_funds
TXN105634,5669.07,debit_card,65,180.2,0.255,1,250,0.161,3,1,insufficient_funds
TXN105635,4573.61,netbanking,51,147.6,0.115,1,157,0.042,12,1,insufficient_funds
TXN105636,1448.01,credit_card,96,452.7,0.283,1,12,0.753,22,0,network_error
TXN105637,879.14,debit_card,91,327.4,0.327,2,2310,0.315,7,1,bank_timeout
TXN105638,1430.52,netbanking,51,131.1,0.174,1,262,0.05,19,1,insufficient_funds
TXN105639,830.34,netbanking,21,519.1,0.435,0,127,0.819,1,0,network_error
TXN105640,1407.02,credit_card,21,421.0,0.237,1,241,0.555,14,0,network_error
TXN105641,3260.17,netbanking,51,198.8,0.317,0,350,0.286,17,0,insufficient_funds
TXN105642,1043.9,wallet,5,169.0,0.635,0,1123,0.716,11,1,fraud_false_positive
TXN105643,4850.95,credit_card,68,343.7,0.257,0,1147,0.213,4,0,bank_timeout
TXN105644,3533.5,credit_card,65,165.2,0.16,0,113,0.086,18,1,insufficient_funds
TXN105645,6398.53,credit_card,63,180.3,0.936,3,238,0.807,0,0,fraud_false_positive
TXN105646,2372.1,debit_card,96,378.3,0.09,0,20,0.388,4,0,network_error
TXN105647,2971.56,wallet,61,226.1,0.092,0,448,0.187,23,0,insufficient_funds
TXN105648,3201.04,netbanking,51,207.0,0.12,0,178,0.458,18,0,insufficient_funds
TXN105649,495.61,upi,51,219.8,0.231,2,402,0.421,4,0,insufficient_funds
TXN105650,409.51,upi,65,168.8,0.436,0,104,0.248,14,0,insufficient_funds
TXN105651,1792.83,upi,21,426.7,0.203,2,237,0.782,7,0,network_error
TXN105652,64.34,upi,91,324.0,0.227,0,590,0.617,13,1,bank_timeout
TXN105653,1565.1,upi,61,158.6,0.168,2,35,0.154,5,1,insufficient_funds
TXN105654,1423.48,netbanking,21,215.3,0.19,1,198,0.693,3,0,network_error
TXN105655,4951.93,wallet,61,145.2,0.094,2,174,0.099,22,1,insufficient_funds
TXN105656,9397.17,credit_card,63,238.1,0.843,0,692,0.554,10,0,fraud_false_positive
TXN105657,5630.92,credit_card,61,186.4,0.482,2,781,0.038,5,0,insufficient_funds
TXN105658,5835.4,wallet,5,53.2,0.601,0,1034,0.782,19,0,fraud_false_positive
TXN105659,652.65,credit_card,21,670.8,0.083,0,34,0.619,6,0,network_error
TXN105660,662.95,debit_card,51,201.8,0.218,0,248,0.144,11,1,insufficient_funds
TXN105661,1428.56,debit_card,5,101.7,0.492,0,2285,0.738,1,0,fraud_false_positive
TXN105662,4157.26,credit_card,51,171.6,0.138,1,533,0.067,1,1,insufficient_funds
TXN105663,912.68,debit_card,65,183.3,0.441,2,349,0.504,18,0,insufficient_funds
TXN105664,1383.58,wallet,91,365.2,0.348,2,486,0.382,1,0,bank_timeout
TXN105665,5951.01,debit_card,61,192.4,0.303,0,92,0.143,23,0,insufficient_funds
TXN105666,1553.91,debit_card,21,482.9,0.042,0,1723,0.397,4,0,network_error
TXN105667,1056.35,credit_card,21,524.2,0.281,0,493,0.521,15,0,network_error
TXN105668,2494.11,debit_card,21,426.4,0.582,0,303,0.336,5,0,network_error
TXN105669,2943.82,debit_card,96,360.9,0.239,0,1620,0.129,8,0,bank_timeout
TXN105670,8250.56,credit_card,96,298.0,0.21,1,525,0.703,18,0,bank_timeout
TXN105671,5536.53,wallet,51,165.5,0.205,2,131,0.039,11,0,insufficient_funds
TXN105672,2343.44,upi,68,535.2,0.088,0,151,0.581,2,0,bank_timeout
TXN105673,3892.15,debit_card,91,320.1,0.335,0,1166,0.595,4,0,bank_timeout
TXN105674,10849.68,debit_card,5,171.2,0.373,1,686,0.767,0,0,fraud_false_positive
TXN105675,2638.38,netbanking,65,147.8,0.475,2,241,0.201,22,1,insufficient_funds
TXN105676,3554.56,upi,96,647.4,0.112,1,355,0.303,18,1,network_error
TXN105677,2772.96,upi,61,189.1,0.065,0,373,0.464,10,0,insufficient_funds
TXN105678,1933.22,credit_card,51,142.6,0.22,0,218,0.129,22,1,insufficient_funds
TXN105679,4174.78,upi,21,490.2,0.116,0,1565,0.634,14,1,network_error
TXN105680,1879.86,credit_card,59,272.1,0.519,0,2588,0.527,12,1,fraud_false_positive
TXN105681,3010.67,wallet,96,324.9,0.065,0,224,0.754,9,1,bank_timeout
TXN105682,6031.36,upi,51,103.9,0.328,4,460,0.683,11,0,insufficient_funds
TXN105683,164.61,credit_card,96,343.6,0.265,0,1,0.513,21,0,bank_timeout
TXN105684,1989.11,debit_card,96,333.6,0.329,0,226,0.572,6,1,bank_timeout
TXN105685,3061.73,debit_card,21,544.4,0.359,0,1180,0.882,6,0,network_error
TXN105686,4509.58,netbanking,51,209.0,0.011,1,1563,0.144,10,0,insufficient_funds
TXN105687,2335.3,debit_card,59,150.3,0.804,0,735,0.81,12,0,fraud_false_positive
TXN105688,1872.06,debit_card,5,158.4,0.646,0,895,0.837,12,1,fraud_false_positive
TXN105689,10806.56,debit_card,61,236.7,0.221,1,369,0.389,15,0,insufficient_funds
TXN105690,1445.74,credit_card,96,514.7,0.029,1,1647,0.541,0,1,network_error
TXN105691,3217.23,credit_card,63,218.1,0.841,0,815,0.648,16,1,fraud_false_positive
TXN105692,1015.53,netbanking,96,455.3,0.18,1,328,0.59,6,1,network_error
TXN105693,8051.01,debit_card,59,227.6,0.79,0,12,0.835,12,0,fraud_false_positive
TXN105694,8027.32,debit_card,51,164.2,0.251,3,542,0.183,3,0,insufficient_funds
TXN105695,1759.12,debit_card,91,419.3,0.064,0,967,0.377,12,0,bank_timeout
TXN105696,665.03,upi,96,711.0,0.109,0,287,0.489,21,0,network_error
TXN105697,2002.43,wallet,91,391.1,0.409,1,363,0.7,15,0,bank_timeout
TXN105698,750.34,credit_card,51,231.7,0.174,0,961,0.132,20,1,insufficient_funds
TXN105699,2524.7,debit_card,96,415.9,0.622,1,771,0.344,16,1,bank_timeout
TXN105700,8718.35,debit_card,61,175.8,0.021,0,1369,0.528,18,0,insufficient_funds
TXN105701,1704.93,upi,51,157.4,0.173,1,296,0.327,8,1,insufficient_funds
TXN105702,6135.6,upi,5,238.3,0.922,0,1833,0.547,0,1,fraud_false_positive
TXN105703,12121.38,credit_card,61,219.3,0.122,0,734,0.305,5,0,insufficient_funds
TXN105704,475.25,netbanking,96,488.3,0.412,1,59,0.564,7,0,network_error
TXN105705,1442.48,upi,5,515.8,0.272,1,1231,0.217,17,0,network_error
TXN105706,891.44,debit_card,96,469.4,0.324,0,799,0.441,13,1,network_error
TXN105707,299.13,upi,96,342.9,0.045,1,217,0.551,8,0,bank_timeout
TXN105708,741.11,credit_card,51,121.7,0.079,0,329,0.159,21,0,insufficient_funds
TXN105709,3004.76,upi,65,192.3,0.215,3,770,0.054,13,1,insufficient_funds
TXN105710,936.02,credit_card,96,352.3,0.269,2,202,0.556,19,1,network_error
TXN105711,5997.69,upi,63,219.0,0.85,0,686,0.526,19,0,fraud_false_positive
TXN105712,10724.06,credit_card,51,135.9,0.213,1,179,0.291,8,1,insufficient_funds
TXN105713,3918.65,upi,51,175.7,0.177,0,43,0.188,16,0,insufficient_funds
TXN105714,4575.62,upi,59,182.2,0.797,0,1189,0.784,22,0,fraud_false_positive
TXN105715,10260.23,netbanking,51,221.9,0.156,2,838,0.195,15,0,insufficient_funds
TXN105716,3989.78,upi,51,203.2,0.149,3,131,0.122,15,0,insufficient_funds
TXN105717,2576.1,upi,5,570.3,0.215,1,166,0.723,12,1,network_error
TXN105718,2231.48,upi,96,449.8,0.18,3,315,0.503,0,0,bank_timeout
TXN105719,5194.17,upi,51,183.9,0.279,1,239,0.247,7,0,insufficient_funds
TXN105720,2493.32,upi,51,161.9,0.316,1,4,0.137,0,1,insufficient_funds
TXN105721,4619.95,upi,51,192.6,0.054,2,977,0.235,18,1,insufficient_funds
TXN105722,2790.61,upi,51,195.9,0.308,0,13,0.292,18,0,insufficient_funds
TXN105723,2009.55,credit_card,91,479.5,0.138,1,510,0.204,15,0,bank_timeout
TXN105724,2992.7,credit_card,21,447.5,0.149,0,48,0.241,2,1,network_error
TXN105725,521.12,wallet,96,508.1,0.347,1,356,0.387,18,0,network_error
TXN105726,1863.81,credit_card,51,242.8,0.205,0,39,0.268,19,1,insufficient_funds
TXN105727,3267.43,credit_card,96,526.1,0.225,0,449,0.341,8,1,network_error
TXN105728,5399.67,wallet,51,135.5,0.317,0,247,0.26,9,1,insufficient_funds
TXN105729,3602.15,credit_card,63,268.5,0.662,0,373,0.883,4,1,fraud_false_positive
TXN105730,2571.51,credit_card,51,211.4,0.103,4,850,0.051,8,0,insufficient_funds
TXN105731,2265.35,credit_card,51,116.5,0.099,2,113,0.132,16,0,insufficient_funds
TXN105732,348.67,credit_card,68,411.1,0.139,2,369,0.629,13,0,bank_timeout
TXN105733,157.48,debit_card,5,600.7,0.059,0,293,0.392,14,1,network_error
TXN105734,3107.54,debit_card,5,199.3,0.908,0,1261,0.764,20,0,fraud_false_positive
TXN105735,2737.17,debit_card,96,474.4,0.216,0,327,0.54,12,0,network_error
TXN105736,526.63,wallet,51,150.5,0.091,2,393,0.287,0,0,insufficient_funds
TXN105737,3484.77,debit_card,51,201.6,0.415,1,13,0.254,12,0,insufficient_funds
TXN105738,2985.12,upi,91,259.8,0.422,0,562,0.537,19,0,bank_timeout
TXN105739,2626.92,upi,21,453.0,0.11,0,294,0.588,12,0,network_error
TXN105740,10232.88,credit_card,5,227.1,0.514,1,418,0.386,12,0,fraud_false_positive
TXN105741,2878.82,credit_card,96,314.6,0.112,0,354,0.821,14,0,network_error
TXN105742,7341.98,credit_card,61,167.5,0.13,1,548,0.266,23,1,insufficient_funds
TXN105743,1368.02,upi,96,385.7,0.176,2,968,0.919,9,0,bank_timeout
TXN105744,1674.47,wallet,68,407.8,0.231,0,28,0.685,21,0,bank_timeout
TXN105745,1756.07,debit_card,65,169.4,0.453,2,18,0.335,16,0,insufficient_funds
TXN105746,2441.3,credit_card,51,185.6,0.35,2,186,0.473,0,0,insufficient_funds
TXN105747,4241.42,credit_card,61,138.2,0.13,1,322,0.124,17,0,insufficient_funds
TXN105748,770.53,netbanking,51,162.9,0.337,1,321,0.276,11,0,insufficient_funds
TXN105749,3184.35,debit_card,59,245.6,0.923,0,2147,0.592,19,0,fraud_false_positive
TXN105750,1886.16,upi,59,238.7,0.406,1,3205,0.927,1,1,fraud_false_positive
TXN105751,2404.98,debit_card,68,394.1,0.117,1,481,0.705,11,0,bank_timeout
TXN105752,1064.49,netbanking,91,310.5,0.172,2,683,0.51,12,1,bank_timeout
TXN105753,1708.26,debit_card,51,182.0,0.033,0,107,0.122,3,0,insufficient_funds
TXN105754,1282.94,upi,91,271.5,0.2,0,20,0.527,12,0,bank_timeout
TXN105755,4717.33,upi,5,193.7,0.814,0,1818,0.54,10,0,fraud_false_positive
TXN105756,589.85,credit_card,96,493.3,0.363,0,454,0.292,18,0,network_error
TXN105757,536.16,debit_card,96,549.2,0.16,0,85,0.582,15,1,network_error
TXN105758,2974.57,upi,51,216.8,0.313,2,201,0.209,8,0,insufficient_funds
TXN105759,5058.93,credit_card,51,140.6,0.063,0,256,0.098,5,1,insufficient_funds
TXN105760,1572.05,credit_card,5,412.1,0.02,0,66,0.398,11,0,network_error
TXN105761,1070.01,netbanking,51,159.5,0.378,2,26,0.462,19,1,insufficient_funds
TXN105762,2647.67,debit_card,63,256.3,0.746,0,864,0.47,21,1,fraud_false_positive
TXN105763,1395.91,debit_card,51,257.0,0.119,0,111,0.189,4,1,insufficient_funds
TXN105764,749.42,credit_card,91,386.2,0.285,1,108,0.679,10,0,bank_timeout
TXN105765,1375.81,debit_card,5,600.3,0.116,2,170,0.523,5,0,network_error
TXN105766,469.46,netbanking,21,509.2,0.02,0,394,0.735,15,1,network_error
TXN105767,764.2,netbanking,51,219.7,0.2,2,209,0.556,12,0,insufficient_funds
TXN105768,1029.52,credit_card,5,447.8,0.222,0,454,0.433,8,0,network_error
TXN105769,1081.29,credit_card,96,547.6,0.231,0,184,0.262,22,0,network_error
TXN105770,2106.94,debit_card,61,69.5,0.435,4,83,0.066,19,1,insufficient_funds
TXN105771,1216.08,credit_card,21,366.7,0.08,1,450,0.292,7,1,network_error
TXN105772,344.36,debit_card,96,469.9,0.228,2,279,0.628,19,0,bank_timeout
TXN105773,627.02,credit_card,96,389.2,0.125,0,45,0.384,23,1,bank_timeout
TXN105774,3273.23,credit_card,63,240.8,0.943,0,575,0.691,3,0,fraud_false_positive
TXN105775,3442.35,upi,63,199.2,0.626,0,374,0.461,15,0,fraud_false_positive
TXN105776,2363.98,upi,91,341.2,0.09,0,2584,0.432,23,0,bank_timeout
TXN105777,254.4,credit_card,21,742.0,0.481,0,3116,0.582,12,1,network_error
TXN105778,361.48,credit_card,68,363.6,0.446,0,709,0.555,1,1,bank_timeout
TXN105779,1790.85,credit_card,61,181.6,0.102,3,199,0.217,19,1,insufficient_funds
TXN105780,3443.89,credit_card,51,144.1,0.099,2,142,0.147,13,0,insufficient_funds
TXN105781,1133.33,debit_card,96,518.0,0.077,1,702,0.719,9,1,bank_timeout
TXN105782,624.7,upi,91,288.3,0.236,0,545,0.535,20,1,bank_timeout
TXN105783,1829.07,netbanking,21,526.4,0.381,0,2013,0.313,12,0,network_error
TXN105784,1993.79,credit_card,5,742.3,0.038,0,86,0.665,14,0,network_error
TXN105785,3090.52,upi,91,290.9,0.097,3,495,0.585,15,0,bank_timeout
TXN105786,2313.8,credit_card,96,317.2,0.184,0,726,0.718,16,1,bank_timeout
TXN105787,2013.94,wallet,51,194.2,0.178,2,165,0.302,7,0,insufficient_funds
TXN105788,3374.07,debit_card,21,387.1,0.207,1,99,0.628,14,0,network_error
TXN105789,1194.86,upi,91,344.0,0.032,1,923,0.508,17,0,bank_timeout
TXN105790,831.05,credit_card,96,563.2,0.243,0,2015,0.426,14,1,network_error
TXN105791,1119.97,upi,21,537.7,0.046,1,1305,0.51,3,0,network_error
TXN105792,919.81,wallet,96,709.4,0.259,0,508,0.524,6,0,network_error
TXN105793,4901.0,debit_card,51,234.6,0.145,1,882,0.077,3,1,insufficient_funds
TXN105794,2519.83,debit_card,51,212.5,0.177,1,597,0.147,7,0,insufficient_funds
TXN105795,1323.92,debit_card,65,258.9,0.353,1,57,0.224,15,0,insufficient_funds
TXN105796,973.01,netbanking,91,363.0,0.128,0,289,0.913,11,0,bank_timeout
TXN105797,816.51,credit_card,96,543.4,0.135,0,83,0.63,14,0,network_error
TXN105798,6869.48,upi,51,148.1,0.191,0,166,0.273,19,0,insufficient_funds
TXN105799,7355.3,upi,59,171.2,0.859,0,2820,0.483,12,1,fraud_false_positive
TXN105800,1495.83,upi,63,184.8,0.817,1,533,0.831,16,0,fraud_false_positive
TXN105801,1691.98,upi,59,248.7,0.534,0,1966,0.5,19,1,fraud_false_positive
TXN105802,750.93,credit_card,51,252.5,0.216,5,854,0.124,1,0,insufficient_funds
TXN105803,1732.98,credit_card,96,392.1,0.124,0,297,0.531,20,1,network_error
TXN105804,2275.73,credit_card,59,247.7,0.773,0,2371,0.717,6,1,fraud_false_positive
TXN105805,1515.24,debit_card,5,520.7,0.123,1,93,0.509,23,1,network_error
TXN105806,2284.47,debit_card,51,138.6,0.043,0,301,0.204,17,0,insufficient_funds
TXN105807,1272.31,upi,5,135.3,0.582,0,140,0.77,8,1,fraud_false_positive
TXN105808,3635.56,debit_card,65,210.1,0.243,0,101,0.313,0,1,insufficient_funds
TXN105809,4391.49,debit_card,65,173.4,0.415,0,97,0.384,20,0,insufficient_funds
TXN105810,2350.1,credit_card,61,165.6,0.227,0,918,0.318,4,0,insufficient_funds
TXN105811,2210.51,debit_card,91,251.6,0.075,1,247,0.435,23,0,bank_timeout
TXN105812,4557.05,netbanking,51,266.3,0.301,1,12,0.229,14,0,insufficient_funds
TXN105813,4490.22,netbanking,59,312.7,0.692,0,806,0.48,2,1,fraud_false_positive
TXN105814,2183.49,upi,59,156.3,0.653,0,745,0.339,6,0,fraud_false_positive
TXN105815,3691.77,upi,61,199.2,0.023,1,239,0.179,12,0,insufficient_funds
TXN105816,3379.89,debit_card,91,320.1,0.055,1,10,0.429,23,1,bank_timeout
TXN105817,8665.89,credit_card,51,187.4,0.331,1,175,0.487,17,0,insufficient_funds
TXN105818,3409.83,credit_card,61,155.2,0.31,0,524,0.31,22,1,insufficient_funds
TXN105819,462.26,credit_card,59,111.1,0.81,0,7,0.652,11,1,fraud_false_positive
TXN105820,2787.73,debit_card,65,166.9,0.102,1,156,0.018,22,1,insufficient_funds
TXN105821,561.72,upi,51,157.3,0.281,1,76,0.115,1,0,insufficient_funds
TXN105822,1899.97,debit_card,51,185.6,0.223,1,154,0.494,7,0,insufficient_funds
TXN105823,736.37,netbanking,96,227.5,0.072,0,570,0.342,16,0,network_error
TXN105824,3013.15,netbanking,5,452.7,0.008,0,20,0.45,16,0,network_error
TXN105825,3602.41,debit_card,21,718.6,0.071,0,722,0.696,3,0,network_error
TXN105826,874.73,credit_card,51,255.0,0.153,2,126,0.1,22,0,insufficient_funds
TXN105827,6837.17,credit_card,59,253.1,0.568,1,382,0.741,5,1,fraud_false_positive
TXN105828,895.42,credit_card,96,434.8,0.209,0,305,0.307,2,0,network_error
TXN105829,2948.43,upi,96,362.8,0.284,0,168,0.407,21,0,network_error
TXN105830,776.34,netbanking,96,433.7,0.031,1,77,0.566,10,0,network_error
TXN105831,2725.53,credit_card,51,191.8,0.075,1,447,0.345,5,0,insufficient_funds
TXN105832,4647.71,upi,96,695.2,0.164,0,336,0.369,7,0,network_error
TXN105833,3856.42,netbanking,51,134.5,0.118,1,55,0.436,8,0,insufficient_funds
TXN105834,7353.62,debit_card,51,185.2,0.267,1,69,0.073,0,0,insufficient_funds
TXN105835,1416.08,upi,51,186.8,0.172,1,160,0.119,12,0,insufficient_funds
TXN105836,4746.85,debit_card,51,175.0,0.199,1,84,0.123,17,0,insufficient_funds
TXN105837,2545.22,debit_card,21,585.7,0.041,0,548,0.592,19,1,network_error
TXN105838,4818.59,debit_card,68,387.7,0.342,0,618,0.71,2,0,bank_timeout
TXN105839,2066.63,debit_card,51,149.0,0.288,0,299,0.163,16,0,insufficient_funds
TXN105840,2586.48,wallet,96,239.5,0.221,0,561,0.423,16,0,bank_timeout
TXN105841,2828.73,credit_card,91,366.3,0.044,0,169,0.28,7,0,bank_timeout
TXN105842,1576.62,upi,59,165.3,0.919,0,401,0.685,11,1,fraud_false_positive
TXN105843,4193.11,upi,91,341.2,0.135,3,30,0.211,19,0,bank_timeout
TXN105844,298.99,credit_card,96,445.8,0.14,0,393,0.611,11,1,bank_timeout
TXN105845,2904.66,credit_card,21,528.0,0.205,0,994,0.381,12,0,network_error
TXN105846,4519.84,upi,5,201.1,0.869,0,1295,0.326,20,0,fraud_false_positive
TXN105847,1831.45,debit_card,61,230.0,0.194,0,671,0.1,9,0,insufficient_funds
TXN105848,3021.66,upi,65,143.4,0.15,0,699,0.521,21,1,insufficient_funds
TXN105849,10972.22,upi,59,292.4,0.656,0,777,0.594,17,0,fraud_false_positive
TXN105850,251.77,wallet,51,200.1,0.294,0,688,0.305,4,0,insufficient_funds
TXN105851,334.72,debit_card,21,434.6,0.039,0,720,0.435,7,0,network_error
TXN105852,4109.68,credit_card,96,365.0,0.272,0,480,0.616,1,0,network_error
TXN105853,816.07,upi,96,554.6,0.284,0,1299,0.54,2,0,network_error
TXN105854,2939.59,debit_card,68,304.7,0.182,3,51,0.35,16,0,bank_timeout
TXN105855,6071.86,debit_card,59,130.7,0.698,0,4113,0.771,5,1,fraud_false_positive
TXN105856,621.94,upi,96,509.3,0.26,0,643,0.479,19,1,network_error
TXN105857,532.54,credit_card,5,232.6,0.872,0,2634,0.822,7,0,fraud_false_positive
TXN105858,1489.41,credit_card,63,96.7,0.751,0,464,0.688,8,1,fraud_false_positive
TXN105859,1230.38,credit_card,21,533.9,0.205,0,72,0.482,4,0,network_error
TXN105860,5541.3,credit_card,63,200.2,0.842,0,503,0.354,17,0,fraud_false_positive
TXN105861,8774.0,upi,51,152.4,0.081,1,463,0.143,5,0,insufficient_funds
TXN105862,1807.15,debit_card,61,198.6,0.249,3,14,0.07,7,0,insufficient_funds
TXN105863,902.83,credit_card,51,146.6,0.364,0,139,0.187,3,0,insufficient_funds
TXN105864,2281.52,upi,96,296.0,0.126,0,383,0.41,17,0,bank_timeout
TXN105865,1980.7,credit_card,51,150.6,0.101,1,448,0.398,7,0,insufficient_funds
TXN105866,1486.29,credit_card,51,268.9,0.341,2,94,0.086,4,1,insufficient_funds
TXN105867,199.3,debit_card,21,454.1,0.162,1,213,0.523,1,0,network_error
TXN105868,4082.28,wallet,96,340.7,0.215,0,114,0.458,1,1,bank_timeout
TXN105869,624.32,wallet,96,568.8,0.217,0,473,0.458,22,1,network_error
TXN105870,471.91,credit_card,21,333.5,0.086,1,162,0.481,16,0,network_error
TXN105871,3351.57,upi,91,306.3,0.322,0,627,0.822,18,1,bank_timeout
TXN105872,1328.13,credit_card,91,354.7,0.089,0,506,0.439,14,0,bank_timeout
TXN105873,5863.38,debit_card,51,155.7,0.154,1,453,0.31,22,1,insufficient_funds
TXN105874,734.72,debit_card,5,509.8,0.052,0,382,0.25,17,1,network_error
TXN105875,1525.17,upi,51,183.6,0.383,0,3,0.073,6,1,insufficient_funds
TXN105876,1091.12,debit_card,91,354.8,0.158,0,383,0.742,13,1,bank_timeout
TXN105877,5081.66,credit_card,65,278.3,0.542,5,941,0.203,20,1,insufficient_funds
TXN105878,4226.35,debit_card,51,159.9,0.151,0,6,0.233,13,0,insufficient_funds
TXN105879,1594.9,debit_card,21,348.9,0.142,1,79,0.59,16,1,network_error
TXN105880,1125.73,credit_card,51,175.5,0.226,1,350,0.098,5,0,insufficient_funds
TXN105881,922.05,debit_card,5,361.2,0.04,0,927,0.369,15,0,network_error
TXN105882,1008.11,debit_card,68,378.2,0.096,0,849,0.242,10,0,bank_timeout
TXN105883,956.31,upi,96,501.4,0.26,0,213,0.395,0,0,network_error
TXN105884,1825.56,upi,21,742.8,0.205,0,1087,0.484,8,1,network_error
TXN105885,993.95,netbanking,51,211.1,0.051,1,892,0.163,13,1,insufficient_funds
TXN105886,4809.76,upi,61,145.2,0.184,0,325,0.079,20,1,insufficient_funds
TXN105887,1405.22,credit_card,96,288.8,0.032,2,582,0.688,18,0,network_error
TXN105888,3667.65,credit_card,65,195.9,0.304,2,270,0.116,2,0,insufficient_funds
TXN105889,12256.31,debit_card,61,210.0,0.143,0,3,0.419,22,1,insufficient_funds
TXN105890,1874.58,netbanking,96,300.9,0.155,0,40,0.866,10,1,bank_timeout
TXN105891,7672.26,upi,63,149.8,0.704,1,966,0.492,9,0,fraud_false_positive
TXN105892,2334.97,credit_card,51,152.0,0.277,2,209,0.079,2,1,insufficient_funds
TXN105893,6619.57,netbanking,59,287.4,0.758,0,1755,0.516,22,0,fraud_false_positive
TXN105894,3975.9,credit_card,91,284.0,0.04,2,811,0.749,20,0,bank_timeout
TXN105895,4238.58,credit_card,61,101.3,0.132,0,91,0.251,7,0,insufficient_funds
TXN105896,6411.64,debit_card,51,192.8,0.228,2,380,0.236,13,1,insufficient_funds
TXN105897,4661.9,debit_card,59,242.7,0.689,0,82,0.749,2,0,fraud_false_positive
TXN105898,3286.09,debit_card,5,501.5,0.409,0,135,0.605,22,1,network_error
TXN105899,1245.64,debit_card,91,353.1,0.435,1,173,0.501,15,1,bank_timeout
TXN105900,14548.73,credit_card,59,176.5,0.638,0,1065,0.644,13,0,fraud_false_positive
TXN105901,943.68,netbanking,61,178.8,0.194,4,313,0.451,8,1,insufficient_funds
TXN105902,2912.6,credit_card,65,217.6,0.299,0,940,0.179,1,0,insufficient_funds
TXN105903,684.87,credit_card,51,188.9,0.281,0,399,0.166,16,0,insufficient_funds
TXN105904,9150.01,netbanking,51,151.2,0.237,2,315,0.156,16,1,insufficient_funds
TXN105905,231.68,credit_card,61,65.0,0.264,3,490,0.039,15,0,insufficient_funds
TXN105906,5588.94,credit_card,91,478.5,0.306,1,62,0.501,13,1,bank_timeout
TXN105907,761.54,netbanking,51,190.0,0.038,3,34,0.202,7,0,insufficient_funds
TXN105908,8176.68,debit_card,51,208.7,0.154,2,423,0.114,18,0,insufficient_funds
TXN105909,5556.98,credit_card,51,183.1,0.059,1,560,0.591,8,0,insufficient_funds
TXN105910,3343.52,upi,51,142.8,0.054,0,1828,0.185,3,0,insufficient_funds
TXN105911,1509.84,upi,51,175.4,0.295,2,237,0.253,16,1,insufficient_funds
TXN105912,8725.81,debit_card,5,220.0,0.724,0,58,0.469,9,0,fraud_false_positive
TXN105913,4571.7,debit_card,51,255.9,0.186,0,52,0.277,22,1,insufficient_funds
TXN105914,7273.73,credit_card,5,269.0,0.45,0,406,0.616,3,0,fraud_false_positive
TXN105915,1219.12,upi,91,389.9,0.147,2,834,0.235,4,0,bank_timeout
TXN105916,5323.04,credit_card,61,217.4,0.099,1,148,0.417,1,1,insufficient_funds
TXN105917,3115.01,debit_card,51,194.5,0.227,2,655,0.473,0,0,insufficient_funds
TXN105918,1011.86,upi,91,441.4,0.089,0,257,0.264,14,0,bank_timeout
TXN105919,9419.9,credit_card,61,163.4,0.416,0,664,0.303,12,0,insufficient_funds
TXN105920,214.95,wallet,61,177.5,0.277,0,164,0.039,21,1,insufficient_funds
TXN105921,1237.53,upi,51,153.7,0.263,3,376,0.147,12,0,insufficient_funds
TXN105922,4079.53,debit_card,61,176.9,0.08,2,1187,0.119,13,1,insufficient_funds
TXN105923,10179.54,debit_card,51,204.3,0.3,0,659,0.56,17,1,insufficient_funds
TXN105924,2551.52,credit_card,96,513.9,0.128,0,775,0.427,19,0,network_error
TXN105925,2538.08,credit_card,51,183.5,0.139,0,114,0.163,9,0,insufficient_funds
TXN105926,3856.38,debit_card,51,163.7,0.276,4,652,0.063,15,1,insufficient_funds
TXN105927,9577.19,upi,65,179.5,0.239,1,36,0.215,20,1,insufficient_funds
TXN105928,3767.78,debit_card,51,246.2,0.198,2,18,0.083,14,0,insufficient_funds
TXN105929,2552.31,upi,51,230.9,0.149,0,395,0.212,2,0,insufficient_funds
TXN105930,4441.04,credit_card,96,438.5,0.403,0,381,0.471,4,0,network_error
TXN105931,5781.21,credit_card,51,157.4,0.105,2,287,0.302,9,0,insufficient_funds
TXN105932,5354.98,netbanking,59,271.7,0.575,0,1093,0.588,11,0,fraud_false_positive
TXN105933,3390.53,netbanking,51,129.0,0.224,1,678,0.264,6,0,insufficient_funds
TXN105934,1477.56,credit_card,5,455.8,0.088,1,288,0.408,9,0,network_error
TXN105935,2758.84,debit_card,51,208.9,0.139,2,292,0.388,14,0,insufficient_funds
TXN105936,1480.72,upi,51,230.1,0.231,2,40,0.142,21,0,insufficient_funds
TXN105937,2079.5,credit_card,51,136.3,0.064,0,418,0.404,20,0,insufficient_funds
TXN105938,1754.37,credit_card,91,358.9,0.099,1,165,0.631,1,1,bank_timeout
TXN105939,684.53,credit_card,96,386.3,0.147,0,18,0.331,6,0,bank_timeout
TXN105940,2964.11,credit_card,59,182.3,0.58,0,832,0.843,21,0,fraud_false_positive
TXN105941,3862.06,debit_card,51,165.9,0.219,2,488,0.223,4,0,insufficient_funds
TXN105942,1305.67,upi,51,275.3,0.317,0,25,0.078,12,0,insufficient_funds
TXN105943,1772.48,credit_card,96,668.6,0.291,0,1266,0.433,2,0,network_error
TXN105944,1089.41,netbanking,96,678.3,0.247,0,840,0.44,9,0,network_error
TXN105945,1152.12,credit_card,96,319.8,0.056,0,300,0.585,16,0,bank_timeout
TXN105946,1671.02,credit_card,96,426.9,0.215,1,427,0.168,14,0,bank_timeout
TXN105947,1217.87,debit_card,96,505.1,0.25,0,796,0.318,23,0,network_error
TXN105948,2485.37,debit_card,51,222.7,0.054,0,255,0.233,19,0,insufficient_funds
TXN105949,1541.44,credit_card,96,335.9,0.437,0,18,0.184,11,1,bank_timeout
TXN105950,4256.6,upi,61,247.7,0.131,2,33,0.305,22,1,insufficient_funds
TXN105951,839.36,wallet,59,147.2,0.502,1,1152,0.891,7,0,fraud_false_positive
TXN105952,713.19,netbanking,5,444.5,0.013,1,36,0.311,4,0,network_error
TXN105953,3802.54,netbanking,65,185.2,0.22,1,215,0.45,8,0,insufficient_funds
TXN105954,1665.45,netbanking,51,237.1,0.26,0,159,0.335,1,0,insufficient_funds
TXN105955,820.66,debit_card,96,375.3,0.327,0,459,0.42,9,1,network_error
TXN105956,1921.31,debit_card,61,218.7,0.139,1,579,0.373,17,1,insufficient_funds
TXN105957,2744.81,credit_card,96,417.1,0.033,0,409,0.314,16,1,network_error
TXN105958,1643.02,credit_card,96,281.8,0.404,0,1002,0.47,3,0,network_error
TXN105959,994.2,credit_card,5,570.0,0.276,0,387,0.616,22,1,network_error
TXN105960,3837.09,upi,61,140.5,0.43,0,593,0.24,6,0,insufficient_funds
TXN105961,5482.48,upi,59,204.9,0.87,0,559,0.58,2,0,fraud_false_positive
TXN105962,3703.56,credit_card,59,291.7,0.802,0,2110,0.654,5,0,fraud_false_positive
TXN105963,2726.41,debit_card,59,211.0,0.549,0,260,0.891,16,0,fraud_false_positive
TXN105964,3134.64,wallet,51,201.0,0.272,0,248,0.293,14,1,insufficient_funds
TXN105965,3133.58,debit_card,51,192.7,0.124,0,424,0.028,2,0,insufficient_funds
TXN105966,1127.56,upi,59,132.2,0.656,0,228,0.339,17,0,fraud_false_positive
TXN105967,2590.75,debit_card,21,528.4,0.356,0,108,0.388,17,1,network_error
TXN105968,1484.04,netbanking,21,642.3,0.037,1,867,0.747,0,1,network_error
TXN105969,683.09,debit_card,96,353.8,0.073,1,494,0.508,22,0,network_error
TXN105970,451.51,credit_card,91,313.2,0.112,0,168,0.498,11,0,bank_timeout
TXN105971,4342.59,credit_card,21,465.4,0.281,1,38,0.507,4,0,network_error
TXN105972,4000.53,debit_card,59,173.4,0.804,0,2979,0.761,9,0,fraud_false_positive
TXN105973,1403.26,debit_card,96,429.7,0.116,0,386,0.314,19,1,network_error
TXN105974,2999.94,credit_card,96,368.6,0.117,1,1799,0.202,18,0,network_error
TXN105975,5203.24,credit_card,51,50.9,0.274,0,429,0.236,4,0,insufficient_funds
TXN105976,110.63,debit_card,51,116.4,0.311,0,203,0.324,2,0,insufficient_funds
TXN105977,670.94,debit_card,91,496.1,0.121,0,295,0.424,17,1,bank_timeout
TXN105978,3118.71,upi,96,487.4,0.214,0,1148,0.492,4,0,network_error
TXN105979,2740.04,upi,65,215.0,0.029,0,9,0.541,7,1,insufficient_funds
TXN105980,2437.44,upi,96,546.1,0.19,1,124,0.353,2,0,network_error
TXN105981,2890.61,upi,91,354.6,0.541,1,939,0.342,3,1,bank_timeout
TXN105982,2881.81,wallet,61,197.6,0.2,1,1061,0.382,22,0,insufficient_funds
TXN105983,2068.82,debit_card,5,594.8,0.307,0,69,0.431,10,1,network_error
TXN105984,3692.07,debit_card,63,254.4,0.616,0,139,0.519,11,0,fraud_false_positive
TXN105985,2379.44,netbanking,96,364.6,0.022,0,432,0.437,0,1,network_error
TXN105986,1218.41,debit_card,51,257.2,0.251,2,191,0.513,6,1,insufficient_funds
TXN105987,993.68,credit_card,5,521.5,0.165,0,394,0.717,22,1,network_error
TXN105988,1504.98,upi,96,391.1,0.101,1,257,0.227,5,0,bank_timeout
TXN105989,5161.49,debit_card,59,185.2,0.775,0,1325,0.699,14,0,fraud_false_positive
TXN105990,4145.43,debit_card,61,119.9,0.072,1,548,0.103,23,0,insufficient_funds
TXN105991,406.64,netbanking,21,490.7,0.155,0,126,0.681,23,1,network_error
TXN105992,5034.53,credit_card,51,177.3,0.295,1,422,0.339,18,0,insufficient_funds
TXN105993,5072.19,upi,51,213.0,0.08,0,64,0.402,9,0,insufficient_funds
TXN105994,2035.72,debit_card,96,304.8,0.213,0,107,0.589,21,0,bank_timeout
TXN105995,3190.0,credit_card,91,470.9,0.18,2,868,0.377,10,1,bank_timeout
TXN105996,1373.22,debit_card,96,411.5,0.35,0,586,0.553,0,0,bank_timeout
TXN105997,5900.47,debit_card,51,213.9,0.076,0,131,0.402,3,0,insufficient_funds
TXN105998,2529.94,debit_card,96,515.5,0.093,0,614,0.469,6,1,network_error
TXN105999,3324.0,debit_card,68,382.2,0.262,1,124,0.534,10,1,bank_timeout
TXN106000,2663.59,credit_card,96,515.4,0.124,0,466,0.281,22,0,network_error
TXN106001,2452.18,upi,65,99.7,0.123,2,146,0.365,11,0,insufficient_funds
TXN106002,3218.74,upi,61,183.9,0.187,3,443,0.139,10,1,insufficient_funds
TXN106003,1177.01,netbanking,96,266.9,0.165,1,533,0.204,17,0,bank_timeout
TXN106004,6006.6,wallet,59,245.3,0.719,0,491,0.677,14,0,fraud_false_positive
TXN106005,5729.03,credit_card,5,146.4,0.709,0,709,0.535,15,0,fraud_false_positive
TXN106006,8749.75,credit_card,5,167.2,0.752,0,687,0.867,8,0,fraud_false_positive
TXN106007,1748.76,credit_card,51,214.6,0.217,2,1699,0.521,10,0,insufficient_funds
TXN106008,1733.59,upi,96,508.3,0.146,0,157,0.497,0,0,bank_timeout
TXN106009,2381.1,debit_card,5,344.2,0.265,0,5,0.326,14,0,network_error
TXN106010,235.65,upi,68,360.7,0.165,1,105,0.406,1,1,bank_timeout
TXN106011,2199.06,debit_card,61,220.8,0.114,2,1469,0.095,3,0,insufficient_funds
TXN106012,3585.32,debit_card,51,250.1,0.141,3,3,0.294,20,0,insufficient_funds
TXN106013,796.04,debit_card,91,378.1,0.164,0,517,0.352,7,1,bank_timeout
TXN106014,905.34,upi,96,347.3,0.23,0,299,0.555,9,0,bank_timeout
TXN106015,2856.45,credit_card,59,53.7,0.911,0,127,0.715,7,1,fraud_false_positive
TXN106016,9056.22,netbanking,51,163.5,0.065,0,212,0.453,16,0,insufficient_funds
TXN106017,8753.51,wallet,51,190.5,0.362,1,363,0.053,18,1,insufficient_funds
TXN106018,9958.03,debit_card,61,250.1,0.18,2,1400,0.131,20,0,insufficient_funds
TXN106019,789.36,debit_card,21,487.4,0.104,0,104,0.385,19,0,network_error
TXN106020,1250.63,wallet,21,629.6,0.256,0,356,0.477,14,0,network_error
TXN106021,1909.93,wallet,51,230.2,0.214,2,737,0.414,16,0,insufficient_funds
TXN106022,1263.08,upi,61,137.0,0.443,1,22,0.105,6,1,insufficient_funds
TXN106023,1847.39,upi,96,630.4,0.081,0,670,0.504,21,1,network_error
TXN106024,1027.19,credit_card,5,571.2,0.292,1,1224,0.679,3,0,network_error
TXN106025,2051.53,debit_card,61,88.2,0.121,0,347,0.058,9,1,insufficient_funds
TXN106026,1547.01,debit_card,96,443.0,0.066,0,256,0.518,12,0,bank_timeout
TXN106027,2093.28,credit_card,51,175.7,0.257,0,498,0.14,17,0,insufficient_funds
TXN106028,1292.28,credit_card,5,592.6,0.308,1,612,0.39,4,1,network_error
TXN106029,9324.2,debit_card,65,131.1,0.047,1,129,0.413,2,1,insufficient_funds
TXN106030,2148.65,upi,68,416.4,0.215,3,160,0.332,23,1,bank_timeout
TXN106031,2475.04,debit_card,65,200.6,0.174,2,394,0.611,14,0,insufficient_funds
TXN106032,788.95,upi,21,429.6,0.259,2,46,0.645,10,0,network_error
TXN106033,794.22,credit_card,5,500.2,0.332,1,505,0.592,11,1,network_error
TXN106034,1407.66,debit_card,91,383.3,0.131,0,249,0.414,16,1,bank_timeout
TXN106035,3106.73,wallet,51,198.1,0.284,2,167,0.407,10,1,insufficient_funds
TXN106036,3209.18,netbanking,21,472.0,0.088,0,120,0.406,10,0,network_error
TXN106037,8999.87,upi,51,216.7,0.081,0,770,0.483,11,0,insufficient_funds
TXN106038,985.41,credit_card,63,217.1,0.713,0,886,0.957,16,0,fraud_false_positive
TXN106039,1766.15,upi,5,358.9,0.051,0,1285,0.234,15,1,network_error
TXN106040,5048.07,wallet,5,523.3,0.164,1,121,0.086,23,0,network_error
TXN106041,8727.81,debit_card,59,214.3,0.793,0,2530,0.237,11,1,fraud_false_positive
TXN106042,3741.27,debit_card,61,157.7,0.322,1,177,0.118,16,0,insufficient_funds
TXN106043,3142.89,upi,51,192.4,0.319,0,85,0.197,8,1,insufficient_funds
TXN106044,2515.79,debit_card,61,187.6,0.334,2,14,0.136,6,0,insufficient_funds
TXN106045,826.64,upi,96,330.4,0.32,1,429,0.276,10,0,bank_timeout
TXN106046,1294.14,credit_card,21,623.6,0.367,0,284,0.675,5,0,network_error
TXN106047,4562.0,credit_card,21,535.6,0.267,3,56,0.326,7,0,network_error
TXN106048,2749.69,netbanking,5,558.1,0.044,0,2353,0.561,18,0,network_error
TXN106049,5122.39,wallet,59,182.3,0.866,1,115,0.653,5,0,fraud_false_positive
TXN106050,3955.72,credit_card,51,117.5,0.079,4,482,0.184,11,0,insufficient_funds
TXN106051,1907.77,debit_card,91,329.3,0.355,0,349,0.561,21,0,bank_timeout
TXN106052,14566.58,debit_card,5,187.2,0.752,1,103,0.819,12,0,fraud_false_positive
TXN106053,3074.82,upi,63,253.1,0.661,0,3152,0.632,23,1,fraud_false_positive
TXN106054,2558.61,credit_card,91,80.2,0.188,0,823,0.487,15,1,bank_timeout
TXN106055,3985.07,debit_card,51,177.9,0.333,0,15,0.46,18,1,insufficient_funds
TXN106056,723.68,debit_card,91,527.0,0.114,0,120,0.444,5,0,bank_timeout
TXN106057,6312.08,credit_card,5,201.4,0.859,0,4587,0.561,16,0,fraud_false_positive
TXN106058,1510.29,debit_card,51,183.3,0.117,0,52,0.424,6,1,insufficient_funds
TXN106059,324.49,credit_card,61,186.3,0.036,1,1035,0.286,5,0,insufficient_funds
TXN106060,1903.35,upi,51,193.9,0.224,1,680,0.155,2,1,insufficient_funds
TXN106061,6203.63,debit_card,5,527.9,0.185,0,975,0.459,17,0,network_error
TXN106062,3732.08,netbanking,59,242.0,0.587,1,317,0.868,22,0,fraud_false_positive
TXN106063,655.78,netbanking,96,494.0,0.132,0,213,0.346,14,0,network_error
TXN106064,219.65,debit_card,91,421.2,0.121,0,539,0.319,1,0,bank_timeout
TXN106065,3795.89,upi,96,528.6,0.08,0,95,0.355,18,1,network_error
TXN106066,255.7,upi,68,398.8,0.077,2,6,0.332,4,0,bank_timeout
TXN106067,513.25,netbanking,96,328.7,0.14,1,1171,0.759,4,0,bank_timeout
TXN106068,1659.5,debit_card,91,486.9,0.204,1,280,0.529,19,0,bank_timeout
TXN106069,5373.48,debit_card,51,261.4,0.252,2,258,0.28,14,1,insufficient_funds
TXN106070,3290.66,debit_card,96,573.6,0.13,0,478,0.619,16,0,network_error
TXN106071,1554.91,debit_card,91,207.9,0.065,0,317,0.375,15,0,bank_timeout
TXN106072,200.92,upi,96,372.8,0.135,0,450,0.815,22,0,bank_timeout
TXN106073,1660.08,credit_card,63,223.5,0.659,0,128,0.666,1,0,fraud_false_positive
TXN106074,801.26,credit_card,51,114.3,0.131,1,86,0.111,20,1,insufficient_funds
TXN106075,1141.92,credit_card,5,589.8,0.019,0,1,0.408,2,0,network_error
TXN106076,216.1,debit_card,51,215.9,0.112,0,65,0.191,1,0,insufficient_funds
TXN106077,10424.08,debit_card,59,247.0,0.891,0,1299,0.59,19,0,fraud_false_positive
TXN106078,5880.85,netbanking,63,289.7,0.68,0,1335,0.946,7,0,fraud_false_positive
TXN106079,161.13,credit_card,96,555.9,0.105,0,451,0.277,11,0,network_error
TXN106080,3853.65,debit_card,51,207.6,0.155,0,314,0.173,2,0,insufficient_funds
TXN106081,4178.99,netbanking,51,158.0,0.122,1,111,0.347,2,0,insufficient_funds
TXN106082,778.43,upi,96,250.7,0.313,0,126,0.482,9,0,bank_timeout
TXN106083,3085.74,debit_card,96,452.3,0.172,1,396,0.487,1,1,bank_timeout
TXN106084,10012.3,credit_card,51,192.3,0.154,2,33,0.112,18,0,insufficient_funds
TXN106085,3041.36,credit_card,96,541.1,0.483,0,254,0.343,22,0,network_error
TXN106086,4173.47,credit_card,5,514.2,0.119,1,402,0.478,17,1,network_error
TXN106087,421.74,debit_card,51,179.1,0.303,1,675,0.129,2,0,insufficient_funds
TXN106088,402.51,upi,51,213.0,0.056,1,390,0.039,6,0,insufficient_funds
TXN106089,420.06,upi,51,200.3,0.085,2,317,0.38,11,0,insufficient_funds
TXN106090,1520.85,debit_card,96,473.1,0.398,1,16,0.687,17,0,network_error
TXN106091,1206.39,credit_card,68,300.1,0.165,0,998,0.616,16,1,bank_timeout
TXN106092,4738.96,debit_card,61,278.8,0.337,1,1221,0.307,2,0,insufficient_funds
TXN106093,932.52,netbanking,96,568.6,0.04,0,431,0.281,19,0,network_error
TXN106094,1608.16,credit_card,65,188.4,0.29,2,82,0.398,17,1,insufficient_funds
TXN106095,1894.62,credit_card,51,180.1,0.528,4,417,0.228,22,0,insufficient_funds
TXN106096,2015.3,credit_card,51,221.3,0.069,1,4,0.353,11,0,insufficient_funds
TXN106097,1424.08,debit_card,96,252.7,0.113,0,392,0.694,12,0,network_error
TXN106098,338.21,upi,51,170.2,0.156,1,461,0.153,14,0,insufficient_funds
TXN106099,4316.54,debit_card,51,199.0,0.145,1,341,0.153,17,0,insufficient_funds
TXN106100,5775.13,debit_card,65,219.3,0.121,0,193,0.152,21,1,insufficient_funds
TXN106101,5395.89,credit_card,91,261.1,0.149,0,913,0.584,11,1,bank_timeout
TXN106102,250.81,debit_card,21,365.8,0.068,0,636,0.76,11,0,network_error
TXN106103,3402.25,wallet,21,580.7,0.116,0,123,0.667,0,0,network_error
TXN106104,1794.79,upi,51,137.0,0.164,1,273,0.093,17,0,insufficient_funds
TXN106105,3369.89,wallet,59,64.9,0.795,1,345,0.724,5,1,fraud_false_positive
TXN106106,600.67,wallet,91,389.7,0.348,2,66,0.157,2,1,bank_timeout
TXN106107,1727.86,debit_card,91,346.6,0.046,0,317,0.418,6,0,bank_timeout
TXN106108,2424.33,debit_card,51,249.4,0.199,2,502,0.091,9,0,insufficient_funds
TXN106109,2164.02,upi,96,388.0,0.497,0,235,0.423,12,1,bank_timeout
TXN106110,1676.34,credit_card,91,398.8,0.179,0,88,0.499,4,0,bank_timeout
TXN106111,1109.99,upi,91,392.3,0.053,1,1593,0.556,18,0,bank_timeout
TXN106112,792.55,upi,91,320.7,0.065,0,423,0.492,1,1,bank_timeout
TXN106113,2147.87,upi,65,171.5,0.166,3,400,0.124,17,0,insufficient_funds
TXN106114,3144.09,debit_card,91,252.3,0.043,2,306,0.281,10,1,bank_timeout
TXN106115,2833.95,credit_card,59,185.5,0.554,0,144,0.702,7,0,fraud_false_positive
TXN106116,5190.21,credit_card,63,115.1,0.584,0,1003,0.541,14,0,fraud_false_positive
TXN106117,1960.07,credit_card,96,476.2,0.101,0,2,0.209,1,0,network_error
TXN106118,1343.31,upi,5,422.6,0.21,0,99,0.503,11,1,network_error
TXN106119,3736.29,debit_card,5,173.5,0.582,0,2690,0.735,13,0,fraud_false_positive
TXN106120,332.24,netbanking,91,282.5,0.142,0,126,0.281,22,0,bank_timeout
TXN106121,2201.48,credit_card,65,198.1,0.299,2,1675,0.08,10,0,insufficient_funds
TXN106122,1350.05,netbanking,5,440.2,0.171,1,72,0.263,17,0,network_error
TXN106123,908.04,debit_card,63,201.3,0.813,0,59,0.777,11,0,fraud_false_positive
TXN106124,639.32,debit_card,5,700.4,0.304,1,227,0.725,15,1,network_error
TXN106125,3970.07,debit_card,61,142.6,0.102,1,430,0.069,15,0,insufficient_funds
TXN106126,813.28,debit_card,51,134.7,0.065,2,508,0.06,22,0,insufficient_funds
TXN106127,1550.58,upi,51,166.7,0.13,2,267,0.321,9,1,insufficient_funds
TXN106128,713.89,wallet,51,187.0,0.145,0,452,0.108,1,1,insufficient_funds
TXN106129,3875.87,upi,96,356.2,0.237,2,46,0.48,21,0,bank_timeout
TXN106130,1767.45,credit_card,65,243.3,0.249,2,103,0.162,3,0,insufficient_funds
TXN106131,1164.81,credit_card,96,656.3,0.112,1,40,0.65,6,0,network_error
TXN106132,2971.1,debit_card,51,221.3,0.115,0,89,0.226,1,0,insufficient_funds
TXN106133,1248.12,upi,91,273.0,0.591,0,578,0.872,1,0,bank_timeout
TXN106134,3776.44,credit_card,51,174.9,0.129,3,323,0.169,21,0,insufficient_funds
TXN106135,2332.21,upi,96,209.0,0.447,0,528,0.538,21,1,bank_timeout
TXN106136,2868.12,netbanking,96,480.0,0.173,0,316,0.805,0,0,network_error
TXN106137,9977.12,credit_card,5,204.6,0.869,0,372,0.402,14,1,fraud_false_positive
TXN106138,1493.12,netbanking,61,230.2,0.152,1,218,0.441,11,0,insufficient_funds
TXN106139,2834.16,credit_card,59,269.9,0.687,0,279,0.919,23,0,fraud_false_positive
TXN106140,5813.67,debit_card,91,184.8,0.415,1,604,0.867,22,0,bank_timeout
TXN106141,8512.99,debit_card,59,156.5,0.672,0,30,0.401,16,0,fraud_false_positive
TXN106142,1581.24,credit_card,51,142.8,0.246,2,540,0.304,10,0,insufficient_funds
TXN106143,8893.79,upi,61,192.9,0.139,1,208,0.366,22,0,insufficient_funds
TXN106144,913.57,debit_card,96,302.3,0.081,0,3516,0.442,9,1,bank_timeout
TXN106145,1758.74,credit_card,51,116.9,0.222,2,71,0.421,19,0,insufficient_funds
TXN106146,9318.21,debit_card,51,148.4,0.203,1,363,0.081,21,0,insufficient_funds
TXN106147,1419.24,wallet,96,815.7,0.12,0,93,0.706,20,1,network_error
TXN106148,3144.08,upi,51,182.5,0.323,1,264,0.026,19,0,insufficient_funds
TXN106149,2660.54,debit_card,5,449.2,0.058,0,241,0.359,17,0,network_error
TXN106150,1306.57,debit_card,51,156.5,0.436,1,337,0.348,6,0,insufficient_funds
TXN106151,4490.8,debit_card,65,235.4,0.367,4,415,0.16,0,0,insufficient_funds
TXN106152,2230.52,upi,91,383.4,0.186,0,575,0.612,18,1,bank_timeout
TXN106153,861.45,credit_card,96,389.3,0.236,0,1384,0.768,11,1,network_error
TXN106154,534.81,debit_card,51,167.3,0.067,2,88,0.163,5,1,insufficient_funds
TXN106155,718.44,wallet,51,257.3,0.077,1,1153,0.085,22,0,insufficient_funds
TXN106156,3388.63,debit_card,59,112.8,0.855,1,243,0.827,1,0,fraud_false_positive
TXN106157,10323.05,netbanking,63,192.6,0.811,0,137,0.754,18,0,fraud_false_positive
TXN106158,1152.32,debit_card,91,306.9,0.175,1,795,0.604,8,0,bank_timeout
TXN106159,9732.26,netbanking,51,174.0,0.136,1,2,0.217,12,0,insufficient_funds
TXN106160,1773.18,credit_card,21,326.7,0.277,0,14,0.675,0,0,network_error
TXN106161,2818.84,credit_card,51,219.1,0.091,1,102,0.387,9,0,insufficient_funds
TXN106162,5957.03,debit_card,51,98.2,0.158,1,67,0.159,4,0,insufficient_funds
TXN106163,3536.11,debit_card,96,519.6,0.31,0,1496,0.67,7,1,network_error
TXN106164,2113.68,upi,91,331.7,0.345,1,368,0.179,0,0,bank_timeout
TXN106165,6136.99,upi,63,148.2,0.69,0,149,0.406,12,0,fraud_false_positive
TXN106166,1246.3,credit_card,51,178.5,0.057,0,488,0.475,17,0,insufficient_funds
TXN106167,443.11,debit_card,21,380.6,0.286,0,1081,0.484,15,1,network_error
TXN106168,973.67,credit_card,96,598.1,0.22,0,388,0.179,8,1,network_error
TXN106169,255.23,credit_card,68,422.6,0.079,1,210,0.614,18,1,bank_timeout
TXN106170,1872.55,upi,51,277.3,0.231,0,448,0.426,21,0,insufficient_funds
TXN106171,1763.54,credit_card,51,272.0,0.092,0,272,0.247,8,1,insufficient_funds
TXN106172,2500.35,netbanking,91,498.4,0.152,1,629,0.651,4,0,bank_timeout
TXN106173,2154.32,upi,68,220.7,0.031,1,400,0.494,3,0,bank_timeout
TXN106174,1284.57,upi,21,358.4,0.314,0,1373,0.435,16,0,network_error
TXN106175,1202.16,debit_card,59,232.6,0.762,1,67,0.749,6,1,fraud_false_positive
TXN106176,876.38,debit_card,5,591.8,0.021,1,71,0.278,22,1,network_error
TXN106177,1694.78,credit_card,96,652.9,0.149,0,73,0.257,15,0,network_error
TXN106178,9256.26,debit_card,59,184.0,0.925,0,244,0.788,19,0,fraud_false_positive
TXN106179,634.15,netbanking,91,426.1,0.175,0,49,0.589,7,0,bank_timeout
TXN106180,2815.6,credit_card,51,153.0,0.271,0,935,0.094,20,1,insufficient_funds
TXN106181,6289.3,netbanking,61,143.1,0.266,1,73,0.052,10,0,insufficient_funds
TXN106182,20512.32,wallet,59,121.4,0.823,1,3252,0.855,14,0,fraud_false_positive
TXN106183,1385.23,upi,91,288.5,0.06,0,569,0.562,18,0,bank_timeout
TXN106184,362.46,wallet,51,234.2,0.064,2,109,0.542,10,0,insufficient_funds
TXN106185,4479.73,credit_card,65,181.8,0.122,0,411,0.036,19,1,insufficient_funds
TXN106186,1075.02,credit_card,51,171.0,0.175,2,2,0.19,11,0,insufficient_funds
TXN106187,767.03,credit_card,96,389.7,0.282,0,189,0.616,9,0,bank_timeout
TXN106188,9505.62,debit_card,51,172.9,0.206,0,90,0.183,0,0,insufficient_funds
TXN106189,1013.03,netbanking,5,208.0,0.871,0,76,0.906,1,1,fraud_false_positive
TXN106190,2781.59,credit_card,65,215.4,0.476,1,543,0.247,15,1,insufficient_funds
TXN106191,892.33,upi,51,141.7,0.115,1,20,0.207,12,1,insufficient_funds
TXN106192,2054.72,debit_card,51,123.6,0.246,0,627,0.222,6,1,insufficient_funds
TXN106193,4609.71,debit_card,96,608.7,0.093,0,577,0.427,7,0,network_error
TXN106194,4894.9,debit_card,96,377.2,0.069,2,208,0.523,10,0,bank_timeout
TXN106195,1259.06,credit_card,68,398.9,0.171,0,718,0.577,23,0,bank_timeout
TXN106196,1167.37,debit_card,68,442.5,0.574,0,436,0.782,15,0,bank_timeout
TXN106197,5215.39,debit_card,91,403.3,0.102,0,31,0.533,7,1,bank_timeout
TXN106198,4026.25,debit_card,68,313.4,0.189,0,168,0.554,22,1,bank_timeout
TXN106199,478.9,upi,21,313.0,0.086,0,281,0.872,4,1,network_error
TXN106200,4788.71,debit_card,96,609.6,0.229,1,584,0.484,10,1,network_error
TXN106201,1569.85,upi,21,368.5,0.355,2,620,0.339,9,0,network_error
TXN106202,3494.55,netbanking,51,210.4,0.098,1,440,0.11,17,0,insufficient_funds
TXN106203,3317.16,netbanking,96,569.0,0.263,0,190,0.501,1,1,network_error
TXN106204,1138.22,netbanking,65,168.2,0.069,4,266,0.074,0,0,insufficient_funds
TXN106205,896.95,wallet,96,416.6,0.113,1,232,0.322,1,0,bank_timeout
TXN106206,3945.87,netbanking,51,163.3,0.265,0,1200,0.461,4,1,insufficient_funds
TXN106207,350.13,debit_card,91,395.5,0.424,1,195,0.439,0,0,bank_timeout
TXN106208,704.6,upi,96,335.1,0.198,0,40,0.49,17,1,bank_timeout
TXN106209,2858.7,credit_card,96,590.8,0.313,0,161,0.248,9,1,network_error
TXN106210,650.58,netbanking,91,456.0,0.123,2,375,0.38,8,0,bank_timeout
TXN106211,1072.6,debit_card,96,558.4,0.211,0,451,0.678,16,0,network_error
TXN106212,1023.29,upi,61,202.6,0.129,3,28,0.086,15,0,insufficient_funds
TXN106213,2657.52,wallet,51,200.1,0.225,2,519,0.157,4,0,insufficient_funds
TXN106214,3223.68,credit_card,68,345.6,0.111,3,121,0.166,7,0,bank_timeout
TXN106215,3994.54,upi,59,185.5,0.739,0,712,0.772,12,0,fraud_false_positive
TXN106216,2373.95,credit_card,91,356.7,0.098,1,317,0.459,11,0,bank_timeout
TXN106217,2238.89,wallet,96,399.1,0.07,2,106,0.272,9,0,bank_timeout
TXN106218,1410.25,upi,5,493.5,0.176,1,372,0.728,1,0,network_error
TXN106219,2351.64,wallet,61,111.4,0.192,2,213,0.173,8,0,insufficient_funds
TXN106220,2140.66,upi,96,379.8,0.02,0,89,0.594,21,0,bank_timeout
TXN106221,295.85,credit_card,61,129.2,0.32,0,612,0.228,4,1,insufficient_funds
TXN106222,801.43,debit_card,51,131.0,0.06,2,978,0.111,19,0,insufficient_funds
TXN106223,285.89,debit_card,96,620.4,0.185,0,1466,0.799,11,1,network_error
TXN106224,6724.95,wallet,59,195.4,0.84,1,35,0.887,23,0,fraud_false_positive
TXN106225,781.06,credit_card,51,194.6,0.08,0,558,0.324,21,0,insufficient_funds
TXN106226,1885.12,credit_card,51,229.6,0.213,3,84,0.294,6,0,insufficient_funds
TXN106227,523.68,debit_card,96,395.2,0.518,1,12,0.498,23,1,network_error
TXN106228,2730.33,upi,61,172.6,0.093,0,179,0.272,6,0,insufficient_funds
TXN106229,1005.35,upi,61,123.4,0.402,1,307,0.395,21,0,insufficient_funds
TXN106230,640.41,debit_card,91,371.4,0.518,1,700,0.773,20,1,bank_timeout
TXN106231,4219.57,netbanking,59,127.3,0.761,0,667,0.712,10,0,fraud_false_positive
TXN106232,2327.13,netbanking,96,192.8,0.305,0,500,0.59,14,0,bank_timeout
TXN106233,734.42,debit_card,68,257.0,0.412,1,433,0.64,5,0,bank_timeout
TXN106234,1936.73,credit_card,91,461.4,0.273,0,697,0.524,10,0,bank_timeout
TXN106235,4151.82,credit_card,51,130.3,0.009,0,62,0.098,15,0,insufficient_funds
TXN106236,11872.15,credit_card,5,196.0,0.815,0,111,0.676,10,1,fraud_false_positive
TXN106237,12300.78,upi,65,178.6,0.408,2,332,0.523,13,1,insufficient_funds
TXN106238,1423.07,upi,96,454.8,0.418,1,1800,0.367,11,0,bank_timeout
TXN106239,2844.07,upi,51,218.3,0.32,3,447,0.305,13,0,insufficient_funds
TXN106240,901.79,debit_card,96,402.5,0.314,0,5,0.589,5,1,network_error
TXN106241,1443.67,upi,96,462.2,0.123,1,459,0.491,21,0,network_error
TXN106242,4976.47,upi,63,237.3,0.784,0,946,0.86,12,0,fraud_false_positive
TXN106243,4343.81,wallet,63,130.3,0.763,1,607,0.82,12,0,fraud_false_positive
TXN106244,2621.83,credit_card,51,177.4,0.299,0,845,0.421,15,0,insufficient_funds
TXN106245,1739.65,debit_card,21,515.8,0.217,0,435,0.452,10,0,network_error
TXN106246,1123.23,debit_card,21,521.8,0.575,0,427,0.412,4,0,network_error
TXN106247,1024.87,debit_card,21,287.0,0.102,0,1043,0.576,1,0,network_error
TXN106248,6389.78,upi,51,213.9,0.094,1,358,0.394,5,1,insufficient_funds
TXN106249,735.74,wallet,68,382.4,0.103,1,234,0.627,5,1,bank_timeout
TXN106250,3483.63,upi,51,138.4,0.125,2,634,0.16,19,0,insufficient_funds
TXN106251,1416.53,credit_card,5,394.0,0.087,0,36,0.257,4,0,network_error
TXN106252,1950.52,credit_card,65,197.3,0.201,2,218,0.048,10,0,insufficient_funds
TXN106253,2604.6,credit_card,51,145.5,0.391,0,406,0.201,8,0,insufficient_funds
TXN106254,2690.74,credit_card,51,261.5,0.012,2,55,0.352,6,1,insufficient_funds
TXN106255,5499.99,netbanking,51,186.6,0.096,1,64,0.315,11,0,insufficient_funds
TXN106256,7578.19,credit_card,59,318.0,0.737,0,1708,0.818,23,0,fraud_false_positive
TXN106257,3139.83,upi,59,206.7,0.845,0,2785,0.651,14,1,fraud_false_positive
TXN106258,3164.31,wallet,96,333.1,0.22,2,590,0.699,18,0,network_error
TXN106259,1445.67,debit_card,91,617.5,0.322,0,553,0.767,22,0,bank_timeout
TXN106260,6165.7,debit_card,59,147.2,0.699,0,350,0.781,14,0,fraud_false_positive
TXN106261,691.94,credit_card,61,173.1,0.442,3,694,0.102,10,0,insufficient_funds
TXN106262,2466.18,debit_card,51,106.2,0.151,0,79,0.128,2,0,insufficient_funds
TXN106263,699.81,wallet,61,131.8,0.482,3,1259,0.138,17,1,insufficient_funds
TXN106264,1116.25,debit_card,21,483.3,0.062,0,276,0.694,23,0,network_error
TXN106265,10617.18,debit_card,59,188.2,0.662,0,2564,0.754,20,1,fraud_false_positive
TXN106266,379.68,upi,21,512.0,0.153,0,251,0.337,20,0,network_error
TXN106267,3026.38,upi,51,154.4,0.08,1,286,0.549,3,1,insufficient_funds
TXN106268,5924.69,upi,51,186.4,0.15,1,359,0.225,11,0,insufficient_funds
TXN106269,2615.73,credit_card,61,146.7,0.156,4,335,0.185,7,1,insufficient_funds
TXN106270,809.7,netbanking,51,154.1,0.093,2,921,0.417,15,0,insufficient_funds
TXN106271,3708.32,netbanking,61,194.8,0.089,2,207,0.091,4,0,insufficient_funds
TXN106272,3015.56,debit_card,96,364.8,0.374,1,659,0.384,11,0,bank_timeout
TXN106273,4442.37,credit_card,51,134.8,0.475,2,336,0.109,21,1,insufficient_funds
TXN106274,1496.48,debit_card,21,522.1,0.343,0,94,0.838,1,0,network_error
TXN106275,4034.53,credit_card,59,124.0,0.853,2,2714,0.656,9,0,fraud_false_positive
TXN106276,3425.04,debit_card,51,215.7,0.141,0,10,0.401,17,0,insufficient_funds
TXN106277,1839.77,credit_card,96,419.5,0.217,0,167,0.159,2,0,network_error
TXN106278,1953.56,credit_card,51,168.3,0.124,3,330,0.583,5,0,insufficient_funds
TXN106279,3452.24,credit_card,63,288.2,0.634,0,268,0.663,20,0,fraud_false_positive
TXN106280,2138.46,credit_card,91,343.8,0.112,0,750,0.402,23,0,bank_timeout
TXN106281,12180.14,debit_card,5,203.7,0.83,1,2310,0.76,19,1,fraud_false_positive
TXN106282,2905.08,credit_card,51,141.8,0.244,0,499,0.18,4,1,insufficient_funds
TXN106283,1494.75,upi,96,467.4,0.392,1,229,0.493,15,1,bank_timeout
TXN106284,3746.67,credit_card,51,195.2,0.123,0,704,0.226,4,1,insufficient_funds
TXN106285,2441.71,upi,91,211.2,0.357,0,659,0.46,16,0,bank_timeout
TXN106286,5118.31,debit_card,63,201.6,0.6,0,1536,0.642,20,0,fraud_false_positive
TXN106287,2472.98,credit_card,65,198.5,0.523,2,92,0.137,17,0,insufficient_funds
TXN106288,2495.87,credit_card,51,232.1,0.278,1,17,0.366,21,0,insufficient_funds
TXN106289,977.42,credit_card,5,280.6,0.206,0,846,0.373,17,1,network_error
TXN106290,906.06,debit_card,65,149.0,0.366,1,340,0.323,5,0,insufficient_funds
TXN106291,8178.12,credit_card,63,244.4,0.832,1,5956,0.507,4,1,fraud_false_positive
TXN106292,1437.93,upi,59,199.6,0.981,0,1079,0.534,17,1,fraud_false_positive
TXN106293,1044.24,credit_card,5,247.1,0.821,0,1068,0.809,19,0,fraud_false_positive
TXN106294,1179.0,upi,96,399.6,0.451,0,488,0.627,1,0,network_error
TXN106295,5615.7,upi,51,177.3,0.108,0,136,0.156,3,0,insufficient_funds
TXN106296,1239.05,netbanking,91,275.0,0.078,1,82,0.128,19,0,bank_timeout
TXN106297,2552.56,debit_card,96,503.9,0.333,1,40,0.703,23,0,network_error
TXN106298,7527.43,debit_card,51,140.7,0.054,0,505,0.478,11,0,insufficient_funds
TXN106299,972.86,credit_card,61,72.5,0.15,3,145,0.187,18,1,insufficient_funds
TXN106300,2001.47,debit_card,51,113.7,0.133,3,120,0.62,20,0,insufficient_funds
TXN106301,11993.86,upi,51,268.9,0.028,0,1615,0.279,9,0,insufficient_funds
TXN106302,2195.63,upi,68,286.5,0.144,1,217,0.391,14,0,bank_timeout
TXN106303,4609.01,wallet,51,109.3,0.23,3,203,0.103,1,0,insufficient_funds
TXN106304,3229.85,wallet,59,173.5,0.821,0,277,0.563,11,1,fraud_false_positive
TXN106305,3287.15,credit_card,51,170.8,0.379,3,238,0.433,4,0,insufficient_funds
TXN106306,309.45,credit_card,5,480.9,0.138,0,859,0.65,17,0,network_error
TXN106307,260.48,upi,91,370.3,0.02,2,130,0.356,17,0,bank_timeout
TXN106308,4828.66,credit_card,51,182.8,0.224,1,148,0.082,3,0,insufficient_funds
TXN106309,4313.77,debit_card,96,440.6,0.162,1,190,0.703,6,1,network_error
TXN106310,1029.57,debit_card,51,200.5,0.279,2,708,0.147,4,1,insufficient_funds
TXN106311,962.36,credit_card,21,577.9,0.148,0,145,0.46,5,0,network_error
TXN106312,2766.38,debit_card,5,630.8,0.444,1,295,0.541,9,0,network_error
TXN106313,3089.17,netbanking,51,239.8,0.202,0,32,0.253,8,0,insufficient_funds
TXN106314,3822.7,debit_card,51,161.5,0.349,1,762,0.132,19,0,insufficient_funds
TXN106315,6669.16,credit_card,63,248.7,0.563,0,1926,0.436,15,0,fraud_false_positive
TXN106316,11503.97,upi,61,153.7,0.286,1,104,0.147,2,0,insufficient_funds
TXN106317,658.07,netbanking,96,735.7,0.102,0,139,0.621,10,0,network_error
TXN106318,2589.69,upi,5,167.7,0.766,1,402,0.7,3,1,fraud_false_positive
TXN106319,2352.01,credit_card,61,186.3,0.04,3,856,0.137,17,0,insufficient_funds
TXN106320,965.69,credit_card,21,455.7,0.331,1,429,0.578,11,1,network_error
TXN106321,2648.52,netbanking,91,320.4,0.09,0,236,0.389,17,0,bank_timeout
TXN106322,1224.53,wallet,59,214.4,0.403,0,342,0.645,19,1,fraud_false_positive
TXN106323,3624.12,credit_card,96,449.6,0.125,3,32,0.375,20,0,bank_timeout
TXN106324,1188.48,debit_card,51,170.9,0.092,1,170,0.011,20,1,insufficient_funds
TXN106325,2872.0,credit_card,96,457.1,0.294,0,223,0.777,10,1,bank_timeout
TXN106326,5076.02,credit_card,96,190.2,0.155,0,147,0.301,7,1,bank_timeout
TXN106327,3794.92,credit_card,51,188.9,0.124,2,141,0.224,22,0,insufficient_funds
TXN106328,1872.29,debit_card,5,389.5,0.289,1,1020,0.238,6,0,network_error
TXN106329,2388.01,debit_card,5,199.5,0.884,0,3,0.795,0,0,fraud_false_positive
TXN106330,3146.05,debit_card,51,199.3,0.2,2,34,0.145,5,1,insufficient_funds
TXN106331,691.57,debit_card,96,617.4,0.422,0,236,0.826,22,1,network_error
TXN106332,4716.5,upi,51,165.4,0.284,2,707,0.079,9,1,insufficient_funds
TXN106333,4223.96,wallet,51,101.7,0.205,0,387,0.364,16,0,insufficient_funds
TXN106334,854.72,credit_card,61,180.4,0.175,1,132,0.252,14,0,insufficient_funds
TXN106335,714.98,upi,91,536.2,0.108,1,155,0.222,14,1,bank_timeout
TXN106336,1883.0,debit_card,21,440.3,0.085,0,317,0.432,13,0,network_error
TXN106337,2255.8,wallet,51,184.1,0.105,1,737,0.194,4,0,insufficient_funds
TXN106338,13197.1,credit_card,51,233.0,0.185,0,710,0.342,17,0,insufficient_funds
TXN106339,8914.67,credit_card,59,216.1,0.531,0,15,0.465,16,0,fraud_false_positive
TXN106340,650.69,netbanking,96,426.5,0.118,0,267,0.838,4,0,bank_timeout
TXN106341,4917.78,upi,51,266.1,0.286,3,308,0.16,17,0,insufficient_funds
TXN106342,1217.8,upi,21,517.8,0.221,1,110,0.895,5,0,network_error
TXN106343,3737.75,debit_card,51,221.5,0.2,2,39,0.11,23,1,insufficient_funds
TXN106344,2249.32,wallet,96,542.0,0.054,0,101,0.438,5,1,network_error
TXN106345,2199.82,debit_card,5,175.2,0.645,0,428,0.781,20,1,fraud_false_positive
TXN106346,5930.05,credit_card,96,304.6,0.055,0,299,0.933,19,0,bank_timeout
TXN106347,2198.3,debit_card,96,435.4,0.036,0,106,0.306,4,0,bank_timeout
TXN106348,4143.69,netbanking,51,193.2,0.443,3,858,0.101,8,0,insufficient_funds
TXN106349,3549.1,netbanking,96,615.7,0.288,0,38,0.393,1,0,network_error
TXN106350,1019.63,netbanking,68,266.0,0.268,0,2727,0.435,14,1,bank_timeout
TXN106351,804.09,credit_card,61,198.1,0.475,3,197,0.231,11,1,insufficient_funds
TXN106352,6196.26,debit_card,61,219.2,0.177,2,452,0.166,21,0,insufficient_funds
TXN106353,5344.53,credit_card,51,178.4,0.058,0,80,0.163,14,1,insufficient_funds
TXN106354,654.98,credit_card,51,178.3,0.214,0,422,0.201,22,0,insufficient_funds
TXN106355,923.47,wallet,91,363.7,0.266,0,2939,0.395,23,0,bank_timeout
TXN106356,3051.07,netbanking,5,569.1,0.311,0,656,0.834,20,1,network_error
TXN106357,2221.66,credit_card,91,487.6,0.238,1,652,0.112,6,0,bank_timeout
TXN106358,244.78,debit_card,96,400.6,0.122,0,840,0.28,7,0,bank_timeout
TXN106359,3546.98,credit_card,51,198.8,0.353,1,147,0.294,21,0,insufficient_funds
TXN106360,2521.77,debit_card,51,153.3,0.14,3,767,0.171,23,1,insufficient_funds
TXN106361,1417.92,netbanking,96,310.8,0.141,1,420,0.421,22,1,bank_timeout
TXN106362,2239.9,credit_card,51,214.5,0.132,1,9,0.243,3,0,insufficient_funds
TXN106363,8874.38,credit_card,59,275.5,0.441,1,162,0.83,7,1,fraud_false_positive
TXN106364,3328.78,debit_card,63,199.7,0.789,0,245,0.568,6,0,fraud_false_positive
TXN106365,1875.73,upi,5,572.4,0.604,0,512,0.426,1,0,network_error
TXN106366,5486.68,debit_card,51,226.5,0.129,0,837,0.111,14,1,insufficient_funds
TXN106367,586.53,debit_card,51,154.1,0.109,0,224,0.218,17,0,insufficient_funds
TXN106368,1042.57,netbanking,91,213.1,0.158,0,370,0.57,11,0,bank_timeout
TXN106369,3045.01,debit_card,91,423.5,0.373,2,148,0.426,12,0,bank_timeout
TXN106370,4242.06,credit_card,63,126.0,0.602,1,449,0.807,3,0,fraud_false_positive
TXN106371,1926.58,wallet,21,472.4,0.272,0,166,0.602,2,0,network_error
TXN106372,7373.42,debit_card,61,212.3,0.032,2,730,0.229,6,0,insufficient_funds
TXN106373,12762.87,credit_card,51,154.6,0.027,1,265,0.551,0,0,insufficient_funds
TXN106374,1537.81,wallet,51,183.0,0.079,3,354,0.042,8,0,insufficient_funds
TXN106375,769.24,debit_card,91,294.5,0.224,2,931,0.537,18,1,bank_timeout
TXN106376,1035.9,debit_card,96,286.2,0.087,2,390,0.833,0,0,bank_timeout
TXN106377,1986.19,debit_card,51,189.9,0.403,0,76,0.237,17,0,insufficient_funds
TXN106378,15678.69,upi,59,202.3,0.628,0,1939,0.528,12,1,fraud_false_positive
TXN106379,3369.11,netbanking,51,108.1,0.075,0,1373,0.261,20,1,insufficient_funds
TXN106380,5369.3,credit_card,65,220.7,0.291,1,747,0.579,2,0,insufficient_funds
TXN106381,1132.23,upi,96,321.5,0.236,0,1049,0.721,4,0,network_error
TXN106382,518.79,debit_card,21,334.0,0.125,1,64,0.815,8,0,network_error
TXN106383,7662.63,debit_card,59,202.8,0.958,0,333,0.337,14,0,fraud_false_positive
TXN106384,4286.18,netbanking,61,259.7,0.046,0,230,0.31,3,0,insufficient_funds
TXN106385,8133.02,upi,63,148.3,0.653,0,209,0.549,15,0,fraud_false_positive
TXN106386,2057.18,credit_card,91,553.7,0.359,0,992,0.639,7,0,bank_timeout
TXN106387,2169.22,credit_card,91,152.5,0.086,0,1956,0.59,5,0,bank_timeout
TXN106388,4603.2,credit_card,59,180.0,0.792,0,188,0.431,7,1,fraud_false_positive
TXN106389,11684.26,credit_card,65,240.3,0.431,1,261,0.026,16,0,insufficient_funds
TXN106390,1863.37,upi,91,335.8,0.342,0,407,0.805,15,0,bank_timeout
TXN106391,876.11,credit_card,96,539.4,0.071,0,365,0.246,17,1,network_error
TXN106392,1086.81,wallet,21,477.3,0.27,0,306,0.488,17,0,network_error
TXN106393,1586.68,debit_card,51,209.1,0.372,0,58,0.312,0,0,insufficient_funds
TXN106394,4455.14,credit_card,21,609.8,0.149,1,238,0.549,2,0,network_error
TXN106395,1112.69,upi,59,238.0,0.811,1,1069,0.71,10,0,fraud_false_positive
TXN106396,14341.4,debit_card,51,181.8,0.246,0,531,0.215,0,0,insufficient_funds
TXN106397,1340.75,credit_card,96,609.9,0.053,1,680,0.809,19,0,network_error
TXN106398,3703.46,credit_card,5,168.8,0.818,0,51,0.799,18,0,fraud_false_positive
TXN106399,1655.43,credit_card,21,690.5,0.595,1,36,0.512,17,0,network_error
TXN106400,1304.74,credit_card,96,307.3,0.046,3,313,0.349,7,1,bank_timeout
TXN106401,11031.61,debit_card,59,208.5,0.868,0,189,0.617,5,0,fraud_false_positive
TXN106402,1850.24,upi,65,167.4,0.176,3,52,0.373,10,1,insufficient_funds
TXN106403,2775.0,debit_card,91,410.4,0.216,0,149,0.48,14,1,bank_timeout
TXN106404,4650.89,debit_card,96,443.3,0.223,1,481,0.844,2,0,network_error
TXN106405,1929.1,credit_card,68,233.7,0.204,1,1641,0.347,23,0,bank_timeout
TXN106406,4269.22,debit_card,5,411.6,0.084,1,862,0.847,20,0,network_error
TXN106407,973.92,credit_card,21,541.2,0.232,2,509,0.731,8,0,network_error
TXN106408,707.61,credit_card,51,181.9,0.295,0,1516,0.296,22,0,insufficient_funds
TXN106409,5875.75,wallet,51,124.1,0.498,2,70,0.192,11,0,insufficient_funds
TXN106410,2050.78,debit_card,21,488.9,0.126,0,811,0.223,1,0,network_error
TXN106411,1033.08,debit_card,91,429.1,0.035,2,615,0.329,20,1,bank_timeout
TXN106412,904.36,upi,68,388.5,0.252,3,111,0.389,23,0,bank_timeout
TXN106413,2450.44,debit_card,51,161.0,0.382,1,57,0.215,9,0,insufficient_funds
TXN106414,6502.3,credit_card,51,212.9,0.267,1,87,0.247,12,1,insufficient_funds
TXN106415,1055.21,upi,51,193.7,0.204,0,1097,0.428,19,1,insufficient_funds
TXN106416,5794.54,debit_card,5,414.0,0.157,0,333,0.503,18,0,network_error
TXN106417,175.76,debit_card,96,378.6,0.035,1,194,0.548,16,0,bank_timeout
TXN106418,5346.1,credit_card,91,486.3,0.249,0,57,0.818,18,0,bank_timeout
TXN106419,5855.67,credit_card,96,311.9,0.041,0,1019,0.511,0,1,bank_timeout
TXN106420,926.94,upi,96,210.2,0.288,0,855,0.717,6,0,bank_timeout
TXN106421,803.6,credit_card,59,206.3,0.758,0,26,0.833,14,0,fraud_false_positive
TXN106422,3977.27,credit_card,51,102.4,0.36,1,346,0.093,5,0,insufficient_funds
TXN106423,6279.35,debit_card,51,198.4,0.117,0,289,0.306,11,0,insufficient_funds
TXN106424,3865.12,debit_card,51,193.3,0.121,1,301,0.321,0,0,insufficient_funds
TXN106425,59.3,upi,96,532.8,0.025,0,1629,0.589,7,1,network_error
TXN106426,1704.35,credit_card,96,325.6,0.113,0,580,0.855,23,0,bank_timeout
TXN106427,3010.41,credit_card,51,97.5,0.081,1,1189,0.183,14,0,insufficient_funds
TXN106428,1974.85,debit_card,51,258.2,0.02,0,288,0.483,8,0,insufficient_funds
TXN106429,1663.03,credit_card,96,340.5,0.239,0,66,0.66,20,0,bank_timeout
TXN106430,2116.77,debit_card,51,238.2,0.006,3,405,0.17,15,0,insufficient_funds
TXN106431,903.16,netbanking,96,543.4,0.136,0,69,0.623,7,0,network_error
TXN106432,1704.23,wallet,59,156.5,0.356,1,203,0.779,18,1,fraud_false_positive
TXN106433,659.44,netbanking,91,436.9,0.125,1,445,0.349,3,1,bank_timeout
TXN106434,2256.08,credit_card,51,66.7,0.067,4,363,0.3,2,1,insufficient_funds
TXN106435,642.97,credit_card,61,167.4,0.179,2,399,0.05,18,0,insufficient_funds
TXN106436,1835.18,netbanking,51,246.4,0.07,1,264,0.363,4,1,insufficient_funds
TXN106437,9057.01,credit_card,59,302.5,0.949,0,3148,0.697,22,0,fraud_false_positive
TXN106438,1083.51,debit_card,91,270.8,0.066,0,238,0.594,2,0,bank_timeout
TXN106439,1915.76,debit_card,51,186.1,0.143,1,20,0.166,8,0,insufficient_funds
TXN106440,1715.09,debit_card,61,206.3,0.02,1,303,0.402,6,0,insufficient_funds
TXN106441,9100.2,upi,51,206.6,0.203,1,114,0.406,12,1,insufficient_funds
TXN106442,2953.93,credit_card,91,208.1,0.24,0,383,0.331,22,1,bank_timeout
TXN106443,1674.19,debit_card,21,195.0,0.15,0,229,0.613,21,1,network_error
TXN106444,421.48,debit_card,68,373.9,0.043,0,1969,0.565,12,1,bank_timeout
TXN106445,1559.13,debit_card,91,370.7,0.295,0,285,0.399,18,1,bank_timeout
TXN106446,4431.88,credit_card,96,466.6,0.365,1,735,0.559,4,0,bank_timeout
TXN106447,383.5,debit_card,5,665.3,0.329,0,105,0.231,4,0,network_error
TXN106448,660.11,netbanking,51,220.8,0.335,3,915,0.149,12,0,insufficient_funds
TXN106449,1712.33,credit_card,61,177.7,0.262,0,116,0.184,22,0,insufficient_funds
TXN106450,2186.65,upi,51,276.0,0.027,1,75,0.211,0,0,insufficient_funds
TXN106451,1088.78,debit_card,68,437.4,0.07,2,253,0.612,17,0,bank_timeout
TXN106452,1648.68,debit_card,91,255.5,0.251,1,522,0.616,17,0,bank_timeout
TXN106453,1567.62,debit_card,96,394.2,0.031,0,886,0.433,8,0,network_error
TXN106454,7296.66,debit_card,63,193.9,0.664,1,113,0.598,12,1,fraud_false_positive
TXN106455,1775.23,upi,21,474.4,0.25,1,522,0.408,6,0,network_error
TXN106456,5466.66,upi,51,167.6,0.199,2,80,0.168,6,1,insufficient_funds
TXN106457,2241.12,credit_card,59,253.3,0.614,0,436,0.9,5,0,fraud_false_positive
TXN106458,2061.4,debit_card,21,388.6,0.297,0,245,0.503,7,0,network_error
TXN106459,5982.72,debit_card,51,129.8,0.088,1,75,0.176,13,0,insufficient_funds
TXN106460,1497.77,credit_card,61,185.3,0.032,3,973,0.279,0,0,insufficient_funds
TXN106461,990.92,debit_card,51,138.9,0.382,2,120,0.127,10,1,insufficient_funds
TXN106462,887.68,credit_card,96,450.4,0.33,0,104,0.328,9,1,network_error
TXN106463,2826.29,wallet,96,506.4,0.161,0,1127,0.401,11,0,bank_timeout
TXN106464,2772.12,credit_card,96,472.3,0.061,2,104,0.358,20,0,network_error
TXN106465,3439.76,debit_card,51,132.3,0.239,0,101,0.113,5,0,insufficient_funds
TXN106466,608.38,upi,5,533.5,0.157,1,1313,0.491,11,1,network_error
TXN106467,1077.81,debit_card,96,630.6,0.042,2,72,0.499,6,1,network_error
TXN106468,539.28,debit_card,68,254.2,0.665,0,173,0.835,19,0,bank_timeout
TXN106469,985.04,wallet,51,188.6,0.234,1,498,0.351,5,0,insufficient_funds
TXN106470,11699.32,upi,51,146.3,0.183,0,2293,0.058,13,1,insufficient_funds
TXN106471,2026.9,upi,96,427.3,0.233,1,1813,0.619,3,0,network_error
TXN106472,4742.11,upi,51,157.3,0.196,2,6,0.092,20,0,insufficient_funds
TXN106473,4552.3,credit_card,91,404.5,0.358,1,218,0.532,23,0,bank_timeout
TXN106474,4862.78,debit_card,63,166.3,0.35,1,1351,0.596,11,0,fraud_false_positive
TXN106475,471.96,netbanking,51,128.5,0.048,1,183,0.46,21,1,insufficient_funds
TXN106476,446.23,debit_card,91,420.4,0.088,2,326,0.342,11,0,bank_timeout
TXN106477,538.55,credit_card,21,239.6,0.429,0,309,0.604,19,0,network_error
TXN106478,817.69,wallet,91,264.6,0.165,0,279,0.459,11,0,bank_timeout
TXN106479,1287.81,credit_card,61,202.6,0.014,1,129,0.397,6,0,insufficient_funds
TXN106480,1469.52,upi,96,344.7,0.165,2,299,0.554,7,1,network_error
TXN106481,2698.29,netbanking,21,580.5,0.043,0,39,0.59,13,1,network_error
TXN106482,2246.54,credit_card,91,420.6,0.095,0,1743,0.48,6,1,bank_timeout
TXN106483,5038.52,wallet,96,419.7,0.174,0,375,0.415,20,1,bank_timeout
TXN106484,2644.25,credit_card,51,158.0,0.049,2,181,0.136,10,0,insufficient_funds
TXN106485,2334.76,debit_card,59,167.7,0.418,1,353,0.475,7,0,fraud_false_positive
TXN106486,3406.86,credit_card,91,459.0,0.316,0,439,0.677,15,1,bank_timeout
TXN106487,9768.99,debit_card,59,209.8,0.649,0,410,0.572,21,0,fraud_false_positive
TXN106488,3010.35,debit_card,51,158.6,0.193,0,320,0.432,6,0,insufficient_funds
TXN106489,1912.51,credit_card,5,769.6,0.112,0,466,0.421,0,1,network_error
TXN106490,1833.17,credit_card,91,308.3,0.236,2,168,0.495,13,1,bank_timeout
TXN106491,3024.72,upi,96,331.2,0.038,0,371,0.607,3,0,network_error
TXN106492,4552.52,credit_card,51,216.9,0.102,3,259,0.165,1,0,insufficient_funds
TXN106493,1258.41,credit_card,21,538.7,0.086,0,666,0.39,13,0,network_error
TXN106494,1944.57,credit_card,96,375.6,0.035,0,81,0.733,12,1,network_error
TXN106495,710.27,upi,96,632.9,0.073,0,27,0.381,19,0,network_error
TXN106496,2050.95,debit_card,51,155.5,0.065,1,81,0.583,6,0,insufficient_funds
TXN106497,2979.74,upi,21,427.6,0.259,0,43,0.37,4,1,network_error
TXN106498,7402.13,wallet,51,203.0,0.321,1,446,0.2,6,0,insufficient_funds
TXN106499,653.73,debit_card,51,231.5,0.127,1,791,0.685,16,0,insufficient_funds
TXN106500,2122.44,upi,59,202.8,0.885,0,2058,0.937,1,0,fraud_false_positive
TXN106501,3342.59,upi,59,169.4,0.644,1,124,0.744,7,0,fraud_false_positive
TXN106502,1251.61,credit_card,51,228.9,0.072,0,327,0.12,13,0,insufficient_funds
TXN106503,5863.03,wallet,51,58.2,0.101,1,25,0.264,2,0,insufficient_funds
TXN106504,7686.37,credit_card,59,135.6,0.917,0,206,0.37,13,0,fraud_false_positive
TXN106505,1889.22,credit_card,21,728.1,0.309,2,517,0.651,2,0,network_error
TXN106506,3149.73,debit_card,51,223.5,0.323,0,83,0.464,22,0,insufficient_funds
TXN106507,1582.44,netbanking,51,151.7,0.517,5,70,0.247,8,0,insufficient_funds
TXN106508,2641.02,upi,59,187.6,0.655,0,1306,0.872,9,0,fraud_false_positive
TXN106509,791.62,upi,91,348.2,0.285,2,313,0.17,6,0,bank_timeout
TXN106510,371.92,netbanking,61,115.1,0.189,0,302,0.218,19,1,insufficient_funds
TXN106511,2159.24,credit_card,51,126.5,0.047,1,322,0.185,1,1,insufficient_funds
TXN106512,3928.76,debit_card,59,206.6,0.701,0,447,0.516,10,0,fraud_false_positive
TXN106513,745.65,credit_card,5,417.4,0.393,0,726,0.2,17,1,network_error
TXN106514,2322.89,debit_card,65,136.9,0.288,1,708,0.345,12,0,insufficient_funds
TXN106515,1665.96,wallet,61,224.6,0.205,2,468,0.088,3,0,insufficient_funds
TXN106516,4639.4,upi,61,181.7,0.245,4,218,0.449,9,0,insufficient_funds
TXN106517,2118.74,debit_card,51,224.9,0.138,2,1299,0.245,7,0,insufficient_funds
TXN106518,3923.48,upi,59,198.3,0.845,0,474,0.414,23,0,fraud_false_positive
TXN106519,2696.34,debit_card,96,312.7,0.445,0,459,0.626,22,0,bank_timeout
TXN106520,5535.37,upi,51,187.4,0.057,1,98,0.175,8,0,insufficient_funds
TXN106521,349.42,netbanking,91,346.3,0.358,0,35,0.336,8,0,bank_timeout
TXN106522,2848.83,wallet,91,344.7,0.121,1,178,0.583,17,1,bank_timeout
TXN106523,1320.42,wallet,51,177.1,0.092,1,126,0.377,11,0,insufficient_funds
TXN106524,5117.11,netbanking,51,142.4,0.174,0,654,0.254,7,0,insufficient_funds
TXN106525,3965.72,netbanking,59,212.0,0.836,0,743,0.804,18,0,fraud_false_positive
TXN106526,2958.02,credit_card,68,392.2,0.204,1,955,0.563,14,1,bank_timeout
TXN106527,769.09,debit_card,96,525.9,0.165,0,44,0.562,5,0,network_error
TXN106528,4923.27,upi,65,144.3,0.414,2,1,0.372,18,0,insufficient_funds
TXN106529,7371.59,credit_card,61,142.5,0.101,0,228,0.254,4,0,insufficient_funds
TXN106530,5755.61,credit_card,51,195.5,0.157,2,283,0.239,11,1,insufficient_funds
TXN106531,944.5,credit_card,51,136.0,0.336,1,39,0.15,15,1,insufficient_funds
TXN106532,3058.02,upi,51,190.4,0.161,1,77,0.479,6,0,insufficient_funds
TXN106533,2633.58,debit_card,63,141.8,0.601,0,17,0.535,9,0,fraud_false_positive
TXN106534,147.2,debit_card,96,363.2,0.097,0,362,0.491,3,0,network_error
TXN106535,273.1,debit_card,96,476.5,0.315,0,62,0.12,19,1,bank_timeout
TXN106536,5819.26,netbanking,51,104.4,0.148,2,8,0.09,16,1,insufficient_funds
TXN106537,4159.25,credit_card,51,277.7,0.045,1,656,0.105,7,0,insufficient_funds
TXN106538,2364.59,netbanking,91,396.2,0.324,0,976,0.388,8,1,bank_timeout
TXN106539,3472.63,netbanking,96,264.3,0.139,2,46,0.593,11,0,network_error
TXN106540,7053.75,credit_card,51,221.7,0.288,3,213,0.091,20,0,insufficient_funds
TXN106541,2132.56,credit_card,91,439.7,0.141,1,674,0.703,4,1,bank_timeout
TXN106542,8635.85,debit_card,51,184.6,0.218,0,7,0.037,13,0,insufficient_funds
TXN106543,2066.09,debit_card,51,177.7,0.253,2,553,0.363,20,0,insufficient_funds
TXN106544,1138.87,upi,51,188.5,0.033,0,263,0.281,20,0,insufficient_funds
TXN106545,969.33,upi,51,236.5,0.053,2,213,0.331,20,0,insufficient_funds
TXN106546,5530.6,debit_card,59,140.9,0.636,0,1715,0.592,18,1,fraud_false_positive
TXN106547,4426.96,debit_card,91,466.5,0.106,3,1691,0.846,16,0,bank_timeout
TXN106548,4058.29,debit_card,65,140.4,0.233,2,879,0.249,5,1,insufficient_funds
TXN106549,1979.67,credit_card,51,280.7,0.31,2,183,0.209,10,0,insufficient_funds
TXN106550,4820.55,debit_card,63,148.3,0.845,0,688,0.799,18,0,fraud_false_positive
TXN106551,1174.18,credit_card,59,251.4,0.546,0,5,0.807,23,1,fraud_false_positive
TXN106552,493.06,debit_card,51,197.4,0.082,2,22,0.246,17,0,insufficient_funds
TXN106553,5770.36,credit_card,5,144.0,0.595,0,256,0.69,1,0,fraud_false_positive
TXN106554,861.12,credit_card,91,339.9,0.101,0,664,0.581,11,1,bank_timeout
TXN106555,969.14,debit_card,51,227.0,0.384,1,196,0.498,22,0,insufficient_funds
TXN106556,3500.03,upi,51,201.8,0.059,1,228,0.054,12,1,insufficient_funds
TXN106557,2633.98,debit_card,61,139.0,0.227,2,301,0.282,17,0,insufficient_funds
TXN106558,3659.79,netbanking,61,222.4,0.108,2,798,0.121,6,1,insufficient_funds
TXN106559,730.1,debit_card,63,283.1,0.687,1,26,0.914,13,1,fraud_false_positive
TXN106560,1621.15,debit_card,51,196.5,0.145,0,185,0.131,17,0,insufficient_funds
TXN106561,2088.0,netbanking,5,572.0,0.303,0,72,0.341,13,1,network_error
TXN106562,1495.18,debit_card,51,138.2,0.201,4,799,0.233,20,0,insufficient_funds
TXN106563,3280.64,credit_card,5,635.5,0.256,0,665,0.382,10,1,network_error
TXN106564,158.96,upi,51,251.3,0.494,4,473,0.224,8,0,insufficient_funds
TXN106565,4081.78,credit_card,65,179.2,0.316,1,582,0.168,16,1,insufficient_funds
TXN106566,4191.73,credit_card,59,97.7,0.871,0,300,0.529,3,0,fraud_false_positive
TXN106567,2430.5,debit_card,5,505.9,0.104,0,1279,0.657,9,0,network_error
TXN106568,4884.98,credit_card,51,117.0,0.039,0,69,0.185,2,0,insufficient_funds
TXN106569,2057.22,credit_card,59,216.4,0.871,2,2225,0.578,22,1,fraud_false_positive
TXN106570,1187.61,credit_card,21,707.5,0.116,1,304,0.77,21,1,network_error
TXN106571,1462.2,netbanking,51,176.4,0.174,0,232,0.714,17,0,insufficient_funds
TXN106572,2932.28,credit_card,5,158.1,0.608,1,158,0.448,15,0,fraud_false_positive
TXN106573,3107.8,credit_card,91,374.6,0.209,0,413,0.447,22,0,bank_timeout
TXN106574,149.39,wallet,21,586.0,0.104,2,15,0.576,6,0,network_error
TXN106575,748.92,netbanking,61,255.2,0.042,0,51,0.297,8,0,insufficient_funds
TXN106576,2996.73,netbanking,51,219.1,0.126,0,1072,0.373,18,1,insufficient_funds
TXN106577,4017.28,credit_card,51,186.6,0.238,1,904,0.345,10,0,insufficient_funds
TXN106578,1722.61,wallet,51,136.6,0.326,1,164,0.28,13,0,insufficient_funds
TXN106579,1217.38,debit_card,91,305.9,0.166,1,226,0.901,10,1,bank_timeout
TXN106580,6864.81,debit_card,59,183.9,0.511,1,225,0.607,7,0,fraud_false_positive
TXN106581,5146.05,credit_card,51,151.7,0.327,0,396,0.317,9,0,insufficient_funds
TXN106582,1197.78,netbanking,59,163.6,0.742,1,1292,0.768,22,0,fraud_false_positive
TXN106583,948.05,upi,51,221.0,0.021,2,69,0.288,6,1,insufficient_funds
TXN106584,2440.56,debit_card,51,178.7,0.385,0,192,0.66,11,1,insufficient_funds
TXN106585,2570.27,debit_card,51,179.0,0.202,1,1264,0.211,19,0,insufficient_funds
TXN106586,2671.38,netbanking,5,499.3,0.125,0,228,0.288,7,0,network_error
TXN106587,526.74,wallet,96,588.7,0.174,0,1299,0.52,12,1,network_error
TXN106588,1941.76,debit_card,21,388.0,0.263,0,361,0.217,13,1,network_error
TXN106589,611.35,netbanking,51,231.1,0.279,0,780,0.209,2,1,insufficient_funds
TXN106590,1843.35,debit_card,96,237.8,0.126,0,1926,0.463,3,0,bank_timeout
TXN106591,964.18,credit_card,61,187.2,0.112,0,291,0.339,6,0,insufficient_funds
TXN106592,1656.01,credit_card,91,520.2,0.311,0,400,0.465,10,1,bank_timeout
TXN106593,4528.84,netbanking,51,241.5,0.41,0,190,0.682,8,0,insufficient_funds
TXN106594,4373.19,debit_card,59,189.2,0.632,0,2581,0.644,4,0,fraud_false_positive
TXN106595,1842.15,debit_card,96,401.9,0.232,1,178,0.305,4,1,network_error
TXN106596,16330.95,upi,59,186.8,0.926,1,370,0.479,12,0,fraud_false_positive
TXN106597,9266.11,netbanking,59,315.5,0.856,1,677,0.41,15,0,fraud_false_positive
TXN106598,3520.77,credit_card,61,123.1,0.122,3,271,0.264,20,0,insufficient_funds
TXN106599,3487.01,debit_card,51,154.4,0.21,1,904,0.18,1,0,insufficient_funds
TXN106600,2124.7,netbanking,96,520.9,0.137,2,154,0.247,18,1,network_error
TXN106601,913.15,credit_card,59,209.6,0.894,0,3519,0.58,23,0,fraud_false_positive
TXN106602,6189.69,debit_card,51,256.4,0.329,0,706,0.235,6,0,insufficient_funds
TXN106603,2200.23,credit_card,59,258.1,0.529,0,49,0.803,13,0,fraud_false_positive
TXN106604,6104.51,debit_card,51,235.0,0.049,1,1311,0.249,1,0,insufficient_funds
TXN106605,3635.39,credit_card,96,276.2,0.302,1,483,0.826,6,0,bank_timeout
TXN106606,1604.75,upi,51,220.1,0.179,1,262,0.198,4,0,insufficient_funds
TXN106607,1060.31,wallet,21,432.5,0.157,2,252,0.494,15,0,network_error
TXN106608,273.02,debit_card,51,234.0,0.101,1,583,0.203,2,0,insufficient_funds
TXN106609,4434.74,debit_card,51,210.4,0.21,0,388,0.126,10,0,insufficient_funds
TXN106610,1537.91,upi,96,422.0,0.219,1,253,0.245,12,0,bank_timeout
TXN106611,2111.67,credit_card,21,609.8,0.242,1,1662,0.453,12,1,network_error
TXN106612,1612.94,wallet,59,201.5,0.403,0,618,0.645,15,0,fraud_false_positive
TXN106613,469.39,debit_card,91,376.2,0.218,0,700,0.818,17,1,bank_timeout
TXN106614,5566.37,wallet,59,266.1,0.875,0,122,0.802,23,0,fraud_false_positive
TXN106615,5987.92,credit_card,51,249.3,0.027,0,165,0.022,14,0,insufficient_funds
TXN106616,610.09,debit_card,91,395.0,0.168,0,159,0.488,6,1,bank_timeout
TXN106617,1201.19,credit_card,91,219.2,0.182,0,159,0.398,0,0,bank_timeout
TXN106618,901.66,credit_card,96,383.9,0.065,0,443,0.358,17,1,network_error
TXN106619,1547.75,upi,51,159.1,0.029,0,37,0.189,8,0,insufficient_funds
TXN106620,649.46,netbanking,68,442.5,0.258,0,184,0.58,1,0,bank_timeout
TXN106621,1451.79,credit_card,51,115.2,0.256,3,911,0.194,13,0,insufficient_funds
TXN106622,3395.07,netbanking,96,482.8,0.15,0,523,0.54,23,0,network_error
TXN106623,1246.55,credit_card,96,585.9,0.11,0,861,0.249,21,0,network_error
TXN106624,839.62,credit_card,51,179.8,0.304,4,367,0.301,3,1,insufficient_funds
TXN106625,1381.07,upi,59,238.0,0.564,0,157,0.685,17,0,fraud_false_positive
TXN106626,4171.56,wallet,51,206.1,0.097,1,586,0.144,22,0,insufficient_funds
TXN106627,1825.5,debit_card,5,544.9,0.092,1,236,0.229,4,0,network_error
TXN106628,1053.58,debit_card,5,570.7,0.21,0,471,0.656,11,0,network_error
TXN106629,2572.87,debit_card,51,216.8,0.138,0,372,0.131,22,0,insufficient_funds
TXN106630,5026.42,debit_card,51,162.0,0.436,2,351,0.379,15,0,insufficient_funds
TXN106631,1660.44,credit_card,61,128.4,0.193,0,1348,0.341,11,1,insufficient_funds
TXN106632,5989.04,credit_card,51,202.1,0.318,0,785,0.383,19,0,insufficient_funds
TXN106633,4801.25,credit_card,51,124.4,0.203,2,524,0.016,2,0,insufficient_funds
TXN106634,2196.68,credit_card,91,359.8,0.219,0,645,0.847,12,0,bank_timeout
TXN106635,3017.49,wallet,5,571.7,0.276,3,1878,0.363,12,1,network_error
TXN106636,2044.45,upi,91,538.5,0.124,0,489,0.69,5,1,bank_timeout
TXN106637,5045.6,netbanking,65,189.2,0.233,1,318,0.106,7,1,insufficient_funds
TXN106638,700.06,debit_card,91,415.7,0.356,1,1566,0.368,17,1,bank_timeout
TXN106639,1245.7,debit_card,51,193.7,0.011,1,68,0.142,21,0,insufficient_funds
TXN106640,1404.34,upi,96,304.2,0.134,0,452,0.223,17,1,bank_timeout
TXN106641,4561.97,debit_card,51,171.1,0.094,3,721,0.439,22,1,insufficient_funds
TXN106642,2386.59,debit_card,91,409.5,0.284,0,336,0.316,7,0,bank_timeout
TXN106643,3183.01,upi,5,202.2,0.638,1,120,0.854,11,0,fraud_false_positive
TXN106644,7777.49,wallet,63,219.9,0.926,0,1070,0.905,0,0,fraud_false_positive
TXN106645,3105.93,debit_card,91,458.6,0.108,0,117,0.669,23,0,bank_timeout
TXN106646,2310.96,debit_card,68,504.4,0.245,1,885,0.595,14,1,bank_timeout
TXN106647,1026.54,credit_card,21,412.4,0.467,0,158,0.471,0,0,network_error
TXN106648,5281.6,credit_card,51,197.8,0.082,0,411,0.445,18,0,insufficient_funds
TXN106649,1410.54,debit_card,51,185.6,0.23,2,652,0.143,3,0,insufficient_funds
TXN106650,5167.07,debit_card,91,204.8,0.005,1,336,0.671,22,1,bank_timeout
TXN106651,3333.62,debit_card,51,160.5,0.181,2,981,0.403,5,0,insufficient_funds
TXN106652,2525.68,debit_card,59,209.0,0.671,1,2101,0.452,6,0,fraud_false_positive
TXN106653,984.77,debit_card,51,201.2,0.172,2,32,0.126,6,0,insufficient_funds
TXN106654,948.17,debit_card,51,128.8,0.163,0,475,0.349,6,0,insufficient_funds
TXN106655,1122.44,netbanking,51,171.0,0.156,3,37,0.281,21,0,insufficient_funds
TXN106656,1775.62,credit_card,91,237.5,0.692,0,253,0.352,12,1,bank_timeout
TXN106657,3485.34,debit_card,51,173.7,0.175,0,1374,0.035,16,1,insufficient_funds
TXN106658,6460.89,credit_card,61,175.5,0.216,1,393,0.294,21,0,insufficient_funds
TXN106659,456.04,netbanking,91,426.8,0.121,0,528,0.552,4,0,bank_timeout
TXN106660,17176.01,upi,59,157.3,0.742,0,1794,0.703,13,1,fraud_false_positive
TXN106661,93.09,credit_card,96,290.7,0.245,0,271,0.511,23,0,bank_timeout
TXN106662,5111.42,debit_card,51,196.7,0.102,0,177,0.232,19,1,insufficient_funds
TXN106663,2415.07,credit_card,51,168.1,0.272,3,473,0.174,12,0,insufficient_funds
TXN106664,204.5,credit_card,5,493.7,0.016,0,101,0.239,2,0,network_error
TXN106665,887.78,netbanking,5,579.9,0.248,0,962,0.795,14,0,network_error
TXN106666,3593.86,netbanking,65,181.6,0.052,2,200,0.472,23,1,insufficient_funds
TXN106667,3115.31,upi,61,195.2,0.076,2,13,0.075,5,1,insufficient_funds
TXN106668,3634.19,credit_card,51,118.8,0.091,0,814,0.531,19,0,insufficient_funds
TXN106669,579.51,credit_card,91,337.3,0.282,0,292,0.347,15,1,bank_timeout
TXN106670,1281.5,debit_card,96,799.5,0.237,0,169,0.54,0,0,network_error
TXN106671,3260.02,netbanking,5,594.6,0.137,0,334,0.438,20,0,network_error
TXN106672,5730.47,upi,5,303.3,0.762,0,156,0.806,19,1,fraud_false_positive
TXN106673,3064.64,credit_card,51,211.7,0.262,1,248,0.226,21,0,insufficient_funds
TXN106674,849.2,credit_card,51,181.5,0.36,4,626,0.339,22,1,insufficient_funds
TXN106675,307.74,upi,51,197.6,0.124,1,941,0.392,9,0,insufficient_funds
TXN106676,2203.56,wallet,91,372.2,0.196,1,163,0.531,17,0,bank_timeout
TXN106677,3470.26,debit_card,61,163.6,0.244,0,807,0.144,6,0,insufficient_funds
TXN106678,6123.43,netbanking,61,187.5,0.229,2,1501,0.183,1,0,insufficient_funds
TXN106679,4120.27,credit_card,51,206.9,0.281,1,229,0.329,9,1,insufficient_funds
TXN106680,1672.07,upi,96,614.9,0.431,1,634,0.665,15,0,network_error
TXN106681,1091.04,upi,5,494.3,0.047,1,45,0.606,14,0,network_error
TXN106682,1861.38,upi,5,557.2,0.234,0,97,0.275,11,1,network_error
TXN106683,8314.28,debit_card,61,139.6,0.163,1,155,0.584,17,0,insufficient_funds
TXN106684,4047.04,debit_card,59,235.6,0.594,1,2362,0.649,15,1,fraud_false_positive
TXN106685,799.39,debit_card,61,219.4,0.066,3,278,0.319,18,0,insufficient_funds
TXN106686,2758.97,upi,51,194.6,0.38,2,315,0.06,5,1,insufficient_funds
TXN106687,2408.31,debit_card,51,217.1,0.199,1,247,0.287,5,0,insufficient_funds
TXN106688,5286.06,credit_card,51,136.0,0.217,1,413,0.468,2,0,insufficient_funds
TXN106689,418.87,netbanking,21,585.8,0.302,0,242,0.362,7,0,network_error
TXN106690,4254.93,wallet,59,211.4,0.707,1,802,0.556,11,1,fraud_false_positive
TXN106691,1039.14,debit_card,96,418.0,0.432,1,1353,0.523,2,0,network_error
TXN106692,2008.36,debit_card,91,296.8,0.113,0,696,0.627,2,0,bank_timeout
TXN106693,2237.4,credit_card,96,330.7,0.149,0,1448,0.533,9,1,bank_timeout
TXN106694,2724.29,netbanking,96,412.9,0.077,1,1003,0.261,2,0,network_error
TXN106695,1511.14,credit_card,96,309.1,0.138,0,1419,0.803,19,0,network_error
TXN106696,3808.46,credit_card,5,583.7,0.162,0,824,0.955,16,1,network_error
TXN106697,5111.57,debit_card,51,123.8,0.051,0,877,0.108,9,1,insufficient_funds
TXN106698,6241.3,debit_card,51,92.8,0.068,2,509,0.174,12,0,insufficient_funds
TXN106699,7675.52,debit_card,51,142.3,0.188,3,108,0.214,9,1,insufficient_funds
TXN106700,4664.02,wallet,59,175.6,0.96,0,302,0.853,13,1,fraud_false_positive
TXN106701,775.44,upi,21,561.3,0.154,2,953,0.38,13,1,network_error
TXN106702,5840.09,debit_card,63,255.1,0.768,0,201,0.428,22,1,fraud_false_positive
TXN106703,2944.7,debit_card,5,613.4,0.15,1,45,0.462,21,0,network_error
TXN106704,7854.62,wallet,63,177.9,0.934,0,601,0.586,18,0,fraud_false_positive
TXN106705,3049.04,upi,51,152.9,0.12,2,759,0.368,16,0,insufficient_funds
TXN106706,11265.42,debit_card,63,235.4,0.751,0,335,0.739,3,1,fraud_false_positive
TXN106707,178.76,netbanking,68,278.1,0.151,1,406,0.352,18,0,bank_timeout
TXN106708,2503.45,upi,51,198.3,0.065,1,52,0.104,21,1,insufficient_funds
TXN106709,6823.2,wallet,5,382.4,0.028,0,553,0.718,23,0,network_error
TXN106710,2993.31,credit_card,96,719.3,0.162,0,24,0.243,5,0,network_error
TXN106711,1311.12,debit_card,21,650.6,0.308,0,562,0.827,19,0,network_error
TXN106712,941.09,credit_card,91,485.1,0.173,0,347,0.222,4,0,bank_timeout
TXN106713,1828.44,wallet,96,241.0,0.289,0,740,0.509,18,0,bank_timeout
TXN106714,1375.04,debit_card,91,378.0,0.101,1,215,0.232,20,0,bank_timeout
TXN106715,6334.43,netbanking,59,193.3,0.652,0,4441,0.628,6,0,fraud_false_positive
TXN106716,271.35,credit_card,68,403.0,0.085,0,91,0.643,22,1,bank_timeout
TXN106717,4582.79,credit_card,51,210.6,0.3,1,723,0.666,0,0,insufficient_funds
TXN106718,1312.37,credit_card,21,579.8,0.28,0,916,0.475,3,0,network_error
TXN106719,1341.93,upi,51,193.8,0.207,0,178,0.246,19,1,insufficient_funds
TXN106720,2400.79,wallet,61,198.8,0.115,0,1608,0.225,3,0,insufficient_funds
TXN106721,2821.62,netbanking,59,181.2,0.823,0,868,0.631,7,1,fraud_false_positive
TXN106722,3400.49,debit_card,59,291.9,0.462,1,506,0.732,5,1,fraud_false_positive
TXN106723,1474.92,debit_card,68,367.8,0.254,2,326,0.278,1,0,bank_timeout
TXN106724,5032.55,debit_card,51,176.5,0.154,0,112,0.108,2,0,insufficient_funds
TXN106725,3056.99,debit_card,63,190.6,0.24,0,215,0.77,6,1,fraud_false_positive
TXN106726,2191.84,upi,91,413.5,0.212,0,292,0.577,13,0,bank_timeout
TXN106727,493.73,upi,96,354.1,0.078,0,448,0.274,19,1,bank_timeout
TXN106728,1676.9,netbanking,91,472.8,0.396,0,299,0.216,18,0,bank_timeout
TXN106729,4734.64,upi,51,133.1,0.45,0,2008,0.073,23,0,insufficient_funds
TXN106730,4831.14,credit_card,51,194.7,0.117,2,116,0.179,1,0,insufficient_funds
TXN106731,237.99,debit_card,5,279.8,0.21,1,174,0.253,4,0,network_error
TXN106732,15492.76,wallet,59,143.3,0.562,0,25,0.686,19,1,fraud_false_positive
TXN106733,51.83,debit_card,51,215.4,0.218,0,410,0.033,11,0,insufficient_funds
TXN106734,1047.43,netbanking,96,349.3,0.524,0,80,0.828,11,0,bank_timeout
TXN106735,4912.65,netbanking,59,112.8,0.783,0,110,0.753,1,0,fraud_false_positive
TXN106736,2616.9,credit_card,51,90.4,0.143,0,56,0.437,19,0,insufficient_funds
TXN106737,233.15,credit_card,91,366.9,0.382,1,399,0.471,7,1,bank_timeout
TXN106738,1764.55,debit_card,63,183.6,0.854,1,981,0.926,9,0,fraud_false_positive
TXN106739,4018.53,netbanking,61,237.6,0.253,3,525,0.258,15,0,insufficient_funds
TXN106740,5062.02,netbanking,61,138.8,0.386,3,392,0.106,19,1,insufficient_funds
TXN106741,2701.53,debit_card,91,304.6,0.037,2,86,0.605,20,0,bank_timeout
TXN106742,999.47,debit_card,5,496.5,0.298,0,183,0.673,13,1,network_error
TXN106743,2153.34,upi,5,209.9,0.618,0,486,0.61,5,1,fraud_false_positive
TXN106744,504.25,credit_card,96,445.5,0.239,0,409,0.485,8,1,network_error
TXN106745,2614.19,netbanking,91,387.2,0.027,1,1014,0.296,3,1,bank_timeout
TXN106746,663.99,wallet,51,144.5,0.289,0,2,0.297,7,1,insufficient_funds
TXN106747,2899.3,debit_card,59,198.6,0.457,1,755,0.513,18,1,fraud_false_positive
TXN106748,2367.98,wallet,51,169.4,0.383,0,216,0.243,19,0,insufficient_funds
TXN106749,172.96,debit_card,96,371.1,0.051,2,232,0.833,19,0,bank_timeout
TXN106750,1225.41,debit_card,91,365.7,0.092,2,266,0.517,3,1,bank_timeout
TXN106751,6081.88,netbanking,61,227.0,0.044,2,183,0.416,13,0,insufficient_funds
TXN106752,9003.49,credit_card,65,223.2,0.152,2,747,0.128,13,1,insufficient_funds
TXN106753,497.27,upi,59,198.4,0.935,0,492,0.533,13,1,fraud_false_positive
TXN106754,2047.61,credit_card,68,329.0,0.196,0,45,0.536,17,1,bank_timeout
TXN106755,4879.01,upi,51,125.1,0.078,3,157,0.473,13,0,insufficient_funds
TXN106756,3431.53,netbanking,63,295.3,0.802,0,1088,0.773,14,1,fraud_false_positive
TXN106757,3168.49,debit_card,91,215.1,0.237,0,1798,0.462,10,0,bank_timeout
TXN106758,3963.55,netbanking,21,450.5,0.019,0,369,0.455,9,0,network_error
TXN106759,1165.72,upi,21,543.4,0.33,0,316,0.695,12,0,network_error
TXN106760,2851.69,upi,51,208.2,0.087,1,94,0.418,16,0,insufficient_funds
TXN106761,2203.5,wallet,51,91.4,0.623,2,33,0.474,10,0,insufficient_funds
TXN106762,2631.66,debit_card,51,115.7,0.254,0,232,0.491,3,1,insufficient_funds
TXN106763,1318.37,upi,51,227.7,0.084,5,190,0.135,2,0,insufficient_funds
TXN106764,4029.82,upi,59,215.4,0.611,0,730,0.826,2,0,fraud_false_positive
TXN106765,4262.08,debit_card,51,60.2,0.208,0,147,0.297,2,0,insufficient_funds
TXN106766,4254.53,upi,61,202.5,0.086,2,238,0.143,6,0,insufficient_funds
TXN106767,2878.77,debit_card,91,378.6,0.176,0,446,0.297,1,0,bank_timeout
TXN106768,2357.75,credit_card,91,439.2,0.215,2,40,0.44,21,0,bank_timeout
TXN106769,875.97,debit_card,96,606.4,0.055,0,397,0.581,3,0,network_error
TXN106770,5323.98,debit_card,51,170.0,0.032,0,13,0.253,0,0,insufficient_funds
TXN106771,767.84,credit_card,96,637.1,0.225,0,550,0.556,1,0,network_error
TXN106772,3290.5,upi,61,213.0,0.342,4,348,0.06,5,0,insufficient_funds
TXN106773,3822.23,debit_card,51,180.8,0.321,0,55,0.361,1,0,insufficient_funds
TXN106774,1086.86,debit_card,61,154.1,0.254,3,535,0.28,6,0,insufficient_funds
TXN106775,4810.17,netbanking,51,216.9,0.186,0,539,0.397,23,1,insufficient_funds
TXN106776,4267.28,credit_card,61,174.3,0.201,1,256,0.276,7,0,insufficient_funds
TXN106777,3082.1,debit_card,96,290.7,0.065,1,210,0.249,6,0,bank_timeout
TXN106778,534.08,credit_card,51,205.6,0.135,1,47,0.305,6,1,insufficient_funds
TXN106779,1031.81,upi,96,250.7,0.339,0,748,0.611,9,0,bank_timeout
TXN106780,154.21,credit_card,96,648.9,0.113,2,75,0.431,15,1,network_error
TXN106781,1630.72,credit_card,61,216.2,0.182,3,93,0.443,5,1,insufficient_funds
TXN106782,1117.17,netbanking,51,195.3,0.163,0,37,0.398,17,0,insufficient_funds
TXN106783,1934.22,credit_card,61,107.0,0.198,2,204,0.074,15,1,insufficient_funds
TXN106784,6791.48,upi,51,146.4,0.215,1,76,0.029,15,1,insufficient_funds
TXN106785,2616.95,netbanking,96,687.5,0.333,1,1336,0.498,15,1,network_error
TXN106786,5403.45,upi,59,185.4,0.729,0,60,0.667,18,1,fraud_false_positive
TXN106787,6297.23,credit_card,59,355.1,0.766,0,600,0.877,6,0,fraud_false_positive
TXN106788,3369.68,credit_card,21,491.7,0.157,2,131,0.306,1,1,network_error
TXN106789,625.76,upi,5,662.5,0.03,0,133,0.347,17,0,network_error
TXN106790,1908.75,credit_card,65,213.3,0.169,2,446,0.006,1,0,insufficient_funds
TXN106791,300.7,wallet,51,211.5,0.278,0,302,0.125,12,0,insufficient_funds
TXN106792,21.41,upi,21,511.5,0.169,0,507,0.394,0,0,network_error
TXN106793,3644.17,upi,61,177.6,0.294,1,416,0.158,19,0,insufficient_funds
TXN106794,868.3,debit_card,96,498.3,0.177,0,189,0.448,6,0,network_error
TXN106795,1613.72,debit_card,21,499.0,0.201,1,145,0.529,6,0,network_error
TXN106796,1864.07,debit_card,96,384.7,0.081,1,405,0.433,3,0,bank_timeout
TXN106797,1619.32,debit_card,21,377.7,0.215,0,60,0.216,10,1,network_error
TXN106798,4023.23,upi,51,228.6,0.108,3,387,0.549,17,0,insufficient_funds
TXN106799,1193.38,wallet,51,114.6,0.118,1,108,0.503,5,0,insufficient_funds
TXN106800,1550.61,wallet,51,236.2,0.355,0,169,0.454,15,0,insufficient_funds
TXN106801,1287.53,credit_card,96,596.4,0.088,0,101,0.266,4,0,network_error
TXN106802,1422.24,credit_card,96,530.9,0.473,0,759,0.27,16,1,network_error
TXN106803,5121.38,credit_card,65,196.0,0.115,3,103,0.194,17,0,insufficient_funds
TXN106804,2228.9,credit_card,5,112.3,0.87,0,63,0.37,14,1,fraud_false_positive
TXN106805,7211.98,upi,96,479.4,0.172,1,1,0.384,0,0,network_error
TXN106806,3036.91,wallet,61,190.1,0.128,0,345,0.125,0,0,insufficient_funds
TXN106807,4774.84,debit_card,61,179.2,0.064,1,154,0.142,12,0,insufficient_funds
TXN106808,2195.25,credit_card,91,343.8,0.049,0,1029,0.745,9,0,bank_timeout
TXN106809,1387.77,debit_card,51,153.1,0.361,0,114,0.204,1,1,insufficient_funds
TXN106810,11878.97,credit_card,5,251.2,0.514,1,189,0.652,9,1,fraud_false_positive
TXN106811,1651.67,credit_card,68,293.6,0.113,0,1769,0.368,22,0,bank_timeout
TXN106812,1991.26,wallet,96,286.9,0.289,0,166,0.524,4,0,bank_timeout
TXN106813,1790.18,debit_card,91,350.3,0.174,1,110,0.163,2,0,bank_timeout
TXN106814,3049.46,credit_card,21,392.8,0.028,1,407,0.5,15,1,network_error
TXN106815,2766.42,debit_card,51,118.5,0.074,0,685,0.08,22,0,insufficient_funds
TXN106816,946.68,credit_card,51,238.4,0.186,1,637,0.234,4,1,insufficient_funds
TXN106817,2319.56,debit_card,59,224.5,0.682,0,697,0.882,16,1,fraud_false_positive
TXN106818,1221.83,netbanking,21,326.5,0.17,0,632,0.332,21,0,network_error
TXN106819,756.36,netbanking,91,337.1,0.198,3,137,0.485,5,0,bank_timeout
TXN106820,1880.23,credit_card,51,229.7,0.138,0,31,0.212,12,0,insufficient_funds
TXN106821,3152.5,debit_card,5,121.2,0.624,0,1090,0.736,1,0,fraud_false_positive
TXN106822,4472.46,credit_card,5,569.1,0.368,0,73,0.817,4,0,network_error
TXN106823,762.56,upi,91,418.3,0.132,2,446,0.297,18,1,bank_timeout
TXN106824,2221.44,upi,91,444.1,0.174,0,133,0.473,21,1,bank_timeout
TXN106825,1169.02,debit_card,51,155.1,0.1,0,201,0.125,10,1,insufficient_funds
TXN106826,4882.03,credit_card,59,213.5,0.473,0,264,0.577,13,0,fraud_false_positive
TXN106827,269.02,wallet,91,435.5,0.462,0,725,0.626,4,1,bank_timeout
TXN106828,775.85,credit_card,96,449.6,0.177,1,171,0.309,18,1,network_error
TXN106829,1193.05,debit_card,51,194.9,0.384,1,765,0.071,22,0,insufficient_funds
TXN106830,3677.16,netbanking,51,132.7,0.126,0,1898,0.15,9,0,insufficient_funds
TXN106831,2029.79,credit_card,51,156.3,0.482,0,206,0.044,20,1,insufficient_funds
TXN106832,8382.46,debit_card,51,198.4,0.071,4,44,0.397,14,0,insufficient_funds
TXN106833,16749.9,credit_card,63,248.5,0.763,0,889,0.782,11,0,fraud_false_positive
TXN106834,5175.85,upi,59,219.2,0.652,0,1894,0.751,22,0,fraud_false_positive
TXN106835,6455.29,wallet,63,93.7,0.644,0,320,0.518,20,0,fraud_false_positive
TXN106836,1936.95,debit_card,51,158.0,0.232,0,252,0.445,17,1,insufficient_funds
TXN106837,10230.21,credit_card,61,180.8,0.043,0,440,0.355,10,0,insufficient_funds
TXN106838,2754.13,netbanking,63,251.3,0.679,1,998,0.525,1,0,fraud_false_positive
TXN106839,463.65,netbanking,96,197.3,0.029,2,53,0.607,17,0,bank_timeout
TXN106840,3427.02,upi,51,199.2,0.138,1,1,0.31,6,1,insufficient_funds
TXN106841,779.72,upi,91,346.2,0.152,1,282,0.379,3,0,bank_timeout
TXN106842,4293.87,upi,51,109.3,0.334,0,54,0.23,13,1,insufficient_funds
TXN106843,3700.85,debit_card,91,265.9,0.245,0,538,0.497,1,0,bank_timeout
TXN106844,1914.95,credit_card,65,67.6,0.127,3,512,0.1,22,1,insufficient_funds
TXN106845,3440.15,credit_card,91,302.9,0.192,0,91,0.556,3,0,bank_timeout
TXN106846,1698.52,debit_card,21,551.5,0.161,1,757,0.583,3,1,network_error
TXN106847,2353.64,debit_card,21,415.6,0.093,1,990,0.359,4,0,network_error
TXN106848,304.07,wallet,91,419.5,0.205,2,712,0.139,1,1,bank_timeout
TXN106849,1194.82,debit_card,96,468.2,0.14,1,20,0.549,11,0,bank_timeout
TXN106850,1001.56,credit_card,96,647.7,0.304,0,590,0.576,20,0,network_error
TXN106851,2550.24,debit_card,68,327.9,0.073,0,905,0.475,21,0,bank_timeout
TXN106852,549.91,debit_card,51,167.0,0.107,1,140,0.177,14,1,insufficient_funds
TXN106853,2422.85,credit_card,21,515.7,0.045,0,82,0.565,7,1,network_error
TXN106854,6078.05,debit_card,51,176.6,0.449,0,539,0.328,18,0,insufficient_funds
TXN106855,1783.63,netbanking,96,613.8,0.066,2,494,0.539,9,0,network_error
TXN106856,8632.34,credit_card,51,115.0,0.148,0,17,0.082,4,1,insufficient_funds
TXN106857,3083.48,wallet,91,293.4,0.217,0,435,0.19,4,0,bank_timeout
TXN106858,7603.35,debit_card,5,110.4,0.752,1,1822,0.49,8,0,fraud_false_positive
TXN106859,8016.94,wallet,51,180.0,0.24,1,32,0.309,12,1,insufficient_funds
TXN106860,808.82,upi,96,378.5,0.365,0,204,0.267,4,1,bank_timeout
TXN106861,4919.43,debit_card,51,148.7,0.362,0,503,0.472,19,0,insufficient_funds
TXN106862,5288.73,credit_card,51,198.6,0.093,2,956,0.371,10,0,insufficient_funds
TXN106863,872.97,debit_card,61,141.6,0.144,0,793,0.206,17,0,insufficient_funds
TXN106864,2062.45,credit_card,51,214.9,0.2,0,655,0.287,6,0,insufficient_funds
TXN106865,2052.65,netbanking,51,154.4,0.078,0,267,0.267,23,1,insufficient_funds
TXN106866,1026.76,upi,96,480.0,0.199,0,60,0.506,8,0,network_error
TXN106867,2171.24,debit_card,51,187.7,0.023,1,671,0.039,2,0,insufficient_funds
TXN106868,2156.87,upi,91,323.9,0.365,0,459,0.864,9,0,bank_timeout
TXN106869,4526.89,upi,63,188.8,0.777,0,1162,0.669,10,0,fraud_false_positive
TXN106870,1681.67,debit_card,96,530.7,0.163,2,593,0.394,18,1,network_error
TXN106871,1104.27,netbanking,96,231.9,0.127,0,81,0.216,10,1,bank_timeout
TXN106872,2340.88,debit_card,61,172.6,0.127,3,454,0.091,10,0,insufficient_funds
TXN106873,8362.73,credit_card,65,226.7,0.196,0,208,0.077,3,0,insufficient_funds
TXN106874,2103.74,credit_card,61,245.6,0.028,2,65,0.541,10,0,insufficient_funds
TXN106875,2147.67,upi,68,237.2,0.217,0,549,0.744,17,1,bank_timeout
TXN106876,3441.17,netbanking,51,118.7,0.095,1,207,0.203,21,0,insufficient_funds
TXN106877,7838.05,debit_card,59,126.1,0.642,1,92,0.835,15,0,fraud_false_positive
TXN106878,2635.51,upi,5,618.5,0.205,0,224,0.679,12,0,network_error
TXN106879,4319.09,debit_card,96,784.1,0.074,1,77,0.867,9,1,network_error
TXN106880,5464.45,debit_card,51,178.2,0.078,2,294,0.298,19,0,insufficient_funds
TXN106881,5433.82,upi,91,503.3,0.166,1,642,0.427,3,0,bank_timeout
TXN106882,1730.61,credit_card,91,542.3,0.448,1,135,0.595,17,1,bank_timeout
TXN106883,2399.8,upi,5,465.0,0.157,0,565,0.537,5,0,network_error
TXN106884,3327.99,debit_card,5,268.3,0.529,0,552,0.328,6,1,fraud_false_positive
TXN106885,4759.69,debit_card,59,209.1,0.886,2,546,0.729,7,1,fraud_false_positive
TXN106886,800.15,debit_card,96,385.9,0.124,0,211,0.614,5,0,bank_timeout
TXN106887,1264.33,credit_card,51,160.7,0.133,4,272,0.055,20,0,insufficient_funds
TXN106888,1799.54,debit_card,65,142.9,0.36,1,63,0.638,13,1,insufficient_funds
TXN106889,1472.7,debit_card,59,147.8,0.725,0,2575,0.602,21,1,fraud_false_positive
TXN106890,2474.96,upi,51,93.6,0.217,3,455,0.38,13,0,insufficient_funds
TXN106891,1566.38,debit_card,51,144.2,0.318,2,308,0.215,13,0,insufficient_funds
TXN106892,2553.25,debit_card,91,405.4,0.212,1,425,0.359,9,1,bank_timeout
TXN106893,2116.49,upi,91,279.6,0.113,0,165,0.601,19,0,bank_timeout
TXN106894,2806.98,credit_card,51,244.7,0.218,1,439,0.25,3,1,insufficient_funds
TXN106895,1147.74,netbanking,91,526.6,0.155,2,404,0.688,6,0,bank_timeout
TXN106896,1351.77,netbanking,96,372.1,0.199,0,106,0.208,21,0,bank_timeout
TXN106897,1309.87,upi,21,527.7,0.14,0,803,0.52,5,1,network_error
TXN106898,4915.47,upi,59,301.3,0.682,0,584,0.667,0,1,fraud_false_positive
TXN106899,1442.23,credit_card,91,344.0,0.235,0,837,0.621,14,0,bank_timeout
TXN106900,589.2,debit_card,96,499.5,0.282,0,392,0.325,11,1,network_error
TXN106901,9482.42,debit_card,5,95.9,0.636,1,1370,0.544,10,1,fraud_false_positive
TXN106902,6406.14,upi,51,179.8,0.292,1,89,0.466,11,0,insufficient_funds
TXN106903,896.21,credit_card,51,194.5,0.152,0,384,0.38,14,0,insufficient_funds
TXN106904,4924.2,credit_card,65,213.7,0.168,1,218,0.279,13,0,insufficient_funds
TXN106905,4389.87,upi,51,193.3,0.101,0,586,0.341,1,0,insufficient_funds
TXN106906,1713.27,upi,96,577.0,0.122,0,1364,0.669,4,0,network_error
TXN106907,2400.08,netbanking,96,414.2,0.13,0,689,0.176,18,1,network_error
TXN106908,3290.88,credit_card,21,163.6,0.109,1,598,0.561,11,0,network_error
TXN106909,1964.53,upi,91,393.2,0.292,2,216,0.49,10,0,bank_timeout
TXN106910,7706.01,upi,51,269.1,0.439,2,711,0.278,22,0,insufficient_funds
TXN106911,3798.24,wallet,51,160.7,0.413,1,549,0.229,0,0,insufficient_funds
TXN106912,4538.99,credit_card,96,490.5,0.209,1,72,0.656,14,0,network_error
TXN106913,1512.29,credit_card,51,262.1,0.063,2,43,0.159,0,0,insufficient_funds
TXN106914,2094.86,netbanking,91,467.1,0.093,0,77,0.568,6,0,bank_timeout
TXN106915,311.05,debit_card,65,146.9,0.244,1,1506,0.181,23,1,insufficient_funds
TXN106916,450.87,credit_card,96,381.3,0.07,0,35,0.434,1,0,bank_timeout
TXN106917,2691.63,upi,5,250.4,0.803,0,97,0.655,7,1,fraud_false_positive
TXN106918,1979.5,credit_card,51,177.3,0.095,0,429,0.067,15,0,insufficient_funds
TXN106919,2957.01,netbanking,51,173.9,0.273,1,615,0.262,6,0,insufficient_funds
TXN106920,1362.82,credit_card,51,190.9,0.131,1,213,0.258,9,1,insufficient_funds
TXN106921,1271.15,credit_card,96,147.0,0.156,0,809,0.328,5,1,network_error
TXN106922,3124.62,credit_card,61,229.6,0.199,1,23,0.109,17,1,insufficient_funds
TXN106923,6719.7,credit_card,51,228.7,0.202,1,49,0.394,0,0,insufficient_funds
TXN106924,4719.51,upi,61,195.1,0.143,1,59,0.108,23,0,insufficient_funds
TXN106925,525.69,upi,21,485.8,0.023,0,175,0.509,8,0,network_error
TXN106926,2405.84,credit_card,5,518.8,0.191,0,2900,0.647,19,1,network_error
TXN106927,2680.66,wallet,96,567.6,0.143,0,123,0.356,5,0,network_error
TXN106928,4416.5,upi,59,221.7,0.879,0,768,0.683,3,0,fraud_false_positive
TXN106929,3452.3,debit_card,96,288.6,0.055,1,208,0.506,1,0,bank_timeout
TXN106930,2221.97,credit_card,21,395.1,0.404,0,302,0.26,5,1,network_error
TXN106931,1103.99,debit_card,61,120.9,0.104,1,250,0.025,4,0,insufficient_funds
TXN106932,2609.67,upi,51,146.6,0.231,2,1274,0.348,6,0,insufficient_funds
TXN106933,3600.14,debit_card,91,300.4,0.236,0,204,0.536,17,0,bank_timeout
TXN106934,1273.76,credit_card,68,396.6,0.157,0,1154,0.267,15,1,bank_timeout
TXN106935,2650.68,debit_card,5,257.6,0.539,1,922,0.572,17,0,fraud_false_positive
TXN106936,2324.67,debit_card,51,294.4,0.211,0,81,0.234,20,0,insufficient_funds
TXN106937,490.73,credit_card,5,532.2,0.205,0,796,0.63,10,0,network_error
TXN106938,5519.91,credit_card,96,407.9,0.033,1,1668,0.606,11,1,bank_timeout
TXN106939,3464.77,credit_card,51,179.0,0.557,1,617,0.164,19,0,insufficient_funds
TXN106940,2120.59,credit_card,5,221.1,0.775,0,386,0.633,12,0,fraud_false_positive
TXN106941,1325.95,upi,68,306.6,0.267,0,359,0.52,5,1,bank_timeout
TXN106942,1529.36,netbanking,21,587.9,0.08,1,563,0.459,0,1,network_error
TXN106943,2877.39,upi,21,306.4,0.263,0,638,0.444,14,1,network_error
TXN106944,847.53,debit_card,21,374.3,0.228,2,114,0.778,7,0,network_error
TXN106945,1614.51,debit_card,91,350.5,0.42,1,1266,0.432,5,1,bank_timeout
TXN106946,4654.24,debit_card,91,538.1,0.193,1,46,0.483,21,0,bank_timeout
TXN106947,1052.91,credit_card,51,104.3,0.473,2,24,0.312,0,1,insufficient_funds
TXN106948,11423.49,upi,51,223.9,0.411,0,339,0.139,12,1,insufficient_funds
TXN106949,2589.06,credit_card,91,281.7,0.02,2,335,0.236,15,0,bank_timeout
TXN106950,6286.64,debit_card,61,143.4,0.263,2,14,0.161,4,1,insufficient_funds
TXN106951,1650.57,debit_card,51,235.5,0.061,0,496,0.278,12,0,insufficient_funds
TXN106952,121.38,credit_card,96,322.6,0.055,0,131,0.703,2,1,bank_timeout
TXN106953,1588.11,wallet,51,253.7,0.295,1,961,0.483,18,0,insufficient_funds
TXN106954,1825.75,credit_card,61,118.4,0.173,1,326,0.317,2,0,insufficient_funds
TXN106955,1968.5,debit_card,51,144.9,0.148,3,308,0.278,1,0,insufficient_funds
TXN106956,2021.01,netbanking,91,362.7,0.244,1,508,0.762,22,0,bank_timeout
TXN106957,3802.21,upi,96,280.6,0.285,0,1008,0.319,7,0,network_error
TXN106958,3618.7,credit_card,51,203.3,0.03,1,357,0.296,2,1,insufficient_funds
TXN106959,1684.02,credit_card,91,486.8,0.099,1,126,0.26,1,0,bank_timeout
TXN106960,888.45,upi,51,180.6,0.057,2,263,0.227,10,0,insufficient_funds
TXN106961,1494.02,upi,96,332.3,0.111,1,328,0.698,10,0,network_error
TXN106962,2440.59,upi,96,476.1,0.259,0,839,0.414,14,1,network_error
TXN106963,4333.3,debit_card,5,142.4,0.645,0,612,0.8,0,0,fraud_false_positive
TXN106964,2216.77,credit_card,96,559.4,0.221,0,1664,0.392,12,0,network_error
TXN106965,8326.55,debit_card,51,244.3,0.053,2,141,0.149,22,0,insufficient_funds
TXN106966,1637.79,wallet,96,425.8,0.469,1,202,0.489,15,0,bank_timeout
TXN106967,1051.0,netbanking,51,157.0,0.131,2,823,0.203,6,1,insufficient_funds
TXN106968,2569.45,debit_card,96,712.4,0.147,0,817,0.629,17,1,network_error
TXN106969,1736.91,upi,65,227.1,0.21,1,603,0.355,10,0,insufficient_funds
TXN106970,1305.4,netbanking,21,379.5,0.047,0,959,0.218,7,1,network_error
TXN106971,6491.63,upi,51,249.2,0.147,1,117,0.231,18,1,insufficient_funds
TXN106972,5011.97,debit_card,5,252.4,0.555,0,224,0.748,0,0,fraud_false_positive
TXN106973,3324.82,netbanking,51,233.7,0.525,3,174,0.299,8,0,insufficient_funds
TXN106974,351.58,debit_card,21,615.6,0.038,1,263,0.114,0,1,network_error
TXN106975,4069.09,netbanking,59,266.4,0.753,0,179,0.621,11,0,fraud_false_positive
TXN106976,490.91,debit_card,5,113.3,0.785,0,285,0.713,23,0,fraud_false_positive
TXN106977,8701.9,credit_card,61,165.4,0.215,1,598,0.412,1,1,insufficient_funds
TXN106978,8289.1,debit_card,61,173.6,0.108,1,2315,0.37,15,0,insufficient_funds
TXN106979,1515.29,debit_card,96,424.9,0.184,0,15,0.182,17,0,network_error
TXN106980,3060.96,credit_card,51,168.5,0.194,0,545,0.134,3,1,insufficient_funds
TXN106981,693.42,upi,91,441.1,0.232,0,367,0.656,0,1,bank_timeout
TXN106982,4678.04,credit_card,51,235.3,0.315,2,25,0.208,10,1,insufficient_funds
TXN106983,1781.04,netbanking,61,221.6,0.64,0,203,0.066,10,1,insufficient_funds
TXN106984,10670.8,credit_card,51,162.3,0.081,1,756,0.076,20,0,insufficient_funds
TXN106985,7003.59,debit_card,61,197.4,0.345,3,605,0.328,12,0,insufficient_funds
TXN106986,6336.07,debit_card,51,228.5,0.367,0,1,0.486,14,0,insufficient_funds
TXN106987,427.67,netbanking,91,402.5,0.159,0,126,0.486,15,1,bank_timeout
TXN106988,3411.33,credit_card,5,380.1,0.069,0,323,0.575,13,0,network_error
TXN106989,6002.17,wallet,51,106.9,0.085,2,393,0.105,20,0,insufficient_funds
TXN106990,1441.38,credit_card,96,598.3,0.294,1,199,0.511,14,0,network_error
TXN106991,394.71,upi,68,315.1,0.354,1,228,0.801,20,1,bank_timeout
TXN106992,405.15,netbanking,91,281.2,0.193,1,525,0.725,20,1,bank_timeout
TXN106993,2286.98,netbanking,68,360.7,0.116,0,905,0.526,2,0,bank_timeout
TXN106994,4453.56,netbanking,59,167.9,0.891,0,81,0.672,19,0,fraud_false_positive
TXN106995,4010.39,upi,21,308.4,0.014,0,601,0.285,2,1,network_error
TXN106996,395.93,wallet,96,394.9,0.21,0,240,0.593,7,1,network_error
TXN106997,2099.11,netbanking,96,314.6,0.119,0,557,0.421,6,0,bank_timeout
TXN106998,3157.92,debit_card,51,173.2,0.14,1,461,0.116,14,0,insufficient_funds
TXN106999,7301.37,credit_card,65,196.6,0.128,1,338,0.209,1,0,insufficient_funds
TXN107000,644.74,upi,91,319.1,0.3,1,1410,0.943,11,0,bank_timeout
TXN107001,4186.69,credit_card,21,511.5,0.302,0,441,0.449,23,0,network_error
TXN107002,1671.33,upi,96,424.8,0.099,1,226,0.498,19,0,network_error
TXN107003,397.28,debit_card,68,520.3,0.176,0,263,0.589,23,0,bank_timeout
TXN107004,3385.27,credit_card,96,684.7,0.244,1,233,0.502,2,0,network_error
TXN107005,444.82,wallet,5,453.7,0.236,0,1292,0.323,4,1,network_error
TXN107006,537.37,netbanking,59,163.8,0.718,1,266,0.651,5,0,fraud_false_positive
TXN107007,633.76,credit_card,21,499.0,0.342,3,49,0.57,22,1,network_error
TXN107008,6861.43,upi,61,210.6,0.179,1,49,0.445,21,0,insufficient_funds
TXN107009,5182.77,upi,59,180.0,0.732,0,351,0.754,0,1,fraud_false_positive
TXN107010,2253.22,debit_card,5,362.1,0.266,0,931,0.48,22,1,network_error
TXN107011,5969.19,credit_card,51,211.6,0.323,0,129,0.159,17,1,insufficient_funds
TXN107012,4574.36,debit_card,51,138.2,0.111,1,1146,0.167,3,1,insufficient_funds
TXN107013,460.06,wallet,91,458.4,0.394,0,282,0.271,19,0,bank_timeout
TXN107014,4541.39,debit_card,61,197.0,0.219,0,18,0.072,4,0,insufficient_funds
TXN107015,5400.18,credit_card,51,146.9,0.021,3,102,0.687,16,0,insufficient_funds
TXN107016,6158.07,netbanking,65,178.2,0.082,0,679,0.122,7,0,insufficient_funds
TXN107017,2580.39,upi,96,403.6,0.019,0,95,0.164,22,0,network_error
TXN107018,4148.39,debit_card,51,145.9,0.076,2,76,0.162,9,0,insufficient_funds
TXN107019,4701.1,credit_card,51,203.4,0.139,4,469,0.392,11,0,insufficient_funds
TXN107020,1378.44,credit_card,96,290.4,0.089,0,698,0.42,7,0,network_error
TXN107021,3588.22,debit_card,68,266.7,0.359,1,153,0.349,0,0,bank_timeout
TXN107022,2025.82,wallet,96,536.8,0.086,0,643,0.601,16,1,network_error
TXN107023,1728.09,debit_card,51,176.4,0.134,0,932,0.347,5,0,insufficient_funds
TXN107024,2687.75,upi,68,411.1,0.163,0,225,0.385,6,1,bank_timeout
TXN107025,4322.59,credit_card,5,187.5,0.763,1,437,0.469,18,0,fraud_false_positive
TXN107026,5352.04,credit_card,96,463.3,0.193,0,48,0.494,6,0,bank_timeout
TXN107027,4547.55,netbanking,61,160.4,0.104,0,396,0.127,13,0,insufficient_funds
TXN107028,2483.2,credit_card,51,158.2,0.079,2,275,0.355,10,1,insufficient_funds
TXN107029,537.34,debit_card,91,215.0,0.158,1,194,0.487,9,0,bank_timeout
TXN107030,1458.34,debit_card,91,334.1,0.222,3,417,0.452,19,0,bank_timeout
TXN107031,7136.79,upi,51,191.6,0.18,4,605,0.081,7,1,insufficient_funds
TXN107032,3666.24,debit_card,51,213.4,0.195,4,455,0.119,5,0,insufficient_funds
TXN107033,1797.88,debit_card,68,450.7,0.398,0,354,0.579,6,1,bank_timeout
TXN107034,6669.76,wallet,96,417.2,0.124,1,362,0.567,1,1,network_error
TXN107035,1037.58,debit_card,51,190.2,0.261,1,158,0.043,22,0,insufficient_funds
TXN107036,3285.23,credit_card,96,317.5,0.1,0,607,0.735,11,0,network_error
TXN107037,1321.33,debit_card,61,153.6,0.212,2,100,0.205,7,0,insufficient_funds
TXN107038,879.71,credit_card,96,345.2,0.071,0,229,0.258,7,0,network_error
TXN107039,1811.67,credit_card,5,553.9,0.177,0,527,0.644,18,0,network_error
TXN107040,1749.88,debit_card,21,589.5,0.135,1,244,0.604,0,0,network_error
TXN107041,1182.86,credit_card,96,167.0,0.146,0,437,0.641,21,0,bank_timeout
TXN107042,3513.22,credit_card,21,669.3,0.03,1,302,0.138,12,0,network_error
TXN107043,3738.16,credit_card,63,218.1,0.544,1,901,0.632,1,0,fraud_false_positive
TXN107044,5120.23,wallet,51,178.6,0.098,2,199,0.214,18,1,insufficient_funds
TXN107045,3905.12,upi,61,220.7,0.237,0,347,0.437,2,0,insufficient_funds
TXN107046,1863.98,wallet,91,304.7,0.184,2,505,0.17,23,0,bank_timeout
TXN107047,4492.12,netbanking,61,109.9,0.07,2,225,0.236,8,1,insufficient_funds
TXN107048,5790.64,credit_card,61,108.6,0.139,1,941,0.384,11,0,insufficient_funds
TXN107049,4065.49,debit_card,51,191.3,0.537,2,54,0.167,19,1,insufficient_funds
TXN107050,603.09,debit_card,21,542.8,0.186,0,381,0.724,17,0,network_error
TXN107051,2172.41,debit_card,91,357.4,0.156,1,1247,0.657,23,1,bank_timeout
TXN107052,2197.77,wallet,51,170.8,0.431,0,108,0.217,5,0,insufficient_funds
TXN107053,2340.58,credit_card,51,257.8,0.097,1,44,0.49,2,0,insufficient_funds
TXN107054,3153.55,debit_card,51,130.7,0.148,0,271,0.377,5,1,insufficient_funds
TXN107055,2073.74,upi,51,138.4,0.063,1,797,0.367,18,1,insufficient_funds
TXN107056,127.62,debit_card,65,150.0,0.049,1,17,0.417,8,1,insufficient_funds
TXN107057,4580.87,debit_card,91,302.8,0.199,2,323,0.475,6,1,bank_timeout
TXN107058,1210.28,debit_card,59,106.7,0.83,0,1492,0.876,6,0,fraud_false_positive
TXN107059,8311.01,wallet,51,231.5,0.082,2,665,0.321,21,0,insufficient_funds
TXN107060,5582.28,upi,61,168.9,0.245,3,52,0.454,4,0,insufficient_funds
TXN107061,1116.18,credit_card,61,93.6,0.094,2,1250,0.183,20,0,insufficient_funds
TXN107062,2873.5,upi,61,161.7,0.237,3,111,0.08,20,0,insufficient_funds
TXN107063,2909.27,credit_card,96,442.8,0.219,0,110,0.445,14,1,network_error
TXN107064,1027.36,debit_card,91,463.7,0.138,0,396,0.452,15,0,bank_timeout
TXN107065,3460.68,credit_card,65,132.5,0.136,1,169,0.152,20,0,insufficient_funds
TXN107066,1458.09,credit_card,51,181.9,0.028,2,93,0.152,6,0,insufficient_funds
TXN107067,1962.52,credit_card,51,132.3,0.185,3,1009,0.087,18,0,insufficient_funds
TXN107068,2587.23,debit_card,96,596.6,0.185,1,11,0.427,2,0,network_error
TXN107069,687.04,upi,91,334.5,0.355,1,134,0.382,13,0,bank_timeout
TXN107070,8564.81,netbanking,51,158.4,0.169,1,409,0.306,15,0,insufficient_funds
TXN107071,589.83,debit_card,68,372.6,0.12,0,467,0.545,5,1,bank_timeout
TXN107072,3402.25,credit_card,51,178.1,0.242,0,410,0.515,21,0,insufficient_funds
TXN107073,4142.1,debit_card,51,177.2,0.076,2,670,0.11,15,0,insufficient_funds
TXN107074,4745.04,credit_card,91,417.1,0.398,0,254,0.457,9,0,bank_timeout
TXN107075,4859.92,debit_card,59,102.7,0.691,2,3838,0.583,1,1,fraud_false_positive
TXN107076,2525.27,debit_card,61,215.7,0.088,3,174,0.089,15,1,insufficient_funds
TXN107077,999.51,debit_card,96,289.7,0.214,0,98,0.327,15,1,bank_timeout
TXN107078,7002.29,upi,65,148.8,0.346,0,333,0.198,10,0,insufficient_funds
TXN107079,4093.33,netbanking,51,176.3,0.41,4,57,0.277,17,0,insufficient_funds
TXN107080,1065.26,upi,61,130.1,0.278,0,38,0.336,1,0,insufficient_funds
TXN107081,398.55,credit_card,96,433.4,0.122,0,970,0.292,3,0,network_error
TXN107082,11869.59,credit_card,5,140.9,0.515,0,1572,0.672,17,0,fraud_false_positive
TXN107083,1197.18,credit_card,61,207.6,0.021,1,1686,0.421,11,0,insufficient_funds
TXN107084,2594.83,debit_card,5,588.7,0.089,0,71,0.413,10,0,network_error
TXN107085,9261.44,credit_card,59,211.7,0.661,0,402,0.645,12,1,fraud_false_positive
TXN107086,846.14,credit_card,91,335.6,0.146,0,830,0.649,20,0,bank_timeout
TXN107087,5944.9,wallet,68,304.4,0.456,1,176,0.538,10,1,bank_timeout
TXN107088,2123.49,credit_card,51,153.5,0.015,2,372,0.541,15,0,insufficient_funds
TXN107089,1643.58,upi,51,172.1,0.186,1,185,0.163,15,0,insufficient_funds
TXN107090,134.09,debit_card,91,541.6,0.24,0,315,0.734,10,0,bank_timeout
TXN107091,3016.11,debit_card,59,256.8,0.881,0,513,0.795,18,0,fraud_false_positive
TXN107092,2964.56,netbanking,21,665.4,0.24,0,160,0.331,5,0,network_error
TXN107093,5274.27,credit_card,59,194.9,0.61,0,3921,0.689,8,1,fraud_false_positive
TXN107094,3128.91,upi,96,409.4,0.167,0,398,0.537,12,1,bank_timeout
TXN107095,2036.6,upi,5,582.8,0.15,0,160,0.231,5,1,network_error
TXN107096,3204.24,credit_card,51,198.2,0.111,4,149,0.209,21,0,insufficient_funds
TXN107097,1219.56,wallet,96,615.5,0.192,0,270,0.521,8,0,network_error
TXN107098,7777.95,upi,59,237.6,0.649,1,3196,0.686,21,0,fraud_false_positive
TXN107099,3043.45,wallet,21,375.0,0.119,0,8,0.566,18,0,network_error
TXN107100,3614.63,credit_card,68,278.8,0.326,0,1936,0.372,2,0,bank_timeout
TXN107101,1102.21,upi,51,206.9,0.266,0,376,0.177,22,0,insufficient_funds
TXN107102,1921.17,upi,51,116.9,0.4,1,55,0.314,10,0,insufficient_funds
TXN107103,2140.66,upi,63,176.6,0.932,0,690,0.64,17,0,fraud_false_positive
TXN107104,6069.68,debit_card,51,190.9,0.176,1,989,0.202,6,1,insufficient_funds
TXN107105,771.64,netbanking,5,604.7,0.014,0,1236,0.234,18,0,network_error
TXN107106,931.48,credit_card,68,424.9,0.273,0,839,0.112,7,0,bank_timeout
TXN107107,652.89,debit_card,51,140.1,0.095,0,461,0.577,0,1,insufficient_funds
TXN107108,830.11,debit_card,65,222.2,0.378,0,52,0.104,18,0,insufficient_funds
TXN107109,2695.49,netbanking,96,583.7,0.215,1,875,0.571,4,0,network_error
TXN107110,1272.35,credit_card,91,427.7,0.409,0,120,0.519,16,0,bank_timeout
TXN107111,4588.69,wallet,61,115.8,0.201,1,87,0.258,13,0,insufficient_funds
TXN107112,3792.24,upi,63,147.2,0.829,0,38,0.749,3,1,fraud_false_positive
TXN107113,9295.06,debit_card,51,215.0,0.128,1,123,0.271,20,0,insufficient_funds
TXN107114,1449.57,debit_card,96,383.2,0.091,0,504,0.636,12,1,bank_timeout
TXN107115,2831.7,upi,96,337.5,0.151,0,180,0.51,14,1,network_error
TXN107116,2944.26,debit_card,51,153.6,0.14,3,7,0.168,3,0,insufficient_funds
TXN107117,1660.72,debit_card,51,160.6,0.177,1,71,0.17,5,0,insufficient_funds
TXN107118,6011.04,netbanking,51,225.4,0.049,0,749,0.381,15,0,insufficient_funds
TXN107119,3001.33,credit_card,96,604.5,0.138,1,41,0.647,19,0,network_error
TXN107120,1308.12,upi,91,354.4,0.057,0,594,0.619,21,1,bank_timeout
TXN107121,116.6,credit_card,21,440.0,0.247,0,690,0.435,11,1,network_error
TXN107122,2222.63,wallet,59,276.2,0.598,0,642,0.552,8,1,fraud_false_positive
TXN107123,1609.1,credit_card,5,430.5,0.081,1,1327,0.274,14,0,network_error
TXN107124,1166.91,netbanking,5,335.0,0.45,1,516,0.425,22,0,network_error
TXN107125,994.16,debit_card,91,271.7,0.143,0,776,0.541,1,1,bank_timeout
TXN107126,1837.63,credit_card,21,486.6,0.17,0,848,0.19,11,0,network_error
TXN107127,2903.77,credit_card,96,377.4,0.069,1,60,0.414,22,0,bank_timeout
TXN107128,3456.5,debit_card,96,547.8,0.304,2,143,0.398,11,1,network_error
TXN107129,2891.62,upi,51,181.7,0.339,0,845,0.14,9,1,insufficient_funds
TXN107130,3589.79,credit_card,51,214.6,0.123,1,1409,0.203,13,1,insufficient_funds
TXN107131,877.01,debit_card,96,470.4,0.328,0,17,0.265,20,0,network_error
TXN107132,764.21,credit_card,96,498.2,0.123,0,992,0.717,12,1,network_error
TXN107133,1625.17,netbanking,91,352.5,0.074,0,1,0.244,15,0,bank_timeout
TXN107134,7563.54,debit_card,59,299.1,0.9,1,190,0.451,2,1,fraud_false_positive
TXN107135,2073.84,credit_card,59,224.4,0.899,0,480,0.713,9,1,fraud_false_positive
TXN107136,5028.54,debit_card,68,406.5,0.29,1,503,0.42,14,1,bank_timeout
TXN107137,2684.7,credit_card,91,520.6,0.044,0,690,0.383,19,1,bank_timeout
TXN107138,5002.93,wallet,59,177.1,0.807,0,425,0.633,12,0,fraud_false_positive
TXN107139,1977.19,credit_card,68,354.5,0.002,0,3,0.291,16,1,bank_timeout
TXN107140,2663.39,netbanking,21,363.6,0.281,0,607,0.256,23,1,network_error
TXN107141,1503.57,upi,91,431.9,0.125,0,199,0.414,15,1,bank_timeout
TXN107142,2401.68,netbanking,68,479.1,0.101,1,313,0.542,17,1,bank_timeout
TXN107143,1923.01,credit_card,51,229.0,0.103,1,609,0.252,14,1,insufficient_funds
TXN107144,8022.25,upi,51,221.4,0.294,0,137,0.054,11,0,insufficient_funds
TXN107145,9228.22,upi,59,116.5,0.681,0,1120,0.661,20,0,fraud_false_positive
TXN107146,1099.27,debit_card,51,145.2,0.379,0,234,0.206,22,1,insufficient_funds
TXN107147,1454.54,upi,68,454.1,0.257,1,659,0.468,16,0,bank_timeout
TXN107148,2585.77,debit_card,21,461.8,0.557,0,102,0.388,5,1,network_error
TXN107149,667.07,netbanking,5,527.3,0.372,0,188,0.695,17,1,network_error
TXN107150,3422.57,debit_card,91,437.1,0.134,0,782,0.677,19,0,bank_timeout
TXN107151,6316.78,debit_card,51,205.7,0.372,1,1319,0.514,18,0,insufficient_funds
TXN107152,3414.54,credit_card,61,186.4,0.202,1,732,0.263,14,0,insufficient_funds
TXN107153,6727.31,upi,61,168.9,0.087,1,1058,0.078,16,0,insufficient_funds
TXN107154,3131.43,credit_card,21,450.3,0.366,0,686,0.806,3,1,network_error
TXN107155,1695.86,credit_card,51,197.8,0.114,0,324,0.047,12,1,insufficient_funds
TXN107156,3359.71,debit_card,96,371.4,0.137,0,565,0.33,21,0,bank_timeout
TXN107157,1209.05,wallet,5,199.8,0.806,1,438,0.632,15,0,fraud_false_positive
TXN107158,1590.1,netbanking,51,138.0,0.041,0,44,0.434,0,0,insufficient_funds
TXN107159,1258.29,netbanking,61,118.8,0.38,1,8,0.282,20,1,insufficient_funds
TXN107160,3275.18,debit_card,61,186.8,0.115,1,511,0.093,18,0,insufficient_funds
TXN107161,1404.52,credit_card,61,191.5,0.188,0,1947,0.296,13,1,insufficient_funds
TXN107162,1289.19,upi,51,263.4,0.036,1,106,0.08,12,0,insufficient_funds
TXN107163,3474.45,debit_card,59,221.5,0.437,0,761,0.842,21,0,fraud_false_positive
TXN107164,1031.97,debit_card,61,119.5,0.099,2,231,0.171,12,1,insufficient_funds
TXN107165,3920.3,debit_card,51,218.5,0.168,0,475,0.208,10,0,insufficient_funds
TXN107166,685.65,upi,61,215.9,0.102,1,303,0.082,21,0,insufficient_funds
TXN107167,8037.69,credit_card,65,229.4,0.127,2,11,0.4,5,0,insufficient_funds
TXN107168,7455.76,debit_card,5,100.1,0.62,2,358,0.612,6,0,fraud_false_positive
TXN107169,962.14,credit_card,96,432.1,0.288,0,1109,0.385,13,0,network_error
TXN107170,5075.39,credit_card,51,155.8,0.075,2,459,0.38,23,0,insufficient_funds
TXN107171,1152.77,debit_card,21,442.9,0.051,1,690,0.474,2,0,network_error
TXN107172,5654.48,wallet,61,177.3,0.285,3,342,0.155,21,1,insufficient_funds
TXN107173,2757.29,credit_card,61,212.5,0.281,3,488,0.331,8,0,insufficient_funds
TXN107174,1471.53,credit_card,5,564.0,0.212,1,675,0.553,19,1,network_error
TXN107175,1379.98,credit_card,51,173.4,0.254,2,461,0.05,6,1,insufficient_funds
TXN107176,871.44,debit_card,96,517.6,0.36,1,108,0.801,1,0,network_error
TXN107177,2440.67,netbanking,51,174.5,0.24,0,120,0.151,5,0,insufficient_funds
TXN107178,1873.16,credit_card,51,214.4,0.07,2,637,0.304,13,1,insufficient_funds
TXN107179,2491.84,netbanking,63,200.9,0.664,0,208,0.581,21,0,fraud_false_positive
TXN107180,1390.72,wallet,61,174.6,0.276,0,62,0.342,3,1,insufficient_funds
TXN107181,1529.56,credit_card,59,123.1,0.721,0,1827,0.374,15,1,fraud_false_positive
TXN107182,13397.87,debit_card,59,123.9,0.925,0,2967,0.534,1,0,fraud_false_positive
TXN107183,1117.48,credit_card,96,402.9,0.268,0,1915,0.458,18,0,network_error
TXN107184,1893.05,credit_card,51,63.5,0.081,1,1018,0.079,18,0,insufficient_funds
TXN107185,10223.57,debit_card,59,215.9,0.798,0,1270,0.413,18,0,fraud_false_positive
TXN107186,1446.28,netbanking,91,266.1,0.166,1,434,0.537,9,0,bank_timeout
TXN107187,9814.46,debit_card,59,217.3,0.557,0,218,0.62,16,0,fraud_false_positive
TXN107188,2062.98,credit_card,21,826.8,0.316,0,507,0.51,12,1,network_error
TXN107189,7163.64,credit_card,59,154.9,0.619,1,1032,0.711,6,0,fraud_false_positive
TXN107190,2994.56,upi,5,530.1,0.152,0,447,0.607,4,0,network_error
TXN107191,1851.3,upi,5,506.9,0.354,1,1065,0.585,5,0,network_error
TXN107192,7493.84,debit_card,63,294.4,0.676,0,3243,0.792,4,1,fraud_false_positive
TXN107193,880.9,credit_card,91,458.2,0.395,0,2,0.69,22,1,bank_timeout
TXN107194,2116.7,debit_card,96,631.5,0.072,2,1168,0.462,7,0,network_error
TXN107195,1144.66,wallet,96,498.4,0.154,1,689,0.217,13,0,network_error
TXN107196,2828.44,debit_card,65,170.1,0.263,3,425,0.02,21,0,insufficient_funds
TXN107197,572.93,credit_card,96,295.0,0.103,1,723,0.395,1,0,bank_timeout
TXN107198,5223.71,wallet,21,290.1,0.256,2,672,0.311,6,0,network_error
TXN107199,691.23,credit_card,61,226.6,0.027,3,166,0.21,11,1,insufficient_funds
TXN107200,708.34,wallet,21,549.4,0.181,0,624,0.311,5,0,network_error
TXN107201,4095.84,upi,61,198.4,0.152,3,356,0.116,1,1,insufficient_funds
TXN107202,1450.44,netbanking,61,190.8,0.051,1,304,0.002,5,1,insufficient_funds
TXN107203,1730.82,upi,91,382.7,0.04,2,1591,0.651,19,0,bank_timeout
TXN107204,3215.66,credit_card,51,249.7,0.311,0,970,0.082,22,0,insufficient_funds
TXN107205,1888.87,wallet,5,234.9,0.688,0,1557,0.854,19,1,fraud_false_positive
TXN107206,4180.95,upi,51,193.1,0.078,1,5,0.44,7,0,insufficient_funds
TXN107207,7966.13,credit_card,51,142.3,0.295,1,1019,0.198,20,0,insufficient_funds
TXN107208,633.23,debit_card,91,401.7,0.023,1,806,0.566,6,0,bank_timeout
TXN107209,3070.86,wallet,96,416.0,0.332,0,21,0.421,18,0,bank_timeout
TXN107210,771.22,debit_card,51,244.2,0.038,0,76,0.023,1,1,insufficient_funds
TXN107211,1600.66,debit_card,51,156.6,0.038,2,48,0.314,16,1,insufficient_funds
TXN107212,1269.69,credit_card,91,493.0,0.328,0,220,0.681,6,0,bank_timeout
TXN107213,5879.57,netbanking,63,203.0,0.73,0,563,0.807,20,1,fraud_false_positive
TXN107214,3046.76,upi,51,165.3,0.274,3,322,0.104,9,0,insufficient_funds
TXN107215,2990.53,netbanking,61,181.1,0.098,1,442,0.188,8,1,insufficient_funds
TXN107216,1991.51,upi,21,478.6,0.334,1,804,0.283,3,0,network_error
TXN107217,2583.05,upi,59,241.7,0.864,0,764,0.73,15,1,fraud_false_positive
TXN107218,1036.39,netbanking,96,394.5,0.274,1,618,0.5,8,1,bank_timeout
TXN107219,1254.06,upi,5,527.4,0.069,0,384,0.685,3,1,network_error
TXN107220,2075.65,debit_card,61,210.0,0.257,1,67,0.529,21,0,insufficient_funds
TXN107221,3467.78,debit_card,59,271.0,0.847,1,373,0.7,15,0,fraud_false_positive
TXN107222,1859.22,debit_card,51,192.7,0.183,1,131,0.442,16,0,insufficient_funds
TXN107223,2052.11,credit_card,61,172.0,0.121,0,553,0.279,13,0,insufficient_funds
TXN107224,3938.49,credit_card,5,232.2,0.819,1,513,0.568,8,1,fraud_false_positive
TXN107225,795.39,wallet,65,219.0,0.159,0,85,0.305,19,0,insufficient_funds
TXN107226,3397.85,netbanking,96,449.4,0.169,2,153,0.337,1,1,network_error
TXN107227,1123.5,upi,51,148.4,0.04,1,240,0.266,22,0,insufficient_funds
TXN107228,22563.09,netbanking,63,210.5,0.673,1,1344,0.409,4,0,fraud_false_positive
TXN107229,654.03,debit_card,91,286.4,0.442,0,360,0.667,5,0,bank_timeout
TXN107230,1525.0,debit_card,96,220.8,0.176,1,197,0.823,15,0,bank_timeout
TXN107231,11379.28,upi,5,203.2,0.882,1,1177,0.756,2,1,fraud_false_positive
TXN107232,8914.44,netbanking,5,213.1,0.79,0,791,0.9,13,0,fraud_false_positive
TXN107233,3241.72,upi,68,326.2,0.084,1,335,0.442,4,1,bank_timeout
TXN107234,473.51,credit_card,96,345.7,0.258,1,285,0.399,12,0,bank_timeout
TXN107235,3121.66,upi,65,133.4,0.285,2,186,0.423,22,1,insufficient_funds
TXN107236,1247.4,upi,51,184.5,0.179,4,168,0.142,22,0,insufficient_funds
TXN107237,1067.13,wallet,96,223.4,0.358,0,328,0.563,21,1,bank_timeout
TXN107238,2245.77,credit_card,91,445.5,0.181,1,869,0.593,12,0,bank_timeout
TXN107239,5541.86,debit_card,61,183.7,0.1,0,204,0.2,11,0,insufficient_funds
TXN107240,5165.25,credit_card,59,190.0,0.895,0,505,0.457,12,1,fraud_false_positive
TXN107241,1422.4,debit_card,68,403.0,0.117,0,1410,0.37,18,0,bank_timeout
TXN107242,1469.32,upi,96,509.6,0.142,1,55,0.173,4,0,network_error
TXN107243,4936.77,upi,61,130.1,0.129,0,9,0.381,2,0,insufficient_funds
TXN107244,2399.33,credit_card,61,202.0,0.139,3,152,0.106,1,1,insufficient_funds
TXN107245,2016.8,credit_card,51,182.3,0.148,0,60,0.619,15,0,insufficient_funds
TXN107246,2602.01,upi,96,571.6,0.078,0,356,0.525,4,0,network_error
TXN107247,3233.06,debit_card,61,158.4,0.086,1,267,0.131,13,1,insufficient_funds
TXN107248,4487.98,netbanking,68,248.0,0.252,0,1532,0.312,9,0,bank_timeout
TXN107249,5342.73,upi,5,170.0,0.552,0,387,0.656,8,0,fraud_false_positive
TXN107250,1391.63,debit_card,21,435.7,0.314,0,678,0.449,13,1,network_error
TXN107251,9030.99,debit_card,61,137.6,0.229,3,192,0.39,12,1,insufficient_funds
TXN107252,567.75,debit_card,51,167.9,0.103,0,54,0.24,1,1,insufficient_funds
TXN107253,5685.24,debit_card,68,438.0,0.188,1,18,0.315,23,0,bank_timeout
TXN107254,198.38,wallet,91,213.7,0.09,1,92,0.48,10,0,bank_timeout
TXN107255,4421.54,upi,5,399.2,0.18,0,147,0.471,6,1,network_error
TXN107256,751.27,credit_card,51,112.7,0.249,1,492,0.046,18,0,insufficient_funds
TXN107257,3636.14,credit_card,96,328.3,0.275,1,593,0.502,21,0,network_error
TXN107258,7161.85,credit_card,51,200.0,0.286,3,126,0.281,20,1,insufficient_funds
TXN107259,3450.8,netbanking,96,580.6,0.068,1,16,0.651,3,1,network_error
TXN107260,431.98,debit_card,96,551.5,0.213,2,150,0.761,3,0,network_error
TXN107261,2115.05,netbanking,51,115.7,0.109,1,158,0.174,1,0,insufficient_funds
TXN107262,1520.69,wallet,51,131.0,0.102,2,585,0.259,13,1,insufficient_funds
TXN107263,661.3,credit_card,65,208.2,0.301,0,435,0.474,12,0,insufficient_funds
TXN107264,1783.77,upi,21,379.9,0.055,0,290,0.374,12,0,network_error
TXN107265,2100.61,debit_card,96,716.0,0.126,0,207,0.743,23,0,network_error
TXN107266,783.61,netbanking,65,151.5,0.22,3,199,0.073,20,0,insufficient_funds
TXN107267,4948.61,credit_card,51,182.9,0.265,1,47,0.298,1,1,insufficient_funds
TXN107268,2916.73,upi,96,520.0,0.329,1,1049,0.401,5,0,network_error
TXN107269,10853.38,wallet,5,202.8,0.731,0,1084,0.724,8,0,fraud_false_positive
TXN107270,1529.87,credit_card,96,588.6,0.23,0,1525,0.338,15,0,network_error
TXN107271,328.7,upi,96,467.5,0.126,0,576,0.28,2,0,network_error
TXN107272,1454.45,debit_card,68,323.6,0.052,0,116,0.379,8,0,bank_timeout
TXN107273,9687.98,netbanking,63,171.7,0.805,0,1465,0.627,17,1,fraud_false_positive
TXN107274,1590.33,upi,51,129.4,0.098,1,161,0.533,13,0,insufficient_funds
TXN107275,8933.56,debit_card,51,153.4,0.246,0,465,0.131,4,0,insufficient_funds
TXN107276,2427.65,debit_card,96,402.0,0.303,1,1439,0.598,22,0,bank_timeout
TXN107277,2044.05,netbanking,65,119.0,0.132,1,340,0.302,23,0,insufficient_funds
TXN107278,1473.2,upi,51,132.6,0.144,1,57,0.147,15,0,insufficient_funds
TXN107279,3998.11,credit_card,61,137.3,0.082,1,638,0.395,11,1,insufficient_funds
TXN107280,13717.23,upi,59,179.0,0.645,0,803,0.525,22,1,fraud_false_positive
TXN107281,724.26,netbanking,51,188.3,0.165,1,688,0.135,22,1,insufficient_funds
TXN107282,1411.23,netbanking,5,440.3,0.206,3,239,0.454,4,1,network_error
TXN107283,2447.42,credit_card,61,101.7,0.134,1,453,0.213,3,1,insufficient_funds
TXN107284,1681.92,credit_card,51,190.5,0.056,1,114,0.028,22,1,insufficient_funds
TXN107285,1704.11,debit_card,61,194.0,0.039,0,117,0.231,14,0,insufficient_funds
TXN107286,3095.11,debit_card,51,167.2,0.054,2,57,0.192,11,1,insufficient_funds
TXN107287,4683.12,credit_card,51,239.1,0.124,3,1222,0.416,21,0,insufficient_funds
TXN107288,308.25,wallet,91,457.2,0.277,1,1925,0.529,18,0,bank_timeout
TXN107289,1660.32,netbanking,65,224.8,0.181,0,811,0.359,18,0,insufficient_funds
TXN107290,2683.68,credit_card,91,388.7,0.337,1,355,0.289,11,0,bank_timeout
TXN107291,1576.84,credit_card,96,326.6,0.052,0,208,0.345,15,1,network_error
TXN107292,3409.26,debit_card,59,102.4,0.872,1,300,0.629,5,0,fraud_false_positive
TXN107293,1040.45,upi,68,359.8,0.163,0,186,0.733,23,0,bank_timeout
TXN107294,2068.21,debit_card,5,297.6,0.231,1,308,0.534,22,0,network_error
TXN107295,3105.71,netbanking,21,442.2,0.302,0,905,0.744,1,1,network_error
TXN107296,3532.14,credit_card,63,180.1,0.664,0,537,0.559,11,0,fraud_false_positive
TXN107297,7215.84,credit_card,91,329.0,0.18,1,341,0.456,6,1,bank_timeout
TXN107298,1849.84,credit_card,96,361.8,0.387,1,1236,0.326,6,0,bank_timeout
TXN107299,1215.78,upi,96,546.1,0.091,0,1109,0.498,19,1,network_error
TXN107300,1647.43,netbanking,51,180.6,0.277,0,481,0.363,12,0,insufficient_funds
TXN107301,972.9,credit_card,61,148.8,0.234,1,733,0.188,10,1,insufficient_funds
TXN107302,1811.75,credit_card,91,392.7,0.24,0,1818,0.3,4,0,bank_timeout
TXN107303,1897.06,upi,91,334.6,0.471,0,637,0.507,0,1,bank_timeout
TXN107304,1206.15,credit_card,96,416.8,0.285,4,42,0.579,3,0,bank_timeout
TXN107305,398.95,upi,68,318.0,0.391,0,684,0.43,2,0,bank_timeout
TXN107306,3353.38,netbanking,59,172.6,0.771,0,356,0.707,0,0,fraud_false_positive
TXN107307,718.3,wallet,68,397.1,0.262,1,281,0.463,0,0,bank_timeout
TXN107308,1627.31,upi,51,238.5,0.465,3,444,0.249,13,0,insufficient_funds
TXN107309,845.7,debit_card,96,313.5,0.39,0,144,0.235,1,0,bank_timeout
TXN107310,1740.51,upi,68,389.8,0.175,0,47,0.284,23,1,bank_timeout
TXN107311,3969.04,debit_card,51,150.8,0.19,2,900,0.423,11,1,insufficient_funds
TXN107312,8830.08,credit_card,51,181.3,0.448,3,7,0.251,13,0,insufficient_funds
TXN107313,3877.39,upi,5,205.4,0.733,0,3631,0.526,5,0,fraud_false_positive
TXN107314,2227.39,credit_card,51,174.9,0.15,1,14,0.238,16,0,insufficient_funds
TXN107315,6006.16,credit_card,5,691.8,0.138,0,1332,0.668,2,0,network_error
TXN107316,2755.39,debit_card,21,404.7,0.235,0,486,0.342,22,1,network_error
TXN107317,3949.26,credit_card,51,249.3,0.125,0,293,0.318,8,0,insufficient_funds
TXN107318,346.5,credit_card,51,158.0,0.074,3,204,0.203,11,1,insufficient_funds
TXN107319,208.13,debit_card,51,240.0,0.255,1,131,0.039,20,0,insufficient_funds
TXN107320,2055.97,credit_card,91,365.2,0.078,0,187,0.639,1,0,bank_timeout
TXN107321,674.39,debit_card,91,388.0,0.26,1,297,0.572,3,0,bank_timeout
TXN107322,2577.18,debit_card,51,217.6,0.071,2,345,0.492,5,1,insufficient_funds
TXN107323,1458.76,debit_card,68,388.1,0.38,0,284,0.409,21,0,bank_timeout
TXN107324,631.85,upi,51,195.8,0.24,1,524,0.582,6,0,insufficient_funds
TXN107325,3316.88,debit_card,91,283.3,0.294,0,519,0.377,16,1,bank_timeout
TXN107326,1043.81,debit_card,51,205.2,0.376,2,604,0.522,11,1,insufficient_funds
TXN107327,10171.68,credit_card,61,167.5,0.109,2,672,0.107,7,0,insufficient_funds
TXN107328,2710.08,upi,91,217.5,0.055,0,382,0.598,22,0,bank_timeout
TXN107329,3672.93,credit_card,51,166.1,0.318,1,27,0.376,0,0,insufficient_funds
TXN107330,746.9,netbanking,91,370.1,0.345,4,291,0.52,23,1,bank_timeout
TXN107331,1714.31,debit_card,68,372.4,0.263,0,563,0.261,18,1,bank_timeout
TXN107332,3437.73,netbanking,51,88.8,0.042,2,745,0.581,3,1,insufficient_funds
TXN107333,3620.77,debit_card,51,210.5,0.07,3,78,0.104,12,1,insufficient_funds
TXN107334,5750.02,debit_card,51,182.4,0.172,2,576,0.406,10,0,insufficient_funds
TXN107335,2877.3,credit_card,96,493.1,0.144,1,1277,0.52,15,1,network_error
TXN107336,4878.35,credit_card,51,173.8,0.138,2,1253,0.23,18,0,insufficient_funds
TXN107337,2020.22,credit_card,5,491.5,0.132,0,964,0.726,9,1,network_error
TXN107338,1677.43,wallet,51,173.7,0.03,1,44,0.562,21,0,insufficient_funds
TXN107339,209.43,debit_card,59,240.1,0.586,0,77,0.385,8,1,fraud_false_positive
TXN107340,1510.25,upi,91,221.1,0.337,0,480,0.633,0,1,bank_timeout
TXN107341,5002.24,credit_card,21,461.2,0.129,0,992,0.59,0,1,network_error
TXN107342,791.12,upi,96,401.6,0.115,0,294,0.479,0,0,network_error
TXN107343,468.56,credit_card,96,661.4,0.167,0,74,0.657,1,1,network_error
TXN107344,4713.43,debit_card,51,97.5,0.419,0,142,0.326,23,1,insufficient_funds
TXN107345,1695.29,netbanking,51,221.0,0.302,0,68,0.275,1,0,insufficient_funds
TXN107346,3210.26,upi,51,152.1,0.19,0,331,0.295,22,0,insufficient_funds
TXN107347,1063.16,wallet,96,528.4,0.256,1,399,0.362,2,0,network_error
TXN107348,2916.61,upi,61,163.5,0.308,0,95,0.106,4,0,insufficient_funds
TXN107349,8793.44,upi,51,204.5,0.099,3,249,0.409,13,0,insufficient_funds
TXN107350,1099.69,credit_card,96,382.0,0.238,1,507,0.725,1,0,bank_timeout
TXN107351,3192.42,debit_card,51,282.3,0.072,0,13,0.051,22,0,insufficient_funds
TXN107352,15536.23,credit_card,65,193.3,0.346,5,66,0.324,9,0,insufficient_funds
TXN107353,772.65,netbanking,96,360.2,0.173,1,892,0.239,13,1,network_error
TXN107354,4880.92,wallet,63,232.4,0.701,0,292,0.732,0,1,fraud_false_positive
TXN107355,1028.86,credit_card,96,302.6,0.034,0,11,0.445,20,1,network_error
TXN107356,5870.18,debit_card,91,365.1,0.352,0,706,0.676,13,1,bank_timeout
TXN107357,3447.82,upi,51,155.0,0.104,0,63,0.421,13,0,insufficient_funds
TXN107358,4000.08,debit_card,59,195.9,0.845,0,62,0.834,16,0,fraud_false_positive
TXN107359,2795.8,upi,5,556.0,0.231,1,239,0.356,12,0,network_error
TXN107360,2308.23,credit_card,61,218.2,0.175,1,227,0.042,22,0,insufficient_funds
TXN107361,2445.62,credit_card,51,139.8,0.077,1,1225,0.158,17,0,insufficient_funds
TXN107362,9310.43,upi,59,191.6,0.887,0,398,0.704,12,0,fraud_false_positive
TXN107363,1486.77,upi,51,229.2,0.358,1,345,0.146,7,0,insufficient_funds
TXN107364,1676.53,credit_card,51,115.3,0.362,1,174,0.036,2,0,insufficient_funds
TXN107365,3328.04,credit_card,61,208.7,0.135,0,501,0.26,10,1,insufficient_funds
TXN107366,3716.53,debit_card,51,191.0,0.05,3,12,0.113,0,1,insufficient_funds
TXN107367,3612.62,debit_card,51,173.2,0.13,2,1354,0.18,14,1,insufficient_funds
TXN107368,4201.78,credit_card,61,244.2,0.223,2,502,0.29,23,0,insufficient_funds
TXN107369,3595.45,credit_card,91,213.2,0.432,0,124,0.468,19,0,bank_timeout
TXN107370,1438.91,debit_card,91,252.3,0.167,0,122,0.527,12,0,bank_timeout
TXN107371,2864.46,debit_card,68,341.1,0.251,0,816,0.395,20,0,bank_timeout
TXN107372,2327.63,credit_card,96,356.1,0.214,0,256,0.381,15,1,bank_timeout
TXN107373,10694.16,upi,51,197.6,0.146,3,82,0.388,4,0,insufficient_funds
TXN107374,1810.15,netbanking,21,413.5,0.12,0,137,0.516,3,1,network_error
TXN107375,465.36,upi,51,108.4,0.236,0,716,0.485,10,0,insufficient_funds
TXN107376,4689.52,debit_card,59,195.5,0.625,0,501,0.888,12,1,fraud_false_positive
TXN107377,5124.04,debit_card,51,195.8,0.443,0,357,0.262,16,0,insufficient_funds
TXN107378,5496.27,upi,65,149.8,0.37,1,961,0.383,11,1,insufficient_funds
TXN107379,5706.1,credit_card,59,227.6,0.63,1,1631,0.603,2,0,fraud_false_positive
TXN107380,4718.42,debit_card,96,486.9,0.019,0,484,0.561,17,1,network_error
TXN107381,325.41,debit_card,68,526.0,0.27,0,322,0.427,0,1,bank_timeout
TXN107382,774.32,debit_card,96,586.1,0.561,2,673,0.376,12,0,network_error
TXN107383,1244.47,wallet,96,146.0,0.12,0,42,0.577,11,1,bank_timeout
TXN107384,2296.69,credit_card,68,401.6,0.22,1,393,0.515,1,0,bank_timeout
TXN107385,3101.38,debit_card,51,117.7,0.158,2,116,0.019,7,1,insufficient_funds
TXN107386,777.78,debit_card,91,279.5,0.149,0,425,0.739,17,0,bank_timeout
TXN107387,1791.1,debit_card,68,366.8,0.273,0,347,0.271,5,1,bank_timeout
TXN107388,2516.71,netbanking,61,171.0,0.177,0,410,0.413,17,0,insufficient_funds
TXN107389,2402.36,upi,91,337.3,0.144,0,321,0.542,15,0,bank_timeout
TXN107390,568.98,netbanking,91,383.2,0.16,0,134,0.325,14,1,bank_timeout
TXN107391,2502.18,debit_card,96,463.4,0.232,0,441,0.518,15,0,bank_timeout
TXN107392,1901.27,debit_card,96,276.9,0.265,1,8,0.3,3,0,bank_timeout
TXN107393,1451.78,credit_card,21,319.3,0.348,0,256,0.371,13,1,network_error
TXN107394,1964.05,debit_card,5,188.9,0.202,1,1049,0.549,2,1,network_error
TXN107395,1982.46,credit_card,21,449.2,0.244,0,62,0.191,10,0,network_error
TXN107396,9207.47,debit_card,61,219.2,0.332,3,220,0.134,1,1,insufficient_funds
TXN107397,2686.83,netbanking,61,190.8,0.076,2,2053,0.325,7,1,insufficient_funds
TXN107398,3793.83,credit_card,59,164.9,0.794,0,123,0.949,4,1,fraud_false_positive
TXN107399,3927.02,debit_card,5,158.2,0.733,0,1137,0.435,1,1,fraud_false_positive
TXN107400,3312.11,upi,91,299.1,0.059,0,804,0.328,23,0,bank_timeout
TXN107401,5650.05,netbanking,63,162.6,0.86,1,423,0.859,23,0,fraud_false_positive
TXN107402,1619.35,upi,51,169.7,0.349,1,359,0.231,14,0,insufficient_funds
TXN107403,2183.33,credit_card,96,614.5,0.098,0,589,0.407,1,0,network_error
TXN107404,1317.29,netbanking,61,88.2,0.236,0,5,0.174,23,0,insufficient_funds
TXN107405,8483.84,credit_card,63,238.8,0.779,0,3920,0.495,4,1,fraud_false_positive
TXN107406,983.23,debit_card,63,126.7,0.484,0,295,0.596,21,0,fraud_false_positive
TXN107407,3705.89,wallet,51,131.3,0.219,2,136,0.079,4,0,insufficient_funds
TXN107408,6234.33,wallet,51,257.7,0.149,4,103,0.041,15,1,insufficient_funds
TXN107409,851.22,upi,61,226.4,0.23,1,64,0.046,12,0,insufficient_funds
TXN107410,2086.2,netbanking,51,199.9,0.345,0,992,0.235,13,0,insufficient_funds
TXN107411,956.6,credit_card,96,305.6,0.196,3,133,0.545,19,0,bank_timeout
TXN107412,1468.91,debit_card,91,515.3,0.128,2,98,0.405,4,1,bank_timeout
TXN107413,2946.16,credit_card,65,181.7,0.083,2,681,0.27,15,0,insufficient_funds
TXN107414,1440.52,credit_card,5,444.5,0.073,0,971,0.821,12,0,network_error
TXN107415,1568.83,credit_card,96,338.2,0.141,0,58,0.347,8,0,bank_timeout
TXN107416,6751.76,upi,59,185.2,0.609,0,747,0.908,12,0,fraud_false_positive
TXN107417,388.57,credit_card,51,183.9,0.189,0,246,0.659,6,1,insufficient_funds
TXN107418,2271.8,upi,61,171.5,0.298,1,682,0.261,8,1,insufficient_funds
TXN107419,2728.67,credit_card,91,172.8,0.067,0,226,0.601,18,1,bank_timeout
TXN107420,4003.57,credit_card,63,225.6,0.528,0,339,0.661,0,0,fraud_false_positive
TXN107421,1000.49,upi,96,390.3,0.208,0,1211,0.625,22,1,bank_timeout
TXN107422,3733.74,netbanking,91,310.9,0.165,0,876,0.302,10,0,bank_timeout
TXN107423,821.48,credit_card,96,739.1,0.292,1,438,0.409,17,0,network_error
TXN107424,7163.52,credit_card,63,213.0,0.891,0,501,0.381,16,0,fraud_false_positive
TXN107425,1382.07,netbanking,65,160.5,0.39,0,25,0.35,18,0,insufficient_funds
TXN107426,9999.12,netbanking,5,244.7,0.814,0,208,0.62,21,0,fraud_false_positive
TXN107427,4371.98,credit_card,51,174.6,0.223,1,784,0.185,7,0,insufficient_funds
TXN107428,5070.15,debit_card,51,194.8,0.097,1,740,0.106,15,1,insufficient_funds
TXN107429,2303.46,debit_card,68,457.4,0.172,2,30,0.494,12,0,bank_timeout
TXN107430,594.37,debit_card,91,320.8,0.476,0,215,0.468,19,1,bank_timeout
TXN107431,2698.45,upi,51,148.7,0.08,0,632,0.303,22,1,insufficient_funds
TXN107432,979.48,upi,91,407.6,0.161,1,428,0.643,15,1,bank_timeout
TXN107433,905.87,credit_card,96,467.5,0.107,1,121,0.362,21,0,bank_timeout
TXN107434,648.04,upi,5,555.9,0.194,1,469,0.375,14,0,network_error
TXN107435,480.37,credit_card,96,349.4,0.045,2,2177,0.616,20,0,bank_timeout
TXN107436,3618.5,upi,51,196.6,0.316,0,375,0.312,8,0,insufficient_funds
TXN107437,2618.8,debit_card,63,272.1,0.818,0,1527,0.754,8,0,fraud_false_positive
TXN107438,5364.62,credit_card,51,175.9,0.119,0,223,0.031,22,1,insufficient_funds
TXN107439,690.1,wallet,96,483.8,0.423,0,426,0.122,20,0,network_error
TXN107440,2194.16,netbanking,63,236.0,0.673,0,475,0.566,17,1,fraud_false_positive
TXN107441,4251.84,netbanking,5,465.9,0.227,0,134,0.446,14,1,network_error
TXN107442,1774.92,wallet,51,156.5,0.182,2,490,0.258,22,0,insufficient_funds
TXN107443,3903.46,netbanking,51,202.4,0.193,3,161,0.394,17,0,insufficient_funds
TXN107444,562.57,netbanking,96,537.4,0.122,0,102,0.475,11,0,network_error
TXN107445,2699.29,debit_card,61,182.8,0.112,1,73,0.422,23,1,insufficient_funds
TXN107446,507.76,credit_card,96,454.5,0.524,0,195,0.337,23,0,network_error
TXN107447,1338.0,credit_card,91,406.2,0.114,0,600,0.689,3,0,bank_timeout
TXN107448,1877.02,credit_card,51,178.7,0.168,4,403,0.376,10,0,insufficient_funds
TXN107449,2254.01,upi,91,243.0,0.139,0,583,0.779,5,1,bank_timeout
TXN107450,354.51,debit_card,96,391.9,0.087,1,1303,0.444,22,0,bank_timeout
TXN107451,2896.72,debit_card,96,643.0,0.084,1,663,0.668,11,0,network_error
TXN107452,3579.21,credit_card,65,128.0,0.232,0,272,0.222,22,1,insufficient_funds
TXN107453,2814.41,credit_card,59,159.9,0.883,0,187,0.607,3,0,fraud_false_positive
TXN107454,1700.8,credit_card,59,214.4,0.645,0,2078,0.313,9,1,fraud_false_positive
TXN107455,2746.76,upi,91,331.6,0.056,2,106,0.572,10,0,bank_timeout
TXN107456,2583.43,debit_card,59,235.0,0.634,0,391,0.706,17,0,fraud_false_positive
TXN107457,758.67,credit_card,96,379.4,0.116,0,301,0.678,6,1,network_error
TXN107458,4519.16,netbanking,96,423.0,0.076,0,695,0.594,23,0,bank_timeout
TXN107459,7955.73,debit_card,51,183.4,0.458,1,39,0.344,1,0,insufficient_funds
TXN107460,840.79,upi,96,384.0,0.133,0,433,0.605,6,1,network_error
TXN107461,4625.34,debit_card,63,134.8,0.897,0,1553,0.467,2,0,fraud_false_positive
TXN107462,1346.61,debit_card,61,182.8,0.226,0,230,0.276,3,0,insufficient_funds
TXN107463,3384.23,debit_card,51,148.9,0.298,1,819,0.147,17,0,insufficient_funds
TXN107464,2255.22,debit_card,96,605.1,0.159,0,242,0.728,2,0,network_error
TXN107465,6777.18,upi,65,168.8,0.213,0,77,0.339,0,1,insufficient_funds
TXN107466,5278.57,debit_card,59,205.0,0.685,0,1087,0.685,1,0,fraud_false_positive
TXN107467,2228.11,credit_card,96,333.9,0.417,0,664,0.274,16,1,bank_timeout
TXN107468,1262.12,credit_card,91,238.8,0.121,2,385,0.456,2,0,bank_timeout
TXN107469,1319.92,credit_card,51,256.3,0.088,1,43,0.089,17,0,insufficient_funds
TXN107470,7243.71,credit_card,5,194.5,0.823,1,3203,0.806,22,0,fraud_false_positive
TXN107471,1647.52,debit_card,21,697.3,0.163,0,475,0.286,0,1,network_error
TXN107472,2377.93,upi,61,111.4,0.265,0,371,0.115,0,0,insufficient_funds
TXN107473,948.59,upi,91,327.8,0.167,0,1087,0.214,10,0,bank_timeout
TXN107474,7242.29,debit_card,96,475.2,0.077,0,1389,0.569,20,0,bank_timeout
TXN107475,11783.03,upi,5,235.9,0.273,1,429,0.675,6,1,fraud_false_positive
TXN107476,1371.7,credit_card,5,497.4,0.428,1,728,0.817,20,0,network_error
TXN107477,3464.8,netbanking,51,170.7,0.367,1,576,0.583,7,0,insufficient_funds
TXN107478,984.34,upi,96,302.0,0.524,1,75,0.681,18,1,bank_timeout
TXN107479,3211.11,debit_card,59,142.7,0.756,0,111,0.791,2,1,fraud_false_positive
TXN107480,2253.08,upi,91,447.4,0.261,0,951,0.702,9,0,bank_timeout
TXN107481,4189.17,debit_card,51,240.0,0.43,0,248,0.283,0,0,insufficient_funds
TXN107482,9832.75,debit_card,51,188.9,0.299,1,704,0.305,3,0,insufficient_funds
TXN107483,3640.27,upi,51,243.5,0.221,0,391,0.031,17,0,insufficient_funds
TXN107484,1282.25,netbanking,96,465.1,0.103,0,287,0.792,13,0,network_error
TXN107485,5471.2,netbanking,51,206.3,0.422,1,89,0.045,20,0,insufficient_funds
TXN107486,514.16,wallet,96,388.4,0.012,0,116,0.461,9,0,bank_timeout
TXN107487,1190.02,credit_card,65,158.1,0.056,1,443,0.198,15,1,insufficient_funds
TXN107488,743.86,debit_card,96,569.7,0.177,0,10,0.351,5,1,network_error
TXN107489,1447.83,upi,51,180.5,0.156,0,403,0.121,23,1,insufficient_funds
TXN107490,1221.33,debit_card,21,663.9,0.11,0,182,0.391,9,0,network_error
TXN107491,4009.19,credit_card,68,428.9,0.176,1,542,0.71,16,1,bank_timeout
TXN107492,1530.54,upi,63,264.7,0.62,1,594,0.709,16,0,fraud_false_positive
TXN107493,1914.72,upi,96,568.3,0.341,0,169,0.292,20,0,network_error
TXN107494,2538.04,credit_card,96,266.5,0.037,0,421,0.529,2,1,bank_timeout
TXN107495,1872.45,credit_card,21,414.7,0.355,0,159,0.757,9,0,network_error
TXN107496,2617.29,credit_card,51,121.4,0.255,3,559,0.241,10,0,insufficient_funds
TXN107497,3009.05,upi,68,271.0,0.2,1,1409,0.3,15,0,bank_timeout
TXN107498,3222.99,debit_card,51,168.4,0.336,2,205,0.176,1,0,insufficient_funds
TXN107499,5602.51,upi,51,217.1,0.27,1,883,0.125,4,1,insufficient_funds
TXN107500,3155.0,netbanking,51,234.9,0.086,1,117,0.08,11,0,insufficient_funds
TXN107501,1454.33,credit_card,96,580.4,0.223,2,639,0.519,21,1,network_error
TXN107502,5937.93,debit_card,61,202.3,0.115,5,73,0.208,22,0,insufficient_funds
TXN107503,2006.25,wallet,91,325.5,0.23,3,554,0.578,5,1,bank_timeout
TXN107504,1868.96,debit_card,51,213.2,0.194,1,683,0.352,20,0,insufficient_funds
TXN107505,3544.05,debit_card,96,487.4,0.202,2,39,0.697,21,0,network_error
TXN107506,3189.92,debit_card,51,205.8,0.371,1,2116,0.522,15,0,insufficient_funds
TXN107507,2844.18,upi,51,168.1,0.441,2,1237,0.123,19,1,insufficient_funds
TXN107508,681.18,credit_card,65,173.0,0.11,2,451,0.12,17,0,insufficient_funds
TXN107509,2038.78,debit_card,91,381.7,0.158,1,680,0.558,14,0,bank_timeout
TXN107510,4342.07,credit_card,51,198.9,0.237,0,85,0.123,17,0,insufficient_funds
TXN107511,3690.61,debit_card,61,140.8,0.103,3,88,0.459,13,0,insufficient_funds
TXN107512,1761.45,upi,91,260.8,0.069,0,456,0.6,3,0,bank_timeout
TXN107513,7188.03,debit_card,51,146.0,0.272,1,236,0.218,17,0,insufficient_funds
TXN107514,9398.82,debit_card,51,186.6,0.081,2,1237,0.443,13,0,insufficient_funds
TXN107515,4991.24,upi,51,121.2,0.519,1,187,0.084,22,1,insufficient_funds
TXN107516,2974.85,credit_card,51,220.6,0.153,2,663,0.143,12,1,insufficient_funds
TXN107517,5091.2,wallet,91,344.8,0.233,0,19,0.28,3,0,bank_timeout
TXN107518,854.24,debit_card,21,459.1,0.217,1,364,0.644,13,0,network_error
TXN107519,304.71,netbanking,59,121.4,0.577,0,3693,0.775,23,1,fraud_false_positive
TXN107520,4052.39,wallet,63,177.8,0.71,0,281,0.551,7,1,fraud_false_positive
TXN107521,2500.54,credit_card,51,114.6,0.112,0,302,0.328,1,0,insufficient_funds
TXN107522,2359.87,netbanking,5,567.3,0.235,0,186,0.427,8,1,network_error
TXN107523,1143.11,debit_card,5,381.0,0.202,1,50,0.778,0,1,network_error
TXN107524,7670.86,upi,5,195.5,0.651,0,1112,0.504,23,0,fraud_false_positive
TXN107525,7375.02,debit_card,51,194.1,0.081,1,36,0.319,17,1,insufficient_funds
TXN107526,856.16,netbanking,61,183.2,0.023,1,287,0.216,4,0,insufficient_funds
TXN107527,2636.61,upi,61,165.8,0.198,0,980,0.429,2,0,insufficient_funds
TXN107528,3817.94,wallet,51,211.4,0.45,1,197,0.231,8,0,insufficient_funds
TXN107529,344.81,upi,5,412.1,0.122,0,381,0.52,2,0,network_error
TXN107530,619.56,debit_card,91,391.5,0.288,0,395,0.399,23,1,bank_timeout
TXN107531,1142.79,upi,91,322.4,0.362,0,136,0.628,13,0,bank_timeout
TXN107532,515.22,credit_card,96,732.8,0.309,1,109,0.703,20,0,network_error
TXN107533,1179.07,upi,5,123.2,0.559,0,109,0.674,9,1,fraud_false_positive
TXN107534,9407.8,wallet,65,210.1,0.213,0,12,0.309,5,1,insufficient_funds
TXN107535,4520.57,wallet,59,316.7,0.858,0,1133,0.722,4,0,fraud_false_positive
TXN107536,3040.57,debit_card,51,272.8,0.346,0,83,0.343,6,1,insufficient_funds
TXN107537,4761.49,debit_card,59,192.9,0.631,1,2420,0.405,3,0,fraud_false_positive
TXN107538,3199.01,credit_card,61,216.9,0.146,1,667,0.273,3,0,insufficient_funds
TXN107539,3058.44,credit_card,5,634.7,0.318,0,147,0.454,14,0,network_error
TXN107540,3107.92,debit_card,91,374.8,0.148,0,370,0.585,13,0,bank_timeout
TXN107541,3963.17,wallet,91,316.9,0.235,0,222,0.13,6,1,bank_timeout
TXN107542,2077.6,credit_card,51,114.7,0.085,1,749,0.42,13,0,insufficient_funds
TXN107543,889.83,credit_card,96,314.7,0.075,0,656,0.486,22,1,network_error
TXN107544,3568.84,credit_card,96,171.5,0.029,0,461,0.216,9,0,bank_timeout
TXN107545,1410.82,netbanking,5,229.8,0.763,0,382,0.719,6,0,fraud_false_positive
TXN107546,1197.48,debit_card,51,188.6,0.024,3,175,0.19,7,0,insufficient_funds
TXN107547,1004.74,credit_card,91,368.8,0.367,0,111,0.757,18,0,bank_timeout
TXN107548,1275.11,upi,96,198.8,0.472,2,142,0.504,11,0,bank_timeout
TXN107549,5081.88,debit_card,5,405.6,0.06,0,647,0.316,21,0,network_error
TXN107550,850.17,netbanking,96,701.6,0.148,0,1785,0.676,17,1,network_error
TXN107551,13297.42,netbanking,63,289.4,0.845,0,1226,0.381,9,1,fraud_false_positive
TXN107552,1744.86,debit_card,91,377.5,0.378,0,35,0.45,4,1,bank_timeout
TXN107553,161.05,netbanking,91,242.7,0.099,0,370,0.58,6,0,bank_timeout
TXN107554,2545.12,debit_card,96,315.8,0.426,1,224,0.854,1,0,bank_timeout
TXN107555,3073.28,netbanking,21,401.6,0.231,2,41,0.217,21,0,network_error
TXN107556,2481.17,upi,51,207.1,0.035,1,90,0.289,17,0,insufficient_funds
TXN107557,2808.79,netbanking,5,332.8,0.255,1,357,0.539,6,1,network_error
TXN107558,1238.86,upi,21,419.2,0.237,1,16,0.543,9,1,network_error
TXN107559,1015.01,debit_card,51,156.6,0.244,1,254,0.061,19,0,insufficient_funds
TXN107560,1992.61,upi,21,307.1,0.099,0,119,0.502,16,0,network_error
TXN107561,191.34,credit_card,21,215.6,0.049,0,1489,0.213,21,0,network_error
TXN107562,495.43,netbanking,21,476.9,0.248,0,320,0.48,23,0,network_error
TXN107563,556.37,credit_card,65,157.9,0.178,0,336,0.005,7,0,insufficient_funds
TXN107564,1994.94,upi,96,525.8,0.176,1,180,0.707,19,0,network_error
TXN107565,4684.08,credit_card,61,200.3,0.357,0,100,0.22,13,0,insufficient_funds
TXN107566,2457.6,upi,96,442.5,0.476,0,761,0.631,18,0,bank_timeout
TXN107567,943.77,upi,96,347.6,0.058,1,285,0.437,19,0,bank_timeout
TXN107568,1572.72,upi,61,150.3,0.328,2,100,0.02,19,0,insufficient_funds
TXN107569,1422.6,upi,61,193.4,0.211,3,14,0.176,13,0,insufficient_funds
TXN107570,4158.98,upi,51,115.6,0.241,0,192,0.18,8,1,insufficient_funds
TXN107571,1958.16,credit_card,5,357.4,0.145,0,154,0.649,8,1,network_error
TXN107572,3475.98,credit_card,91,290.8,0.14,0,127,0.389,9,0,bank_timeout
TXN107573,5264.95,upi,51,142.9,0.16,1,142,0.292,5,0,insufficient_funds
TXN107574,1477.56,netbanking,68,319.9,0.206,0,1556,0.581,16,1,bank_timeout
TXN107575,2686.21,credit_card,91,170.2,0.171,1,306,0.402,15,0,bank_timeout
TXN107576,302.52,upi,51,78.5,0.22,3,748,0.461,2,1,insufficient_funds
TXN107577,1134.02,credit_card,59,42.3,0.695,0,150,0.875,19,0,fraud_false_positive
TXN107578,817.36,upi,61,175.6,0.004,0,535,0.705,12,1,insufficient_funds
TXN107579,2942.39,netbanking,96,636.6,0.077,0,574,0.193,21,0,network_error
TXN107580,2018.35,wallet,96,355.2,0.073,1,598,0.346,23,1,bank_timeout
TXN107581,5619.17,wallet,51,182.7,0.073,0,220,0.27,10,0,insufficient_funds
TXN107582,4119.35,wallet,59,201.6,0.686,0,449,0.531,2,1,fraud_false_positive
TXN107583,1004.98,debit_card,68,477.9,0.364,0,529,0.758,21,0,bank_timeout
TXN107584,3209.72,debit_card,63,171.4,0.841,2,162,0.725,16,1,fraud_false_positive
TXN107585,7178.82,upi,51,233.4,0.035,0,114,0.068,10,0,insufficient_funds
TXN107586,5111.76,credit_card,5,244.6,0.769,0,184,0.652,22,0,fraud_false_positive
TXN107587,2439.63,debit_card,61,145.3,0.217,2,60,0.285,1,0,insufficient_funds
TXN107588,3169.29,debit_card,51,177.8,0.087,2,612,0.028,9,0,insufficient_funds
TXN107589,409.66,debit_card,96,615.6,0.054,1,119,0.58,16,0,network_error
TXN107590,842.91,debit_card,96,645.6,0.484,1,102,0.355,10,0,network_error
TXN107591,3104.8,debit_card,51,129.1,0.295,4,65,0.146,2,0,insufficient_funds
TXN107592,1746.44,netbanking,5,350.3,0.161,2,373,0.413,5,0,network_error
TXN107593,1553.57,upi,51,172.4,0.019,1,542,0.629,10,1,insufficient_funds
TXN107594,5427.97,upi,63,241.6,0.679,0,928,0.884,0,1,fraud_false_positive
TXN107595,2205.72,upi,61,186.0,0.266,3,209,0.237,17,0,insufficient_funds
TXN107596,2161.97,debit_card,51,128.9,0.197,1,124,0.135,21,0,insufficient_funds
TXN107597,742.57,debit_card,96,272.6,0.329,0,514,0.542,18,1,network_error
TXN107598,741.04,debit_card,65,167.8,0.234,1,416,0.41,12,0,insufficient_funds
TXN107599,2861.8,credit_card,61,215.0,0.169,1,82,0.289,13,1,insufficient_funds
TXN107600,1152.43,credit_card,21,549.9,0.193,0,254,0.359,20,0,network_error
TXN107601,5574.27,debit_card,51,157.8,0.035,1,823,0.102,1,1,insufficient_funds
TXN107602,2646.29,wallet,51,153.9,0.249,2,415,0.202,10,0,insufficient_funds
TXN107603,4093.46,debit_card,59,114.0,0.944,0,4138,0.631,21,0,fraud_false_positive
TXN107604,696.28,netbanking,68,330.2,0.193,1,312,0.852,16,1,bank_timeout
TXN107605,1132.51,credit_card,51,228.4,0.177,0,567,0.48,23,0,insufficient_funds
TXN107606,8253.6,wallet,51,178.4,0.181,1,545,0.415,1,0,insufficient_funds
TXN107607,902.35,debit_card,21,525.3,0.097,0,1036,0.74,7,1,network_error
TXN107608,1459.36,wallet,21,367.5,0.249,0,184,0.503,22,1,network_error
TXN107609,2724.53,debit_card,96,767.7,0.114,0,627,0.646,17,0,network_error
TXN107610,2880.31,upi,61,173.1,0.15,1,1,0.267,11,0,insufficient_funds
TXN107611,7648.36,credit_card,51,218.6,0.29,4,206,0.327,7,0,insufficient_funds
TXN107612,474.29,debit_card,5,417.6,0.49,0,1384,0.172,12,0,network_error
TXN107613,2634.2,credit_card,51,149.9,0.03,0,254,0.653,6,0,insufficient_funds
TXN107614,1408.54,credit_card,59,230.6,0.748,1,37,0.304,19,1,fraud_false_positive
TXN107615,2739.61,wallet,63,221.8,0.881,0,14,0.794,17,1,fraud_false_positive
TXN107616,1396.93,debit_card,51,149.8,0.025,1,134,0.147,0,0,insufficient_funds
TXN107617,3012.33,netbanking,51,184.7,0.278,2,1264,0.259,0,1,insufficient_funds
TXN107618,2566.6,credit_card,21,466.9,0.015,0,546,0.247,1,0,network_error
TXN107619,7165.15,debit_card,51,197.8,0.069,2,119,0.254,4,0,insufficient_funds
TXN107620,15012.85,credit_card,59,176.9,0.787,0,554,0.723,15,0,fraud_false_positive
TXN107621,3255.98,wallet,21,340.9,0.263,1,982,0.691,18,0,network_error
TXN107622,3501.38,upi,51,120.0,0.08,1,671,0.107,23,0,insufficient_funds
TXN107623,826.69,credit_card,96,675.8,0.158,0,1005,0.336,23,1,network_error
TXN107624,3210.49,debit_card,5,651.7,0.155,0,25,0.399,13,0,network_error
TXN107625,2166.01,upi,61,152.2,0.226,1,1016,0.352,19,0,insufficient_funds
TXN107626,3669.66,netbanking,51,207.3,0.087,0,1095,0.028,16,1,insufficient_funds
TXN107627,984.21,upi,96,369.1,0.162,1,214,0.426,9,0,network_error
TXN107628,1314.97,credit_card,51,179.2,0.15,1,460,0.196,13,0,insufficient_funds
TXN107629,1019.59,netbanking,96,244.6,0.075,0,243,0.298,21,0,bank_timeout
TXN107630,3632.08,debit_card,59,148.3,0.772,0,1112,0.637,2,1,fraud_false_positive
TXN107631,1705.63,wallet,61,218.8,0.108,1,336,0.171,11,0,insufficient_funds
TXN107632,1991.21,debit_card,61,169.4,0.164,1,905,0.132,6,0,insufficient_funds
TXN107633,1570.04,credit_card,51,140.7,0.218,1,40,0.221,21,0,insufficient_funds
TXN107634,4357.36,credit_card,5,291.8,0.863,0,3050,0.635,21,1,fraud_false_positive
TXN107635,4685.71,netbanking,21,356.5,0.312,0,268,0.215,0,1,network_error
TXN107636,2103.3,debit_card,51,172.8,0.158,0,34,0.178,15,0,insufficient_funds
TXN107637,771.54,debit_card,51,163.7,0.121,2,100,0.314,0,0,insufficient_funds
TXN107638,2277.96,debit_card,5,221.6,0.96,0,636,0.781,17,0,fraud_false_positive
TXN107639,2453.54,debit_card,51,157.8,0.155,1,1242,0.325,5,0,insufficient_funds
TXN107640,1062.61,credit_card,68,402.1,0.192,0,9,0.688,7,0,bank_timeout
TXN107641,2255.98,wallet,51,143.8,0.266,3,31,0.315,4,0,insufficient_funds
TXN107642,3644.15,upi,61,143.0,0.204,1,615,0.29,15,1,insufficient_funds
TXN107643,1309.13,debit_card,51,183.1,0.148,1,859,0.353,2,1,insufficient_funds
TXN107644,2093.3,credit_card,21,466.7,0.154,1,6,0.416,0,1,network_error
TXN107645,1509.42,credit_card,96,472.4,0.183,0,275,0.69,15,1,network_error
TXN107646,1629.9,credit_card,96,385.9,0.189,0,339,0.339,16,1,bank_timeout
TXN107647,1418.85,wallet,68,444.9,0.093,0,645,0.497,3,1,bank_timeout
TXN107648,6478.8,debit_card,63,152.1,0.445,0,958,0.324,21,0,fraud_false_positive
TXN107649,2221.52,netbanking,61,213.2,0.272,4,711,0.18,8,1,insufficient_funds
TXN107650,935.27,upi,96,209.1,0.131,0,94,0.3,20,1,bank_timeout
TXN107651,7584.74,netbanking,51,151.6,0.081,3,17,0.253,15,1,insufficient_funds
TXN107652,703.55,debit_card,59,244.3,0.609,0,828,0.891,21,0,fraud_false_positive
TXN107653,615.87,credit_card,91,459.6,0.088,2,237,0.728,21,0,bank_timeout
TXN107654,1673.75,credit_card,51,137.6,0.116,0,119,0.174,20,0,insufficient_funds
TXN107655,1410.57,debit_card,96,416.7,0.03,0,870,0.268,1,1,network_error
TXN107656,5696.21,debit_card,59,209.3,0.729,0,290,0.567,3,1,fraud_false_positive
TXN107657,153.8,credit_card,96,516.7,0.161,1,75,0.104,6,1,network_error
TXN107658,680.74,debit_card,61,152.0,0.156,1,135,0.048,19,0,insufficient_funds
TXN107659,2852.88,credit_card,51,200.0,0.301,0,197,0.199,7,0,insufficient_funds
TXN107660,1996.86,debit_card,91,372.5,0.345,2,413,0.44,13,0,bank_timeout
TXN107661,4670.49,upi,61,166.3,0.167,3,244,0.11,2,0,insufficient_funds
TXN107662,1669.61,netbanking,21,115.1,0.245,0,388,0.527,11,1,network_error
TXN107663,1087.65,credit_card,5,543.6,0.017,0,885,0.505,23,1,network_error
TXN107664,1002.75,netbanking,96,548.4,0.333,0,885,0.651,23,1,network_error
TXN107665,2868.14,debit_card,68,497.5,0.252,1,1575,0.655,17,0,bank_timeout
TXN107666,1509.96,debit_card,51,209.9,0.052,2,124,0.424,19,1,insufficient_funds
TXN107667,2495.27,netbanking,59,172.2,0.937,0,338,0.738,15,0,fraud_false_positive
TXN107668,2258.65,upi,68,422.1,0.288,0,148,0.611,7,0,bank_timeout
TXN107669,8217.01,credit_card,51,271.7,0.382,1,49,0.241,19,1,insufficient_funds
TXN107670,4798.02,credit_card,63,182.2,0.78,0,740,0.903,9,0,fraud_false_positive
TXN107671,1445.81,debit_card,21,366.4,0.073,0,102,0.471,20,1,network_error
TXN107672,3709.5,credit_card,96,592.2,0.185,1,998,0.42,16,0,network_error
TXN107673,2696.04,upi,96,571.2,0.13,0,133,0.635,9,0,network_error
TXN107674,1265.64,upi,96,464.8,0.077,1,228,0.502,12,0,network_error
TXN107675,2716.27,wallet,51,204.6,0.259,2,76,0.313,11,1,insufficient_funds
TXN107676,1501.53,debit_card,5,271.3,0.812,0,270,0.431,12,0,fraud_false_positive
TXN107677,403.42,upi,61,144.0,0.083,2,584,0.485,18,1,insufficient_funds
TXN107678,2884.55,credit_card,68,467.2,0.156,1,1879,0.805,19,0,bank_timeout
TXN107679,1049.79,credit_card,21,446.0,0.17,1,209,0.207,0,0,network_error
TXN107680,5000.06,upi,61,211.7,0.223,3,500,0.451,20,0,insufficient_funds
TXN107681,4745.21,credit_card,61,167.1,0.508,0,224,0.166,12,0,insufficient_funds
TXN107682,2314.59,netbanking,91,345.3,0.235,1,466,0.407,21,1,bank_timeout
TXN107683,10160.82,credit_card,51,172.9,0.401,2,345,0.057,8,0,insufficient_funds
TXN107684,6945.54,debit_card,68,344.7,0.146,0,605,0.431,21,1,bank_timeout
TXN107685,1055.9,credit_card,61,121.5,0.193,3,174,0.481,20,0,insufficient_funds
TXN107686,1296.21,credit_card,96,321.6,0.163,2,70,0.77,20,1,bank_timeout
TXN107687,3278.64,netbanking,51,178.7,0.12,0,266,0.506,10,0,insufficient_funds
TXN107688,2091.56,wallet,96,439.7,0.126,1,223,0.473,9,0,network_error
TXN107689,7970.95,credit_card,51,194.6,0.274,1,316,0.392,15,1,insufficient_funds
TXN107690,1552.18,debit_card,65,207.5,0.2,1,152,0.14,19,1,insufficient_funds
TXN107691,3834.13,upi,21,526.4,0.184,0,50,0.368,13,0,network_error
TXN107692,2465.5,debit_card,96,527.9,0.418,0,449,0.619,11,1,network_error
TXN107693,4057.76,credit_card,68,444.6,0.129,0,322,0.501,14,1,bank_timeout
TXN107694,13908.52,upi,65,204.7,0.093,1,87,0.218,4,1,insufficient_funds
TXN107695,1194.72,wallet,21,439.1,0.019,1,1179,0.447,16,0,network_error
TXN107696,109.94,debit_card,51,142.2,0.132,3,88,0.499,10,1,insufficient_funds
TXN107697,1513.98,upi,91,327.3,0.339,0,27,0.468,3,1,bank_timeout
TXN107698,5134.79,netbanking,5,227.2,0.594,0,2009,0.466,3,0,fraud_false_positive
TXN107699,9135.57,wallet,51,192.8,0.065,1,293,0.562,3,1,insufficient_funds
TXN107700,4481.21,credit_card,21,374.1,0.179,1,211,0.453,15,1,network_error
TXN107701,847.8,credit_card,5,636.0,0.095,0,178,0.31,9,0,network_error
TXN107702,4838.28,netbanking,51,163.0,0.405,2,1235,0.504,19,0,insufficient_funds
TXN107703,696.88,credit_card,91,418.9,0.402,0,1441,0.66,18,0,bank_timeout
TXN107704,1227.81,debit_card,51,117.2,0.052,0,1861,0.164,6,1,insufficient_funds
TXN107705,3286.63,upi,51,141.6,0.156,2,317,0.083,15,1,insufficient_funds
TXN107706,2894.36,debit_card,91,337.6,0.184,0,920,0.443,7,1,bank_timeout
TXN107707,4647.42,debit_card,51,160.6,0.095,1,1997,0.433,3,0,insufficient_funds
TXN107708,3532.46,wallet,68,346.8,0.307,0,1742,0.532,16,0,bank_timeout
TXN107709,3278.18,wallet,51,261.1,0.194,1,1008,0.201,9,1,insufficient_funds
TXN107710,2278.73,wallet,51,157.3,0.077,2,442,0.363,11,1,insufficient_funds
TXN107711,4362.28,upi,96,279.1,0.162,0,683,0.567,21,0,bank_timeout
TXN107712,1372.08,wallet,68,255.0,0.07,1,1488,0.415,10,1,bank_timeout
TXN107713,2686.21,debit_card,91,312.2,0.118,1,101,0.549,19,0,bank_timeout
TXN107714,646.99,netbanking,96,713.1,0.035,1,307,0.519,2,0,network_error
TXN107715,1085.1,debit_card,68,383.8,0.397,2,266,0.379,5,0,bank_timeout
TXN107716,7852.26,credit_card,5,258.4,0.619,0,229,0.594,7,0,fraud_false_positive
TXN107717,1889.67,upi,68,431.0,0.137,1,380,0.593,2,1,bank_timeout
TXN107718,4642.64,upi,61,152.3,0.161,1,192,0.408,4,0,insufficient_funds
TXN107719,2189.77,upi,65,228.8,0.082,0,33,0.14,5,1,insufficient_funds
TXN107720,3936.75,upi,51,190.7,0.321,0,1060,0.429,8,0,insufficient_funds
TXN107721,3828.02,debit_card,61,163.4,0.146,2,280,0.358,17,0,insufficient_funds
TXN107722,605.35,debit_card,5,203.1,0.533,1,3658,0.542,5,0,fraud_false_positive
TXN107723,956.25,debit_card,96,469.3,0.038,0,19,0.67,20,1,network_error
TXN107724,841.09,debit_card,91,349.7,0.076,1,528,0.426,14,1,bank_timeout
TXN107725,6870.41,credit_card,51,148.4,0.018,2,185,0.166,20,1,insufficient_funds
TXN107726,3105.6,upi,51,129.3,0.071,0,51,0.217,11,0,insufficient_funds
TXN107727,501.82,upi,96,496.7,0.1,1,537,0.551,15,1,network_error
TXN107728,1448.39,debit_card,5,209.4,0.723,0,487,0.7,14,0,fraud_false_positive
TXN107729,407.44,wallet,91,250.1,0.047,0,1001,0.341,22,1,bank_timeout
TXN107730,4060.8,upi,51,143.3,0.055,0,36,0.299,2,0,insufficient_funds
TXN107731,1566.97,credit_card,91,314.5,0.151,0,297,0.241,8,0,bank_timeout
TXN107732,795.21,upi,21,645.1,0.223,1,825,0.643,0,1,network_error
TXN107733,5620.5,credit_card,96,308.3,0.255,0,250,0.129,13,1,bank_timeout
TXN107734,1482.92,credit_card,96,553.7,0.361,0,366,0.384,16,1,network_error
TXN107735,729.41,netbanking,51,221.0,0.159,1,289,0.23,16,0,insufficient_funds
TXN107736,1514.13,debit_card,68,332.3,0.139,0,163,0.68,14,0,bank_timeout
TXN107737,8619.63,netbanking,51,221.2,0.102,1,24,0.154,17,1,insufficient_funds
TXN107738,1666.42,debit_card,63,282.5,0.763,0,606,0.577,22,0,fraud_false_positive
TXN107739,4175.58,debit_card,59,171.9,0.782,1,1351,0.611,6,0,fraud_false_positive
TXN107740,3446.42,credit_card,51,191.6,0.082,2,622,0.32,7,0,insufficient_funds
TXN107741,3259.68,credit_card,59,139.7,0.712,0,1241,0.697,20,1,fraud_false_positive
TXN107742,1408.27,upi,91,349.1,0.159,0,441,0.356,12,0,bank_timeout
TXN107743,2622.25,netbanking,96,673.6,0.187,2,221,0.604,22,0,network_error
TXN107744,4968.69,credit_card,51,234.7,0.087,2,133,0.379,13,0,insufficient_funds
TXN107745,6439.2,netbanking,51,212.4,0.093,0,722,0.1,19,1,insufficient_funds
TXN107746,1071.36,upi,91,394.4,0.357,0,97,0.535,3,1,bank_timeout
TXN107747,1338.23,debit_card,96,640.1,0.38,1,132,0.391,16,1,network_error
TXN107748,4520.52,upi,61,257.7,0.081,0,250,0.204,21,0,insufficient_funds
TXN107749,1272.12,credit_card,68,446.0,0.371,0,98,0.43,0,0,bank_timeout
TXN107750,1259.13,credit_card,51,194.4,0.059,1,15,0.238,7,0,insufficient_funds
TXN107751,3171.5,credit_card,96,458.7,0.19,0,171,0.495,20,0,network_error
TXN107752,2215.67,upi,59,133.6,0.796,0,2320,0.845,7,1,fraud_false_positive
TXN107753,530.28,upi,68,299.9,0.138,1,1,0.411,1,0,bank_timeout
TXN107754,2003.45,credit_card,59,232.9,0.713,0,380,0.707,17,1,fraud_false_positive
TXN107755,1334.34,wallet,59,170.2,0.693,0,709,0.568,5,0,fraud_false_positive
TXN107756,3712.38,debit_card,51,164.0,0.161,1,98,0.26,3,0,insufficient_funds
TXN107757,2698.82,debit_card,51,178.7,0.049,2,290,0.105,10,0,insufficient_funds
TXN107758,987.19,upi,96,488.8,0.053,1,113,0.513,12,0,bank_timeout
TXN107759,9069.92,upi,51,145.8,0.064,1,119,0.138,9,1,insufficient_funds
TXN107760,9076.91,wallet,51,178.3,0.132,1,629,0.397,8,1,insufficient_funds
TXN107761,2306.16,upi,91,442.7,0.227,1,850,0.727,17,0,bank_timeout
TXN107762,1913.47,debit_card,91,304.7,0.513,0,140,0.284,5,1,bank_timeout
TXN107763,2076.8,netbanking,91,363.7,0.162,1,27,0.674,1,0,bank_timeout
TXN107764,8637.21,debit_card,51,157.3,0.167,3,1718,0.456,6,1,insufficient_funds
TXN107765,12606.79,credit_card,51,141.4,0.114,0,6,0.307,14,0,insufficient_funds
TXN107766,2161.29,credit_card,59,190.3,0.613,0,2102,0.609,17,1,fraud_false_positive
TXN107767,1659.81,upi,5,161.9,0.63,0,1054,0.854,3,0,fraud_false_positive
TXN107768,4081.44,wallet,51,206.9,0.093,2,179,0.151,0,1,insufficient_funds
TXN107769,4125.87,debit_card,51,192.3,0.056,0,828,0.186,23,1,insufficient_funds
TXN107770,2111.46,netbanking,59,186.9,0.882,0,464,0.887,13,0,fraud_false_positive
TXN107771,1506.78,credit_card,59,230.6,0.858,0,272,0.674,5,1,fraud_false_positive
TXN107772,1964.08,credit_card,65,177.5,0.425,2,324,0.255,5,1,insufficient_funds
TXN107773,3658.83,wallet,5,184.8,0.625,0,794,0.661,18,0,fraud_false_positive
TXN107774,3078.64,credit_card,5,455.0,0.051,0,390,0.167,22,1,network_error
TXN107775,2413.66,credit_card,51,156.3,0.132,0,35,0.149,14,0,insufficient_funds
TXN107776,2872.95,credit_card,21,421.8,0.336,0,116,0.687,2,0,network_error
TXN107777,2151.28,upi,21,682.7,0.379,0,342,0.454,8,1,network_error
TXN107778,1438.58,upi,51,241.6,0.287,0,824,0.522,5,1,insufficient_funds
TXN107779,2164.74,upi,91,239.0,0.166,0,119,0.656,22,0,bank_timeout
TXN107780,8728.72,wallet,5,228.4,0.544,1,352,0.785,18,0,fraud_false_positive
TXN107781,5205.6,debit_card,5,240.9,0.752,2,2013,0.763,8,0,fraud_false_positive
TXN107782,3651.24,debit_card,68,291.3,0.053,0,107,0.522,6,0,bank_timeout
TXN107783,4785.26,wallet,61,134.8,0.3,1,58,0.12,21,0,insufficient_funds
TXN107784,1766.27,debit_card,51,233.8,0.189,0,159,0.208,20,0,insufficient_funds
TXN107785,4982.97,wallet,59,86.7,0.856,0,768,0.639,2,1,fraud_false_positive
TXN107786,2413.51,upi,91,362.6,0.284,1,887,0.597,6,0,bank_timeout
TXN107787,1842.17,upi,96,339.7,0.257,1,533,0.455,10,0,bank_timeout
TXN107788,229.7,credit_card,51,135.4,0.301,1,789,0.471,9,0,insufficient_funds
TXN107789,1039.5,credit_card,96,383.4,0.17,1,163,0.26,12,1,bank_timeout
TXN107790,2184.01,debit_card,5,166.8,0.656,2,1803,0.882,6,1,fraud_false_positive
TXN107791,4503.42,netbanking,51,225.6,0.607,0,712,0.191,8,0,insufficient_funds
TXN107792,1172.58,upi,96,611.5,0.032,1,11,0.606,22,1,network_error
TXN107793,1263.55,debit_card,91,343.2,0.075,1,180,0.545,17,0,bank_timeout
TXN107794,1051.58,credit_card,61,157.3,0.331,0,118,0.312,13,0,insufficient_funds
TXN107795,2316.39,upi,51,222.6,0.138,2,386,0.354,2,0,insufficient_funds
TXN107796,2435.39,credit_card,51,192.1,0.262,2,121,0.023,14,0,insufficient_funds
TXN107797,3864.83,credit_card,68,477.2,0.097,1,115,0.64,15,0,bank_timeout
TXN107798,836.5,debit_card,96,274.5,0.028,0,937,0.375,11,1,bank_timeout
TXN107799,2549.37,netbanking,51,155.9,0.28,0,34,0.259,2,1,insufficient_funds
TXN107800,2988.0,netbanking,59,262.6,0.844,1,1723,0.53,5,0,fraud_false_positive
TXN107801,2787.08,credit_card,51,151.4,0.096,5,265,0.31,1,1,insufficient_funds
TXN107802,2603.99,debit_card,96,289.2,0.297,0,55,0.594,20,0,bank_timeout
TXN107803,1370.46,credit_card,51,214.1,0.246,2,262,0.263,13,0,insufficient_funds
TXN107804,1653.83,wallet,68,332.8,0.276,3,63,0.374,20,1,bank_timeout
TXN107805,2405.45,credit_card,21,458.5,0.483,0,221,0.391,22,0,network_error
TXN107806,1241.14,credit_card,21,353.9,0.112,0,13,0.479,17,1,network_error
TXN107807,1957.47,debit_card,96,307.4,0.1,1,541,0.608,17,0,bank_timeout
TXN107808,1949.32,debit_card,51,223.1,0.203,2,386,0.398,4,0,insufficient_funds
TXN107809,4560.26,debit_card,61,90.6,0.069,1,1641,0.163,2,1,insufficient_funds
TXN107810,596.15,wallet,96,388.6,0.098,2,179,0.299,5,0,bank_timeout
TXN107811,5415.14,netbanking,59,186.3,0.672,1,73,0.88,15,1,fraud_false_positive
TXN107812,3389.37,netbanking,51,177.6,0.369,2,650,0.112,20,0,insufficient_funds
TXN107813,708.75,wallet,21,483.1,0.379,0,1829,0.561,19,0,network_error
TXN107814,1803.0,debit_card,96,505.5,0.163,0,86,0.321,18,1,network_error
TXN107815,3991.01,debit_card,59,124.0,0.717,1,2878,0.782,4,1,fraud_false_positive
TXN107816,6383.1,credit_card,51,137.5,0.179,1,317,0.209,9,0,insufficient_funds
TXN107817,408.28,credit_card,96,415.9,0.254,1,1100,0.556,0,1,network_error
TXN107818,2871.43,credit_card,51,129.0,0.283,1,506,0.221,21,0,insufficient_funds
TXN107819,4924.11,upi,65,202.2,0.016,2,352,0.224,17,0,insufficient_funds
TXN107820,1986.47,upi,96,563.7,0.03,0,458,0.338,5,1,network_error
TXN107821,2066.31,debit_card,21,478.6,0.014,1,271,0.599,12,0,network_error
TXN107822,6852.56,wallet,59,280.7,0.726,0,488,0.561,23,0,fraud_false_positive
TXN107823,2621.06,debit_card,51,158.1,0.171,3,1208,0.302,20,1,insufficient_funds
TXN107824,5974.74,netbanking,65,240.5,0.224,0,139,0.493,8,1,insufficient_funds
TXN107825,2546.48,debit_card,91,258.7,0.135,1,196,0.709,9,1,bank_timeout
TXN107826,3403.85,wallet,51,189.7,0.159,2,300,0.07,16,1,insufficient_funds
TXN107827,1097.76,debit_card,21,305.0,0.275,0,334,0.255,4,0,network_error
TXN107828,3590.92,upi,96,425.3,0.073,0,828,0.594,21,0,network_error
TXN107829,1429.68,upi,61,182.4,0.42,2,102,0.172,18,0,insufficient_funds
TXN107830,1538.37,credit_card,91,301.9,0.2,0,685,0.503,14,1,bank_timeout
TXN107831,1981.04,credit_card,96,475.7,0.112,1,14,0.656,21,1,network_error
TXN107832,6453.44,debit_card,65,178.7,0.219,3,136,0.172,4,0,insufficient_funds
TXN107833,9034.0,debit_card,51,230.0,0.232,1,202,0.037,4,0,insufficient_funds
TXN107834,3125.99,credit_card,96,460.8,0.136,0,928,0.825,12,1,bank_timeout
TXN107835,3144.94,upi,61,155.4,0.38,0,953,0.364,11,0,insufficient_funds
TXN107836,1278.16,netbanking,96,352.4,0.05,1,650,0.66,23,0,bank_timeout
TXN107837,5728.85,upi,91,304.8,0.333,0,127,0.8,6,0,bank_timeout
TXN107838,579.21,credit_card,61,154.2,0.317,3,1,0.205,12,0,insufficient_funds
TXN107839,1118.22,netbanking,51,145.6,0.277,1,505,0.312,13,0,insufficient_funds
TXN107840,1871.04,upi,96,398.6,0.148,0,489,0.461,4,0,bank_timeout
TXN107841,2594.98,upi,96,537.1,0.032,0,167,0.293,23,1,network_error
TXN107842,4725.19,upi,96,499.4,0.064,0,687,0.602,2,0,network_error
TXN107843,1554.42,wallet,63,173.6,0.723,0,29,0.6,1,0,fraud_false_positive
TXN107844,3385.22,wallet,51,193.3,0.052,0,347,0.145,14,1,insufficient_funds
TXN107845,1577.69,wallet,96,494.2,0.19,0,738,0.489,15,1,network_error
TXN107846,6661.41,upi,61,200.5,0.145,2,863,0.478,22,1,insufficient_funds
TXN107847,1762.65,debit_card,91,375.2,0.287,0,861,0.322,4,1,bank_timeout
TXN107848,879.59,debit_card,21,690.4,0.228,0,257,0.158,4,0,network_error
TXN107849,43.69,credit_card,91,520.4,0.235,1,162,0.521,13,0,bank_timeout
TXN107850,6133.27,debit_card,96,349.7,0.182,2,493,0.33,4,0,bank_timeout
TXN107851,4683.83,credit_card,61,150.6,0.119,1,693,0.367,10,0,insufficient_funds
TXN107852,698.53,credit_card,96,503.4,0.267,1,518,0.465,15,0,network_error
TXN107853,8870.57,credit_card,51,168.2,0.216,2,265,0.209,10,0,insufficient_funds
TXN107854,3936.42,debit_card,61,118.3,0.181,0,1323,0.292,3,0,insufficient_funds
TXN107855,8017.88,credit_card,51,196.3,0.183,2,397,0.12,23,1,insufficient_funds
TXN107856,1330.02,debit_card,96,357.8,0.303,0,1764,0.576,8,0,network_error
TXN107857,3680.79,netbanking,63,147.3,0.619,0,1773,0.802,14,0,fraud_false_positive
TXN107858,813.83,debit_card,91,433.6,0.226,1,1406,0.319,6,0,bank_timeout
TXN107859,2727.69,credit_card,59,167.3,0.895,1,452,0.906,5,0,fraud_false_positive
TXN107860,7178.84,debit_card,51,194.0,0.171,2,367,0.325,4,1,insufficient_funds
TXN107861,4044.69,debit_card,51,149.7,0.159,3,764,0.215,9,0,insufficient_funds
TXN107862,4365.36,debit_card,21,753.6,0.224,0,662,0.722,16,0,network_error
TXN107863,4587.48,debit_card,51,170.1,0.151,1,74,0.078,16,1,insufficient_funds
TXN107864,6346.96,wallet,51,141.2,0.02,0,1467,0.062,14,0,insufficient_funds
TXN107865,633.26,netbanking,5,408.5,0.133,0,300,0.443,6,1,network_error
TXN107866,3131.27,credit_card,51,143.3,0.349,0,270,0.293,15,0,insufficient_funds
TXN107867,2037.7,netbanking,59,169.3,0.68,0,1726,0.753,23,0,fraud_false_positive
TXN107868,9069.49,wallet,59,196.6,0.814,2,124,0.671,5,0,fraud_false_positive
TXN107869,4517.08,netbanking,5,278.7,0.781,0,1799,0.83,12,0,fraud_false_positive
TXN107870,7500.57,debit_card,65,196.4,0.341,1,523,0.173,8,0,insufficient_funds
TXN107871,1782.68,credit_card,96,579.5,0.382,2,49,0.498,22,0,network_error
TXN107872,7209.53,credit_card,51,233.7,0.448,1,417,0.209,16,1,insufficient_funds
TXN107873,2143.37,credit_card,51,160.0,0.094,1,273,0.258,17,0,insufficient_funds
TXN107874,3283.91,debit_card,21,701.8,0.228,0,235,0.546,14,0,network_error
TXN107875,4413.11,debit_card,61,142.3,0.409,0,578,0.488,13,1,insufficient_funds
TXN107876,4830.89,upi,51,232.1,0.341,0,1153,0.367,17,1,insufficient_funds
TXN107877,1401.04,upi,96,491.0,0.177,1,27,0.273,0,1,network_error
TXN107878,3416.61,netbanking,96,465.5,0.284,0,516,0.299,2,1,network_error
TXN107879,5850.69,upi,61,205.4,0.209,3,86,0.244,6,0,insufficient_funds
TXN107880,710.27,wallet,91,399.6,0.062,0,9,0.636,20,0,bank_timeout
TXN107881,2557.79,upi,59,276.5,0.7,1,508,0.607,15,1,fraud_false_positive
TXN107882,1957.03,upi,51,178.1,0.046,1,775,0.305,10,1,insufficient_funds
TXN107883,4694.72,debit_card,51,203.0,0.215,3,296,0.321,16,0,insufficient_funds
TXN107884,7830.35,netbanking,51,197.7,0.222,2,479,0.104,6,0,insufficient_funds
TXN107885,11407.79,credit_card,51,260.1,0.098,1,80,0.302,23,0,insufficient_funds
TXN107886,7109.05,upi,5,238.7,0.573,0,649,0.651,8,0,fraud_false_positive
TXN107887,1955.9,credit_card,51,206.0,0.175,0,537,0.077,0,1,insufficient_funds
TXN107888,1322.12,credit_card,96,184.8,0.328,0,42,0.469,13,0,bank_timeout
TXN107889,1880.96,upi,21,614.8,0.276,0,721,0.755,9,0,network_error
TXN107890,4485.79,netbanking,59,199.6,0.379,2,401,0.611,22,0,fraud_false_positive
TXN107891,1156.37,credit_card,59,291.8,0.748,2,16,0.414,7,0,fraud_false_positive
TXN107892,4714.65,netbanking,61,151.6,0.207,3,1110,0.392,3,1,insufficient_funds
TXN107893,3159.06,debit_card,68,424.0,0.072,1,49,0.533,17,0,bank_timeout
TXN107894,1625.72,credit_card,65,155.4,0.314,1,19,0.097,9,0,insufficient_funds
TXN107895,2059.26,netbanking,96,193.0,0.31,0,1104,0.242,20,1,network_error
TXN107896,4806.3,wallet,51,138.9,0.163,0,223,0.382,15,1,insufficient_funds
TXN107897,625.58,wallet,91,261.4,0.26,1,119,0.848,5,0,bank_timeout
TXN107898,3215.78,debit_card,63,197.7,0.43,0,1433,0.762,7,0,fraud_false_positive
TXN107899,1589.39,credit_card,96,339.6,0.23,0,108,0.533,3,1,bank_timeout
TXN107900,801.15,debit_card,91,380.6,0.274,0,246,0.571,8,0,bank_timeout
TXN107901,1978.09,debit_card,65,209.2,0.166,0,193,0.076,19,0,insufficient_funds
TXN107902,4434.9,wallet,51,169.6,0.032,4,180,0.327,13,0,insufficient_funds
TXN107903,5943.24,upi,96,606.8,0.142,0,2089,0.454,23,0,network_error
TXN107904,1770.87,wallet,91,411.7,0.246,1,694,0.334,13,0,bank_timeout
TXN107905,1754.23,netbanking,51,190.0,0.289,2,193,0.098,11,0,insufficient_funds
TXN107906,1057.47,credit_card,5,505.0,0.396,0,24,0.22,19,0,network_error
TXN107907,495.35,debit_card,51,167.4,0.106,2,158,0.156,9,0,insufficient_funds
TXN107908,3306.0,credit_card,51,213.2,0.088,3,38,0.269,15,0,insufficient_funds
TXN107909,6362.62,credit_card,51,178.5,0.361,2,165,0.37,6,0,insufficient_funds
TXN107910,3164.89,credit_card,51,190.3,0.395,1,716,0.021,9,0,insufficient_funds
TXN107911,3102.78,upi,96,313.2,0.244,0,33,0.602,11,0,network_error
TXN107912,8687.97,credit_card,63,112.3,0.633,0,1844,0.697,19,0,fraud_false_positive
TXN107913,4012.35,upi,65,223.4,0.022,1,1024,0.402,4,0,insufficient_funds
TXN107914,1311.77,debit_card,5,199.8,0.735,0,1351,0.31,15,0,fraud_false_positive
TXN107915,2640.59,debit_card,61,165.8,0.197,0,378,0.409,3,1,insufficient_funds
TXN107916,1548.92,upi,5,354.7,0.219,0,673,0.414,11,0,network_error
TXN107917,2926.7,wallet,51,134.9,0.125,1,2,0.039,20,0,insufficient_funds
TXN107918,4701.4,credit_card,51,189.2,0.173,2,178,0.081,14,1,insufficient_funds
TXN107919,5565.62,wallet,91,350.8,0.114,0,632,0.732,19,0,bank_timeout
TXN107920,1326.39,credit_card,51,210.7,0.192,1,551,0.359,6,0,insufficient_funds
TXN107921,1146.84,debit_card,51,221.6,0.344,0,224,0.273,17,0,insufficient_funds
TXN107922,6985.21,debit_card,51,164.5,0.198,2,333,0.26,4,0,insufficient_funds
TXN107923,8073.68,credit_card,51,224.6,0.266,2,329,0.148,2,1,insufficient_funds
TXN107924,1718.04,credit_card,91,242.0,0.124,2,1008,0.474,22,0,bank_timeout
TXN107925,3510.14,debit_card,51,200.4,0.115,4,4,0.052,12,0,insufficient_funds
TXN107926,1735.39,upi,96,585.0,0.22,0,28,0.477,11,0,network_error
TXN107927,671.49,debit_card,96,642.5,0.056,0,348,0.788,10,0,network_error
TXN107928,2548.43,debit_card,96,324.7,0.157,0,452,0.46,11,0,bank_timeout
TXN107929,6106.35,wallet,51,158.7,0.204,2,478,0.141,9,1,insufficient_funds
TXN107930,1566.98,netbanking,96,324.7,0.156,0,930,0.764,4,0,network_error
TXN107931,8388.24,credit_card,51,184.2,0.205,0,89,0.062,16,1,insufficient_funds
TXN107932,427.81,netbanking,96,473.6,0.049,0,718,0.857,14,0,network_error
TXN107933,1802.88,upi,91,448.6,0.232,1,876,0.364,22,1,bank_timeout
TXN107934,4039.36,debit_card,51,159.4,0.16,1,165,0.207,12,1,insufficient_funds
TXN107935,2550.38,credit_card,96,335.0,0.363,1,675,0.557,18,1,bank_timeout
TXN107936,2732.3,credit_card,5,242.4,0.354,0,866,0.223,6,1,network_error
TXN107937,395.91,credit_card,96,601.7,0.321,0,1649,0.493,14,1,network_error
TXN107938,8288.93,debit_card,51,142.0,0.307,4,28,0.132,19,0,insufficient_funds
TXN107939,2001.87,credit_card,51,160.4,0.336,1,48,0.318,7,0,insufficient_funds
TXN107940,382.61,netbanking,5,377.8,0.086,0,268,0.363,16,0,network_error
TXN107941,435.7,debit_card,91,174.6,0.131,0,303,0.147,0,1,bank_timeout
TXN107942,3208.26,debit_card,21,413.6,0.176,1,1380,0.664,21,0,network_error
TXN107943,486.66,debit_card,96,737.8,0.382,1,207,0.417,5,0,network_error
TXN107944,3631.1,netbanking,68,467.1,0.272,2,130,0.528,13,1,bank_timeout
TXN107945,6048.21,wallet,51,145.4,0.212,1,201,0.289,5,0,insufficient_funds
TXN107946,817.11,wallet,63,197.5,0.811,1,1474,0.621,6,1,fraud_false_positive
TXN107947,987.52,debit_card,63,161.7,0.69,0,274,0.396,18,0,fraud_false_positive
TXN107948,2786.74,upi,51,127.1,0.031,1,218,0.456,17,1,insufficient_funds
TXN107949,1251.0,netbanking,59,164.7,0.978,0,3769,0.684,19,0,fraud_false_positive
TXN107950,2505.83,credit_card,59,137.2,0.882,0,1704,0.561,1,1,fraud_false_positive
TXN107951,2647.03,debit_card,51,203.5,0.447,2,195,0.168,1,0,insufficient_funds
TXN107952,2528.38,debit_card,65,173.0,0.151,1,353,0.216,2,0,insufficient_funds
TXN107953,1445.85,debit_card,91,369.0,0.161,1,341,0.516,10,0,bank_timeout
TXN107954,3581.56,upi,96,530.2,0.201,0,201,0.582,10,0,bank_timeout
TXN107955,1822.96,credit_card,61,157.3,0.307,1,720,0.29,12,0,insufficient_funds
TXN107956,553.31,debit_card,68,280.5,0.088,1,951,0.117,19,1,bank_timeout
TXN107957,5995.37,debit_card,91,359.5,0.266,0,1802,0.777,17,0,bank_timeout
TXN107958,1573.22,debit_card,61,169.1,0.062,1,341,0.041,6,0,insufficient_funds
TXN107959,2566.99,netbanking,51,162.7,0.141,1,376,0.416,3,0,insufficient_funds
TXN107960,1916.78,debit_card,65,152.7,0.018,0,256,0.479,19,0,insufficient_funds
TXN107961,958.92,debit_card,91,253.2,0.188,0,313,0.486,23,0,bank_timeout
TXN107962,5838.62,debit_card,59,251.8,0.945,1,1923,0.767,5,0,fraud_false_positive
TXN107963,1978.45,credit_card,96,521.0,0.146,0,87,0.296,7,0,network_error
TXN107964,726.51,debit_card,59,236.7,0.632,2,1233,0.52,16,0,fraud_false_positive
TXN107965,3678.48,netbanking,61,158.4,0.157,2,69,0.163,4,0,insufficient_funds
TXN107966,1936.73,wallet,65,229.2,0.055,2,1203,0.207,23,1,insufficient_funds
TXN107967,5931.47,debit_card,63,172.1,0.738,0,2309,0.712,21,0,fraud_false_positive
TXN107968,1434.06,netbanking,5,701.0,0.109,2,1648,0.572,3,1,network_error
TXN107969,648.37,upi,96,745.2,0.364,0,91,0.546,7,0,network_error
TXN107970,5303.94,netbanking,51,184.2,0.114,1,237,0.09,22,0,insufficient_funds
TXN107971,279.49,netbanking,21,662.2,0.284,0,954,0.595,5,0,network_error
TXN107972,6600.14,wallet,51,224.4,0.148,0,223,0.21,12,0,insufficient_funds
TXN107973,2794.41,wallet,21,612.0,0.157,0,89,0.372,1,0,network_error
TXN107974,1431.81,netbanking,68,357.5,0.255,1,852,0.743,13,1,bank_timeout
TXN107975,926.24,debit_card,51,145.4,0.079,1,789,0.34,12,0,insufficient_funds
TXN107976,1048.79,netbanking,91,212.5,0.176,1,542,0.528,8,0,bank_timeout
TXN107977,1019.25,netbanking,5,388.7,0.145,0,421,0.473,13,0,network_error
TXN107978,770.41,upi,96,429.8,0.34,0,505,0.709,14,0,network_error
TXN107979,708.24,debit_card,51,204.6,0.058,0,2722,0.13,10,0,insufficient_funds
TXN107980,1417.64,netbanking,61,106.3,0.347,2,2628,0.311,0,0,insufficient_funds
TXN107981,6287.73,debit_card,61,234.0,0.105,0,200,0.351,16,1,insufficient_funds
TXN107982,2238.43,debit_card,96,352.2,0.022,1,1333,0.793,23,1,network_error
TXN107983,1080.42,upi,91,302.8,0.376,0,34,0.455,23,0,bank_timeout
TXN107984,3121.3,upi,96,123.2,0.186,0,250,0.862,23,0,bank_timeout
TXN107985,838.03,credit_card,21,671.2,0.259,0,2373,0.167,20,0,network_error
TXN107986,5288.49,upi,51,180.5,0.164,1,123,0.534,6,0,insufficient_funds
TXN107987,782.37,wallet,91,474.1,0.444,1,793,0.58,8,1,bank_timeout
TXN107988,1169.94,upi,91,532.7,0.254,0,445,0.405,0,0,bank_timeout
TXN107989,951.47,upi,51,202.3,0.12,0,148,0.259,0,0,insufficient_funds
TXN107990,4365.55,credit_card,68,526.3,0.071,0,1077,0.389,1,1,bank_timeout
TXN107991,3395.1,netbanking,51,184.0,0.162,3,76,0.241,22,0,insufficient_funds
TXN107992,4585.77,debit_card,51,138.7,0.216,0,12,0.099,18,1,insufficient_funds
TXN107993,6777.85,debit_card,61,118.5,0.051,0,523,0.181,20,0,insufficient_funds
TXN107994,1308.35,wallet,68,425.0,0.128,1,826,0.445,23,0,bank_timeout
TXN107995,8002.84,upi,51,98.3,0.046,4,80,0.512,12,0,insufficient_funds
TXN107996,3335.33,upi,59,218.4,0.699,0,103,0.714,17,0,fraud_false_positive
TXN107997,1843.2,credit_card,51,155.5,0.085,2,374,0.412,14,0,insufficient_funds
TXN107998,5616.22,upi,59,229.5,0.576,0,479,0.77,7,0,fraud_false_positive
TXN107999,2412.25,upi,51,281.1,0.266,1,1475,0.063,19,0,insufficient_funds
