transaction_id,amount,true_failure_cause,predicted_failure_cause,ai_action,ai_recovered,baseline_action,baseline_recovered
TXN100000,1087.01,insufficient_funds,insufficient_funds,retry_72h,True,retry_24h,False
TXN100001,3407.81,fraud_false_positive,fraud_false_positive,suggest_alt_payment_method,True,retry_24h,False
TXN100002,1235.11,bank_timeout,bank_timeout,retry_2h,False,retry_24h,False
TXN100003,436.09,insufficient_funds,insufficient_funds,retry_72h,False,retry_24h,True
TXN100004,2942.96,network_error,bank_timeout,retry_2h,True,retry_24h,False
TXN100005,705.08,bank_timeout,bank_timeout,suggest_alt_payment_method,False,retry_24h,False
TXN100006,1713.36,network_error,network_error,retry_immediate,True,retry_24h,True
TXN100007,3888.4,bank_timeout,bank_timeout,retry_2h,True,retry_24h,False
TXN100008,7095.18,fraud_false_positive,fraud_false_positive,suggest_alt_payment_method,True,retry_24h,False
TXN100009,2415.43,insufficient_funds,insufficient_funds,retry_72h,False,retry_24h,True
TXN100010,6649.74,fraud_false_positive,fraud_false_positive,suggest_alt_payment_method,False,retry_24h,False
TXN100011,478.17,bank_timeout,bank_timeout,retry_2h,True,retry_24h,False
TXN100012,3486.26,fraud_false_positive,fraud_false_positive,suggest_alt_payment_method,False,retry_24h,True
TXN100013,3137.31,insufficient_funds,insufficient_funds,retry_72h,False,retry_24h,False
TXN100014,5489.74,bank_timeout,bank_timeout,retry_2h,False,retry_24h,False
TXN100015,1378.87,network_error,network_error,retry_immediate,True,retry_24h,False
TXN100016,5563.55,network_error,network_error,retry_immediate,True,retry_24h,False
TXN100017,1181.07,bank_timeout,bank_timeout,retry_24h,True,retry_24h,False
TXN100018,3701.49,insufficient_funds,insufficient_funds,retry_72h,False,retry_24h,False
TXN100019,917.69,fraud_false_positive,fraud_false_positive,suggest_alt_payment_method,False,retry_24h,False
TXN100020,6761.43,insufficient_funds,insufficient_funds,retry_72h,False,retry_24h,False
TXN100021,4311.45,fraud_false_positive,fraud_false_positive,suggest_alt_payment_method,False,retry_24h,False
TXN100022,2118.97,bank_timeout,bank_timeout,retry_2h,True,retry_24h,False
TXN100023,1360.73,insufficient_funds,insufficient_funds,retry_72h,False,retry_24h,False
TXN100024,679.56,network_error,network_error,retry_immediate,True,retry_24h,False
TXN100025,1965.23,bank_timeout,bank_timeout,retry_2h,True,retry_24h,True
TXN100026,3840.38,insufficient_funds,insufficient_funds,retry_72h,False,retry_24h,False
TXN100027,558.26,bank_timeout,bank_timeout,suggest_alt_payment_method,False,retry_24h,True
TXN100028,2374.63,bank_timeout,bank_timeout,retry_2h,True,retry_24h,False
TXN100029,749.14,insufficient_funds,insufficient_funds,retry_72h,False,retry_24h,False
TXN100030,981.62,bank_timeout,bank_timeout,retry_2h,False,retry_24h,False
TXN100031,1589.16,network_error,network_error,retry_immediate,True,retry_24h,True
TXN100032,434.64,bank_timeout,bank_timeout,retry_2h,True,retry_24h,True
TXN100033,13060.97,fraud_false_positive,insufficient_funds,retry_72h,False,retry_24h,False
TXN100034,508.51,insufficient_funds,insufficient_funds,retry_72h,False,retry_24h,False
TXN100035,5482.99,fraud_false_positive,fraud_false_positive,suggest_alt_payment_method,False,retry_24h,True
TXN100036,1100.15,bank_timeout,bank_timeout,retry_2h,True,retry_24h,False
TXN100037,3857.35,insufficient_funds,insufficient_funds,retry_72h,False,retry_24h,False
TXN100038,11896.09,insufficient_funds,insufficient_funds,retry_72h,True,retry_24h,False
TXN100039,689.02,insufficient_funds,insufficient_funds,retry_72h,True,retry_24h,False
TXN100040,2602.85,network_error,network_error,retry_immediate,True,retry_24h,False
TXN100041,6119.4,insufficient_funds,insufficient_funds,retry_72h,False,retry_24h,False
TXN100042,905.38,bank_timeout,bank_timeout,retry_2h,False,retry_24h,False
TXN100043,326.98,bank_timeout,bank_timeout,retry_2h,True,retry_24h,False
TXN100044,552.27,insufficient_funds,insufficient_funds,retry_72h,False,retry_24h,False
TXN100045,3710.8,insufficient_funds,insufficient_funds,retry_72h,False,retry_24h,False
TXN100046,583.04,insufficient_funds,insufficient_funds,suggest_alt_payment_method,True,retry_24h,False
TXN100047,2506.92,insufficient_funds,insufficient_funds,retry_72h,True,retry_24h,False
TXN100048,139.24,network_error,network_error,retry_immediate,False,retry_24h,False
TXN100049,7084.45,insufficient_funds,insufficient_funds,retry_72h,True,retry_24h,False
TXN100050,8976.29,fraud_false_positive,fraud_false_positive,suggest_alt_payment_method,True,retry_24h,False
TXN100051,1152.58,fraud_false_positive,fraud_false_positive,suggest_alt_payment_method,False,retry_24h,False
TXN100052,488.13,insufficient_funds,insufficient_funds,retry_72h,False,retry_24h,False
TXN100053,5714.81,insufficient_funds,insufficient_funds,retry_72h,False,retry_24h,False
TXN100054,1859.56,insufficient_funds,insufficient_funds,retry_72h,True,retry_24h,False
TXN100055,1601.86,insufficient_funds,insufficient_funds,retry_72h,False,retry_24h,True
TXN100056,2200.29,fraud_false_positive,fraud_false_positive,suggest_alt_payment_method,True,retry_24h,False
TXN100057,690.85,network_error,network_error,retry_immediate,False,retry_24h,False
TXN100058,3306.89,insufficient_funds,insufficient_funds,retry_72h,True,retry_24h,False
TXN100059,4778.78,insufficient_funds,insufficient_funds,retry_72h,False,retry_24h,True
TXN100060,6417.4,insufficient_funds,insufficient_funds,retry_72h,True,retry_24h,False
TXN100061,683.62,bank_timeout,bank_timeout,retry_2h,True,retry_24h,False
TXN100062,1434.76,fraud_false_positive,fraud_false_positive,suggest_alt_payment_method,False,retry_24h,True
TXN100063,7702.5,fraud_false_positive,fraud_false_positive,suggest_alt_payment_method,True,retry_24h,False
TXN100064,1944.93,bank_timeout,bank_timeout,retry_2h,False,retry_24h,True
TXN100065,1109.7,network_error,bank_timeout,retry_2h,True,retry_24h,False
TXN100066,4158.65,bank_timeout,bank_timeout,retry_2h,False,retry_24h,True
TXN100067,3124.11,network_error,network_error,retry_immediate,True,retry_24h,False
TXN100068,2433.25,bank_timeout,bank_timeout,retry_2h,False,retry_24h,True
TXN100069,4712.68,insufficient_funds,insufficient_funds,retry_72h,False,retry_24h,False
TXN100070,4760.0,insufficient_funds,insufficient_funds,suggest_alt_payment_method,False,retry_24h,True
TXN100071,1669.91,network_error,network_error,retry_immediate,True,retry_24h,True
TXN100072,4942.17,insufficient_funds,insufficient_funds,retry_72h,False,retry_24h,True
TXN100073,646.09,bank_timeout,bank_timeout,suggest_alt_payment_method,True,retry_24h,True
TXN100074,2056.68,bank_timeout,bank_timeout,retry_2h,True,retry_24h,True
TXN100075,1574.6,network_error,network_error,retry_immediate,True,retry_24h,False
TXN100076,4091.41,insufficient_funds,insufficient_funds,retry_72h,False,retry_24h,False
TXN100077,4182.16,insufficient_funds,insufficient_funds,retry_72h,True,retry_24h,False
TXN100078,1946.86,insufficient_funds,insufficient_funds,retry_72h,False,retry_24h,False
TXN100079,7655.35,fraud_false_positive,fraud_false_positive,suggest_alt_payment_method,False,retry_24h,False
TXN100080,750.89,bank_timeout,bank_timeout,retry_24h,True,retry_24h,False
TXN100081,507.36,network_error,network_error,retry_immediate,False,retry_24h,False
TXN100082,2025.75,bank_timeout,bank_timeout,retry_2h,False,retry_24h,False
TXN100083,481.96,bank_timeout,bank_timeout,retry_2h,False,retry_24h,False
TXN100084,318.4,network_error,bank_timeout,retry_2h,True,retry_24h,True
TXN100085,1647.03,insufficient_funds,insufficient_funds,retry_72h,True,retry_24h,True
TXN100086,2002.84,network_error,network_error,retry_immediate,False,retry_24h,True
TXN100087,1311.71,fraud_false_positive,fraud_false_positive,suggest_alt_payment_method,False,retry_24h,True
TXN100088,1544.17,bank_timeout,network_error,retry_immediate,True,retry_24h,True
TXN100089,3571.73,network_error,network_error,suggest_alt_payment_method,True,retry_24h,False
TXN100090,2735.37,insufficient_funds,insufficient_funds,retry_72h,False,retry_24h,False
TXN100091,273.67,insufficient_funds,insufficient_funds,suggest_alt_payment_method,False,retry_24h,True
TXN100092,882.87,insufficient_funds,insufficient_funds,retry_72h,True,retry_24h,False
TXN100093,2807.93,network_error,network_error,retry_immediate,True,retry_24h,True
TXN100094,734.7,insufficient_funds,insufficient_funds,retry_72h,False,retry_24h,False
TXN100095,1258.9,network_error,network_error,retry_immediate,True,retry_24h,True
TXN100096,1169.06,bank_timeout,bank_timeout,retry_2h,True,retry_24h,False
TXN100097,6307.89,insufficient_funds,insufficient_funds,retry_72h,True,retry_24h,False
TXN100098,1440.79,network_error,network_error,retry_immediate,False,retry_24h,True
TXN100099,713.81,bank_timeout,bank_timeout,retry_2h,False,retry_24h,False
TXN100100,4486.79,fraud_false_positive,fraud_false_positive,suggest_alt_payment_method,False,retry_24h,True
TXN100101,1151.03,bank_timeout,bank_timeout,retry_2h,False,retry_24h,False
TXN100102,1352.01,bank_timeout,bank_timeout,retry_2h,False,retry_24h,True
TXN100103,4352.26,insufficient_funds,insufficient_funds,retry_72h,False,retry_24h,False
TXN100104,10327.5,fraud_false_positive,fraud_false_positive,suggest_alt_payment_method,False,retry_24h,True
TXN100105,2092.36,fraud_false_positive,fraud_false_positive,suggest_alt_payment_method,False,retry_24h,False
TXN100106,1414.57,network_error,network_error,retry_immediate,True,retry_24h,False
TXN100107,1236.54,bank_timeout,bank_timeout,retry_2h,True,retry_24h,False
TXN100108,2204.39,insufficient_funds,insufficient_funds,retry_72h,False,retry_24h,False
TXN100109,6353.19,insufficient_funds,insufficient_funds,retry_72h,False,retry_24h,True
TXN100110,2201.37,network_error,network_error,retry_immediate,True,retry_24h,True
TXN100111,3295.47,network_error,network_error,retry_immediate,True,retry_24h,True
TXN100112,1340.13,bank_timeout,bank_timeout,retry_2h,False,retry_24h,False
TXN100113,923.05,bank_timeout,bank_timeout,retry_2h,True,retry_24h,True
TXN100114,5453.28,insufficient_funds,insufficient_funds,retry_72h,False,retry_24h,False
TXN100115,2269.28,bank_timeout,bank_timeout,retry_2h,False,retry_24h,True
TXN100116,2304.79,bank_timeout,bank_timeout,retry_24h,False,retry_24h,True
TXN100117,2567.49,insufficient_funds,insufficient_funds,retry_72h,False,retry_24h,False
TXN100118,2266.41,insufficient_funds,insufficient_funds,retry_72h,True,retry_24h,False
TXN100119,3232.75,insufficient_funds,insufficient_funds,suggest_alt_payment_method,False,retry_24h,False
TXN100120,1069.52,insufficient_funds,insufficient_funds,retry_72h,False,retry_24h,False
TXN100121,2072.57,bank_timeout,network_error,retry_immediate,False,retry_24h,False
TXN100122,2719.63,insufficient_funds,insufficient_funds,retry_72h,True,retry_24h,False
TXN100123,4493.66,bank_timeout,bank_timeout,retry_2h,True,retry_24h,False
TXN100124,1261.17,insufficient_funds,insufficient_funds,suggest_alt_payment_method,False,retry_24h,False
TXN100125,2918.1,network_error,bank_timeout,retry_2h,False,retry_24h,True
TXN100126,600.39,insufficient_funds,insufficient_funds,retry_72h,False,retry_24h,False
TXN100127,9932.55,fraud_false_positive,insufficient_funds,retry_72h,True,retry_24h,False
TXN100128,2755.82,bank_timeout,bank_timeout,retry_2h,True,retry_24h,False
TXN100129,1391.3,bank_timeout,bank_timeout,retry_2h,True,retry_24h,True
TXN100130,2144.02,insufficient_funds,insufficient_funds,retry_72h,False,retry_24h,True
TXN100131,10152.34,fraud_false_positive,fraud_false_positive,suggest_alt_payment_method,True,retry_24h,False
TXN100132,1482.54,bank_timeout,bank_timeout,retry_2h,True,retry_24h,True
TXN100133,2157.07,fraud_false_positive,fraud_false_positive,suggest_alt_payment_method,False,retry_24h,False
TXN100134,3421.11,insufficient_funds,insufficient_funds,retry_72h,False,retry_24h,False
TXN100135,2702.99,network_error,network_error,retry_immediate,True,retry_24h,True
TXN100136,3374.23,fraud_false_positive,fraud_false_positive,suggest_alt_payment_method,True,retry_24h,False
TXN100137,3501.09,bank_timeout,bank_timeout,retry_2h,True,retry_24h,True
TXN100138,902.12,bank_timeout,bank_timeout,retry_2h,True,retry_24h,False
TXN100139,1884.39,network_error,network_error,retry_immediate,True,retry_24h,False
TXN100140,5082.92,insufficient_funds,insufficient_funds,retry_72h,True,retry_24h,False
TXN100141,4280.44,insufficient_funds,insufficient_funds,retry_72h,False,retry_24h,True
TXN100142,1118.54,network_error,network_error,retry_immediate,False,retry_24h,True
TXN100143,643.37,network_error,network_error,retry_immediate,False,retry_24h,False
TXN100144,4871.84,insufficient_funds,insufficient_funds,retry_72h,True,retry_24h,True
TXN100145,495.24,insufficient_funds,insufficient_funds,retry_72h,True,retry_24h,True
TXN100146,1060.58,network_error,network_error,retry_immediate,True,retry_24h,True
TXN100147,2718.67,network_error,network_error,retry_immediate,False,retry_24h,True
TXN100148,3263.37,fraud_false_positive,fraud_false_positive,suggest_alt_payment_method,True,retry_24h,True
TXN100149,778.12,bank_timeout,bank_timeout,retry_2h,True,retry_24h,False
TXN100150,1073.69,bank_timeout,bank_timeout,retry_2h,False,retry_24h,False
TXN100151,1506.77,bank_timeout,bank_timeout,retry_2h,True,retry_24h,False
TXN100152,2611.52,fraud_false_positive,fraud_false_positive,suggest_alt_payment_method,True,retry_24h,False
TXN100153,2857.79,insufficient_funds,insufficient_funds,retry_72h,False,retry_24h,False
TXN100154,4778.02,insufficient_funds,insufficient_funds,retry_72h,False,retry_24h,False
TXN100155,2353.3,bank_timeout,bank_timeout,suggest_alt_payment_method,False,retry_24h,False
TXN100156,7771.11,fraud_false_positive,fraud_false_positive,suggest_alt_payment_method,False,retry_24h,False
TXN100157,4311.39,bank_timeout,bank_timeout,retry_2h,False,retry_24h,True
TXN100158,4689.04,fraud_false_positive,fraud_false_positive,suggest_alt_payment_method,True,retry_24h,False
TXN100159,2370.7,bank_timeout,bank_timeout,retry_2h,True,retry_24h,False
TXN100160,1843.27,insufficient_funds,insufficient_funds,retry_72h,True,retry_24h,False
TXN100161,4421.75,insufficient_funds,insufficient_funds,suggest_alt_payment_method,False,retry_24h,False
TXN100162,4491.69,network_error,network_error,retry_immediate,True,retry_24h,False
TXN100163,2854.79,insufficient_funds,insufficient_funds,suggest_alt_payment_method,True,retry_24h,True
TXN100164,1548.71,bank_timeout,bank_timeout,retry_2h,False,retry_24h,True
TXN100165,7616.15,insufficient_funds,insufficient_funds,retry_72h,False,retry_24h,False
TXN100166,2396.52,fraud_false_positive,fraud_false_positive,suggest_alt_payment_method,True,retry_24h,False
TXN100167,4478.04,insufficient_funds,insufficient_funds,retry_72h,True,retry_24h,False
TXN100168,2385.19,bank_timeout,bank_timeout,suggest_alt_payment_method,True,retry_24h,False
TXN100169,1012.68,insufficient_funds,insufficient_funds,suggest_alt_payment_method,True,retry_24h,False
TXN100170,3432.51,bank_timeout,bank_timeout,retry_2h,False,retry_24h,False
TXN100171,3494.45,insufficient_funds,insufficient_funds,retry_72h,False,retry_24h,False
TXN100172,2035.51,network_error,network_error,retry_immediate,True,retry_24h,False
TXN100173,1100.34,fraud_false_positive,fraud_false_positive,suggest_alt_payment_method,False,retry_24h,False
TXN100174,1952.83,insufficient_funds,insufficient_funds,retry_72h,False,retry_24h,False
TXN100175,2141.97,insufficient_funds,insufficient_funds,retry_72h,False,retry_24h,True
TXN100176,3278.79,insufficient_funds,insufficient_funds,retry_72h,False,retry_24h,False
TXN100177,3329.83,fraud_false_positive,fraud_false_positive,suggest_alt_payment_method,False,retry_24h,True
TXN100178,4539.48,network_error,network_error,retry_immediate,False,retry_24h,True
TXN100179,4388.32,fraud_false_positive,fraud_false_positive,suggest_alt_payment_method,False,retry_24h,False
TXN100180,921.29,network_error,network_error,retry_immediate,True,retry_24h,False
TXN100181,1448.61,network_error,network_error,retry_immediate,False,retry_24h,False
TXN100182,1531.85,insufficient_funds,insufficient_funds,retry_72h,False,retry_24h,False
TXN100183,3233.71,insufficient_funds,insufficient_funds,retry_72h,True,retry_24h,True
TXN100184,2607.57,fraud_false_positive,fraud_false_positive,suggest_alt_payment_method,True,retry_24h,False
TXN100185,3817.81,insufficient_funds,insufficient_funds,suggest_alt_payment_method,False,retry_24h,False
TXN100186,1096.9,network_error,network_error,retry_immediate,True,retry_24h,True
TXN100187,3141.81,bank_timeout,bank_timeout,retry_24h,False,retry_24h,True
TXN100188,3465.36,insufficient_funds,insufficient_funds,retry_72h,False,retry_24h,False
TXN100189,765.53,insufficient_funds,insufficient_funds,retry_72h,True,retry_24h,False
TXN100190,2184.7,insufficient_funds,insufficient_funds,retry_72h,False,retry_24h,False
TXN100191,1347.37,insufficient_funds,insufficient_funds,retry_72h,False,retry_24h,False
TXN100192,3128.87,insufficient_funds,insufficient_funds,retry_72h,True,retry_24h,False
TXN100193,280.16,insufficient_funds,insufficient_funds,retry_72h,False,retry_24h,False
TXN100194,5373.35,insufficient_funds,insufficient_funds,retry_72h,False,retry_24h,False
TXN100195,2520.21,bank_timeout,bank_timeout,retry_2h,True,retry_24h,False
TXN100196,1968.86,insufficient_funds,insufficient_funds,retry_72h,False,retry_24h,False
TXN100197,1625.31,insufficient_funds,insufficient_funds,retry_72h,True,retry_24h,False
TXN100198,699.74,bank_timeout,bank_timeout,retry_2h,True,retry_24h,True
TXN100199,702.67,network_error,network_error,retry_immediate,True,retry_24h,False
TXN100200,2212.54,insufficient_funds,insufficient_funds,retry_72h,False,retry_24h,False
TXN100201,3514.19,insufficient_funds,insufficient_funds,retry_72h,True,retry_24h,False
TXN100202,2872.99,insufficient_funds,insufficient_funds,retry_72h,False,retry_24h,True
TXN100203,1204.94,network_error,network_error,retry_immediate,False,retry_24h,False
TXN100204,1501.7,bank_timeout,bank_timeout,retry_2h,True,retry_24h,True
TXN100205,1264.66,network_error,bank_timeout,retry_2h,True,retry_24h,False
TXN100206,3557.96,insufficient_funds,insufficient_funds,retry_72h,False,retry_24h,False
TXN100207,1082.43,network_error,network_error,retry_immediate,True,retry_24h,True
TXN100208,623.67,network_error,network_error,retry_immediate,True,retry_24h,False
TXN100209,3326.35,insufficient_funds,insufficient_funds,retry_72h,False,retry_24h,True
TXN100210,8421.95,insufficient_funds,insufficient_funds,suggest_alt_payment_method,False,retry_24h,False
TXN100211,1818.55,fraud_false_positive,fraud_false_positive,suggest_alt_payment_method,False,retry_24h,False
TXN100212,1679.36,insufficient_funds,insufficient_funds,retry_72h,False,retry_24h,False
TXN100213,1213.53,insufficient_funds,insufficient_funds,suggest_alt_payment_method,True,retry_24h,False
TXN100214,5420.7,insufficient_funds,insufficient_funds,retry_72h,True,retry_24h,False
TXN100215,5048.17,insufficient_funds,insufficient_funds,suggest_alt_payment_method,False,retry_24h,False
TXN100216,973.68,bank_timeout,bank_timeout,retry_2h,False,retry_24h,True
TXN100217,2561.26,bank_timeout,bank_timeout,retry_2h,True,retry_24h,False
TXN100218,2229.93,fraud_false_positive,fraud_false_positive,suggest_alt_payment_method,False,retry_24h,True
TXN100219,784.03,network_error,network_error,retry_immediate,True,retry_24h,True
TXN100220,8461.67,insufficient_funds,insufficient_funds,retry_72h,True,retry_24h,False
TXN100221,1410.3,fraud_false_positive,fraud_false_positive,suggest_alt_payment_method,True,retry_24h,False
TXN100222,8113.19,insufficient_funds,insufficient_funds,retry_72h,False,retry_24h,False
TXN100223,880.42,insufficient_funds,insufficient_funds,retry_72h,True,retry_24h,True
TXN100224,1198.27,bank_timeout,bank_timeout,retry_2h,True,retry_24h,False
TXN100225,5973.29,insufficient_funds,insufficient_funds,retry_72h,False,retry_24h,False
TXN100226,6580.74,fraud_false_positive,fraud_false_positive,suggest_alt_payment_method,True,retry_24h,False
TXN100227,1671.55,fraud_false_positive,fraud_false_positive,suggest_alt_payment_method,False,retry_24h,False
TXN100228,1815.57,insufficient_funds,insufficient_funds,retry_72h,False,retry_24h,False
TXN100229,3786.02,insufficient_funds,insufficient_funds,retry_72h,False,retry_24h,False
TXN100230,3275.67,bank_timeout,bank_timeout,retry_2h,True,retry_24h,False
TXN100231,1831.63,fraud_false_positive,fraud_false_positive,suggest_alt_payment_method,False,retry_24h,False
TXN100232,1810.02,bank_timeout,bank_timeout,retry_2h,False,retry_24h,True
TXN100233,97.43,network_error,network_error,retry_immediate,True,retry_24h,True
TXN100234,2580.1,network_error,network_error,retry_immediate,True,retry_24h,True
TXN100235,6409.19,insufficient_funds,insufficient_funds,retry_72h,True,retry_24h,False
TXN100236,2624.77,fraud_false_positive,fraud_false_positive,suggest_alt_payment_method,False,retry_24h,False
TXN100237,1369.01,insufficient_funds,insufficient_funds,retry_72h,False,retry_24h,True
TXN100238,3207.12,insufficient_funds,insufficient_funds,retry_72h,True,retry_24h,True
TXN100239,1682.12,insufficient_funds,insufficient_funds,retry_72h,True,retry_24h,True
TXN100240,5504.8,network_error,network_error,retry_immediate,False,retry_24h,False
TXN100241,1809.09,bank_timeout,bank_timeout,retry_24h,True,retry_24h,True
TXN100242,3545.71,insufficient_funds,insufficient_funds,retry_72h,False,retry_24h,False
TXN100243,6233.93,insufficient_funds,insufficient_funds,retry_72h,True,retry_24h,False
TXN100244,2011.62,network_error,network_error,retry_immediate,True,retry_24h,False
TXN100245,6227.1,network_error,network_error,retry_immediate,False,retry_24h,False
TXN100246,1389.11,fraud_false_positive,fraud_false_positive,suggest_alt_payment_method,False,retry_24h,True
TXN100247,8432.34,fraud_false_positive,fraud_false_positive,suggest_alt_payment_method,False,retry_24h,False
TXN100248,2477.16,insufficient_funds,insufficient_funds,retry_72h,True,retry_24h,False
TXN100249,2086.27,bank_timeout,bank_timeout,retry_2h,False,retry_24h,True
TXN100250,1460.84,insufficient_funds,insufficient_funds,retry_72h,False,retry_24h,False
TXN100251,2061.27,insufficient_funds,insufficient_funds,retry_72h,False,retry_24h,False
TXN100252,1025.24,bank_timeout,bank_timeout,retry_24h,True,retry_24h,False
TXN100253,3139.91,insufficient_funds,insufficient_funds,retry_72h,True,retry_24h,False
TXN100254,12221.25,fraud_false_positive,fraud_false_positive,suggest_alt_payment_method,True,retry_24h,False
TXN100255,1191.75,network_error,network_error,retry_immediate,True,retry_24h,True
TXN100256,3941.36,network_error,network_error,retry_24h,True,retry_24h,False
TXN100257,482.82,network_error,bank_timeout,retry_2h,False,retry_24h,False
TXN100258,1531.88,insufficient_funds,insufficient_funds,retry_72h,False,retry_24h,False
TXN100259,1081.41,network_error,network_error,retry_24h,True,retry_24h,True
TXN100260,1460.25,network_error,network_error,retry_immediate,True,retry_24h,True
TXN100261,4023.46,network_error,network_error,retry_immediate,True,retry_24h,False
TXN100262,2660.92,bank_timeout,bank_timeout,retry_2h,False,retry_24h,False
TXN100263,2501.0,bank_timeout,bank_timeout,retry_2h,False,retry_24h,False
TXN100264,5714.53,fraud_false_positive,fraud_false_positive,suggest_alt_payment_method,False,retry_24h,False
TXN100265,1169.94,network_error,network_error,retry_immediate,True,retry_24h,True
TXN100266,287.87,insufficient_funds,insufficient_funds,suggest_alt_payment_method,True,retry_24h,False
TXN100267,763.2,bank_timeout,bank_timeout,retry_2h,True,retry_24h,True
TXN100268,1806.59,insufficient_funds,insufficient_funds,retry_72h,True,retry_24h,False
TXN100269,2229.46,bank_timeout,bank_timeout,retry_2h,True,retry_24h,False
TXN100270,1468.61,fraud_false_positive,fraud_false_positive,suggest_alt_payment_method,False,retry_24h,False
TXN100271,1694.8,network_error,bank_timeout,retry_2h,False,retry_24h,True
TXN100272,2071.49,insufficient_funds,insufficient_funds,retry_72h,True,retry_24h,False
TXN100273,1794.62,bank_timeout,bank_timeout,retry_2h,False,retry_24h,True
TXN100274,2979.83,network_error,bank_timeout,retry_2h,False,retry_24h,True
TXN100275,2573.2,network_error,network_error,retry_24h,True,retry_24h,True
TXN100276,2428.47,network_error,network_error,retry_immediate,True,retry_24h,True
TXN100277,1976.78,bank_timeout,bank_timeout,retry_2h,False,retry_24h,True
TXN100278,1996.25,insufficient_funds,insufficient_funds,retry_72h,True,retry_24h,False
TXN100279,3089.52,network_error,network_error,retry_immediate,True,retry_24h,True
TXN100280,1743.92,network_error,network_error,retry_immediate,True,retry_24h,False
TXN100281,3417.41,insufficient_funds,insufficient_funds,retry_72h,True,retry_24h,False
TXN100282,6670.54,fraud_false_positive,fraud_false_positive,suggest_alt_payment_method,True,retry_24h,False
TXN100283,1762.43,insufficient_funds,insufficient_funds,retry_72h,False,retry_24h,True
TXN100284,555.99,network_error,network_error,retry_immediate,True,retry_24h,True
TXN100285,3103.84,network_error,network_error,retry_immediate,True,retry_24h,True
TXN100286,2320.88,fraud_false_positive,fraud_false_positive,suggest_alt_payment_method,False,retry_24h,False
TXN100287,1179.31,network_error,network_error,retry_immediate,False,retry_24h,False
TXN100288,1739.76,network_error,network_error,retry_immediate,True,retry_24h,False
TXN100289,7619.78,fraud_false_positive,fraud_false_positive,suggest_alt_payment_method,False,retry_24h,False
TXN100290,2714.58,network_error,network_error,retry_immediate,True,retry_24h,False
TXN100291,535.5,bank_timeout,bank_timeout,retry_2h,False,retry_24h,True
TXN100292,4694.36,insufficient_funds,insufficient_funds,retry_72h,False,retry_24h,False
TXN100293,5841.01,insufficient_funds,insufficient_funds,retry_72h,True,retry_24h,False
TXN100294,6467.39,insufficient_funds,insufficient_funds,retry_72h,False,retry_24h,False
TXN100295,2945.79,bank_timeout,bank_timeout,retry_2h,True,retry_24h,False
TXN100296,5012.69,insufficient_funds,insufficient_funds,retry_72h,True,retry_24h,False
TXN100297,1569.43,insufficient_funds,insufficient_funds,retry_72h,False,retry_24h,False
TXN100298,6352.94,fraud_false_positive,fraud_false_positive,suggest_alt_payment_method,True,retry_24h,True
TXN100299,2393.84,bank_timeout,bank_timeout,retry_2h,True,retry_24h,True
TXN100300,1843.43,bank_timeout,bank_timeout,retry_2h,False,retry_24h,True
TXN100301,5475.16,fraud_false_positive,fraud_false_positive,suggest_alt_payment_method,True,retry_24h,False
TXN100302,3752.68,insufficient_funds,insufficient_funds,retry_72h,False,retry_24h,True
TXN100303,4037.09,fraud_false_positive,fraud_false_positive,suggest_alt_payment_method,True,retry_24h,False
TXN100304,1381.88,insufficient_funds,insufficient_funds,retry_72h,True,retry_24h,False
TXN100305,2036.48,network_error,bank_timeout,retry_2h,False,retry_24h,False
TXN100306,5918.79,insufficient_funds,insufficient_funds,retry_72h,True,retry_24h,False
TXN100307,4308.23,insufficient_funds,insufficient_funds,retry_72h,False,retry_24h,False
TXN100308,734.07,insufficient_funds,insufficient_funds,suggest_alt_payment_method,True,retry_24h,False
TXN100309,1358.3,insufficient_funds,insufficient_funds,retry_72h,True,retry_24h,False
TXN100310,128.48,fraud_false_positive,fraud_false_positive,suggest_alt_payment_method,False,retry_24h,False
TXN100311,4127.2,insufficient_funds,insufficient_funds,retry_72h,False,retry_24h,True
TXN100312,1070.68,network_error,network_error,retry_immediate,False,retry_24h,True
TXN100313,1041.77,bank_timeout,bank_timeout,retry_2h,False,retry_24h,True
TXN100314,802.54,network_error,network_error,retry_immediate,True,retry_24h,False
TXN100315,1433.72,network_error,network_error,retry_immediate,True,retry_24h,False
TXN100316,3408.47,bank_timeout,network_error,retry_immediate,False,retry_24h,False
TXN100317,12628.66,fraud_false_positive,fraud_false_positive,suggest_alt_payment_method,False,retry_24h,False
TXN100318,3344.6,insufficient_funds,insufficient_funds,retry_72h,True,retry_24h,False
TXN100319,8216.6,insufficient_funds,insufficient_funds,retry_72h,False,retry_24h,True
TXN100320,5802.62,fraud_false_positive,fraud_false_positive,suggest_alt_payment_method,False,retry_24h,True
TXN100321,1972.9,bank_timeout,network_error,retry_immediate,True,retry_24h,False
TXN100322,1281.14,bank_timeout,bank_timeout,retry_2h,False,retry_24h,True
TXN100323,5461.12,fraud_false_positive,fraud_false_positive,suggest_alt_payment_method,True,retry_24h,False
TXN100324,7309.6,fraud_false_positive,fraud_false_positive,suggest_alt_payment_method,False,retry_24h,False
TXN100325,660.25,bank_timeout,bank_timeout,retry_2h,True,retry_24h,False
TXN100326,2305.68,bank_timeout,bank_timeout,retry_24h,True,retry_24h,False
TXN100327,4130.55,insufficient_funds,insufficient_funds,retry_72h,False,retry_24h,True
TXN100328,1818.02,insufficient_funds,insufficient_funds,retry_72h,False,retry_24h,True
TXN100329,577.16,network_error,network_error,retry_immediate,True,retry_24h,False
TXN100330,415.18,network_error,network_error,retry_immediate,True,retry_24h,False
TXN100331,1715.36,insufficient_funds,insufficient_funds,retry_72h,False,retry_24h,True
TXN100332,3405.11,bank_timeout,bank_timeout,retry_2h,True,retry_24h,True
TXN100333,7243.08,insufficient_funds,insufficient_funds,retry_72h,False,retry_24h,True
TXN100334,7569.7,insufficient_funds,insufficient_funds,retry_72h,False,retry_24h,False
TXN100335,2081.59,network_error,network_error,retry_immediate,False,retry_24h,True
TXN100336,5656.92,insufficient_funds,insufficient_funds,retry_72h,True,retry_24h,False
TXN100337,363.68,bank_timeout,bank_timeout,retry_2h,True,retry_24h,True
TXN100338,2579.28,insufficient_funds,insufficient_funds,retry_72h,False,retry_24h,False
TXN100339,2311.62,bank_timeout,bank_timeout,retry_2h,True,retry_24h,True
TXN100340,2414.72,network_error,network_error,retry_immediate,True,retry_24h,True
TXN100341,770.57,insufficient_funds,insufficient_funds,retry_72h,False,retry_24h,False
TXN100342,1634.97,insufficient_funds,insufficient_funds,retry_72h,False,retry_24h,False
TXN100343,5448.1,insufficient_funds,insufficient_funds,suggest_alt_payment_method,True,retry_24h,False
TXN100344,4904.68,insufficient_funds,insufficient_funds,retry_72h,False,retry_24h,False
TXN100345,2362.25,fraud_false_positive,fraud_false_positive,suggest_alt_payment_method,True,retry_24h,False
TXN100346,3383.35,bank_timeout,bank_timeout,retry_2h,True,retry_24h,False
TXN100347,7516.78,fraud_false_positive,fraud_false_positive,suggest_alt_payment_method,False,retry_24h,False
TXN100348,1225.7,insufficient_funds,insufficient_funds,retry_72h,False,retry_24h,False
TXN100349,3516.22,insufficient_funds,insufficient_funds,retry_72h,True,retry_24h,False
TXN100350,14039.93,insufficient_funds,insufficient_funds,retry_72h,True,retry_24h,False
TXN100351,3340.45,insufficient_funds,insufficient_funds,retry_72h,True,retry_24h,False
TXN100352,3552.3,insufficient_funds,insufficient_funds,retry_72h,False,retry_24h,False
TXN100353,1910.78,fraud_false_positive,fraud_false_positive,suggest_alt_payment_method,True,retry_24h,True
TXN100354,4001.63,insufficient_funds,insufficient_funds,retry_72h,False,retry_24h,True
TXN100355,1393.92,bank_timeout,bank_timeout,retry_2h,True,retry_24h,False
TXN100356,2705.92,insufficient_funds,insufficient_funds,retry_72h,True,retry_24h,False
TXN100357,705.58,fraud_false_positive,fraud_false_positive,suggest_alt_payment_method,True,retry_24h,False
TXN100358,4549.47,bank_timeout,bank_timeout,retry_2h,False,retry_24h,True
TXN100359,2857.46,bank_timeout,bank_timeout,retry_2h,True,retry_24h,False
TXN100360,3921.63,insufficient_funds,insufficient_funds,retry_72h,True,retry_24h,False
TXN100361,2838.44,insufficient_funds,insufficient_funds,retry_72h,True,retry_24h,False
TXN100362,1096.73,network_error,network_error,retry_immediate,False,retry_24h,True
TXN100363,3068.91,insufficient_funds,insufficient_funds,retry_72h,True,retry_24h,False
TXN100364,248.59,insufficient_funds,insufficient_funds,retry_72h,False,retry_24h,True
TXN100365,637.63,network_error,network_error,retry_immediate,True,retry_24h,False
TXN100366,1295.11,insufficient_funds,insufficient_funds,retry_72h,True,retry_24h,False
TXN100367,3748.24,network_error,network_error,retry_immediate,True,retry_24h,False
TXN100368,2781.5,bank_timeout,bank_timeout,retry_2h,True,retry_24h,False
TXN100369,1744.59,fraud_false_positive,fraud_false_positive,suggest_alt_payment_method,False,retry_24h,False
TXN100370,2897.46,bank_timeout,bank_timeout,retry_24h,False,retry_24h,False
TXN100371,5359.69,fraud_false_positive,fraud_false_positive,suggest_alt_payment_method,False,retry_24h,False
TXN100372,4889.44,bank_timeout,bank_timeout,retry_2h,False,retry_24h,False
TXN100373,1067.54,insufficient_funds,insufficient_funds,retry_72h,True,retry_24h,True
TXN100374,7389.25,insufficient_funds,insufficient_funds,suggest_alt_payment_method,False,retry_24h,False
TXN100375,1443.76,network_error,network_error,retry_immediate,True,retry_24h,False
TXN100376,3005.82,insufficient_funds,insufficient_funds,retry_72h,True,retry_24h,False
TXN100377,1388.43,network_error,network_error,retry_immediate,True,retry_24h,False
TXN100378,1325.24,bank_timeout,bank_timeout,retry_2h,True,retry_24h,True
TXN100379,2364.69,bank_timeout,bank_timeout,retry_2h,True,retry_24h,False
TXN100380,3748.8,fraud_false_positive,fraud_false_positive,suggest_alt_payment_method,False,retry_24h,False
TXN100381,7131.09,insufficient_funds,insufficient_funds,retry_72h,False,retry_24h,False
TXN100382,3116.09,insufficient_funds,insufficient_funds,retry_72h,False,retry_24h,False
TXN100383,7819.21,fraud_false_positive,fraud_false_positive,suggest_alt_payment_method,False,retry_24h,False
TXN100384,5079.06,fraud_false_positive,fraud_false_positive,suggest_alt_payment_method,True,retry_24h,False
TXN100385,1843.67,network_error,network_error,retry_immediate,False,retry_24h,False
TXN100386,1417.88,bank_timeout,bank_timeout,retry_2h,True,retry_24h,False
TXN100387,1917.19,bank_timeout,bank_timeout,retry_2h,True,retry_24h,False
TXN100388,2779.33,fraud_false_positive,fraud_false_positive,suggest_alt_payment_method,True,retry_24h,False
TXN100389,4209.48,insufficient_funds,insufficient_funds,retry_72h,True,retry_24h,False
TXN100390,2922.27,network_error,network_error,retry_immediate,False,retry_24h,False
TXN100391,1251.25,network_error,network_error,retry_immediate,False,retry_24h,False
TXN100392,571.56,bank_timeout,bank_timeout,retry_2h,False,retry_24h,False
TXN100393,2659.55,insufficient_funds,insufficient_funds,retry_72h,False,retry_24h,False
TXN100394,2911.83,bank_timeout,bank_timeout,retry_2h,False,retry_24h,True
TXN100395,1246.1,insufficient_funds,insufficient_funds,retry_72h,True,retry_24h,False
TXN100396,2234.3,insufficient_funds,insufficient_funds,retry_72h,True,retry_24h,True
TXN100397,3766.48,network_error,network_error,retry_immediate,True,retry_24h,False
TXN100398,3236.22,bank_timeout,bank_timeout,retry_2h,False,retry_24h,False
TXN100399,1386.04,insufficient_funds,insufficient_funds,retry_72h,False,retry_24h,False
TXN100400,4631.68,fraud_false_positive,fraud_false_positive,suggest_alt_payment_method,True,retry_24h,True
TXN100401,1484.56,network_error,network_error,retry_immediate,True,retry_24h,False
TXN100402,1357.7,network_error,network_error,retry_immediate,False,retry_24h,True
TXN100403,911.31,network_error,network_error,retry_immediate,False,retry_24h,False
TXN100404,3080.55,bank_timeout,bank_timeout,retry_2h,False,retry_24h,True
TXN100405,1742.18,bank_timeout,bank_timeout,retry_2h,True,retry_24h,False
TXN100406,3507.39,fraud_false_positive,fraud_false_positive,suggest_alt_payment_method,False,retry_24h,False
TXN100407,1695.58,insufficient_funds,insufficient_funds,retry_72h,True,retry_24h,True
TXN100408,1257.55,network_error,bank_timeout,retry_24h,False,retry_24h,False
TXN100409,1222.34,insufficient_funds,insufficient_funds,retry_72h,False,retry_24h,False
TXN100410,1424.11,network_error,network_error,suggest_alt_payment_method,False,retry_24h,False
TXN100411,960.74,insufficient_funds,insufficient_funds,retry_72h,True,retry_24h,False
TXN100412,2460.5,network_error,network_error,retry_24h,True,retry_24h,True
TXN100413,1351.59,insufficient_funds,insufficient_funds,suggest_alt_payment_method,False,retry_24h,False
TXN100414,1649.97,fraud_false_positive,fraud_false_positive,suggest_alt_payment_method,False,retry_24h,False
TXN100415,10865.62,fraud_false_positive,fraud_false_positive,suggest_alt_payment_method,True,retry_24h,False
TXN100416,2386.33,bank_timeout,bank_timeout,retry_2h,True,retry_24h,False
TXN100417,5477.7,insufficient_funds,insufficient_funds,retry_72h,False,retry_24h,False
TXN100418,632.28,insufficient_funds,insufficient_funds,retry_72h,False,retry_24h,False
TXN100419,961.08,network_error,network_error,retry_immediate,True,retry_24h,False
TXN100420,2109.85,network_error,network_error,retry_immediate,False,retry_24h,False
TXN100421,8004.87,fraud_false_positive,fraud_false_positive,suggest_alt_payment_method,False,retry_24h,True
TXN100422,1085.42,bank_timeout,bank_timeout,retry_2h,True,retry_24h,False
TXN100423,1464.6,bank_timeout,bank_timeout,retry_2h,True,retry_24h,True
TXN100424,3060.23,network_error,network_error,retry_immediate,True,retry_24h,True
TXN100425,2593.28,bank_timeout,bank_timeout,retry_24h,True,retry_24h,False
TXN100426,902.7,insufficient_funds,insufficient_funds,retry_72h,False,retry_24h,False
TXN100427,4496.56,network_error,network_error,retry_immediate,True,retry_24h,True
TXN100428,3083.39,bank_timeout,bank_timeout,retry_2h,True,retry_24h,False
TXN100429,294.88,network_error,network_error,retry_immediate,True,retry_24h,False
TXN100430,1499.35,network_error,network_error,retry_immediate,True,retry_24h,False
TXN100431,1407.02,insufficient_funds,insufficient_funds,retry_72h,True,retry_24h,False
TXN100432,1076.07,insufficient_funds,insufficient_funds,suggest_alt_payment_method,False,retry_24h,True
TXN100433,1486.66,network_error,network_error,retry_immediate,True,retry_24h,False
TXN100434,2229.0,fraud_false_positive,fraud_false_positive,suggest_alt_payment_method,True,retry_24h,False
TXN100435,1918.84,insufficient_funds,insufficient_funds,retry_72h,True,retry_24h,False
TXN100436,7009.99,fraud_false_positive,fraud_false_positive,suggest_alt_payment_method,False,retry_24h,False
TXN100437,3178.28,insufficient_funds,insufficient_funds,retry_72h,True,retry_24h,False
TXN100438,5506.77,insufficient_funds,insufficient_funds,retry_72h,False,retry_24h,False
TXN100439,1795.27,bank_timeout,bank_timeout,retry_2h,True,retry_24h,False
TXN100440,1790.17,network_error,network_error,retry_immediate,False,retry_24h,True
TXN100441,1125.58,bank_timeout,bank_timeout,retry_2h,False,retry_24h,False
TXN100442,1662.14,bank_timeout,bank_timeout,retry_2h,True,retry_24h,False
TXN100443,6495.2,insufficient_funds,insufficient_funds,retry_72h,True,retry_24h,True
TXN100444,2946.78,network_error,network_error,retry_immediate,True,retry_24h,False
TXN100445,1705.69,bank_timeout,bank_timeout,retry_2h,True,retry_24h,False
TXN100446,2635.92,network_error,network_error,retry_immediate,True,retry_24h,False
TXN100447,2981.48,bank_timeout,bank_timeout,retry_24h,True,retry_24h,False
TXN100448,1903.3,bank_timeout,bank_timeout,retry_2h,False,retry_24h,True
TXN100449,8734.61,network_error,network_error,retry_immediate,True,retry_24h,False
TXN100450,4016.38,insufficient_funds,insufficient_funds,retry_72h,False,retry_24h,True
TXN100451,767.67,network_error,network_error,retry_immediate,False,retry_24h,False
TXN100452,552.3,network_error,insufficient_funds,retry_72h,False,retry_24h,False
TXN100453,10036.73,insufficient_funds,insufficient_funds,retry_72h,False,retry_24h,False
TXN100454,1651.17,bank_timeout,bank_timeout,retry_24h,True,retry_24h,True
TXN100455,3723.73,network_error,network_error,retry_immediate,True,retry_24h,False
TXN100456,6945.45,fraud_false_positive,fraud_false_positive,suggest_alt_payment_method,False,retry_24h,False
TXN100457,1090.97,bank_timeout,bank_timeout,retry_2h,True,retry_24h,True
TXN100458,853.03,bank_timeout,bank_timeout,retry_2h,False,retry_24h,False
TXN100459,1186.53,network_error,network_error,retry_immediate,True,retry_24h,False
TXN100460,599.93,bank_timeout,bank_timeout,retry_2h,True,retry_24h,True
TXN100461,6587.39,network_error,network_error,retry_immediate,True,retry_24h,True
TXN100462,885.28,insufficient_funds,insufficient_funds,retry_72h,True,retry_24h,False
TXN100463,512.55,network_error,network_error,retry_immediate,False,retry_24h,False
TXN100464,1978.48,network_error,network_error,retry_immediate,True,retry_24h,False
TXN100465,4449.5,insufficient_funds,insufficient_funds,suggest_alt_payment_method,False,retry_24h,False
TXN100466,2141.21,fraud_false_positive,fraud_false_positive,suggest_alt_payment_method,True,retry_24h,False
TXN100467,3393.39,insufficient_funds,insufficient_funds,retry_72h,True,retry_24h,True
TXN100468,2010.1,insufficient_funds,insufficient_funds,retry_72h,False,retry_24h,False
TXN100469,1454.9,bank_timeout,bank_timeout,retry_2h,True,retry_24h,True
TXN100470,9084.84,insufficient_funds,insufficient_funds,retry_72h,False,retry_24h,False
TXN100471,4230.26,insufficient_funds,insufficient_funds,retry_72h,True,retry_24h,False
TXN100472,966.36,fraud_false_positive,fraud_false_positive,suggest_alt_payment_method,True,retry_24h,False
TXN100473,823.52,bank_timeout,bank_timeout,retry_2h,True,retry_24h,True
TXN100474,876.98,insufficient_funds,insufficient_funds,retry_72h,False,retry_24h,False
TXN100475,1037.83,insufficient_funds,insufficient_funds,retry_72h,True,retry_24h,False
TXN100476,527.53,network_error,network_error,retry_immediate,False,retry_24h,False
TXN100477,4335.77,insufficient_funds,insufficient_funds,retry_72h,False,retry_24h,False
TXN100478,1857.53,insufficient_funds,insufficient_funds,retry_72h,True,retry_24h,False
TXN100479,2276.25,insufficient_funds,insufficient_funds,retry_72h,False,retry_24h,True
TXN100480,4977.21,insufficient_funds,insufficient_funds,retry_72h,False,retry_24h,False
TXN100481,369.91,bank_timeout,bank_timeout,retry_2h,False,retry_24h,True
TXN100482,593.49,network_error,network_error,retry_immediate,True,retry_24h,True
TXN100483,8104.19,insufficient_funds,insufficient_funds,retry_72h,False,retry_24h,False
TXN100484,2078.58,network_error,network_error,retry_immediate,False,retry_24h,True
TXN100485,2777.7,network_error,network_error,retry_immediate,False,retry_24h,False
TXN100486,3951.95,insufficient_funds,insufficient_funds,retry_72h,False,retry_24h,True
TXN100487,2685.09,insufficient_funds,insufficient_funds,retry_72h,True,retry_24h,True
TXN100488,3031.65,insufficient_funds,insufficient_funds,retry_72h,True,retry_24h,False
TXN100489,670.62,network_error,network_error,retry_immediate,True,retry_24h,False
TXN100490,2916.26,insufficient_funds,insufficient_funds,retry_72h,True,retry_24h,False
TXN100491,2135.8,insufficient_funds,insufficient_funds,retry_72h,False,retry_24h,False
TXN100492,3709.12,insufficient_funds,insufficient_funds,retry_72h,True,retry_24h,False
TXN100493,990.97,network_error,network_error,retry_immediate,True,retry_24h,True
TXN100494,2055.02,insufficient_funds,insufficient_funds,retry_72h,False,retry_24h,False
TXN100495,1533.35,network_error,network_error,retry_immediate,True,retry_24h,False
TXN100496,187.81,network_error,network_error,retry_immediate,False,retry_24h,True
TXN100497,1215.93,network_error,network_error,retry_immediate,False,retry_24h,True
TXN100498,1875.24,network_error,network_error,retry_immediate,False,retry_24h,False
TXN100499,2824.83,network_error,network_error,retry_immediate,True,retry_24h,True
TXN100500,8906.83,fraud_false_positive,fraud_false_positive,suggest_alt_payment_method,True,retry_24h,False
TXN100501,7804.99,insufficient_funds,insufficient_funds,retry_72h,False,retry_24h,False
TXN100502,893.9,network_error,network_error,retry_24h,True,retry_24h,True
TXN100503,3825.83,insufficient_funds,insufficient_funds,suggest_alt_payment_method,True,retry_24h,False
TXN100504,1261.59,insufficient_funds,insufficient_funds,retry_72h,False,retry_24h,False
TXN100505,2135.43,insufficient_funds,insufficient_funds,suggest_alt_payment_method,False,retry_24h,True
TXN100506,562.84,bank_timeout,bank_timeout,retry_2h,False,retry_24h,False
TXN100507,4195.04,fraud_false_positive,fraud_false_positive,suggest_alt_payment_method,True,retry_24h,False
TXN100508,7291.22,insufficient_funds,insufficient_funds,retry_72h,False,retry_24h,True
TXN100509,4554.45,insufficient_funds,insufficient_funds,retry_72h,True,retry_24h,False
TXN100510,2962.89,bank_timeout,bank_timeout,retry_2h,True,retry_24h,False
TXN100511,2553.56,insufficient_funds,insufficient_funds,suggest_alt_payment_method,False,retry_24h,False
TXN100512,1106.6,bank_timeout,bank_timeout,retry_2h,True,retry_24h,False
TXN100513,1341.3,network_error,network_error,retry_immediate,True,retry_24h,True
TXN100514,359.35,bank_timeout,bank_timeout,retry_2h,False,retry_24h,False
TXN100515,2317.0,network_error,network_error,retry_immediate,True,retry_24h,True
TXN100516,1001.27,insufficient_funds,insufficient_funds,retry_72h,False,retry_24h,True
TXN100517,3527.15,bank_timeout,bank_timeout,retry_2h,True,retry_24h,True
TXN100518,640.67,network_error,network_error,retry_immediate,False,retry_24h,True
TXN100519,2701.47,bank_timeout,bank_timeout,retry_24h,True,retry_24h,False
TXN100520,2803.81,insufficient_funds,insufficient_funds,retry_72h,False,retry_24h,False
TXN100521,6302.96,insufficient_funds,insufficient_funds,retry_72h,False,retry_24h,False
TXN100522,545.63,fraud_false_positive,fraud_false_positive,suggest_alt_payment_method,True,retry_24h,False
TXN100523,961.75,bank_timeout,network_error,retry_immediate,True,retry_24h,False
TXN100524,207.51,network_error,network_error,retry_immediate,True,retry_24h,True
TXN100525,1725.34,insufficient_funds,insufficient_funds,retry_72h,False,retry_24h,False
TXN100526,1662.13,bank_timeout,bank_timeout,retry_24h,False,retry_24h,False
TXN100527,841.55,fraud_false_positive,fraud_false_positive,suggest_alt_payment_method,True,retry_24h,False
TXN100528,4972.28,bank_timeout,bank_timeout,retry_2h,True,retry_24h,True
TXN100529,6603.17,insufficient_funds,insufficient_funds,retry_72h,True,retry_24h,False
TXN100530,1217.06,network_error,network_error,retry_immediate,True,retry_24h,True
TXN100531,1832.81,fraud_false_positive,fraud_false_positive,suggest_alt_payment_method,True,retry_24h,False
TXN100532,6409.72,insufficient_funds,insufficient_funds,retry_72h,False,retry_24h,False
TXN100533,10387.13,fraud_false_positive,fraud_false_positive,suggest_alt_payment_method,True,retry_24h,False
TXN100534,2216.83,bank_timeout,bank_timeout,retry_2h,True,retry_24h,False
TXN100535,3765.43,bank_timeout,bank_timeout,retry_2h,True,retry_24h,False
TXN100536,5914.26,fraud_false_positive,fraud_false_positive,suggest_alt_payment_method,False,retry_24h,False
TXN100537,9271.32,insufficient_funds,insufficient_funds,retry_72h,False,retry_24h,False
TXN100538,1654.87,bank_timeout,bank_timeout,retry_2h,False,retry_24h,False
TXN100539,9517.84,fraud_false_positive,fraud_false_positive,suggest_alt_payment_method,False,retry_24h,True
TXN100540,2022.66,network_error,network_error,retry_immediate,True,retry_24h,False
TXN100541,2607.98,bank_timeout,bank_timeout,retry_2h,True,retry_24h,False
TXN100542,1481.27,network_error,network_error,retry_immediate,True,retry_24h,True
TXN100543,626.44,network_error,bank_timeout,retry_2h,False,retry_24h,False
TXN100544,2831.39,insufficient_funds,insufficient_funds,retry_72h,False,retry_24h,False
TXN100545,2480.57,network_error,network_error,retry_immediate,False,retry_24h,True
TXN100546,943.88,insufficient_funds,insufficient_funds,retry_72h,False,retry_24h,False
TXN100547,2325.64,bank_timeout,bank_timeout,retry_2h,True,retry_24h,True
TXN100548,4349.64,insufficient_funds,insufficient_funds,retry_72h,False,retry_24h,False
TXN100549,4576.53,network_error,network_error,retry_immediate,True,retry_24h,True
TXN100550,2369.49,insufficient_funds,insufficient_funds,retry_72h,False,retry_24h,True
TXN100551,1210.2,network_error,network_error,retry_immediate,True,retry_24h,False
TXN100552,3607.51,insufficient_funds,insufficient_funds,retry_72h,False,retry_24h,True
TXN100553,5188.62,insufficient_funds,insufficient_funds,retry_72h,True,retry_24h,True
TXN100554,1190.15,insufficient_funds,insufficient_funds,retry_72h,True,retry_24h,True
TXN100555,787.1,network_error,network_error,retry_24h,True,retry_24h,True
TXN100556,1032.43,network_error,network_error,retry_immediate,True,retry_24h,True
TXN100557,2839.76,insufficient_funds,insufficient_funds,retry_72h,False,retry_24h,False
TXN100558,915.8,insufficient_funds,insufficient_funds,retry_72h,True,retry_24h,False
TXN100559,492.48,bank_timeout,bank_timeout,retry_2h,False,retry_24h,True
TXN100560,970.11,bank_timeout,bank_timeout,retry_2h,True,retry_24h,False
TXN100561,2210.34,fraud_false_positive,fraud_false_positive,suggest_alt_payment_method,False,retry_24h,False
TXN100562,623.12,network_error,network_error,retry_immediate,False,retry_24h,False
TXN100563,1485.98,bank_timeout,bank_timeout,retry_2h,True,retry_24h,True
TXN100564,1464.44,network_error,network_error,retry_immediate,True,retry_24h,False
TXN100565,1885.78,network_error,network_error,retry_immediate,True,retry_24h,True
TXN100566,10574.14,insufficient_funds,insufficient_funds,suggest_alt_payment_method,True,retry_24h,False
TXN100567,1466.74,network_error,network_error,retry_immediate,False,retry_24h,True
TXN100568,1568.94,insufficient_funds,insufficient_funds,retry_72h,True,retry_24h,False
TXN100569,4032.73,insufficient_funds,insufficient_funds,retry_72h,True,retry_24h,False
TXN100570,499.1,network_error,network_error,retry_immediate,True,retry_24h,False
TXN100571,1496.18,bank_timeout,bank_timeout,retry_2h,False,retry_24h,False
TXN100572,2822.97,bank_timeout,bank_timeout,retry_2h,True,retry_24h,True
TXN100573,3110.89,bank_timeout,bank_timeout,retry_24h,True,retry_24h,True
TXN100574,422.29,bank_timeout,bank_timeout,retry_2h,False,retry_24h,False
TXN100575,285.47,bank_timeout,bank_timeout,retry_2h,True,retry_24h,False
TXN100576,4137.43,bank_timeout,bank_timeout,retry_2h,True,retry_24h,True
TXN100577,2666.25,insufficient_funds,insufficient_funds,retry_72h,False,retry_24h,False
TXN100578,8513.43,insufficient_funds,insufficient_funds,retry_72h,False,retry_24h,False
TXN100579,5902.98,insufficient_funds,insufficient_funds,retry_72h,False,retry_24h,False
TXN100580,1434.86,bank_timeout,bank_timeout,retry_2h,True,retry_24h,True
TXN100581,808.25,bank_timeout,bank_timeout,retry_2h,True,retry_24h,True
TXN100582,1630.54,insufficient_funds,insufficient_funds,retry_72h,True,retry_24h,False
TXN100583,1856.45,network_error,bank_timeout,retry_2h,True,retry_24h,True
TXN100584,4519.91,fraud_false_positive,fraud_false_positive,suggest_alt_payment_method,False,retry_24h,False
TXN100585,3162.64,insufficient_funds,insufficient_funds,retry_72h,False,retry_24h,False
TXN100586,2804.08,insufficient_funds,insufficient_funds,retry_72h,True,retry_24h,True
TXN100587,3596.2,insufficient_funds,insufficient_funds,retry_72h,False,retry_24h,True
TXN100588,2457.28,network_error,network_error,retry_immediate,False,retry_24h,False
TXN100589,4795.27,fraud_false_positive,fraud_false_positive,suggest_alt_payment_method,False,retry_24h,False
TXN100590,4551.86,insufficient_funds,insufficient_funds,retry_72h,True,retry_24h,False
TXN100591,1217.79,insufficient_funds,insufficient_funds,retry_72h,False,retry_24h,False
TXN100592,1012.91,network_error,network_error,retry_immediate,True,retry_24h,False
TXN100593,3399.36,insufficient_funds,insufficient_funds,retry_72h,True,retry_24h,False
TXN100594,3639.29,insufficient_funds,insufficient_funds,retry_72h,True,retry_24h,False
TXN100595,922.7,bank_timeout,bank_timeout,retry_2h,True,retry_24h,False
TXN100596,3138.0,insufficient_funds,insufficient_funds,retry_72h,True,retry_24h,False
TXN100597,4063.87,insufficient_funds,insufficient_funds,suggest_alt_payment_method,False,retry_24h,True
TXN100598,609.89,bank_timeout,network_error,retry_immediate,False,retry_24h,False
TXN100599,2154.45,insufficient_funds,insufficient_funds,retry_72h,False,retry_24h,False
TXN100600,3015.01,bank_timeout,bank_timeout,retry_2h,False,retry_24h,False
TXN100601,750.58,network_error,network_error,retry_immediate,True,retry_24h,False
TXN100602,2593.06,insufficient_funds,insufficient_funds,retry_72h,False,retry_24h,False
TXN100603,927.73,bank_timeout,bank_timeout,retry_2h,False,retry_24h,True
TXN100604,330.99,network_error,network_error,retry_immediate,True,retry_24h,False
TXN100605,6545.38,network_error,network_error,retry_immediate,False,retry_24h,True
TXN100606,1721.78,network_error,network_error,retry_immediate,True,retry_24h,False
TXN100607,3921.48,fraud_false_positive,fraud_false_positive,suggest_alt_payment_method,False,retry_24h,False
TXN100608,4005.76,insufficient_funds,insufficient_funds,retry_72h,True,retry_24h,False
TXN100609,1998.8,insufficient_funds,insufficient_funds,retry_72h,False,retry_24h,False
TXN100610,2360.5,bank_timeout,bank_timeout,suggest_alt_payment_method,False,retry_24h,False
TXN100611,236.25,network_error,network_error,suggest_alt_payment_method,False,retry_24h,False
TXN100612,592.34,insufficient_funds,insufficient_funds,retry_72h,True,retry_24h,False
TXN100613,940.86,network_error,network_error,retry_immediate,False,retry_24h,False
TXN100614,1858.76,bank_timeout,bank_timeout,retry_2h,True,retry_24h,True
TXN100615,1462.37,network_error,network_error,retry_immediate,False,retry_24h,False
TXN100616,3428.62,insufficient_funds,insufficient_funds,suggest_alt_payment_method,True,retry_24h,False
TXN100617,1546.75,fraud_false_positive,fraud_false_positive,suggest_alt_payment_method,False,retry_24h,False
TXN100618,2518.51,network_error,network_error,retry_immediate,True,retry_24h,True
TXN100619,473.21,bank_timeout,bank_timeout,retry_2h,True,retry_24h,True
TXN100620,1457.68,insufficient_funds,insufficient_funds,retry_72h,True,retry_24h,True
TXN100621,285.71,network_error,network_error,suggest_alt_payment_method,False,retry_24h,False
TXN100622,548.39,bank_timeout,bank_timeout,retry_2h,True,retry_24h,False
TXN100623,1450.81,network_error,network_error,retry_immediate,True,retry_24h,True
TXN100624,1644.6,network_error,network_error,retry_immediate,True,retry_24h,False
TXN100625,7703.68,insufficient_funds,insufficient_funds,retry_72h,True,retry_24h,False
TXN100626,5771.94,network_error,network_error,retry_immediate,True,retry_24h,False
TXN100627,1019.01,bank_timeout,bank_timeout,retry_2h,True,retry_24h,False
TXN100628,4407.46,network_error,network_error,retry_immediate,True,retry_24h,True
TXN100629,1034.82,bank_timeout,bank_timeout,retry_2h,False,retry_24h,False
TXN100630,5207.89,insufficient_funds,insufficient_funds,suggest_alt_payment_method,False,retry_24h,True
TXN100631,2334.86,insufficient_funds,insufficient_funds,retry_72h,True,retry_24h,False
TXN100632,1545.49,network_error,network_error,retry_immediate,False,retry_24h,False
TXN100633,2511.94,insufficient_funds,insufficient_funds,retry_72h,True,retry_24h,True
TXN100634,2746.42,network_error,network_error,retry_immediate,True,retry_24h,False
TXN100635,1993.41,insufficient_funds,insufficient_funds,retry_72h,True,retry_24h,False
TXN100636,1310.93,insufficient_funds,insufficient_funds,retry_72h,True,retry_24h,False
TXN100637,3299.39,insufficient_funds,insufficient_funds,suggest_alt_payment_method,False,retry_24h,False
TXN100638,414.44,bank_timeout,bank_timeout,retry_24h,True,retry_24h,True
TXN100639,613.61,bank_timeout,bank_timeout,retry_2h,False,retry_24h,True
TXN100640,927.92,insufficient_funds,insufficient_funds,retry_72h,False,retry_24h,False
TXN100641,6607.08,fraud_false_positive,fraud_false_positive,suggest_alt_payment_method,True,retry_24h,False
TXN100642,209.66,fraud_false_positive,fraud_false_positive,suggest_alt_payment_method,False,retry_24h,True
TXN100643,1280.91,network_error,network_error,retry_immediate,False,retry_24h,True
TXN100644,1603.56,network_error,network_error,retry_immediate,True,retry_24h,False
TXN100645,3366.1,insufficient_funds,insufficient_funds,retry_72h,True,retry_24h,False
TXN100646,3703.49,insufficient_funds,insufficient_funds,retry_72h,False,retry_24h,True
TXN100647,1986.34,bank_timeout,bank_timeout,retry_2h,True,retry_24h,False
TXN100648,4535.14,network_error,network_error,retry_immediate,False,retry_24h,True
TXN100649,5077.43,insufficient_funds,insufficient_funds,retry_72h,False,retry_24h,False
TXN100650,780.02,network_error,network_error,retry_immediate,False,retry_24h,False
TXN100651,2603.02,network_error,network_error,retry_immediate,True,retry_24h,True
TXN100652,296.66,fraud_false_positive,fraud_false_positive,suggest_alt_payment_method,False,retry_24h,False
TXN100653,2088.45,fraud_false_positive,fraud_false_positive,suggest_alt_payment_method,True,retry_24h,False
TXN100654,7485.32,insufficient_funds,insufficient_funds,retry_72h,True,retry_24h,False
TXN100655,6735.28,insufficient_funds,insufficient_funds,retry_72h,False,retry_24h,False
TXN100656,4968.03,insufficient_funds,insufficient_funds,retry_72h,False,retry_24h,True
TXN100657,1571.79,insufficient_funds,insufficient_funds,retry_72h,False,retry_24h,False
TXN100658,1432.68,insufficient_funds,insufficient_funds,retry_72h,False,retry_24h,False
TXN100659,2435.41,insufficient_funds,insufficient_funds,retry_72h,True,retry_24h,False
TXN100660,3039.28,fraud_false_positive,fraud_false_positive,suggest_alt_payment_method,True,retry_24h,False
TXN100661,653.86,bank_timeout,bank_timeout,retry_2h,True,retry_24h,False
TXN100662,1935.34,insufficient_funds,insufficient_funds,retry_72h,True,retry_24h,False
TXN100663,2391.79,fraud_false_positive,fraud_false_positive,suggest_alt_payment_method,True,retry_24h,True
TXN100664,4257.14,insufficient_funds,insufficient_funds,retry_72h,True,retry_24h,False
TXN100665,891.37,insufficient_funds,insufficient_funds,retry_72h,False,retry_24h,True
TXN100666,1623.83,network_error,network_error,retry_immediate,True,retry_24h,True
TXN100667,1857.1,network_error,network_error,retry_immediate,True,retry_24h,True
TXN100668,3104.61,fraud_false_positive,fraud_false_positive,suggest_alt_payment_method,True,retry_24h,False
TXN100669,996.5,insufficient_funds,insufficient_funds,retry_72h,True,retry_24h,False
TXN100670,2097.52,insufficient_funds,insufficient_funds,retry_72h,False,retry_24h,False
TXN100671,4927.92,fraud_false_positive,fraud_false_positive,suggest_alt_payment_method,False,retry_24h,False
TXN100672,2265.4,fraud_false_positive,fraud_false_positive,suggest_alt_payment_method,False,retry_24h,False
TXN100673,819.78,network_error,network_error,retry_immediate,False,retry_24h,True
TXN100674,3487.58,insufficient_funds,insufficient_funds,retry_72h,True,retry_24h,True
TXN100675,1915.02,insufficient_funds,insufficient_funds,retry_72h,False,retry_24h,False
TXN100676,4414.08,bank_timeout,bank_timeout,retry_2h,True,retry_24h,False
TXN100677,1720.52,bank_timeout,bank_timeout,retry_2h,True,retry_24h,False
TXN100678,2510.21,bank_timeout,bank_timeout,retry_2h,True,retry_24h,True
TXN100679,1551.59,network_error,network_error,retry_immediate,False,retry_24h,True
TXN100680,5486.62,fraud_false_positive,fraud_false_positive,suggest_alt_payment_method,True,retry_24h,False
TXN100681,3791.92,network_error,network_error,retry_24h,False,retry_24h,True
TXN100682,721.92,network_error,network_error,retry_immediate,True,retry_24h,False
TXN100683,2325.84,network_error,network_error,retry_24h,False,retry_24h,False
TXN100684,646.81,network_error,network_error,retry_immediate,True,retry_24h,False
TXN100685,1355.58,fraud_false_positive,fraud_false_positive,suggest_alt_payment_method,True,retry_24h,False
TXN100686,10200.9,fraud_false_positive,fraud_false_positive,suggest_alt_payment_method,True,retry_24h,True
TXN100687,1802.79,bank_timeout,bank_timeout,retry_2h,True,retry_24h,False
TXN100688,1333.39,bank_timeout,network_error,retry_immediate,True,retry_24h,True
TXN100689,595.66,network_error,bank_timeout,retry_2h,True,retry_24h,False
TXN100690,4515.61,fraud_false_positive,fraud_false_positive,suggest_alt_payment_method,True,retry_24h,False
TXN100691,8975.01,fraud_false_positive,fraud_false_positive,suggest_alt_payment_method,True,retry_24h,False
TXN100692,3164.04,fraud_false_positive,fraud_false_positive,suggest_alt_payment_method,True,retry_24h,False
TXN100693,4228.41,network_error,network_error,retry_immediate,True,retry_24h,True
TXN100694,13420.3,fraud_false_positive,fraud_false_positive,suggest_alt_payment_method,True,retry_24h,False
TXN100695,2163.37,bank_timeout,bank_timeout,retry_2h,False,retry_24h,True
TXN100696,7346.49,bank_timeout,bank_timeout,retry_2h,True,retry_24h,False
TXN100697,3568.9,bank_timeout,bank_timeout,retry_24h,False,retry_24h,False
TXN100698,3453.49,insufficient_funds,insufficient_funds,retry_72h,False,retry_24h,False
TXN100699,4082.0,bank_timeout,bank_timeout,retry_2h,True,retry_24h,True
TXN100700,3296.98,network_error,network_error,retry_immediate,True,retry_24h,True
TXN100701,1455.34,network_error,network_error,retry_immediate,True,retry_24h,False
TXN100702,3245.09,bank_timeout,bank_timeout,retry_2h,True,retry_24h,False
TXN100703,1628.23,fraud_false_positive,fraud_false_positive,suggest_alt_payment_method,True,retry_24h,False
TXN100704,1112.77,insufficient_funds,insufficient_funds,retry_72h,True,retry_24h,False
TXN100705,1460.72,network_error,network_error,retry_immediate,True,retry_24h,True
TXN100706,2338.86,bank_timeout,bank_timeout,retry_2h,True,retry_24h,False
TXN100707,6891.87,insufficient_funds,insufficient_funds,retry_72h,False,retry_24h,False
TXN100708,2869.15,network_error,network_error,retry_immediate,True,retry_24h,False
TXN100709,5600.29,network_error,network_error,retry_immediate,True,retry_24h,False
TXN100710,1365.73,network_error,network_error,retry_immediate,False,retry_24h,False
TXN100711,2461.69,insufficient_funds,insufficient_funds,retry_72h,False,retry_24h,False
TXN100712,1077.37,bank_timeout,bank_timeout,retry_2h,True,retry_24h,False
TXN100713,1782.86,network_error,network_error,retry_immediate,False,retry_24h,False
TXN100714,939.95,bank_timeout,bank_timeout,retry_2h,False,retry_24h,True
TXN100715,10102.37,fraud_false_positive,fraud_false_positive,suggest_alt_payment_method,True,retry_24h,False
TXN100716,3239.95,insufficient_funds,insufficient_funds,retry_72h,True,retry_24h,False
TXN100717,2449.55,fraud_false_positive,fraud_false_positive,suggest_alt_payment_method,True,retry_24h,False
TXN100718,2201.3,insufficient_funds,insufficient_funds,suggest_alt_payment_method,False,retry_24h,True
TXN100719,2192.93,bank_timeout,bank_timeout,retry_2h,True,retry_24h,True
TXN100720,3525.22,network_error,network_error,retry_immediate,False,retry_24h,False
TXN100721,3704.96,insufficient_funds,insufficient_funds,retry_72h,False,retry_24h,False
TXN100722,2639.83,insufficient_funds,insufficient_funds,retry_72h,False,retry_24h,False
TXN100723,1463.9,insufficient_funds,insufficient_funds,suggest_alt_payment_method,False,retry_24h,True
TXN100724,7845.1,fraud_false_positive,fraud_false_positive,suggest_alt_payment_method,False,retry_24h,False
TXN100725,3500.54,bank_timeout,bank_timeout,retry_2h,True,retry_24h,False
TXN100726,4067.08,insufficient_funds,insufficient_funds,retry_72h,True,retry_24h,False
TXN100727,4528.69,insufficient_funds,insufficient_funds,retry_72h,False,retry_24h,False
TXN100728,1721.45,insufficient_funds,insufficient_funds,retry_72h,False,retry_24h,False
TXN100729,3623.11,bank_timeout,bank_timeout,retry_2h,True,retry_24h,False
TXN100730,3825.95,bank_timeout,bank_timeout,retry_2h,True,retry_24h,True
TXN100731,4998.86,insufficient_funds,insufficient_funds,retry_72h,False,retry_24h,True
TXN100732,14187.41,insufficient_funds,insufficient_funds,retry_72h,False,retry_24h,False
TXN100733,3257.09,insufficient_funds,insufficient_funds,suggest_alt_payment_method,True,retry_24h,False
TXN100734,10205.93,insufficient_funds,insufficient_funds,suggest_alt_payment_method,False,retry_24h,False
TXN100735,1155.11,network_error,network_error,retry_immediate,True,retry_24h,False
TXN100736,715.84,network_error,network_error,retry_immediate,False,retry_24h,True
TXN100737,1950.22,fraud_false_positive,fraud_false_positive,suggest_alt_payment_method,False,retry_24h,False
TXN100738,5520.53,insufficient_funds,insufficient_funds,retry_72h,True,retry_24h,False
TXN100739,2314.31,insufficient_funds,insufficient_funds,retry_72h,False,retry_24h,True
TXN100740,6117.36,network_error,network_error,retry_immediate,False,retry_24h,False
TXN100741,2237.03,insufficient_funds,insufficient_funds,retry_72h,False,retry_24h,True
TXN100742,4945.92,insufficient_funds,insufficient_funds,retry_72h,False,retry_24h,False
TXN100743,2981.95,bank_timeout,bank_timeout,retry_2h,True,retry_24h,True
TXN100744,2612.11,insufficient_funds,insufficient_funds,retry_72h,True,retry_24h,True
TXN100745,2677.44,bank_timeout,network_error,retry_immediate,True,retry_24h,True
TXN100746,3185.72,fraud_false_positive,fraud_false_positive,suggest_alt_payment_method,False,retry_24h,False
TXN100747,324.27,bank_timeout,bank_timeout,suggest_alt_payment_method,True,retry_24h,True
TXN100748,5181.59,insufficient_funds,insufficient_funds,retry_72h,False,retry_24h,False
TXN100749,6714.11,fraud_false_positive,fraud_false_positive,suggest_alt_payment_method,True,retry_24h,False
TXN100750,1934.81,network_error,network_error,retry_immediate,True,retry_24h,False
TXN100751,2899.55,network_error,network_error,retry_immediate,True,retry_24h,False
TXN100752,1508.87,insufficient_funds,insufficient_funds,retry_72h,False,retry_24h,False
TXN100753,1598.98,bank_timeout,bank_timeout,retry_2h,True,retry_24h,True
TXN100754,509.2,network_error,network_error,retry_immediate,True,retry_24h,False
TXN100755,1734.45,insufficient_funds,insufficient_funds,retry_72h,False,retry_24h,False
TXN100756,5329.04,insufficient_funds,insufficient_funds,retry_72h,False,retry_24h,False
TXN100757,1634.29,bank_timeout,bank_timeout,retry_2h,False,retry_24h,False
TXN100758,5388.88,fraud_false_positive,fraud_false_positive,suggest_alt_payment_method,True,retry_24h,False
TXN100759,2838.1,insufficient_funds,insufficient_funds,retry_72h,False,retry_24h,False
TXN100760,4384.4,insufficient_funds,insufficient_funds,retry_72h,True,retry_24h,False
TXN100761,503.51,network_error,network_error,retry_immediate,True,retry_24h,False
TXN100762,386.93,insufficient_funds,insufficient_funds,retry_72h,False,retry_24h,False
TXN100763,2210.24,insufficient_funds,insufficient_funds,retry_72h,False,retry_24h,True
TXN100764,11491.35,fraud_false_positive,fraud_false_positive,suggest_alt_payment_method,True,retry_24h,False
TXN100765,941.53,bank_timeout,bank_timeout,retry_24h,False,retry_24h,True
TXN100766,483.15,bank_timeout,bank_timeout,retry_2h,True,retry_24h,False
TXN100767,1018.39,insufficient_funds,insufficient_funds,retry_72h,True,retry_24h,True
TXN100768,2650.82,insufficient_funds,insufficient_funds,retry_72h,False,retry_24h,False
TXN100769,3326.82,bank_timeout,bank_timeout,retry_2h,True,retry_24h,True
TXN100770,950.01,fraud_false_positive,fraud_false_positive,suggest_alt_payment_method,True,retry_24h,True
TXN100771,1665.82,bank_timeout,bank_timeout,retry_2h,False,retry_24h,False
TXN100772,4257.01,insufficient_funds,insufficient_funds,retry_72h,True,retry_24h,False
TXN100773,4265.27,fraud_false_positive,fraud_false_positive,suggest_alt_payment_method,False,retry_24h,False
TXN100774,1379.08,insufficient_funds,insufficient_funds,retry_72h,True,retry_24h,True
TXN100775,2581.3,network_error,network_error,retry_immediate,True,retry_24h,True
TXN100776,2369.25,network_error,network_error,retry_immediate,False,retry_24h,False
TXN100777,714.36,bank_timeout,bank_timeout,retry_2h,True,retry_24h,False
TXN100778,7237.4,insufficient_funds,insufficient_funds,retry_72h,True,retry_24h,False
TXN100779,2015.23,fraud_false_positive,fraud_false_positive,suggest_alt_payment_method,True,retry_24h,True
TXN100780,7625.44,fraud_false_positive,fraud_false_positive,suggest_alt_payment_method,False,retry_24h,False
TXN100781,2382.14,insufficient_funds,insufficient_funds,suggest_alt_payment_method,True,retry_24h,False
TXN100782,537.73,bank_timeout,bank_timeout,retry_24h,True,retry_24h,False
TXN100783,853.68,network_error,network_error,retry_immediate,False,retry_24h,False
TXN100784,2752.68,insufficient_funds,insufficient_funds,retry_72h,False,retry_24h,False
TXN100785,2052.6,insufficient_funds,insufficient_funds,retry_72h,True,retry_24h,False
TXN100786,726.99,insufficient_funds,insufficient_funds,retry_72h,True,retry_24h,False
TXN100787,1955.64,insufficient_funds,insufficient_funds,retry_72h,False,retry_24h,False
TXN100788,797.41,bank_timeout,bank_timeout,retry_2h,True,retry_24h,False
TXN100789,2098.76,insufficient_funds,insufficient_funds,retry_72h,False,retry_24h,False
TXN100790,4893.1,bank_timeout,bank_timeout,retry_2h,True,retry_24h,True
TXN100791,700.57,bank_timeout,bank_timeout,retry_2h,True,retry_24h,False
TXN100792,4196.51,insufficient_funds,insufficient_funds,retry_72h,True,retry_24h,False
TXN100793,2175.16,network_error,network_error,retry_24h,False,retry_24h,True
TXN100794,1447.34,fraud_false_positive,fraud_false_positive,suggest_alt_payment_method,False,retry_24h,False
TXN100795,1429.76,bank_timeout,bank_timeout,retry_2h,True,retry_24h,True
TXN100796,1152.25,network_error,network_error,retry_24h,True,retry_24h,True
TXN100797,2917.22,network_error,network_error,retry_immediate,False,retry_24h,False
TXN100798,4624.44,fraud_false_positive,fraud_false_positive,suggest_alt_payment_method,True,retry_24h,False
TXN100799,918.53,bank_timeout,bank_timeout,retry_24h,False,retry_24h,False
TXN100800,5932.1,bank_timeout,bank_timeout,retry_2h,True,retry_24h,False
TXN100801,9541.81,fraud_false_positive,fraud_false_positive,suggest_alt_payment_method,True,retry_24h,False
TXN100802,4681.66,insufficient_funds,insufficient_funds,retry_72h,True,retry_24h,True
TXN100803,5945.71,network_error,network_error,retry_immediate,True,retry_24h,True
TXN100804,3781.31,insufficient_funds,insufficient_funds,retry_72h,True,retry_24h,False
TXN100805,10944.04,fraud_false_positive,fraud_false_positive,suggest_alt_payment_method,False,retry_24h,False
TXN100806,1614.36,insufficient_funds,insufficient_funds,retry_72h,False,retry_24h,False
TXN100807,7119.1,fraud_false_positive,fraud_false_positive,suggest_alt_payment_method,False,retry_24h,False
TXN100808,496.49,network_error,network_error,retry_immediate,True,retry_24h,False
TXN100809,5077.2,insufficient_funds,insufficient_funds,retry_72h,False,retry_24h,False
TXN100810,6112.27,bank_timeout,bank_timeout,retry_2h,True,retry_24h,True
TXN100811,672.93,insufficient_funds,insufficient_funds,retry_72h,True,retry_24h,False
TXN100812,664.45,insufficient_funds,insufficient_funds,retry_72h,False,retry_24h,False
TXN100813,984.81,bank_timeout,bank_timeout,retry_2h,True,retry_24h,True
TXN100814,6167.39,bank_timeout,bank_timeout,retry_2h,True,retry_24h,False
TXN100815,2576.19,insufficient_funds,insufficient_funds,retry_72h,False,retry_24h,True
TXN100816,2618.9,network_error,network_error,retry_immediate,False,retry_24h,False
TXN100817,6111.32,fraud_false_positive,fraud_false_positive,suggest_alt_payment_method,True,retry_24h,False
TXN100818,1776.82,bank_timeout,bank_timeout,retry_2h,True,retry_24h,False
TXN100819,12997.33,fraud_false_positive,fraud_false_positive,suggest_alt_payment_method,False,retry_24h,False
TXN100820,2889.73,fraud_false_positive,fraud_false_positive,suggest_alt_payment_method,False,retry_24h,False
TXN100821,8832.98,insufficient_funds,insufficient_funds,retry_72h,False,retry_24h,False
TXN100822,413.34,network_error,network_error,retry_immediate,False,retry_24h,True
TXN100823,941.83,insufficient_funds,insufficient_funds,suggest_alt_payment_method,False,retry_24h,True
TXN100824,14959.16,insufficient_funds,insufficient_funds,retry_72h,True,retry_24h,False
TXN100825,5129.54,fraud_false_positive,fraud_false_positive,suggest_alt_payment_method,True,retry_24h,False
TXN100826,2416.88,network_error,network_error,retry_immediate,True,retry_24h,True
TXN100827,737.78,network_error,network_error,retry_immediate,False,retry_24h,False
TXN100828,494.16,bank_timeout,bank_timeout,retry_2h,True,retry_24h,False
TXN100829,392.21,bank_timeout,network_error,retry_immediate,False,retry_24h,False
TXN100830,7492.35,insufficient_funds,insufficient_funds,retry_72h,True,retry_24h,False
TXN100831,6225.84,insufficient_funds,insufficient_funds,retry_72h,True,retry_24h,False
TXN100832,1061.51,insufficient_funds,insufficient_funds,retry_72h,False,retry_24h,False
TXN100833,1893.74,network_error,network_error,retry_immediate,True,retry_24h,True
TXN100834,1879.18,bank_timeout,bank_timeout,suggest_alt_payment_method,False,retry_24h,False
TXN100835,3168.87,insufficient_funds,insufficient_funds,suggest_alt_payment_method,False,retry_24h,False
TXN100836,4436.9,bank_timeout,bank_timeout,retry_2h,True,retry_24h,False
TXN100837,5672.47,fraud_false_positive,fraud_false_positive,suggest_alt_payment_method,True,retry_24h,False
TXN100838,2949.06,fraud_false_positive,fraud_false_positive,suggest_alt_payment_method,False,retry_24h,False
TXN100839,2134.01,network_error,network_error,retry_immediate,False,retry_24h,False
TXN100840,4521.71,insufficient_funds,insufficient_funds,retry_72h,True,retry_24h,True
TXN100841,17229.41,fraud_false_positive,fraud_false_positive,suggest_alt_payment_method,False,retry_24h,False
TXN100842,5811.76,fraud_false_positive,fraud_false_positive,suggest_alt_payment_method,True,retry_24h,False
TXN100843,3924.53,insufficient_funds,insufficient_funds,retry_72h,True,retry_24h,True
TXN100844,1254.56,bank_timeout,bank_timeout,retry_2h,False,retry_24h,True
TXN100845,2869.81,insufficient_funds,insufficient_funds,retry_72h,True,retry_24h,False
TXN100846,5378.67,bank_timeout,bank_timeout,retry_2h,True,retry_24h,False
TXN100847,358.02,bank_timeout,bank_timeout,retry_2h,True,retry_24h,False
TXN100848,747.5,fraud_false_positive,fraud_false_positive,suggest_alt_payment_method,True,retry_24h,False
TXN100849,2207.0,network_error,network_error,retry_immediate,False,retry_24h,True
TXN100850,514.04,network_error,network_error,retry_immediate,True,retry_24h,False
TXN100851,1192.68,insufficient_funds,insufficient_funds,retry_72h,True,retry_24h,False
TXN100852,2692.34,fraud_false_positive,fraud_false_positive,suggest_alt_payment_method,False,retry_24h,False
TXN100853,656.66,bank_timeout,bank_timeout,retry_2h,True,retry_24h,True
TXN100854,648.93,insufficient_funds,insufficient_funds,retry_72h,False,retry_24h,False
TXN100855,534.99,network_error,network_error,retry_immediate,True,retry_24h,True
TXN100856,812.39,bank_timeout,bank_timeout,retry_2h,False,retry_24h,False
TXN100857,484.71,bank_timeout,bank_timeout,retry_2h,False,retry_24h,False
TXN100858,807.97,insufficient_funds,insufficient_funds,retry_72h,False,retry_24h,False
TXN100859,1540.77,bank_timeout,network_error,retry_immediate,True,retry_24h,False
TXN100860,1779.29,bank_timeout,bank_timeout,retry_2h,False,retry_24h,True
TXN100861,3936.51,network_error,network_error,retry_immediate,True,retry_24h,False
TXN100862,1816.78,insufficient_funds,insufficient_funds,retry_72h,False,retry_24h,True
TXN100863,1859.4,network_error,network_error,retry_24h,False,retry_24h,False
TXN100864,6416.18,insufficient_funds,insufficient_funds,retry_72h,True,retry_24h,False
TXN100865,1437.29,network_error,network_error,retry_immediate,True,retry_24h,False
TXN100866,6150.8,insufficient_funds,insufficient_funds,retry_72h,False,retry_24h,False
TXN100867,2340.93,insufficient_funds,insufficient_funds,retry_72h,False,retry_24h,True
TXN100868,15056.39,fraud_false_positive,fraud_false_positive,suggest_alt_payment_method,True,retry_24h,False
TXN100869,1458.96,bank_timeout,bank_timeout,retry_2h,True,retry_24h,True
TXN100870,4376.03,fraud_false_positive,fraud_false_positive,suggest_alt_payment_method,False,retry_24h,False
TXN100871,3607.75,bank_timeout,network_error,retry_immediate,False,retry_24h,True
TXN100872,1876.85,insufficient_funds,insufficient_funds,suggest_alt_payment_method,True,retry_24h,False
TXN100873,4922.18,insufficient_funds,insufficient_funds,suggest_alt_payment_method,False,retry_24h,True
TXN100874,5071.99,bank_timeout,bank_timeout,retry_2h,True,retry_24h,True
TXN100875,4919.44,bank_timeout,bank_timeout,retry_2h,True,retry_24h,False
TXN100876,2760.13,network_error,network_error,retry_immediate,True,retry_24h,True
TXN100877,6010.33,insufficient_funds,insufficient_funds,retry_72h,True,retry_24h,True
TXN100878,3186.6,bank_timeout,bank_timeout,retry_2h,True,retry_24h,True
TXN100879,2024.89,network_error,network_error,retry_immediate,True,retry_24h,False
TXN100880,1329.82,network_error,network_error,retry_immediate,True,retry_24h,True
TXN100881,1136.06,insufficient_funds,insufficient_funds,retry_72h,True,retry_24h,False
TXN100882,662.31,network_error,network_error,retry_immediate,True,retry_24h,False
TXN100883,1304.17,insufficient_funds,insufficient_funds,retry_72h,False,retry_24h,False
TXN100884,3585.35,insufficient_funds,insufficient_funds,retry_72h,False,retry_24h,False
TXN100885,1777.55,insufficient_funds,insufficient_funds,retry_72h,False,retry_24h,True
TXN100886,4145.31,bank_timeout,bank_timeout,retry_2h,False,retry_24h,False
TXN100887,2776.98,fraud_false_positive,fraud_false_positive,suggest_alt_payment_method,False,retry_24h,False
TXN100888,1959.7,network_error,network_error,retry_immediate,False,retry_24h,True
TXN100889,2150.63,insufficient_funds,insufficient_funds,retry_72h,False,retry_24h,False
TXN100890,5476.03,insufficient_funds,insufficient_funds,retry_72h,True,retry_24h,False
TXN100891,7350.81,insufficient_funds,insufficient_funds,retry_72h,False,retry_24h,False
TXN100892,814.37,network_error,network_error,retry_immediate,False,retry_24h,False
TXN100893,2714.48,insufficient_funds,insufficient_funds,retry_72h,False,retry_24h,False
TXN100894,19089.76,fraud_false_positive,fraud_false_positive,suggest_alt_payment_method,False,retry_24h,False
TXN100895,3246.05,fraud_false_positive,fraud_false_positive,suggest_alt_payment_method,False,retry_24h,False
TXN100896,3992.9,fraud_false_positive,fraud_false_positive,suggest_alt_payment_method,True,retry_24h,False
TXN100897,617.56,insufficient_funds,insufficient_funds,retry_72h,False,retry_24h,False
TXN100898,2424.57,network_error,network_error,retry_immediate,True,retry_24h,False
TXN100899,1562.65,insufficient_funds,insufficient_funds,retry_72h,True,retry_24h,False
TXN100900,6357.77,fraud_false_positive,fraud_false_positive,suggest_alt_payment_method,True,retry_24h,True
TXN100901,1683.75,insufficient_funds,insufficient_funds,retry_72h,False,retry_24h,False
TXN100902,828.07,network_error,network_error,retry_immediate,True,retry_24h,False
TXN100903,3443.36,insufficient_funds,insufficient_funds,retry_72h,False,retry_24h,False
TXN100904,2896.37,bank_timeout,bank_timeout,retry_2h,False,retry_24h,False
TXN100905,999.02,network_error,network_error,retry_immediate,False,retry_24h,True
TXN100906,6498.7,insufficient_funds,insufficient_funds,retry_72h,False,retry_24h,False
TXN100907,1103.28,bank_timeout,bank_timeout,retry_2h,True,retry_24h,False
TXN100908,1152.39,network_error,network_error,retry_immediate,True,retry_24h,False
TXN100909,243.35,insufficient_funds,insufficient_funds,retry_72h,True,retry_24h,False
TXN100910,1320.36,insufficient_funds,insufficient_funds,retry_72h,True,retry_24h,False
TXN100911,3036.32,insufficient_funds,insufficient_funds,retry_72h,False,retry_24h,False
TXN100912,914.98,network_error,network_error,retry_immediate,True,retry_24h,False
TXN100913,541.15,network_error,bank_timeout,retry_2h,True,retry_24h,True
TXN100914,1528.61,bank_timeout,bank_timeout,retry_2h,True,retry_24h,False
TXN100915,3208.89,fraud_false_positive,fraud_false_positive,suggest_alt_payment_method,False,retry_24h,False
TXN100916,2735.11,network_error,network_error,retry_immediate,False,retry_24h,False
TXN100917,2426.48,fraud_false_positive,fraud_false_positive,suggest_alt_payment_method,True,retry_24h,False
TXN100918,1029.57,fraud_false_positive,fraud_false_positive,suggest_alt_payment_method,False,retry_24h,False
TXN100919,1723.07,bank_timeout,bank_timeout,retry_2h,True,retry_24h,False
TXN100920,2879.92,insufficient_funds,insufficient_funds,retry_72h,False,retry_24h,False
TXN100921,4719.49,insufficient_funds,insufficient_funds,retry_72h,False,retry_24h,False
TXN100922,8945.0,insufficient_funds,insufficient_funds,retry_72h,True,retry_24h,True
TXN100923,2858.0,network_error,network_error,retry_immediate,False,retry_24h,False
TXN100924,1578.2,fraud_false_positive,fraud_false_positive,suggest_alt_payment_method,True,retry_24h,False
TXN100925,3146.24,insufficient_funds,insufficient_funds,retry_72h,False,retry_24h,False
TXN100926,1830.93,network_error,network_error,retry_immediate,True,retry_24h,False
TXN100927,1417.4,network_error,network_error,retry_immediate,True,retry_24h,False
TXN100928,2043.92,insufficient_funds,insufficient_funds,retry_72h,True,retry_24h,True
TXN100929,2160.99,insufficient_funds,insufficient_funds,retry_72h,True,retry_24h,False
TXN100930,1758.92,network_error,network_error,retry_24h,False,retry_24h,False
TXN100931,6855.24,insufficient_funds,insufficient_funds,retry_72h,False,retry_24h,True
TXN100932,1192.45,bank_timeout,bank_timeout,retry_2h,True,retry_24h,True
TXN100933,2225.92,insufficient_funds,insufficient_funds,retry_72h,False,retry_24h,False
TXN100934,1512.44,network_error,network_error,retry_immediate,True,retry_24h,True
TXN100935,1104.04,bank_timeout,bank_timeout,retry_2h,True,retry_24h,False
TXN100936,3833.43,fraud_false_positive,fraud_false_positive,suggest_alt_payment_method,True,retry_24h,False
TXN100937,1554.48,bank_timeout,bank_timeout,retry_2h,False,retry_24h,False
TXN100938,2748.26,fraud_false_positive,fraud_false_positive,suggest_alt_payment_method,True,retry_24h,False
TXN100939,2695.58,bank_timeout,bank_timeout,retry_2h,True,retry_24h,False
TXN100940,3537.17,bank_timeout,bank_timeout,retry_2h,False,retry_24h,True
TXN100941,5963.29,insufficient_funds,insufficient_funds,retry_72h,False,retry_24h,False
TXN100942,3090.13,network_error,network_error,retry_immediate,True,retry_24h,True
TXN100943,10225.38,fraud_false_positive,fraud_false_positive,suggest_alt_payment_method,True,retry_24h,False
TXN100944,1866.2,network_error,network_error,retry_immediate,True,retry_24h,False
TXN100945,1237.51,insufficient_funds,insufficient_funds,retry_72h,False,retry_24h,False
TXN100946,466.62,network_error,network_error,suggest_alt_payment_method,False,retry_24h,False
TXN100947,3169.35,insufficient_funds,insufficient_funds,retry_72h,True,retry_24h,False
TXN100948,9840.05,fraud_false_positive,fraud_false_positive,suggest_alt_payment_method,False,retry_24h,False
TXN100949,860.06,bank_timeout,bank_timeout,retry_2h,True,retry_24h,False
TXN100950,4167.41,fraud_false_positive,fraud_false_positive,suggest_alt_payment_method,False,retry_24h,False
TXN100951,7166.79,fraud_false_positive,fraud_false_positive,suggest_alt_payment_method,False,retry_24h,False
TXN100952,2036.24,network_error,network_error,retry_immediate,True,retry_24h,False
TXN100953,1439.91,bank_timeout,bank_timeout,retry_2h,True,retry_24h,False
TXN100954,493.55,fraud_false_positive,fraud_false_positive,suggest_alt_payment_method,True,retry_24h,False
TXN100955,4086.23,insufficient_funds,insufficient_funds,retry_72h,True,retry_24h,False
TXN100956,4641.18,network_error,network_error,retry_immediate,True,retry_24h,True
TXN100957,1459.62,bank_timeout,bank_timeout,retry_2h,True,retry_24h,False
TXN100958,5251.36,insufficient_funds,insufficient_funds,retry_72h,True,retry_24h,True
TXN100959,829.79,network_error,network_error,retry_immediate,True,retry_24h,False
TXN100960,1696.84,network_error,network_error,retry_immediate,True,retry_24h,False
TXN100961,1160.09,network_error,network_error,retry_immediate,True,retry_24h,True
TXN100962,2460.8,network_error,network_error,retry_immediate,True,retry_24h,False
TXN100963,10376.06,fraud_false_positive,fraud_false_positive,suggest_alt_payment_method,True,retry_24h,False
TXN100964,400.05,bank_timeout,bank_timeout,retry_2h,True,retry_24h,True
TXN100965,773.36,bank_timeout,bank_timeout,retry_2h,True,retry_24h,True
TXN100966,6054.5,insufficient_funds,insufficient_funds,retry_72h,True,retry_24h,True
TXN100967,3445.87,network_error,network_error,retry_immediate,True,retry_24h,False
TXN100968,596.06,insufficient_funds,insufficient_funds,retry_72h,False,retry_24h,False
TXN100969,799.23,network_error,network_error,retry_immediate,True,retry_24h,False
TXN100970,324.26,network_error,network_error,retry_immediate,False,retry_24h,True
TXN100971,2391.49,insufficient_funds,insufficient_funds,retry_72h,True,retry_24h,True
TXN100972,10478.98,fraud_false_positive,fraud_false_positive,suggest_alt_payment_method,False,retry_24h,True
TXN100973,1617.45,fraud_false_positive,fraud_false_positive,suggest_alt_payment_method,False,retry_24h,False
TXN100974,4091.78,insufficient_funds,insufficient_funds,retry_72h,False,retry_24h,False
TXN100975,2541.84,bank_timeout,bank_timeout,retry_2h,True,retry_24h,True
TXN100976,1555.61,fraud_false_positive,fraud_false_positive,suggest_alt_payment_method,False,retry_24h,False
TXN100977,4074.78,fraud_false_positive,fraud_false_positive,suggest_alt_payment_method,True,retry_24h,False
TXN100978,2403.51,insufficient_funds,insufficient_funds,retry_72h,True,retry_24h,False
TXN100979,988.23,fraud_false_positive,fraud_false_positive,suggest_alt_payment_method,True,retry_24h,False
TXN100980,5253.32,fraud_false_positive,fraud_false_positive,suggest_alt_payment_method,False,retry_24h,False
TXN100981,4505.31,insufficient_funds,insufficient_funds,retry_72h,False,retry_24h,True
TXN100982,6069.88,insufficient_funds,insufficient_funds,retry_72h,False,retry_24h,False
TXN100983,1706.21,fraud_false_positive,fraud_false_positive,suggest_alt_payment_method,True,retry_24h,False
TXN100984,1245.02,bank_timeout,bank_timeout,retry_2h,False,retry_24h,False
TXN100985,1100.33,network_error,network_error,retry_immediate,False,retry_24h,True
TXN100986,625.5,insufficient_funds,insufficient_funds,retry_72h,True,retry_24h,True
TXN100987,243.65,insufficient_funds,insufficient_funds,retry_72h,True,retry_24h,True
TXN100988,2075.38,bank_timeout,bank_timeout,retry_2h,False,retry_24h,True
TXN100989,2158.87,insufficient_funds,insufficient_funds,retry_72h,False,retry_24h,False
TXN100990,731.69,network_error,network_error,retry_immediate,True,retry_24h,False
TXN100991,1706.07,bank_timeout,bank_timeout,retry_2h,False,retry_24h,True
TXN100992,3924.07,insufficient_funds,insufficient_funds,retry_72h,False,retry_24h,False
TXN100993,1241.24,bank_timeout,bank_timeout,retry_2h,False,retry_24h,False
TXN100994,8545.49,insufficient_funds,insufficient_funds,retry_72h,False,retry_24h,False
TXN100995,5493.06,network_error,network_error,retry_immediate,True,retry_24h,True
TXN100996,11060.7,fraud_false_positive,fraud_false_positive,suggest_alt_payment_method,True,retry_24h,False
TXN100997,2431.85,insufficient_funds,insufficient_funds,retry_72h,False,retry_24h,False
TXN100998,1612.36,network_error,network_error,retry_immediate,True,retry_24h,False
TXN100999,2242.07,insufficient_funds,insufficient_funds,retry_72h,True,retry_24h,False
TXN101000,533.03,bank_timeout,network_error,retry_immediate,False,retry_24h,False
TXN101001,4942.98,insufficient_funds,insufficient_funds,retry_72h,False,retry_24h,False
TXN101002,2665.44,insufficient_funds,insufficient_funds,retry_72h,False,retry_24h,False
TXN101003,5126.68,insufficient_funds,insufficient_funds,retry_72h,False,retry_24h,True
TXN101004,6353.97,insufficient_funds,insufficient_funds,retry_72h,True,retry_24h,False
TXN101005,3043.89,insufficient_funds,insufficient_funds,retry_72h,False,retry_24h,False
TXN101006,3200.71,insufficient_funds,insufficient_funds,retry_72h,True,retry_24h,False
TXN101007,650.89,network_error,network_error,retry_24h,False,retry_24h,False
TXN101008,647.67,fraud_false_positive,fraud_false_positive,suggest_alt_payment_method,True,retry_24h,False
TXN101009,6874.57,fraud_false_positive,fraud_false_positive,suggest_alt_payment_method,False,retry_24h,False
TXN101010,1398.49,network_error,network_error,retry_immediate,True,retry_24h,False
TXN101011,775.87,insufficient_funds,insufficient_funds,suggest_alt_payment_method,False,retry_24h,False
TXN101012,187.54,network_error,network_error,retry_immediate,True,retry_24h,True
TXN101013,944.18,bank_timeout,bank_timeout,retry_2h,True,retry_24h,True
TXN101014,5026.71,insufficient_funds,insufficient_funds,retry_72h,False,retry_24h,False
TXN101015,482.1,bank_timeout,network_error,retry_immediate,False,retry_24h,False
TXN101016,1254.57,network_error,network_error,retry_immediate,True,retry_24h,True
TXN101017,7327.19,insufficient_funds,insufficient_funds,retry_72h,False,retry_24h,False
TXN101018,1056.16,network_error,network_error,retry_immediate,False,retry_24h,False
TXN101019,2812.18,bank_timeout,bank_timeout,retry_2h,True,retry_24h,True
TXN101020,2377.89,bank_timeout,bank_timeout,retry_2h,True,retry_24h,False
TXN101021,5682.25,insufficient_funds,insufficient_funds,retry_72h,True,retry_24h,False
TXN101022,4829.86,insufficient_funds,insufficient_funds,retry_72h,False,retry_24h,False
TXN101023,3589.39,bank_timeout,bank_timeout,retry_2h,False,retry_24h,False
TXN101024,1210.7,network_error,bank_timeout,retry_2h,False,retry_24h,False
TXN101025,1264.48,network_error,network_error,retry_immediate,True,retry_24h,True
TXN101026,2239.37,insufficient_funds,insufficient_funds,retry_72h,False,retry_24h,False
TXN101027,1629.08,insufficient_funds,insufficient_funds,retry_72h,False,retry_24h,False
TXN101028,2716.47,fraud_false_positive,fraud_false_positive,suggest_alt_payment_method,False,retry_24h,True
TXN101029,75.54,bank_timeout,bank_timeout,retry_2h,True,retry_24h,False
TXN101030,5131.17,insufficient_funds,insufficient_funds,retry_72h,False,retry_24h,False
TXN101031,2195.81,bank_timeout,bank_timeout,retry_2h,True,retry_24h,True
TXN101032,5428.98,fraud_false_positive,fraud_false_positive,suggest_alt_payment_method,True,retry_24h,False
TXN101033,1921.98,insufficient_funds,insufficient_funds,retry_72h,False,retry_24h,False
TXN101034,1368.51,network_error,bank_timeout,retry_2h,False,retry_24h,True
TXN101035,8447.48,fraud_false_positive,fraud_false_positive,suggest_alt_payment_method,True,retry_24h,False
TXN101036,3788.97,insufficient_funds,insufficient_funds,retry_72h,False,retry_24h,True
TXN101037,4656.93,fraud_false_positive,fraud_false_positive,suggest_alt_payment_method,True,retry_24h,True
TXN101038,2028.46,insufficient_funds,insufficient_funds,suggest_alt_payment_method,False,retry_24h,False
TXN101039,354.65,network_error,network_error,retry_immediate,True,retry_24h,False
TXN101040,3179.32,insufficient_funds,insufficient_funds,retry_72h,False,retry_24h,False
TXN101041,7306.9,fraud_false_positive,fraud_false_positive,suggest_alt_payment_method,False,retry_24h,False
TXN101042,1433.31,bank_timeout,bank_timeout,retry_2h,True,retry_24h,False
TXN101043,3949.28,network_error,network_error,retry_immediate,True,retry_24h,False
TXN101044,1735.65,network_error,network_error,retry_immediate,False,retry_24h,True
TXN101045,1799.2,network_error,network_error,retry_immediate,True,retry_24h,True
TXN101046,2176.67,fraud_false_positive,fraud_false_positive,suggest_alt_payment_method,True,retry_24h,True
TXN101047,2355.47,bank_timeout,bank_timeout,retry_2h,True,retry_24h,True
TXN101048,3688.12,insufficient_funds,insufficient_funds,suggest_alt_payment_method,False,retry_24h,False
TXN101049,1507.07,insufficient_funds,insufficient_funds,retry_72h,False,retry_24h,False
TXN101050,3578.95,network_error,network_error,retry_immediate,True,retry_24h,False
TXN101051,1681.67,fraud_false_positive,fraud_false_positive,suggest_alt_payment_method,True,retry_24h,False
TXN101052,13988.85,insufficient_funds,insufficient_funds,retry_72h,False,retry_24h,False
TXN101053,4352.6,fraud_false_positive,fraud_false_positive,suggest_alt_payment_method,False,retry_24h,False
TXN101054,3755.14,insufficient_funds,insufficient_funds,retry_72h,False,retry_24h,False
TXN101055,2564.09,insufficient_funds,insufficient_funds,retry_72h,True,retry_24h,False
TXN101056,11609.18,fraud_false_positive,fraud_false_positive,suggest_alt_payment_method,False,retry_24h,True
TXN101057,4785.99,insufficient_funds,insufficient_funds,retry_72h,False,retry_24h,False
TXN101058,2384.54,insufficient_funds,insufficient_funds,retry_72h,False,retry_24h,True
TXN101059,3434.41,bank_timeout,bank_timeout,retry_2h,True,retry_24h,False
TXN101060,3287.69,bank_timeout,bank_timeout,retry_2h,True,retry_24h,False
TXN101061,1746.63,network_error,network_error,retry_immediate,True,retry_24h,False
TXN101062,1249.19,bank_timeout,bank_timeout,retry_2h,True,retry_24h,False
TXN101063,1639.44,network_error,network_error,retry_immediate,True,retry_24h,False
TXN101064,1318.18,bank_timeout,bank_timeout,retry_2h,False,retry_24h,False
TXN101065,2919.83,insufficient_funds,insufficient_funds,retry_72h,False,retry_24h,False
TXN101066,6030.66,insufficient_funds,insufficient_funds,retry_72h,False,retry_24h,False
TXN101067,5254.27,fraud_false_positive,fraud_false_positive,suggest_alt_payment_method,True,retry_24h,False
TXN101068,2962.0,fraud_false_positive,fraud_false_positive,suggest_alt_payment_method,False,retry_24h,False
TXN101069,1333.86,network_error,network_error,retry_immediate,True,retry_24h,False
TXN101070,5786.93,fraud_false_positive,fraud_false_positive,suggest_alt_payment_method,False,retry_24h,True
TXN101071,4993.53,insufficient_funds,insufficient_funds,retry_72h,False,retry_24h,False
TXN101072,4197.22,insufficient_funds,insufficient_funds,retry_72h,False,retry_24h,True
TXN101073,77.01,network_error,network_error,retry_immediate,True,retry_24h,True
TXN101074,2880.61,insufficient_funds,insufficient_funds,retry_72h,False,retry_24h,False
TXN101075,1546.21,fraud_false_positive,fraud_false_positive,suggest_alt_payment_method,True,retry_24h,False
TXN101076,1758.11,fraud_false_positive,fraud_false_positive,suggest_alt_payment_method,True,retry_24h,True
TXN101077,520.21,insufficient_funds,insufficient_funds,retry_72h,True,retry_24h,True
TXN101078,5112.32,insufficient_funds,insufficient_funds,retry_72h,True,retry_24h,False
TXN101079,3296.16,insufficient_funds,insufficient_funds,retry_72h,True,retry_24h,False
TXN101080,3344.15,fraud_false_positive,fraud_false_positive,suggest_alt_payment_method,False,retry_24h,False
TXN101081,6326.9,fraud_false_positive,fraud_false_positive,suggest_alt_payment_method,False,retry_24h,False
TXN101082,407.69,bank_timeout,bank_timeout,retry_2h,False,retry_24h,True
TXN101083,442.04,bank_timeout,bank_timeout,retry_2h,False,retry_24h,True
TXN101084,2035.31,network_error,network_error,retry_immediate,True,retry_24h,True
TXN101085,1496.52,bank_timeout,network_error,retry_immediate,False,retry_24h,True
TXN101086,4353.92,insufficient_funds,insufficient_funds,retry_72h,False,retry_24h,False
TXN101087,4527.13,fraud_false_positive,fraud_false_positive,suggest_alt_payment_method,True,retry_24h,False
TXN101088,2157.58,network_error,network_error,retry_immediate,False,retry_24h,False
TXN101089,1770.55,insufficient_funds,insufficient_funds,retry_72h,True,retry_24h,False
TXN101090,356.5,network_error,network_error,retry_immediate,True,retry_24h,False
TXN101091,3441.58,bank_timeout,bank_timeout,retry_2h,True,retry_24h,False
TXN101092,1069.93,bank_timeout,bank_timeout,retry_2h,True,retry_24h,True
TXN101093,2732.17,network_error,network_error,retry_immediate,True,retry_24h,False
TXN101094,3109.16,insufficient_funds,insufficient_funds,retry_72h,False,retry_24h,False
TXN101095,4455.08,network_error,bank_timeout,retry_2h,True,retry_24h,False
TXN101096,5767.62,insufficient_funds,insufficient_funds,retry_72h,True,retry_24h,False
TXN101097,3794.49,insufficient_funds,insufficient_funds,retry_72h,True,retry_24h,True
TXN101098,1344.19,network_error,network_error,suggest_alt_payment_method,False,retry_24h,False
TXN101099,3201.4,insufficient_funds,insufficient_funds,retry_72h,False,retry_24h,False
TXN101100,1256.27,network_error,network_error,retry_immediate,True,retry_24h,False
TXN101101,769.03,insufficient_funds,insufficient_funds,suggest_alt_payment_method,True,retry_24h,False
TXN101102,2849.89,insufficient_funds,insufficient_funds,retry_72h,False,retry_24h,False
TXN101103,3295.88,bank_timeout,bank_timeout,retry_2h,False,retry_24h,False
TXN101104,1704.41,fraud_false_positive,fraud_false_positive,suggest_alt_payment_method,True,retry_24h,False
TXN101105,1280.41,network_error,network_error,retry_immediate,False,retry_24h,False
TXN101106,9540.07,insufficient_funds,insufficient_funds,retry_72h,False,retry_24h,False
TXN101107,3703.86,insufficient_funds,insufficient_funds,retry_72h,False,retry_24h,True
TXN101108,1668.4,network_error,network_error,retry_immediate,True,retry_24h,True
TXN101109,2288.82,fraud_false_positive,fraud_false_positive,suggest_alt_payment_method,True,retry_24h,True
TXN101110,1208.97,network_error,network_error,retry_immediate,True,retry_24h,False
TXN101111,8344.06,fraud_false_positive,fraud_false_positive,suggest_alt_payment_method,True,retry_24h,True
TXN101112,7773.41,insufficient_funds,insufficient_funds,retry_72h,False,retry_24h,True
TXN101113,12153.32,fraud_false_positive,fraud_false_positive,suggest_alt_payment_method,True,retry_24h,False
TXN101114,2992.2,insufficient_funds,insufficient_funds,retry_72h,True,retry_24h,False
TXN101115,4420.61,insufficient_funds,insufficient_funds,retry_72h,False,retry_24h,False
TXN101116,3906.08,fraud_false_positive,fraud_false_positive,suggest_alt_payment_method,True,retry_24h,False
TXN101117,4362.1,insufficient_funds,insufficient_funds,retry_72h,True,retry_24h,False
TXN101118,6387.24,insufficient_funds,insufficient_funds,retry_72h,True,retry_24h,True
TXN101119,3685.49,network_error,network_error,retry_immediate,True,retry_24h,True
TXN101120,535.41,fraud_false_positive,fraud_false_positive,suggest_alt_payment_method,True,retry_24h,False
TXN101121,3953.14,network_error,network_error,retry_immediate,True,retry_24h,True
TXN101122,2030.21,network_error,network_error,retry_immediate,False,retry_24h,True
TXN101123,2095.88,bank_timeout,bank_timeout,retry_2h,True,retry_24h,False
TXN101124,577.25,network_error,network_error,retry_immediate,True,retry_24h,True
TXN101125,3469.6,insufficient_funds,insufficient_funds,retry_72h,True,retry_24h,True
TXN101126,1494.94,network_error,network_error,retry_immediate,True,retry_24h,False
TXN101127,2054.63,bank_timeout,bank_timeout,retry_2h,False,retry_24h,True
TXN101128,7696.79,insufficient_funds,insufficient_funds,retry_72h,False,retry_24h,False
TXN101129,597.37,bank_timeout,bank_timeout,retry_2h,False,retry_24h,True
TXN101130,1642.38,network_error,network_error,retry_immediate,True,retry_24h,True
TXN101131,696.64,bank_timeout,bank_timeout,retry_24h,True,retry_24h,True
TXN101132,2509.71,bank_timeout,bank_timeout,retry_2h,False,retry_24h,False
TXN101133,1179.7,bank_timeout,bank_timeout,retry_2h,True,retry_24h,False
TXN101134,5303.19,fraud_false_positive,fraud_false_positive,suggest_alt_payment_method,True,retry_24h,True
TXN101135,1526.0,insufficient_funds,insufficient_funds,retry_72h,False,retry_24h,False
TXN101136,6134.42,fraud_false_positive,fraud_false_positive,suggest_alt_payment_method,False,retry_24h,False
TXN101137,1239.88,bank_timeout,bank_timeout,retry_2h,True,retry_24h,False
TXN101138,1291.48,network_error,network_error,retry_immediate,False,retry_24h,True
TXN101139,7071.07,fraud_false_positive,fraud_false_positive,suggest_alt_payment_method,False,retry_24h,False
TXN101140,1133.06,insufficient_funds,insufficient_funds,retry_72h,True,retry_24h,False
TXN101141,4282.32,insufficient_funds,insufficient_funds,retry_72h,True,retry_24h,False
TXN101142,1020.15,bank_timeout,bank_timeout,retry_24h,True,retry_24h,True
TXN101143,4079.16,insufficient_funds,insufficient_funds,retry_72h,False,retry_24h,True
TXN101144,482.05,network_error,network_error,retry_immediate,False,retry_24h,False
TXN101145,649.14,network_error,network_error,retry_immediate,False,retry_24h,False
TXN101146,1938.47,bank_timeout,bank_timeout,retry_2h,True,retry_24h,True
TXN101147,10443.44,bank_timeout,bank_timeout,retry_2h,False,retry_24h,True
TXN101148,634.23,insufficient_funds,insufficient_funds,suggest_alt_payment_method,False,retry_24h,False
TXN101149,2098.93,network_error,bank_timeout,retry_2h,False,retry_24h,False
TXN101150,1469.99,network_error,network_error,retry_immediate,True,retry_24h,True
TXN101151,12308.61,fraud_false_positive,fraud_false_positive,suggest_alt_payment_method,True,retry_24h,False
TXN101152,5611.66,fraud_false_positive,fraud_false_positive,suggest_alt_payment_method,True,retry_24h,False
TXN101153,4148.22,fraud_false_positive,fraud_false_positive,suggest_alt_payment_method,True,retry_24h,False
TXN101154,1301.6,network_error,network_error,retry_immediate,True,retry_24h,True
TXN101155,693.55,network_error,network_error,retry_immediate,False,retry_24h,False
TXN101156,11149.43,fraud_false_positive,fraud_false_positive,suggest_alt_payment_method,True,retry_24h,False
TXN101157,4164.78,insufficient_funds,insufficient_funds,retry_72h,False,retry_24h,True
TXN101158,920.76,insufficient_funds,insufficient_funds,retry_72h,False,retry_24h,False
TXN101159,1049.37,network_error,network_error,retry_immediate,False,retry_24h,True
TXN101160,677.12,insufficient_funds,insufficient_funds,retry_72h,False,retry_24h,True
TXN101161,2071.94,fraud_false_positive,fraud_false_positive,suggest_alt_payment_method,True,retry_24h,False
TXN101162,4023.93,bank_timeout,bank_timeout,retry_2h,True,retry_24h,True
TXN101163,1440.35,network_error,network_error,retry_immediate,False,retry_24h,False
TXN101164,1796.23,network_error,network_error,retry_immediate,False,retry_24h,True
TXN101165,977.04,bank_timeout,bank_timeout,retry_2h,True,retry_24h,True
TXN101166,2054.39,insufficient_funds,insufficient_funds,suggest_alt_payment_method,True,retry_24h,True
TXN101167,2593.45,network_error,network_error,retry_immediate,False,retry_24h,False
TXN101168,6372.19,bank_timeout,bank_timeout,retry_2h,True,retry_24h,True
TXN101169,6653.06,insufficient_funds,insufficient_funds,retry_72h,False,retry_24h,False
TXN101170,2899.96,bank_timeout,bank_timeout,retry_2h,True,retry_24h,False
TXN101171,5173.72,insufficient_funds,insufficient_funds,retry_72h,False,retry_24h,False
TXN101172,4614.21,bank_timeout,bank_timeout,retry_2h,False,retry_24h,True
TXN101173,1344.69,fraud_false_positive,fraud_false_positive,suggest_alt_payment_method,True,retry_24h,True
TXN101174,1416.66,network_error,network_error,retry_immediate,True,retry_24h,False
TXN101175,5384.61,insufficient_funds,insufficient_funds,suggest_alt_payment_method,True,retry_24h,True
TXN101176,1661.7,insufficient_funds,insufficient_funds,retry_72h,False,retry_24h,False
TXN101177,2375.22,insufficient_funds,insufficient_funds,retry_72h,False,retry_24h,True
TXN101178,586.66,fraud_false_positive,fraud_false_positive,suggest_alt_payment_method,True,retry_24h,True
TXN101179,3165.72,fraud_false_positive,fraud_false_positive,suggest_alt_payment_method,True,retry_24h,False
TXN101180,2424.15,insufficient_funds,insufficient_funds,retry_72h,True,retry_24h,False
TXN101181,3136.28,bank_timeout,bank_timeout,retry_2h,True,retry_24h,False
TXN101182,5840.95,insufficient_funds,insufficient_funds,retry_72h,False,retry_24h,False
TXN101183,1170.27,network_error,network_error,retry_immediate,True,retry_24h,False
TXN101184,6918.49,insufficient_funds,insufficient_funds,retry_72h,True,retry_24h,True
TXN101185,4049.56,bank_timeout,bank_timeout,retry_2h,True,retry_24h,True
TXN101186,11035.32,fraud_false_positive,fraud_false_positive,suggest_alt_payment_method,True,retry_24h,False
TXN101187,9590.25,insufficient_funds,insufficient_funds,retry_72h,False,retry_24h,False
TXN101188,1203.12,network_error,network_error,retry_immediate,True,retry_24h,False
TXN101189,1867.38,network_error,network_error,retry_immediate,False,retry_24h,False
TXN101190,2349.58,network_error,network_error,retry_immediate,False,retry_24h,True
TXN101191,2902.46,insufficient_funds,insufficient_funds,retry_72h,False,retry_24h,False
TXN101192,2512.56,fraud_false_positive,fraud_false_positive,suggest_alt_payment_method,False,retry_24h,False
TXN101193,1798.2,insufficient_funds,insufficient_funds,retry_72h,False,retry_24h,True
TXN101194,2866.34,bank_timeout,bank_timeout,retry_2h,True,retry_24h,False
TXN101195,4772.59,insufficient_funds,insufficient_funds,retry_72h,False,retry_24h,True
TXN101196,3323.79,network_error,network_error,retry_immediate,True,retry_24h,False
TXN101197,3339.39,fraud_false_positive,fraud_false_positive,suggest_alt_payment_method,False,retry_24h,False
TXN101198,4673.62,insufficient_funds,insufficient_funds,retry_72h,True,retry_24h,False
TXN101199,1922.55,network_error,network_error,retry_immediate,True,retry_24h,True
TXN101200,7111.66,fraud_false_positive,fraud_false_positive,suggest_alt_payment_method,True,retry_24h,False
TXN101201,1248.04,bank_timeout,bank_timeout,retry_24h,False,retry_24h,False
TXN101202,6236.43,network_error,network_error,retry_immediate,True,retry_24h,False
TXN101203,556.89,network_error,network_error,retry_immediate,False,retry_24h,False
TXN101204,255.89,network_error,network_error,retry_immediate,False,retry_24h,True
TXN101205,403.97,insufficient_funds,insufficient_funds,retry_72h,False,retry_24h,False
TXN101206,1626.95,insufficient_funds,insufficient_funds,retry_72h,True,retry_24h,False
TXN101207,2625.16,network_error,bank_timeout,retry_2h,False,retry_24h,False
TXN101208,1457.64,insufficient_funds,insufficient_funds,retry_72h,False,retry_24h,True
TXN101209,4591.3,insufficient_funds,insufficient_funds,retry_72h,True,retry_24h,False
TXN101210,2200.97,insufficient_funds,insufficient_funds,retry_72h,False,retry_24h,True
TXN101211,15168.97,fraud_false_positive,fraud_false_positive,suggest_alt_payment_method,True,retry_24h,False
TXN101212,1649.37,fraud_false_positive,fraud_false_positive,suggest_alt_payment_method,False,retry_24h,False
TXN101213,6855.92,insufficient_funds,insufficient_funds,retry_72h,False,retry_24h,True
TXN101214,2397.86,bank_timeout,bank_timeout,retry_2h,False,retry_24h,True
TXN101215,2003.3,network_error,network_error,retry_immediate,False,retry_24h,True
TXN101216,4316.71,bank_timeout,bank_timeout,retry_24h,True,retry_24h,False
TXN101217,5339.51,insufficient_funds,insufficient_funds,suggest_alt_payment_method,False,retry_24h,False
TXN101218,586.33,network_error,network_error,retry_immediate,True,retry_24h,True
TXN101219,1019.03,insufficient_funds,insufficient_funds,retry_72h,False,retry_24h,False
TXN101220,818.17,fraud_false_positive,fraud_false_positive,suggest_alt_payment_method,True,retry_24h,False
TXN101221,7327.1,fraud_false_positive,fraud_false_positive,suggest_alt_payment_method,True,retry_24h,True
TXN101222,1730.25,insufficient_funds,insufficient_funds,retry_72h,False,retry_24h,False
TXN101223,1477.62,bank_timeout,bank_timeout,retry_2h,False,retry_24h,False
TXN101224,4851.92,fraud_false_positive,fraud_false_positive,suggest_alt_payment_method,True,retry_24h,False
TXN101225,3827.59,insufficient_funds,insufficient_funds,retry_72h,False,retry_24h,False
TXN101226,1058.04,fraud_false_positive,fraud_false_positive,suggest_alt_payment_method,True,retry_24h,True
TXN101227,3185.25,network_error,network_error,retry_immediate,True,retry_24h,False
TXN101228,1579.66,insufficient_funds,insufficient_funds,retry_72h,True,retry_24h,False
TXN101229,2363.98,bank_timeout,bank_timeout,retry_2h,True,retry_24h,False
TXN101230,1469.69,insufficient_funds,insufficient_funds,retry_72h,True,retry_24h,False
TXN101231,3151.44,insufficient_funds,insufficient_funds,retry_72h,False,retry_24h,False
TXN101232,233.61,network_error,network_error,retry_immediate,False,retry_24h,True
TXN101233,1933.32,bank_timeout,bank_timeout,suggest_alt_payment_method,False,retry_24h,True
TXN101234,7044.53,fraud_false_positive,fraud_false_positive,suggest_alt_payment_method,True,retry_24h,False
TXN101235,610.0,network_error,network_error,retry_immediate,False,retry_24h,False
TXN101236,981.32,network_error,network_error,retry_immediate,True,retry_24h,True
TXN101237,7425.62,insufficient_funds,insufficient_funds,retry_72h,False,retry_24h,True
TXN101238,3920.04,network_error,bank_timeout,retry_2h,True,retry_24h,False
TXN101239,2423.19,network_error,network_error,retry_immediate,False,retry_24h,True
TXN101240,4539.14,bank_timeout,bank_timeout,retry_2h,True,retry_24h,True
TXN101241,460.73,bank_timeout,bank_timeout,retry_2h,False,retry_24h,False
TXN101242,8288.02,bank_timeout,bank_timeout,retry_2h,False,retry_24h,True
TXN101243,10782.1,insufficient_funds,insufficient_funds,retry_72h,True,retry_24h,False
TXN101244,631.32,network_error,bank_timeout,retry_2h,True,retry_24h,True
TXN101245,3721.5,bank_timeout,bank_timeout,retry_2h,True,retry_24h,True
TXN101246,7891.23,fraud_false_positive,fraud_false_positive,suggest_alt_payment_method,False,retry_24h,False
TXN101247,2027.21,network_error,network_error,retry_immediate,True,retry_24h,True
TXN101248,5348.12,fraud_false_positive,fraud_false_positive,suggest_alt_payment_method,False,retry_24h,True
TXN101249,2561.2,network_error,network_error,retry_immediate,True,retry_24h,True
TXN101250,10715.55,insufficient_funds,insufficient_funds,retry_72h,False,retry_24h,False
TXN101251,950.88,fraud_false_positive,fraud_false_positive,suggest_alt_payment_method,False,retry_24h,False
TXN101252,748.72,insufficient_funds,insufficient_funds,retry_72h,False,retry_24h,False
TXN101253,758.58,network_error,network_error,retry_immediate,True,retry_24h,True
TXN101254,4263.87,insufficient_funds,insufficient_funds,retry_72h,False,retry_24h,False
TXN101255,236.69,bank_timeout,bank_timeout,retry_2h,True,retry_24h,False
TXN101256,6445.62,fraud_false_positive,fraud_false_positive,suggest_alt_payment_method,False,retry_24h,False
TXN101257,1258.56,bank_timeout,bank_timeout,retry_2h,True,retry_24h,False
TXN101258,1059.47,insufficient_funds,insufficient_funds,retry_72h,True,retry_24h,False
TXN101259,1691.66,network_error,bank_timeout,retry_2h,False,retry_24h,False
TXN101260,579.1,network_error,network_error,retry_immediate,True,retry_24h,True
TXN101261,1832.98,bank_timeout,bank_timeout,suggest_alt_payment_method,True,retry_24h,True
TXN101262,4780.61,fraud_false_positive,fraud_false_positive,suggest_alt_payment_method,True,retry_24h,False
TXN101263,2521.17,bank_timeout,bank_timeout,retry_2h,True,retry_24h,True
TXN101264,2044.77,fraud_false_positive,fraud_false_positive,suggest_alt_payment_method,False,retry_24h,True
TXN101265,1795.6,bank_timeout,network_error,retry_immediate,False,retry_24h,True
TXN101266,2639.74,insufficient_funds,insufficient_funds,retry_72h,False,retry_24h,False
TXN101267,2194.31,insufficient_funds,insufficient_funds,retry_72h,False,retry_24h,False
TXN101268,1718.94,insufficient_funds,insufficient_funds,retry_72h,True,retry_24h,False
TXN101269,1528.55,insufficient_funds,insufficient_funds,retry_72h,True,retry_24h,False
TXN101270,4467.42,insufficient_funds,insufficient_funds,retry_72h,False,retry_24h,True
TXN101271,851.73,bank_timeout,bank_timeout,retry_2h,False,retry_24h,False
TXN101272,957.86,network_error,network_error,retry_immediate,True,retry_24h,False
TXN101273,7901.85,bank_timeout,bank_timeout,retry_2h,False,retry_24h,True
TXN101274,1837.7,bank_timeout,bank_timeout,retry_24h,True,retry_24h,True
TXN101275,1171.71,network_error,network_error,retry_immediate,False,retry_24h,False
TXN101276,2942.72,insufficient_funds,insufficient_funds,retry_72h,False,retry_24h,True
TXN101277,2538.0,bank_timeout,bank_timeout,retry_2h,False,retry_24h,True
TXN101278,4809.09,insufficient_funds,insufficient_funds,retry_72h,False,retry_24h,True
TXN101279,2416.0,bank_timeout,bank_timeout,retry_2h,False,retry_24h,True
TXN101280,160.76,network_error,network_error,retry_immediate,True,retry_24h,False
TXN101281,6731.52,insufficient_funds,insufficient_funds,retry_72h,True,retry_24h,False
TXN101282,4426.97,insufficient_funds,insufficient_funds,retry_72h,True,retry_24h,False
TXN101283,3044.62,insufficient_funds,insufficient_funds,retry_72h,False,retry_24h,False
TXN101284,4620.2,bank_timeout,bank_timeout,retry_2h,True,retry_24h,True
TXN101285,2466.2,insufficient_funds,insufficient_funds,suggest_alt_payment_method,True,retry_24h,False
TXN101286,4798.41,insufficient_funds,insufficient_funds,retry_72h,False,retry_24h,False
TXN101287,1648.36,network_error,network_error,retry_immediate,False,retry_24h,False
TXN101288,1556.71,insufficient_funds,insufficient_funds,retry_72h,False,retry_24h,True
TXN101289,3387.57,fraud_false_positive,fraud_false_positive,suggest_alt_payment_method,True,retry_24h,False
TXN101290,1269.04,network_error,network_error,retry_immediate,True,retry_24h,True
TXN101291,1664.42,fraud_false_positive,fraud_false_positive,suggest_alt_payment_method,False,retry_24h,False
TXN101292,1871.41,insufficient_funds,insufficient_funds,retry_72h,False,retry_24h,False
TXN101293,2322.58,insufficient_funds,insufficient_funds,retry_72h,False,retry_24h,False
TXN101294,2617.36,network_error,network_error,retry_immediate,False,retry_24h,False
TXN101295,3735.7,fraud_false_positive,fraud_false_positive,suggest_alt_payment_method,False,retry_24h,False
TXN101296,1346.45,bank_timeout,bank_timeout,retry_2h,False,retry_24h,False
TXN101297,3003.29,bank_timeout,bank_timeout,retry_2h,False,retry_24h,True
TXN101298,7205.47,fraud_false_positive,fraud_false_positive,suggest_alt_payment_method,True,retry_24h,True
TXN101299,2076.16,insufficient_funds,insufficient_funds,retry_72h,True,retry_24h,False
TXN101300,7350.53,insufficient_funds,insufficient_funds,retry_72h,False,retry_24h,False
TXN101301,6884.66,fraud_false_positive,fraud_false_positive,suggest_alt_payment_method,True,retry_24h,False
TXN101302,874.01,bank_timeout,bank_timeout,retry_2h,True,retry_24h,True
TXN101303,632.81,network_error,network_error,retry_immediate,False,retry_24h,True
TXN101304,2776.19,insufficient_funds,insufficient_funds,retry_72h,False,retry_24h,False
TXN101305,2414.14,insufficient_funds,insufficient_funds,retry_72h,False,retry_24h,True
TXN101306,695.19,bank_timeout,bank_timeout,retry_2h,True,retry_24h,False
TXN101307,1674.59,network_error,bank_timeout,retry_2h,True,retry_24h,False
TXN101308,2489.1,insufficient_funds,insufficient_funds,retry_72h,True,retry_24h,False
TXN101309,2328.43,bank_timeout,bank_timeout,suggest_alt_payment_method,True,retry_24h,False
TXN101310,4774.19,bank_timeout,bank_timeout,retry_2h,False,retry_24h,False
TXN101311,4924.51,insufficient_funds,insufficient_funds,retry_72h,True,retry_24h,False
TXN101312,2447.35,bank_timeout,bank_timeout,retry_2h,False,retry_24h,False
TXN101313,970.0,bank_timeout,bank_timeout,retry_2h,False,retry_24h,True
TXN101314,925.21,insufficient_funds,insufficient_funds,retry_72h,True,retry_24h,False
TXN101315,9183.44,fraud_false_positive,fraud_false_positive,suggest_alt_payment_method,True,retry_24h,False
TXN101316,2390.4,network_error,bank_timeout,retry_2h,True,retry_24h,True
TXN101317,1747.95,fraud_false_positive,fraud_false_positive,suggest_alt_payment_method,False,retry_24h,False
TXN101318,1397.2,insufficient_funds,insufficient_funds,retry_72h,False,retry_24h,True
TXN101319,2230.57,fraud_false_positive,fraud_false_positive,suggest_alt_payment_method,True,retry_24h,False
TXN101320,1911.58,network_error,network_error,retry_immediate,False,retry_24h,False
TXN101321,2447.58,insufficient_funds,insufficient_funds,retry_72h,False,retry_24h,False
TXN101322,885.73,insufficient_funds,insufficient_funds,retry_72h,True,retry_24h,True
TXN101323,3374.72,network_error,network_error,retry_immediate,True,retry_24h,True
TXN101324,2683.23,network_error,network_error,retry_immediate,False,retry_24h,False
TXN101325,8263.18,fraud_false_positive,fraud_false_positive,suggest_alt_payment_method,False,retry_24h,False
TXN101326,1624.46,network_error,network_error,retry_immediate,True,retry_24h,True
TXN101327,1319.14,insufficient_funds,insufficient_funds,retry_72h,False,retry_24h,False
TXN101328,5641.11,fraud_false_positive,fraud_false_positive,suggest_alt_payment_method,False,retry_24h,False
TXN101329,1254.09,network_error,network_error,retry_immediate,True,retry_24h,False
TXN101330,2523.17,bank_timeout,bank_timeout,retry_2h,True,retry_24h,True
TXN101331,6987.95,insufficient_funds,insufficient_funds,retry_72h,False,retry_24h,False
TXN101332,607.24,network_error,network_error,retry_immediate,True,retry_24h,True
TXN101333,1978.33,bank_timeout,bank_timeout,retry_24h,False,retry_24h,True
TXN101334,2916.85,insufficient_funds,insufficient_funds,retry_72h,True,retry_24h,False
TXN101335,6833.45,insufficient_funds,insufficient_funds,retry_72h,False,retry_24h,False
TXN101336,508.55,network_error,network_error,retry_immediate,False,retry_24h,False
TXN101337,6787.71,insufficient_funds,insufficient_funds,suggest_alt_payment_method,False,retry_24h,False
TXN101338,1010.95,insufficient_funds,insufficient_funds,retry_72h,False,retry_24h,False
TXN101339,406.92,network_error,network_error,retry_immediate,True,retry_24h,False
TXN101340,2613.27,fraud_false_positive,fraud_false_positive,suggest_alt_payment_method,True,retry_24h,False
TXN101341,2682.23,bank_timeout,bank_timeout,retry_2h,False,retry_24h,False
TXN101342,4437.65,fraud_false_positive,fraud_false_positive,suggest_alt_payment_method,False,retry_24h,False
TXN101343,742.04,bank_timeout,bank_timeout,retry_2h,False,retry_24h,True
TXN101344,180.71,network_error,network_error,retry_immediate,False,retry_24h,False
TXN101345,674.45,bank_timeout,bank_timeout,retry_2h,False,retry_24h,False
TXN101346,4362.21,fraud_false_positive,fraud_false_positive,suggest_alt_payment_method,False,retry_24h,False
TXN101347,1343.2,insufficient_funds,insufficient_funds,suggest_alt_payment_method,False,retry_24h,False
TXN101348,2645.99,bank_timeout,bank_timeout,retry_24h,False,retry_24h,False
TXN101349,3035.84,insufficient_funds,insufficient_funds,retry_72h,True,retry_24h,True
TXN101350,4611.85,fraud_false_positive,fraud_false_positive,suggest_alt_payment_method,True,retry_24h,False
TXN101351,1521.4,insufficient_funds,insufficient_funds,retry_72h,False,retry_24h,True
TXN101352,3215.56,bank_timeout,bank_timeout,retry_2h,True,retry_24h,False
TXN101353,684.62,insufficient_funds,insufficient_funds,retry_72h,False,retry_24h,False
TXN101354,9607.29,fraud_false_positive,fraud_false_positive,suggest_alt_payment_method,True,retry_24h,False
TXN101355,2885.39,fraud_false_positive,fraud_false_positive,suggest_alt_payment_method,True,retry_24h,False
TXN101356,4098.45,fraud_false_positive,fraud_false_positive,suggest_alt_payment_method,False,retry_24h,False
TXN101357,2586.95,bank_timeout,bank_timeout,retry_2h,True,retry_24h,True
TXN101358,1892.26,fraud_false_positive,fraud_false_positive,suggest_alt_payment_method,True,retry_24h,False
TXN101359,5193.75,insufficient_funds,insufficient_funds,retry_72h,True,retry_24h,False
TXN101360,6598.5,insufficient_funds,insufficient_funds,retry_72h,True,retry_24h,False
TXN101361,8038.16,insufficient_funds,insufficient_funds,retry_72h,True,retry_24h,False
TXN101362,818.46,insufficient_funds,insufficient_funds,retry_72h,False,retry_24h,False
TXN101363,3376.6,insufficient_funds,insufficient_funds,retry_72h,False,retry_24h,False
TXN101364,1645.67,insufficient_funds,insufficient_funds,retry_72h,True,retry_24h,False
TXN101365,3037.33,insufficient_funds,insufficient_funds,suggest_alt_payment_method,True,retry_24h,False
TXN101366,2198.76,insufficient_funds,insufficient_funds,retry_72h,False,retry_24h,False
TXN101367,6197.38,fraud_false_positive,fraud_false_positive,suggest_alt_payment_method,False,retry_24h,False
TXN101368,884.36,network_error,network_error,retry_immediate,False,retry_24h,True
TXN101369,5206.58,insufficient_funds,insufficient_funds,retry_72h,False,retry_24h,False
TXN101370,1266.87,network_error,network_error,retry_immediate,True,retry_24h,False
TXN101371,1925.41,bank_timeout,bank_timeout,retry_2h,False,retry_24h,True
TXN101372,1291.27,network_error,network_error,retry_immediate,True,retry_24h,False
TXN101373,2176.74,insufficient_funds,insufficient_funds,retry_72h,False,retry_24h,False
TXN101374,4836.02,insufficient_funds,insufficient_funds,retry_72h,False,retry_24h,False
TXN101375,6564.68,fraud_false_positive,fraud_false_positive,suggest_alt_payment_method,True,retry_24h,False
TXN101376,444.85,bank_timeout,bank_timeout,retry_2h,False,retry_24h,False
TXN101377,2290.05,network_error,network_error,retry_immediate,True,retry_24h,False
TXN101378,5035.63,fraud_false_positive,fraud_false_positive,suggest_alt_payment_method,True,retry_24h,False
TXN101379,1261.4,insufficient_funds,insufficient_funds,retry_72h,False,retry_24h,False
TXN101380,847.79,insufficient_funds,insufficient_funds,retry_72h,False,retry_24h,False
TXN101381,1808.55,insufficient_funds,insufficient_funds,retry_72h,False,retry_24h,False
TXN101382,4003.52,fraud_false_positive,fraud_false_positive,suggest_alt_payment_method,False,retry_24h,False
TXN101383,1324.28,network_error,network_error,retry_immediate,True,retry_24h,False
TXN101384,5152.3,fraud_false_positive,fraud_false_positive,suggest_alt_payment_method,False,retry_24h,False
TXN101385,767.26,network_error,network_error,retry_immediate,True,retry_24h,False
TXN101386,46.12,network_error,network_error,retry_immediate,True,retry_24h,True
TXN101387,2303.62,insufficient_funds,insufficient_funds,retry_72h,False,retry_24h,False
TXN101388,2927.27,insufficient_funds,insufficient_funds,retry_72h,False,retry_24h,True
TXN101389,1594.23,bank_timeout,bank_timeout,retry_2h,True,retry_24h,False
TXN101390,1732.01,network_error,network_error,retry_immediate,True,retry_24h,False
TXN101391,1252.17,bank_timeout,network_error,retry_immediate,True,retry_24h,True
TXN101392,4827.31,insufficient_funds,insufficient_funds,suggest_alt_payment_method,False,retry_24h,True
TXN101393,3090.62,bank_timeout,bank_timeout,retry_2h,True,retry_24h,True
TXN101394,4690.16,insufficient_funds,insufficient_funds,suggest_alt_payment_method,False,retry_24h,True
TXN101395,1014.82,network_error,bank_timeout,retry_2h,True,retry_24h,True
TXN101396,571.84,insufficient_funds,insufficient_funds,retry_72h,False,retry_24h,False
TXN101397,916.38,insufficient_funds,insufficient_funds,retry_72h,False,retry_24h,True
TXN101398,636.26,bank_timeout,bank_timeout,retry_2h,True,retry_24h,False
TXN101399,5350.94,bank_timeout,bank_timeout,retry_24h,True,retry_24h,False
TXN101400,655.83,insufficient_funds,insufficient_funds,retry_72h,False,retry_24h,False
TXN101401,1059.24,insufficient_funds,insufficient_funds,retry_72h,False,retry_24h,False
TXN101402,1960.59,bank_timeout,bank_timeout,retry_2h,True,retry_24h,True
TXN101403,3426.58,bank_timeout,bank_timeout,retry_24h,True,retry_24h,False
TXN101404,7004.14,insufficient_funds,insufficient_funds,retry_72h,False,retry_24h,True
TXN101405,2772.58,fraud_false_positive,fraud_false_positive,suggest_alt_payment_method,True,retry_24h,False
TXN101406,429.18,insufficient_funds,insufficient_funds,retry_72h,False,retry_24h,False
TXN101407,706.08,bank_timeout,bank_timeout,retry_2h,False,retry_24h,False
TXN101408,2199.45,insufficient_funds,insufficient_funds,retry_72h,False,retry_24h,False
TXN101409,696.58,network_error,network_error,retry_immediate,True,retry_24h,True
TXN101410,905.84,network_error,network_error,retry_immediate,True,retry_24h,False
TXN101411,3492.17,insufficient_funds,insufficient_funds,retry_72h,False,retry_24h,False
TXN101412,939.13,network_error,network_error,retry_immediate,True,retry_24h,False
TXN101413,553.92,network_error,network_error,retry_immediate,False,retry_24h,True
TXN101414,6208.45,insufficient_funds,insufficient_funds,retry_72h,False,retry_24h,False
TXN101415,570.79,network_error,network_error,retry_immediate,True,retry_24h,True
TXN101416,1785.8,insufficient_funds,insufficient_funds,retry_72h,True,retry_24h,False
TXN101417,6003.27,insufficient_funds,insufficient_funds,retry_72h,False,retry_24h,False
TXN101418,276.36,network_error,network_error,retry_immediate,True,retry_24h,True
TXN101419,181.68,bank_timeout,bank_timeout,retry_2h,True,retry_24h,False
TXN101420,1463.91,insufficient_funds,insufficient_funds,retry_72h,False,retry_24h,False
TXN101421,1300.56,network_error,bank_timeout,retry_2h,True,retry_24h,False
TXN101422,1250.77,network_error,network_error,retry_immediate,True,retry_24h,False
TXN101423,387.15,insufficient_funds,insufficient_funds,retry_72h,False,retry_24h,False
TXN101424,2300.74,network_error,network_error,retry_immediate,True,retry_24h,False
TXN101425,1322.1,network_error,network_error,retry_immediate,True,retry_24h,False
TXN101426,4071.04,insufficient_funds,insufficient_funds,retry_72h,False,retry_24h,False
TXN101427,531.44,insufficient_funds,insufficient_funds,retry_72h,False,retry_24h,False
TXN101428,1574.15,fraud_false_positive,fraud_false_positive,suggest_alt_payment_method,False,retry_24h,False
TXN101429,2991.22,network_error,network_error,retry_immediate,True,retry_24h,False
TXN101430,2309.64,insufficient_funds,insufficient_funds,retry_72h,False,retry_24h,False
TXN101431,603.11,network_error,network_error,retry_immediate,False,retry_24h,True
TXN101432,1533.63,network_error,network_error,retry_immediate,True,retry_24h,False
TXN101433,224.17,bank_timeout,bank_timeout,retry_24h,False,retry_24h,False
TXN101434,416.16,insufficient_funds,insufficient_funds,retry_72h,False,retry_24h,False
TXN101435,1669.92,network_error,network_error,retry_immediate,True,retry_24h,False
TXN101436,8054.75,insufficient_funds,insufficient_funds,suggest_alt_payment_method,False,retry_24h,True
TXN101437,1744.79,insufficient_funds,insufficient_funds,retry_72h,True,retry_24h,True
TXN101438,3588.73,insufficient_funds,insufficient_funds,retry_72h,False,retry_24h,False
TXN101439,6242.52,bank_timeout,bank_timeout,retry_2h,True,retry_24h,True
TXN101440,4003.39,bank_timeout,bank_timeout,retry_2h,True,retry_24h,False
TXN101441,3418.93,bank_timeout,bank_timeout,retry_2h,True,retry_24h,True
TXN101442,1437.63,network_error,network_error,retry_immediate,True,retry_24h,True
TXN101443,1184.2,insufficient_funds,insufficient_funds,retry_72h,True,retry_24h,False
TXN101444,2024.23,bank_timeout,bank_timeout,retry_2h,False,retry_24h,True
TXN101445,1817.52,bank_timeout,bank_timeout,retry_2h,True,retry_24h,True
TXN101446,1374.17,fraud_false_positive,fraud_false_positive,suggest_alt_payment_method,False,retry_24h,True
TXN101447,935.26,bank_timeout,bank_timeout,retry_24h,False,retry_24h,False
TXN101448,4566.82,insufficient_funds,insufficient_funds,retry_72h,True,retry_24h,False
TXN101449,7121.76,fraud_false_positive,fraud_false_positive,suggest_alt_payment_method,False,retry_24h,False
TXN101450,6895.57,insufficient_funds,insufficient_funds,retry_72h,True,retry_24h,False
TXN101451,1188.27,network_error,network_error,retry_immediate,False,retry_24h,False
TXN101452,472.05,bank_timeout,bank_timeout,retry_2h,True,retry_24h,False
TXN101453,1169.7,insufficient_funds,insufficient_funds,retry_72h,False,retry_24h,True
TXN101454,1509.7,bank_timeout,bank_timeout,retry_2h,False,retry_24h,False
TXN101455,809.0,insufficient_funds,insufficient_funds,retry_72h,False,retry_24h,True
TXN101456,3213.77,insufficient_funds,insufficient_funds,retry_72h,True,retry_24h,False
TXN101457,4110.17,bank_timeout,bank_timeout,retry_24h,False,retry_24h,True
TXN101458,2118.58,insufficient_funds,insufficient_funds,suggest_alt_payment_method,False,retry_24h,False
TXN101459,3508.51,network_error,network_error,retry_immediate,True,retry_24h,True
TXN101460,2006.4,insufficient_funds,insufficient_funds,retry_72h,False,retry_24h,False
TXN101461,1043.24,network_error,network_error,retry_immediate,True,retry_24h,False
TXN101462,1880.2,bank_timeout,bank_timeout,retry_2h,True,retry_24h,True
TXN101463,1727.61,bank_timeout,bank_timeout,retry_2h,False,retry_24h,True
TXN101464,1829.46,network_error,network_error,retry_immediate,True,retry_24h,True
TXN101465,2815.87,insufficient_funds,insufficient_funds,retry_72h,False,retry_24h,False
TXN101466,576.0,network_error,network_error,retry_immediate,True,retry_24h,False
TXN101467,8469.18,fraud_false_positive,fraud_false_positive,suggest_alt_payment_method,True,retry_24h,False
TXN101468,1599.5,bank_timeout,bank_timeout,retry_2h,False,retry_24h,False
TXN101469,6200.68,fraud_false_positive,fraud_false_positive,suggest_alt_payment_method,True,retry_24h,False
TXN101470,4911.15,fraud_false_positive,fraud_false_positive,suggest_alt_payment_method,False,retry_24h,False
TXN101471,757.49,insufficient_funds,insufficient_funds,retry_72h,False,retry_24h,False
TXN101472,3459.27,network_error,network_error,retry_immediate,True,retry_24h,False
TXN101473,4156.64,network_error,network_error,retry_immediate,True,retry_24h,True
TXN101474,2408.03,network_error,network_error,retry_immediate,False,retry_24h,True
TXN101475,6964.93,network_error,bank_timeout,retry_2h,False,retry_24h,False
TXN101476,1305.08,network_error,network_error,retry_immediate,False,retry_24h,True
TXN101477,2321.93,bank_timeout,bank_timeout,retry_2h,False,retry_24h,True
TXN101478,2709.42,bank_timeout,bank_timeout,retry_2h,False,retry_24h,True
TXN101479,6296.98,fraud_false_positive,fraud_false_positive,suggest_alt_payment_method,True,retry_24h,False
TXN101480,3771.03,insufficient_funds,insufficient_funds,retry_72h,False,retry_24h,False
TXN101481,14225.98,fraud_false_positive,fraud_false_positive,suggest_alt_payment_method,True,retry_24h,False
TXN101482,6174.82,bank_timeout,bank_timeout,retry_2h,True,retry_24h,True
TXN101483,1343.28,network_error,network_error,retry_immediate,True,retry_24h,False
TXN101484,4311.81,insufficient_funds,insufficient_funds,retry_72h,True,retry_24h,False
TXN101485,3964.38,insufficient_funds,insufficient_funds,retry_72h,False,retry_24h,False
TXN101486,1450.47,bank_timeout,bank_timeout,retry_2h,True,retry_24h,True
TXN101487,2005.88,network_error,network_error,retry_immediate,True,retry_24h,False
TXN101488,1286.33,network_error,network_error,retry_immediate,False,retry_24h,True
TXN101489,4895.38,bank_timeout,bank_timeout,retry_2h,False,retry_24h,False
TXN101490,5249.51,insufficient_funds,insufficient_funds,retry_72h,False,retry_24h,False
TXN101491,4115.74,bank_timeout,bank_timeout,retry_2h,True,retry_24h,False
TXN101492,3924.32,insufficient_funds,insufficient_funds,retry_72h,True,retry_24h,True
TXN101493,999.49,bank_timeout,bank_timeout,retry_2h,False,retry_24h,False
TXN101494,2033.71,fraud_false_positive,fraud_false_positive,suggest_alt_payment_method,False,retry_24h,True
TXN101495,2608.91,bank_timeout,bank_timeout,suggest_alt_payment_method,True,retry_24h,False
TXN101496,2241.8,network_error,network_error,retry_immediate,False,retry_24h,True
TXN101497,1069.09,insufficient_funds,insufficient_funds,retry_72h,False,retry_24h,False
TXN101498,11026.24,fraud_false_positive,fraud_false_positive,suggest_alt_payment_method,True,retry_24h,False
TXN101499,2163.74,insufficient_funds,insufficient_funds,retry_72h,False,retry_24h,False
TXN101500,831.35,bank_timeout,bank_timeout,retry_2h,False,retry_24h,False
TXN101501,2027.08,network_error,network_error,retry_immediate,False,retry_24h,True
TXN101502,3192.79,insufficient_funds,insufficient_funds,retry_72h,False,retry_24h,True
TXN101503,1962.7,insufficient_funds,insufficient_funds,retry_72h,True,retry_24h,False
TXN101504,2670.87,bank_timeout,bank_timeout,retry_2h,False,retry_24h,True
TXN101505,5136.97,insufficient_funds,insufficient_funds,retry_72h,False,retry_24h,False
TXN101506,3200.43,insufficient_funds,insufficient_funds,retry_72h,False,retry_24h,False
TXN101507,834.74,network_error,network_error,retry_immediate,True,retry_24h,True
TXN101508,516.3,network_error,network_error,retry_24h,False,retry_24h,True
TXN101509,2611.82,insufficient_funds,insufficient_funds,retry_72h,False,retry_24h,False
TXN101510,5579.1,fraud_false_positive,fraud_false_positive,suggest_alt_payment_method,False,retry_24h,False
TXN101511,9504.02,insufficient_funds,insufficient_funds,retry_72h,True,retry_24h,False
TXN101512,2895.53,insufficient_funds,insufficient_funds,retry_72h,False,retry_24h,False
TXN101513,971.63,bank_timeout,bank_timeout,retry_24h,True,retry_24h,False
TXN101514,15361.33,fraud_false_positive,fraud_false_positive,suggest_alt_payment_method,False,retry_24h,True
TXN101515,4615.92,insufficient_funds,insufficient_funds,suggest_alt_payment_method,False,retry_24h,False
TXN101516,1307.22,insufficient_funds,insufficient_funds,retry_72h,False,retry_24h,False
TXN101517,746.85,network_error,network_error,retry_immediate,True,retry_24h,True
TXN101518,1704.71,fraud_false_positive,fraud_false_positive,suggest_alt_payment_method,False,retry_24h,True
TXN101519,5418.02,insufficient_funds,insufficient_funds,retry_72h,False,retry_24h,False
TXN101520,2296.37,insufficient_funds,insufficient_funds,retry_72h,False,retry_24h,False
TXN101521,4740.06,insufficient_funds,insufficient_funds,retry_72h,True,retry_24h,False
TXN101522,729.11,bank_timeout,bank_timeout,retry_2h,True,retry_24h,False
TXN101523,890.49,bank_timeout,bank_timeout,retry_2h,True,retry_24h,True
TXN101524,1512.41,bank_timeout,bank_timeout,retry_2h,True,retry_24h,False
TXN101525,3047.31,insufficient_funds,insufficient_funds,retry_72h,True,retry_24h,False
TXN101526,6722.2,insufficient_funds,insufficient_funds,retry_72h,False,retry_24h,False
TXN101527,3256.12,insufficient_funds,insufficient_funds,retry_72h,False,retry_24h,False
TXN101528,10225.15,insufficient_funds,insufficient_funds,retry_72h,False,retry_24h,False
TXN101529,970.19,insufficient_funds,insufficient_funds,retry_72h,False,retry_24h,False
TXN101530,4312.3,insufficient_funds,insufficient_funds,retry_72h,False,retry_24h,True
TXN101531,881.71,insufficient_funds,insufficient_funds,retry_72h,True,retry_24h,False
TXN101532,1216.18,insufficient_funds,insufficient_funds,retry_72h,False,retry_24h,False
TXN101533,5421.35,insufficient_funds,insufficient_funds,retry_72h,True,retry_24h,False
TXN101534,5143.66,insufficient_funds,insufficient_funds,retry_72h,True,retry_24h,False
TXN101535,2601.61,bank_timeout,bank_timeout,retry_2h,True,retry_24h,False
TXN101536,2272.69,insufficient_funds,insufficient_funds,retry_72h,False,retry_24h,True
TXN101537,301.08,network_error,network_error,retry_immediate,True,retry_24h,False
TXN101538,2643.08,fraud_false_positive,fraud_false_positive,suggest_alt_payment_method,True,retry_24h,False
TXN101539,6299.59,insufficient_funds,insufficient_funds,suggest_alt_payment_method,False,retry_24h,False
TXN101540,2510.47,insufficient_funds,insufficient_funds,retry_72h,False,retry_24h,False
TXN101541,1696.25,network_error,network_error,retry_immediate,False,retry_24h,False
TXN101542,560.61,insufficient_funds,insufficient_funds,retry_72h,False,retry_24h,False
TXN101543,749.88,insufficient_funds,insufficient_funds,retry_72h,False,retry_24h,False
TXN101544,5040.21,insufficient_funds,insufficient_funds,retry_72h,False,retry_24h,False
TXN101545,2568.02,fraud_false_positive,fraud_false_positive,suggest_alt_payment_method,True,retry_24h,False
TXN101546,466.94,bank_timeout,bank_timeout,retry_2h,True,retry_24h,True
TXN101547,1455.11,network_error,network_error,retry_immediate,True,retry_24h,False
TXN101548,1929.3,bank_timeout,bank_timeout,retry_2h,False,retry_24h,False
TXN101549,7587.26,insufficient_funds,insufficient_funds,retry_72h,False,retry_24h,False
TXN101550,4572.78,bank_timeout,bank_timeout,retry_2h,True,retry_24h,False
TXN101551,6734.79,insufficient_funds,insufficient_funds,retry_72h,False,retry_24h,False
TXN101552,3140.5,bank_timeout,bank_timeout,retry_2h,True,retry_24h,False
TXN101553,5562.18,insufficient_funds,insufficient_funds,retry_72h,True,retry_24h,True
TXN101554,1799.58,insufficient_funds,insufficient_funds,retry_72h,False,retry_24h,False
TXN101555,4325.8,insufficient_funds,insufficient_funds,retry_72h,False,retry_24h,False
TXN101556,3002.49,bank_timeout,bank_timeout,retry_2h,True,retry_24h,False
TXN101557,1982.65,network_error,network_error,retry_immediate,False,retry_24h,True
TXN101558,1461.85,insufficient_funds,insufficient_funds,retry_72h,False,retry_24h,True
TXN101559,6161.88,insufficient_funds,insufficient_funds,retry_72h,False,retry_24h,False
TXN101560,3327.7,fraud_false_positive,fraud_false_positive,suggest_alt_payment_method,False,retry_24h,False
TXN101561,497.95,bank_timeout,bank_timeout,retry_24h,False,retry_24h,False
TXN101562,1572.94,network_error,network_error,retry_immediate,True,retry_24h,False
TXN101563,6774.55,insufficient_funds,insufficient_funds,retry_72h,False,retry_24h,False
TXN101564,10199.92,insufficient_funds,insufficient_funds,retry_72h,False,retry_24h,True
TXN101565,2443.81,insufficient_funds,insufficient_funds,retry_72h,False,retry_24h,False
TXN101566,3235.82,insufficient_funds,insufficient_funds,suggest_alt_payment_method,True,retry_24h,False
TXN101567,8344.47,insufficient_funds,insufficient_funds,retry_72h,True,retry_24h,False
TXN101568,902.77,network_error,network_error,retry_immediate,True,retry_24h,False
TXN101569,3195.79,bank_timeout,bank_timeout,retry_2h,False,retry_24h,False
TXN101570,4255.18,insufficient_funds,insufficient_funds,retry_72h,True,retry_24h,False
TXN101571,6474.59,fraud_false_positive,fraud_false_positive,suggest_alt_payment_method,True,retry_24h,False
TXN101572,2941.99,insufficient_funds,insufficient_funds,retry_72h,False,retry_24h,False
TXN101573,1026.82,bank_timeout,bank_timeout,retry_2h,True,retry_24h,True
TXN101574,868.24,bank_timeout,bank_timeout,retry_2h,True,retry_24h,True
TXN101575,3954.87,insufficient_funds,insufficient_funds,retry_72h,False,retry_24h,False
TXN101576,2174.53,network_error,network_error,retry_immediate,True,retry_24h,False
TXN101577,1349.13,network_error,network_error,retry_immediate,True,retry_24h,True
TXN101578,3512.56,insufficient_funds,insufficient_funds,retry_72h,False,retry_24h,False
TXN101579,2720.24,network_error,network_error,retry_immediate,True,retry_24h,True
TXN101580,5704.86,fraud_false_positive,fraud_false_positive,suggest_alt_payment_method,False,retry_24h,False
TXN101581,1713.16,network_error,network_error,retry_immediate,True,retry_24h,True
TXN101582,725.81,insufficient_funds,insufficient_funds,retry_72h,False,retry_24h,False
TXN101583,4022.52,network_error,network_error,retry_immediate,False,retry_24h,True
TXN101584,4365.22,fraud_false_positive,fraud_false_positive,suggest_alt_payment_method,False,retry_24h,True
TXN101585,727.68,insufficient_funds,insufficient_funds,retry_72h,False,retry_24h,False
TXN101586,5189.95,fraud_false_positive,fraud_false_positive,suggest_alt_payment_method,True,retry_24h,False
TXN101587,3079.33,network_error,network_error,retry_immediate,False,retry_24h,False
TXN101588,1406.54,bank_timeout,bank_timeout,retry_2h,False,retry_24h,False
TXN101589,2391.37,network_error,bank_timeout,retry_2h,True,retry_24h,True
TXN101590,1624.22,insufficient_funds,insufficient_funds,retry_72h,True,retry_24h,False
TXN101591,1474.55,bank_timeout,network_error,retry_immediate,False,retry_24h,True
TXN101592,6687.22,insufficient_funds,insufficient_funds,retry_72h,False,retry_24h,True
TXN101593,8577.45,bank_timeout,bank_timeout,retry_2h,True,retry_24h,True
TXN101594,3222.1,insufficient_funds,insufficient_funds,retry_72h,False,retry_24h,False
TXN101595,4388.88,insufficient_funds,insufficient_funds,suggest_alt_payment_method,False,retry_24h,True
TXN101596,1427.51,bank_timeout,bank_timeout,retry_2h,True,retry_24h,False
TXN101597,2584.32,insufficient_funds,insufficient_funds,retry_72h,True,retry_24h,False
TXN101598,3141.71,bank_timeout,bank_timeout,retry_2h,False,retry_24h,False
TXN101599,1105.32,fraud_false_positive,fraud_false_positive,suggest_alt_payment_method,False,retry_24h,False
TXN101600,2109.41,bank_timeout,bank_timeout,retry_2h,True,retry_24h,False
TXN101601,11771.29,insufficient_funds,insufficient_funds,retry_72h,False,retry_24h,False
TXN101602,4199.36,insufficient_funds,insufficient_funds,retry_72h,True,retry_24h,True
TXN101603,679.83,insufficient_funds,insufficient_funds,suggest_alt_payment_method,False,retry_24h,False
TXN101604,1167.11,network_error,network_error,retry_immediate,True,retry_24h,False
TXN101605,1713.7,insufficient_funds,insufficient_funds,retry_72h,True,retry_24h,True
TXN101606,6486.11,insufficient_funds,insufficient_funds,retry_72h,False,retry_24h,False
TXN101607,7431.98,insufficient_funds,insufficient_funds,retry_72h,True,retry_24h,False
TXN101608,5610.63,fraud_false_positive,fraud_false_positive,suggest_alt_payment_method,True,retry_24h,False
TXN101609,564.41,bank_timeout,bank_timeout,retry_2h,True,retry_24h,True
TXN101610,4946.0,network_error,network_error,retry_immediate,False,retry_24h,True
TXN101611,3476.43,bank_timeout,bank_timeout,retry_2h,False,retry_24h,False
TXN101612,1916.88,network_error,network_error,retry_immediate,False,retry_24h,False
TXN101613,871.51,insufficient_funds,insufficient_funds,suggest_alt_payment_method,False,retry_24h,False
TXN101614,1302.82,insufficient_funds,insufficient_funds,retry_72h,False,retry_24h,False
TXN101615,3467.55,insufficient_funds,insufficient_funds,retry_72h,True,retry_24h,False
TXN101616,3353.87,insufficient_funds,insufficient_funds,retry_72h,False,retry_24h,False
TXN101617,8282.04,fraud_false_positive,fraud_false_positive,suggest_alt_payment_method,False,retry_24h,False
TXN101618,2148.3,network_error,network_error,retry_immediate,False,retry_24h,False
TXN101619,6223.32,fraud_false_positive,fraud_false_positive,suggest_alt_payment_method,False,retry_24h,False
TXN101620,2813.43,insufficient_funds,insufficient_funds,retry_72h,False,retry_24h,False
TXN101621,1272.64,insufficient_funds,insufficient_funds,retry_72h,False,retry_24h,False
TXN101622,4344.85,bank_timeout,bank_timeout,retry_2h,False,retry_24h,False
TXN101623,4107.69,insufficient_funds,insufficient_funds,retry_72h,True,retry_24h,False
TXN101624,5696.97,insufficient_funds,insufficient_funds,retry_72h,False,retry_24h,False
TXN101625,318.59,bank_timeout,bank_timeout,retry_2h,False,retry_24h,False
TXN101626,4438.89,insufficient_funds,insufficient_funds,retry_72h,False,retry_24h,False
TXN101627,2940.76,bank_timeout,bank_timeout,retry_2h,False,retry_24h,True
TXN101628,2185.12,insufficient_funds,insufficient_funds,retry_72h,True,retry_24h,False
TXN101629,6723.2,fraud_false_positive,fraud_false_positive,suggest_alt_payment_method,False,retry_24h,False
TXN101630,380.71,network_error,network_error,retry_immediate,False,retry_24h,False
TXN101631,9819.18,insufficient_funds,insufficient_funds,retry_72h,True,retry_24h,True
TXN101632,310.26,bank_timeout,bank_timeout,retry_2h,True,retry_24h,False
TXN101633,671.51,bank_timeout,bank_timeout,retry_24h,False,retry_24h,False
TXN101634,3348.4,insufficient_funds,insufficient_funds,retry_72h,False,retry_24h,False
TXN101635,2451.8,bank_timeout,bank_timeout,retry_2h,True,retry_24h,True
TXN101636,1010.53,insufficient_funds,insufficient_funds,retry_72h,False,retry_24h,False
TXN101637,850.02,network_error,network_error,retry_immediate,False,retry_24h,False
TXN101638,4025.99,bank_timeout,bank_timeout,retry_2h,False,retry_24h,False
TXN101639,2855.07,network_error,network_error,retry_immediate,False,retry_24h,True
TXN101640,946.96,bank_timeout,bank_timeout,retry_2h,False,retry_24h,False
TXN101641,873.09,insufficient_funds,insufficient_funds,retry_72h,False,retry_24h,True
TXN101642,1922.97,network_error,bank_timeout,retry_2h,False,retry_24h,False
TXN101643,2041.43,network_error,network_error,retry_immediate,True,retry_24h,False
TXN101644,2644.31,insufficient_funds,insufficient_funds,retry_72h,True,retry_24h,True
TXN101645,6254.95,fraud_false_positive,fraud_false_positive,suggest_alt_payment_method,False,retry_24h,False
TXN101646,11572.69,fraud_false_positive,fraud_false_positive,suggest_alt_payment_method,True,retry_24h,True
TXN101647,3594.05,insufficient_funds,insufficient_funds,suggest_alt_payment_method,False,retry_24h,True
TXN101648,3382.03,bank_timeout,bank_timeout,retry_2h,True,retry_24h,True
TXN101649,1953.18,network_error,network_error,retry_immediate,False,retry_24h,False
TXN101650,4957.22,insufficient_funds,insufficient_funds,retry_72h,False,retry_24h,False
TXN101651,4045.87,insufficient_funds,insufficient_funds,retry_72h,True,retry_24h,False
TXN101652,4449.6,bank_timeout,bank_timeout,retry_2h,True,retry_24h,True
TXN101653,1801.0,insufficient_funds,insufficient_funds,retry_72h,False,retry_24h,False
TXN101654,2411.16,insufficient_funds,insufficient_funds,retry_72h,False,retry_24h,False
TXN101655,4875.48,fraud_false_positive,fraud_false_positive,suggest_alt_payment_method,True,retry_24h,False
TXN101656,4627.79,insufficient_funds,insufficient_funds,retry_72h,True,retry_24h,False
TXN101657,3339.34,insufficient_funds,insufficient_funds,retry_72h,False,retry_24h,True
TXN101658,453.26,insufficient_funds,insufficient_funds,retry_72h,False,retry_24h,False
TXN101659,5033.6,fraud_false_positive,fraud_false_positive,suggest_alt_payment_method,True,retry_24h,False
TXN101660,1228.33,insufficient_funds,insufficient_funds,retry_72h,False,retry_24h,False
TXN101661,3275.53,insufficient_funds,insufficient_funds,retry_72h,True,retry_24h,False
TXN101662,2554.43,network_error,network_error,retry_immediate,False,retry_24h,False
TXN101663,1853.15,fraud_false_positive,fraud_false_positive,suggest_alt_payment_method,True,retry_24h,True
TXN101664,2994.84,fraud_false_positive,fraud_false_positive,suggest_alt_payment_method,True,retry_24h,False
TXN101665,169.46,network_error,network_error,retry_immediate,False,retry_24h,True
TXN101666,2173.25,network_error,network_error,retry_24h,False,retry_24h,True
TXN101667,503.44,bank_timeout,bank_timeout,retry_2h,True,retry_24h,False
TXN101668,834.8,insufficient_funds,insufficient_funds,retry_72h,False,retry_24h,True
TXN101669,995.71,bank_timeout,network_error,retry_immediate,True,retry_24h,True
TXN101670,2487.02,insufficient_funds,insufficient_funds,retry_72h,True,retry_24h,False
TXN101671,7496.26,bank_timeout,bank_timeout,retry_2h,False,retry_24h,True
TXN101672,1670.43,network_error,network_error,retry_immediate,True,retry_24h,False
TXN101673,2196.72,network_error,network_error,retry_immediate,False,retry_24h,False
TXN101674,2064.49,insufficient_funds,insufficient_funds,suggest_alt_payment_method,True,retry_24h,False
TXN101675,431.31,bank_timeout,bank_timeout,retry_2h,False,retry_24h,True
TXN101676,987.91,insufficient_funds,insufficient_funds,retry_72h,False,retry_24h,True
TXN101677,2378.74,bank_timeout,bank_timeout,retry_2h,True,retry_24h,False
TXN101678,1291.73,network_error,network_error,retry_immediate,False,retry_24h,True
TXN101679,5086.89,bank_timeout,bank_timeout,retry_2h,False,retry_24h,True
TXN101680,1974.98,bank_timeout,bank_timeout,retry_2h,False,retry_24h,False
TXN101681,4300.32,insufficient_funds,insufficient_funds,retry_72h,False,retry_24h,True
TXN101682,1115.99,insufficient_funds,insufficient_funds,retry_72h,False,retry_24h,False
TXN101683,2408.58,network_error,network_error,retry_immediate,False,retry_24h,True
TXN101684,3257.09,insufficient_funds,insufficient_funds,retry_72h,True,retry_24h,False
TXN101685,1706.96,network_error,network_error,retry_immediate,False,retry_24h,False
TXN101686,6007.05,bank_timeout,bank_timeout,retry_2h,True,retry_24h,True
TXN101687,2671.46,insufficient_funds,insufficient_funds,retry_72h,False,retry_24h,False
TXN101688,6283.54,insufficient_funds,insufficient_funds,retry_72h,False,retry_24h,False
TXN101689,3288.9,insufficient_funds,insufficient_funds,retry_72h,True,retry_24h,False
TXN101690,2516.27,network_error,network_error,retry_immediate,True,retry_24h,True
TXN101691,1811.48,network_error,network_error,retry_immediate,True,retry_24h,True
TXN101692,1539.55,insufficient_funds,insufficient_funds,retry_72h,False,retry_24h,False
TXN101693,1730.42,network_error,network_error,retry_immediate,True,retry_24h,False
TXN101694,2695.39,bank_timeout,bank_timeout,retry_2h,True,retry_24h,False
TXN101695,6318.82,fraud_false_positive,fraud_false_positive,suggest_alt_payment_method,False,retry_24h,True
TXN101696,1100.05,insufficient_funds,insufficient_funds,retry_72h,False,retry_24h,False
TXN101697,1385.4,bank_timeout,bank_timeout,retry_2h,True,retry_24h,False
TXN101698,2858.19,insufficient_funds,insufficient_funds,retry_72h,False,retry_24h,False
TXN101699,654.63,bank_timeout,bank_timeout,retry_2h,True,retry_24h,True
TXN101700,5409.84,insufficient_funds,insufficient_funds,retry_72h,False,retry_24h,False
TXN101701,665.19,network_error,network_error,retry_immediate,True,retry_24h,False
TXN101702,9289.49,bank_timeout,bank_timeout,retry_2h,True,retry_24h,True
TXN101703,2126.3,insufficient_funds,insufficient_funds,retry_72h,False,retry_24h,True
TXN101704,1341.23,network_error,network_error,retry_immediate,True,retry_24h,False
TXN101705,5867.94,insufficient_funds,insufficient_funds,retry_72h,True,retry_24h,False
TXN101706,2017.88,bank_timeout,network_error,retry_immediate,False,retry_24h,True
TXN101707,2568.66,network_error,network_error,retry_immediate,False,retry_24h,False
TXN101708,1394.97,network_error,network_error,retry_immediate,True,retry_24h,False
TXN101709,5067.55,insufficient_funds,insufficient_funds,retry_72h,False,retry_24h,False
TXN101710,406.85,network_error,network_error,retry_immediate,False,retry_24h,False
TXN101711,2612.12,network_error,network_error,suggest_alt_payment_method,False,retry_24h,True
TXN101712,492.51,network_error,network_error,retry_immediate,True,retry_24h,True
TXN101713,2569.21,network_error,network_error,retry_immediate,True,retry_24h,True
TXN101714,3735.69,fraud_false_positive,fraud_false_positive,suggest_alt_payment_method,True,retry_24h,False
TXN101715,4125.7,fraud_false_positive,fraud_false_positive,suggest_alt_payment_method,True,retry_24h,False
TXN101716,1841.48,bank_timeout,bank_timeout,retry_2h,True,retry_24h,False
TXN101717,1858.52,insufficient_funds,insufficient_funds,retry_72h,False,retry_24h,False
TXN101718,6840.48,insufficient_funds,insufficient_funds,retry_72h,False,retry_24h,False
TXN101719,1932.99,insufficient_funds,insufficient_funds,retry_72h,True,retry_24h,False
TXN101720,399.88,network_error,network_error,retry_immediate,True,retry_24h,True
TXN101721,9837.84,fraud_false_positive,fraud_false_positive,suggest_alt_payment_method,True,retry_24h,False
TXN101722,246.88,insufficient_funds,insufficient_funds,retry_72h,False,retry_24h,True
TXN101723,4508.6,insufficient_funds,insufficient_funds,retry_72h,False,retry_24h,False
TXN101724,857.99,network_error,network_error,retry_immediate,True,retry_24h,False
TXN101725,2315.59,insufficient_funds,insufficient_funds,retry_72h,True,retry_24h,False
TXN101726,8271.98,insufficient_funds,insufficient_funds,retry_72h,False,retry_24h,False
TXN101727,9919.55,insufficient_funds,insufficient_funds,retry_72h,True,retry_24h,False
TXN101728,201.91,network_error,network_error,retry_immediate,True,retry_24h,True
TXN101729,5309.31,insufficient_funds,insufficient_funds,retry_72h,True,retry_24h,False
TXN101730,5053.93,insufficient_funds,insufficient_funds,retry_72h,True,retry_24h,False
TXN101731,2722.41,insufficient_funds,insufficient_funds,retry_72h,True,retry_24h,False
TXN101732,1149.58,bank_timeout,network_error,retry_24h,False,retry_24h,False
TXN101733,939.92,network_error,network_error,retry_immediate,True,retry_24h,True
TXN101734,885.67,insufficient_funds,insufficient_funds,retry_72h,False,retry_24h,False
TXN101735,3526.18,insufficient_funds,insufficient_funds,retry_72h,False,retry_24h,False
TXN101736,400.19,insufficient_funds,insufficient_funds,retry_72h,True,retry_24h,False
TXN101737,3367.85,network_error,network_error,retry_immediate,True,retry_24h,True
TXN101738,1794.45,bank_timeout,bank_timeout,retry_2h,True,retry_24h,True
TXN101739,2701.18,network_error,network_error,retry_24h,False,retry_24h,False
TXN101740,791.85,insufficient_funds,insufficient_funds,retry_72h,False,retry_24h,False
TXN101741,3382.21,insufficient_funds,insufficient_funds,retry_72h,True,retry_24h,False
TXN101742,3778.66,insufficient_funds,insufficient_funds,retry_72h,False,retry_24h,True
TXN101743,2247.0,fraud_false_positive,fraud_false_positive,suggest_alt_payment_method,True,retry_24h,False
TXN101744,2105.43,bank_timeout,bank_timeout,retry_2h,False,retry_24h,False
TXN101745,2047.36,insufficient_funds,insufficient_funds,retry_72h,True,retry_24h,False
TXN101746,1057.33,insufficient_funds,insufficient_funds,retry_72h,False,retry_24h,False
TXN101747,5505.39,insufficient_funds,insufficient_funds,retry_72h,False,retry_24h,False
TXN101748,5703.7,insufficient_funds,insufficient_funds,retry_72h,True,retry_24h,False
TXN101749,2802.29,bank_timeout,bank_timeout,suggest_alt_payment_method,False,retry_24h,True
TXN101750,857.33,insufficient_funds,insufficient_funds,retry_72h,False,retry_24h,False
TXN101751,1165.17,bank_timeout,bank_timeout,retry_2h,True,retry_24h,True
TXN101752,1123.41,bank_timeout,bank_timeout,retry_2h,False,retry_24h,False
TXN101753,3293.07,insufficient_funds,insufficient_funds,retry_72h,True,retry_24h,False
TXN101754,802.68,bank_timeout,bank_timeout,retry_2h,True,retry_24h,True
TXN101755,626.39,insufficient_funds,insufficient_funds,retry_72h,False,retry_24h,True
TXN101756,2688.96,fraud_false_positive,fraud_false_positive,suggest_alt_payment_method,False,retry_24h,False
TXN101757,1119.63,network_error,network_error,retry_immediate,True,retry_24h,False
TXN101758,483.58,network_error,network_error,retry_immediate,True,retry_24h,False
TXN101759,4251.93,insufficient_funds,insufficient_funds,retry_72h,True,retry_24h,False
TXN101760,3967.98,network_error,network_error,retry_immediate,True,retry_24h,False
TXN101761,716.4,network_error,network_error,retry_immediate,False,retry_24h,False
TXN101762,5511.64,insufficient_funds,insufficient_funds,retry_72h,True,retry_24h,True
TXN101763,4419.37,insufficient_funds,insufficient_funds,retry_72h,False,retry_24h,False
TXN101764,1008.22,bank_timeout,bank_timeout,retry_2h,False,retry_24h,False
TXN101765,985.94,insufficient_funds,insufficient_funds,retry_72h,False,retry_24h,True
TXN101766,1339.3,insufficient_funds,insufficient_funds,retry_72h,False,retry_24h,False
TXN101767,6950.49,fraud_false_positive,fraud_false_positive,suggest_alt_payment_method,True,retry_24h,False
TXN101768,965.71,bank_timeout,bank_timeout,retry_24h,False,retry_24h,False
TXN101769,890.31,network_error,network_error,retry_immediate,True,retry_24h,False
TXN101770,3550.81,bank_timeout,bank_timeout,retry_2h,True,retry_24h,True
TXN101771,698.75,bank_timeout,bank_timeout,retry_2h,False,retry_24h,True
TXN101772,3472.82,fraud_false_positive,fraud_false_positive,suggest_alt_payment_method,True,retry_24h,False
TXN101773,2679.41,insufficient_funds,insufficient_funds,retry_72h,False,retry_24h,True
TXN101774,1118.17,insufficient_funds,insufficient_funds,retry_72h,False,retry_24h,False
TXN101775,1277.31,bank_timeout,bank_timeout,retry_2h,True,retry_24h,False
TXN101776,839.96,network_error,network_error,retry_immediate,True,retry_24h,True
TXN101777,3242.05,bank_timeout,bank_timeout,retry_2h,False,retry_24h,True
TXN101778,1686.1,insufficient_funds,insufficient_funds,retry_72h,True,retry_24h,True
TXN101779,1961.69,bank_timeout,bank_timeout,retry_2h,True,retry_24h,True
TXN101780,1579.82,insufficient_funds,insufficient_funds,retry_72h,False,retry_24h,True
TXN101781,1818.96,fraud_false_positive,fraud_false_positive,suggest_alt_payment_method,True,retry_24h,False
TXN101782,1573.33,network_error,network_error,retry_immediate,True,retry_24h,True
TXN101783,9668.28,fraud_false_positive,fraud_false_positive,suggest_alt_payment_method,True,retry_24h,False
TXN101784,3486.77,network_error,bank_timeout,suggest_alt_payment_method,True,retry_24h,False
TXN101785,710.62,bank_timeout,bank_timeout,retry_2h,True,retry_24h,False
TXN101786,884.61,network_error,network_error,retry_immediate,True,retry_24h,False
TXN101787,659.32,network_error,network_error,retry_immediate,False,retry_24h,False
TXN101788,5489.18,fraud_false_positive,fraud_false_positive,suggest_alt_payment_method,True,retry_24h,False
TXN101789,2610.5,network_error,network_error,retry_immediate,False,retry_24h,False
TXN101790,2664.86,bank_timeout,bank_timeout,retry_2h,False,retry_24h,False
TXN101791,1288.63,fraud_false_positive,fraud_false_positive,suggest_alt_payment_method,True,retry_24h,False
TXN101792,3314.29,insufficient_funds,insufficient_funds,retry_72h,False,retry_24h,False
TXN101793,189.1,bank_timeout,network_error,retry_immediate,False,retry_24h,True
TXN101794,9234.28,insufficient_funds,insufficient_funds,retry_72h,True,retry_24h,False
TXN101795,1435.43,network_error,network_error,retry_immediate,False,retry_24h,False
TXN101796,2495.69,fraud_false_positive,fraud_false_positive,suggest_alt_payment_method,True,retry_24h,False
TXN101797,3175.1,insufficient_funds,insufficient_funds,retry_72h,False,retry_24h,False
TXN101798,7892.45,insufficient_funds,insufficient_funds,retry_72h,False,retry_24h,False
TXN101799,601.3,network_error,network_error,retry_immediate,True,retry_24h,False
TXN101800,2183.93,insufficient_funds,insufficient_funds,retry_72h,True,retry_24h,False
TXN101801,1228.06,bank_timeout,bank_timeout,retry_2h,True,retry_24h,False
TXN101802,208.03,network_error,network_error,retry_immediate,False,retry_24h,True
TXN101803,1380.44,bank_timeout,bank_timeout,retry_2h,False,retry_24h,False
TXN101804,721.34,bank_timeout,bank_timeout,retry_2h,True,retry_24h,False
TXN101805,1326.11,insufficient_funds,insufficient_funds,retry_72h,True,retry_24h,False
TXN101806,3142.67,insufficient_funds,insufficient_funds,retry_72h,False,retry_24h,True
TXN101807,1460.09,insufficient_funds,insufficient_funds,retry_72h,False,retry_24h,True
TXN101808,8087.17,insufficient_funds,insufficient_funds,retry_72h,False,retry_24h,True
TXN101809,2985.8,insufficient_funds,insufficient_funds,retry_72h,True,retry_24h,False
TXN101810,1030.26,bank_timeout,bank_timeout,retry_2h,True,retry_24h,False
TXN101811,1098.69,insufficient_funds,insufficient_funds,retry_72h,False,retry_24h,False
TXN101812,11569.6,insufficient_funds,insufficient_funds,retry_72h,True,retry_24h,False
TXN101813,2179.45,insufficient_funds,insufficient_funds,retry_72h,False,retry_24h,False
TXN101814,7259.62,insufficient_funds,insufficient_funds,retry_72h,True,retry_24h,False
TXN101815,592.0,bank_timeout,bank_timeout,retry_2h,False,retry_24h,True
TXN101816,2198.83,network_error,network_error,retry_immediate,True,retry_24h,False
TXN101817,2744.37,insufficient_funds,insufficient_funds,retry_72h,False,retry_24h,True
TXN101818,1463.37,bank_timeout,bank_timeout,retry_2h,False,retry_24h,True
TXN101819,254.64,network_error,network_error,retry_immediate,True,retry_24h,False
TXN101820,6286.67,network_error,network_error,retry_immediate,True,retry_24h,True
TXN101821,1041.57,network_error,bank_timeout,retry_2h,False,retry_24h,False
TXN101822,2903.38,network_error,network_error,retry_immediate,True,retry_24h,False
TXN101823,2322.49,insufficient_funds,insufficient_funds,retry_72h,False,retry_24h,True
TXN101824,9564.46,bank_timeout,bank_timeout,retry_2h,True,retry_24h,False
TXN101825,2562.86,network_error,network_error,retry_immediate,True,retry_24h,False
TXN101826,3037.21,insufficient_funds,insufficient_funds,retry_72h,True,retry_24h,False
TXN101827,6394.83,fraud_false_positive,fraud_false_positive,suggest_alt_payment_method,False,retry_24h,True
TXN101828,2209.57,network_error,network_error,retry_immediate,False,retry_24h,False
TXN101829,3953.68,bank_timeout,bank_timeout,retry_2h,True,retry_24h,False
TXN101830,3308.52,insufficient_funds,insufficient_funds,retry_72h,False,retry_24h,False
TXN101831,3445.92,insufficient_funds,insufficient_funds,retry_72h,False,retry_24h,False
TXN101832,4926.98,insufficient_funds,insufficient_funds,retry_72h,True,retry_24h,False
TXN101833,2318.44,bank_timeout,bank_timeout,retry_2h,True,retry_24h,False
TXN101834,1775.99,fraud_false_positive,fraud_false_positive,suggest_alt_payment_method,True,retry_24h,False
TXN101835,179.61,network_error,network_error,retry_immediate,False,retry_24h,False
TXN101836,575.85,bank_timeout,bank_timeout,retry_2h,True,retry_24h,False
TXN101837,2751.26,fraud_false_positive,fraud_false_positive,suggest_alt_payment_method,True,retry_24h,False
TXN101838,321.14,bank_timeout,bank_timeout,retry_2h,True,retry_24h,False
TXN101839,1752.7,network_error,network_error,retry_immediate,True,retry_24h,True
TXN101840,14909.94,insufficient_funds,insufficient_funds,retry_72h,True,retry_24h,True
TXN101841,4630.0,network_error,network_error,retry_immediate,True,retry_24h,True
TXN101842,2452.87,insufficient_funds,insufficient_funds,suggest_alt_payment_method,True,retry_24h,False
TXN101843,3775.78,insufficient_funds,insufficient_funds,suggest_alt_payment_method,True,retry_24h,False
TXN101844,1866.44,insufficient_funds,insufficient_funds,retry_72h,False,retry_24h,False
TXN101845,7063.14,fraud_false_positive,fraud_false_positive,suggest_alt_payment_method,False,retry_24h,False
TXN101846,1556.11,bank_timeout,bank_timeout,retry_2h,False,retry_24h,False
TXN101847,913.61,network_error,network_error,retry_immediate,True,retry_24h,True
TXN101848,17044.9,fraud_false_positive,fraud_false_positive,suggest_alt_payment_method,False,retry_24h,True
TXN101849,2395.13,insufficient_funds,insufficient_funds,retry_72h,False,retry_24h,True
TXN101850,830.82,insufficient_funds,insufficient_funds,retry_72h,True,retry_24h,False
TXN101851,2610.37,network_error,network_error,retry_immediate,False,retry_24h,False
TXN101852,9235.05,fraud_false_positive,fraud_false_positive,suggest_alt_payment_method,False,retry_24h,False
TXN101853,4527.13,insufficient_funds,insufficient_funds,retry_72h,True,retry_24h,False
TXN101854,969.34,bank_timeout,bank_timeout,retry_24h,True,retry_24h,False
TXN101855,9636.39,fraud_false_positive,fraud_false_positive,suggest_alt_payment_method,True,retry_24h,False
TXN101856,4627.87,bank_timeout,bank_timeout,retry_2h,True,retry_24h,True
TXN101857,5251.44,insufficient_funds,insufficient_funds,suggest_alt_payment_method,True,retry_24h,False
TXN101858,1699.9,network_error,network_error,suggest_alt_payment_method,True,retry_24h,False
TXN101859,291.48,bank_timeout,bank_timeout,retry_2h,True,retry_24h,True
TXN101860,1968.12,insufficient_funds,insufficient_funds,retry_72h,True,retry_24h,False
TXN101861,692.59,bank_timeout,bank_timeout,retry_2h,True,retry_24h,False
TXN101862,1667.43,bank_timeout,bank_timeout,retry_2h,False,retry_24h,False
TXN101863,3006.61,network_error,network_error,retry_immediate,False,retry_24h,False
TXN101864,1896.62,fraud_false_positive,fraud_false_positive,suggest_alt_payment_method,True,retry_24h,False
TXN101865,1495.98,bank_timeout,bank_timeout,retry_2h,True,retry_24h,True
TXN101866,220.04,bank_timeout,bank_timeout,retry_2h,True,retry_24h,False
TXN101867,2652.81,network_error,network_error,retry_immediate,False,retry_24h,False
TXN101868,2619.0,network_error,bank_timeout,retry_2h,False,retry_24h,False
TXN101869,9310.25,insufficient_funds,insufficient_funds,suggest_alt_payment_method,True,retry_24h,False
TXN101870,3733.73,insufficient_funds,insufficient_funds,retry_72h,True,retry_24h,False
TXN101871,4216.28,insufficient_funds,insufficient_funds,retry_72h,True,retry_24h,False
TXN101872,8310.12,fraud_false_positive,fraud_false_positive,suggest_alt_payment_method,False,retry_24h,False
TXN101873,6435.24,insufficient_funds,insufficient_funds,retry_72h,False,retry_24h,True
TXN101874,5814.9,insufficient_funds,insufficient_funds,suggest_alt_payment_method,False,retry_24h,False
TXN101875,4476.36,fraud_false_positive,fraud_false_positive,suggest_alt_payment_method,True,retry_24h,True
TXN101876,514.54,network_error,network_error,retry_immediate,True,retry_24h,False
TXN101877,432.6,bank_timeout,bank_timeout,retry_24h,True,retry_24h,False
TXN101878,1568.59,network_error,network_error,retry_immediate,True,retry_24h,False
TXN101879,3047.51,network_error,network_error,retry_immediate,True,retry_24h,True
TXN101880,1390.95,bank_timeout,bank_timeout,retry_2h,False,retry_24h,False
TXN101881,1095.33,network_error,network_error,retry_immediate,True,retry_24h,True
TXN101882,916.34,bank_timeout,bank_timeout,retry_2h,True,retry_24h,True
TXN101883,1643.83,insufficient_funds,insufficient_funds,retry_72h,False,retry_24h,False
TXN101884,2442.41,bank_timeout,bank_timeout,retry_24h,True,retry_24h,True
TXN101885,620.2,bank_timeout,bank_timeout,retry_2h,False,retry_24h,True
TXN101886,2793.76,bank_timeout,bank_timeout,retry_2h,True,retry_24h,True
TXN101887,1302.66,bank_timeout,bank_timeout,retry_2h,True,retry_24h,False
TXN101888,924.88,insufficient_funds,insufficient_funds,retry_72h,True,retry_24h,False
TXN101889,5446.66,fraud_false_positive,fraud_false_positive,suggest_alt_payment_method,True,retry_24h,False
TXN101890,387.66,bank_timeout,bank_timeout,retry_2h,False,retry_24h,False
TXN101891,279.6,network_error,network_error,retry_immediate,True,retry_24h,False
TXN101892,8418.4,insufficient_funds,insufficient_funds,retry_72h,False,retry_24h,False
TXN101893,2719.92,bank_timeout,bank_timeout,retry_2h,False,retry_24h,False
TXN101894,8167.75,insufficient_funds,insufficient_funds,retry_72h,True,retry_24h,True
TXN101895,927.26,network_error,network_error,retry_immediate,True,retry_24h,True
TXN101896,1899.16,bank_timeout,bank_timeout,retry_2h,True,retry_24h,True
TXN101897,2760.51,network_error,network_error,retry_immediate,True,retry_24h,False
TXN101898,1693.37,insufficient_funds,insufficient_funds,retry_72h,True,retry_24h,True
TXN101899,3704.07,bank_timeout,bank_timeout,suggest_alt_payment_method,False,retry_24h,False
TXN101900,8934.95,insufficient_funds,insufficient_funds,retry_72h,True,retry_24h,False
TXN101901,5695.0,fraud_false_positive,fraud_false_positive,suggest_alt_payment_method,False,retry_24h,True
TXN101902,652.03,network_error,network_error,retry_immediate,True,retry_24h,False
TXN101903,1197.6,network_error,network_error,retry_immediate,True,retry_24h,False
TXN101904,1493.2,network_error,network_error,retry_immediate,False,retry_24h,False
TXN101905,852.71,bank_timeout,bank_timeout,retry_2h,True,retry_24h,True
TXN101906,3177.18,insufficient_funds,insufficient_funds,retry_72h,False,retry_24h,False
TXN101907,4706.51,fraud_false_positive,fraud_false_positive,suggest_alt_payment_method,False,retry_24h,False
TXN101908,4743.24,fraud_false_positive,fraud_false_positive,suggest_alt_payment_method,False,retry_24h,False
TXN101909,1948.45,bank_timeout,bank_timeout,retry_24h,False,retry_24h,False
TXN101910,2138.78,insufficient_funds,insufficient_funds,retry_72h,False,retry_24h,True
TXN101911,3222.67,insufficient_funds,insufficient_funds,retry_72h,True,retry_24h,False
TXN101912,1173.23,network_error,network_error,retry_immediate,False,retry_24h,False
TXN101913,499.15,insufficient_funds,insufficient_funds,retry_72h,True,retry_24h,False
TXN101914,2520.53,network_error,network_error,retry_immediate,True,retry_24h,True
TXN101915,4155.04,insufficient_funds,insufficient_funds,retry_72h,False,retry_24h,False
TXN101916,3952.87,network_error,bank_timeout,retry_2h,False,retry_24h,False
TXN101917,4035.97,insufficient_funds,insufficient_funds,suggest_alt_payment_method,False,retry_24h,False
TXN101918,203.58,network_error,network_error,retry_immediate,True,retry_24h,False
TXN101919,540.82,network_error,network_error,retry_immediate,True,retry_24h,False
TXN101920,1253.81,bank_timeout,bank_timeout,retry_2h,False,retry_24h,False
TXN101921,1628.8,bank_timeout,bank_timeout,retry_2h,True,retry_24h,True
TXN101922,130.39,fraud_false_positive,fraud_false_positive,suggest_alt_payment_method,True,retry_24h,False
TXN101923,1075.57,bank_timeout,network_error,retry_immediate,True,retry_24h,True
TXN101924,798.62,network_error,bank_timeout,retry_2h,False,retry_24h,False
TXN101925,4121.35,insufficient_funds,insufficient_funds,retry_72h,False,retry_24h,False
TXN101926,644.34,network_error,network_error,retry_immediate,False,retry_24h,False
TXN101927,6367.11,fraud_false_positive,fraud_false_positive,suggest_alt_payment_method,True,retry_24h,False
TXN101928,824.25,network_error,network_error,retry_immediate,False,retry_24h,False
TXN101929,2320.87,bank_timeout,bank_timeout,retry_2h,True,retry_24h,True
TXN101930,8187.75,insufficient_funds,insufficient_funds,retry_72h,True,retry_24h,False
TXN101931,1189.31,network_error,network_error,retry_immediate,True,retry_24h,False
TXN101932,1474.36,network_error,network_error,retry_immediate,False,retry_24h,True
TXN101933,3141.7,bank_timeout,bank_timeout,retry_2h,True,retry_24h,True
TXN101934,7247.55,insufficient_funds,insufficient_funds,suggest_alt_payment_method,False,retry_24h,True
TXN101935,2083.07,insufficient_funds,insufficient_funds,retry_72h,True,retry_24h,True
TXN101936,1382.72,fraud_false_positive,fraud_false_positive,suggest_alt_payment_method,True,retry_24h,False
TXN101937,7111.64,network_error,network_error,retry_immediate,True,retry_24h,False
TXN101938,951.95,bank_timeout,bank_timeout,retry_2h,True,retry_24h,False
TXN101939,2774.29,bank_timeout,bank_timeout,retry_2h,True,retry_24h,True
TXN101940,552.93,bank_timeout,bank_timeout,suggest_alt_payment_method,True,retry_24h,False
TXN101941,1047.17,fraud_false_positive,fraud_false_positive,suggest_alt_payment_method,True,retry_24h,False
TXN101942,13444.15,fraud_false_positive,fraud_false_positive,suggest_alt_payment_method,True,retry_24h,True
TXN101943,3744.28,bank_timeout,bank_timeout,retry_2h,False,retry_24h,False
TXN101944,2000.77,bank_timeout,bank_timeout,retry_2h,False,retry_24h,False
TXN101945,918.97,bank_timeout,bank_timeout,retry_2h,False,retry_24h,True
TXN101946,3717.15,fraud_false_positive,fraud_false_positive,suggest_alt_payment_method,True,retry_24h,False
TXN101947,2952.76,insufficient_funds,insufficient_funds,retry_72h,False,retry_24h,True
TXN101948,4652.48,bank_timeout,bank_timeout,retry_2h,False,retry_24h,True
TXN101949,8359.93,insufficient_funds,insufficient_funds,retry_72h,True,retry_24h,False
TXN101950,536.4,network_error,network_error,retry_immediate,True,retry_24h,False
TXN101951,2193.65,bank_timeout,bank_timeout,retry_2h,False,retry_24h,True
TXN101952,3683.66,network_error,network_error,retry_immediate,False,retry_24h,True
TXN101953,1125.83,bank_timeout,bank_timeout,retry_2h,True,retry_24h,False
TXN101954,2602.59,network_error,bank_timeout,retry_2h,True,retry_24h,False
TXN101955,1656.51,network_error,network_error,retry_immediate,True,retry_24h,False
TXN101956,3369.85,insufficient_funds,insufficient_funds,retry_72h,True,retry_24h,False
TXN101957,2129.71,bank_timeout,bank_timeout,retry_2h,True,retry_24h,False
TXN101958,6966.85,insufficient_funds,insufficient_funds,retry_72h,False,retry_24h,False
TXN101959,973.98,fraud_false_positive,fraud_false_positive,suggest_alt_payment_method,False,retry_24h,False
TXN101960,2351.76,network_error,network_error,retry_immediate,False,retry_24h,False
TXN101961,4402.69,network_error,network_error,retry_immediate,False,retry_24h,False
TXN101962,5134.25,network_error,network_error,retry_immediate,False,retry_24h,False
TXN101963,3046.17,insufficient_funds,insufficient_funds,retry_72h,False,retry_24h,True
TXN101964,741.19,network_error,bank_timeout,retry_2h,False,retry_24h,True
TXN101965,2995.13,fraud_false_positive,fraud_false_positive,suggest_alt_payment_method,False,retry_24h,False
TXN101966,3605.04,fraud_false_positive,fraud_false_positive,suggest_alt_payment_method,True,retry_24h,False
TXN101967,4102.32,insufficient_funds,insufficient_funds,retry_72h,False,retry_24h,False
TXN101968,3288.78,bank_timeout,bank_timeout,retry_2h,False,retry_24h,True
TXN101969,1700.83,bank_timeout,bank_timeout,retry_2h,False,retry_24h,True
TXN101970,4046.6,network_error,network_error,retry_immediate,True,retry_24h,False
TXN101971,929.46,bank_timeout,bank_timeout,retry_24h,True,retry_24h,True
TXN101972,2414.24,network_error,network_error,retry_immediate,True,retry_24h,False
TXN101973,1722.75,bank_timeout,bank_timeout,retry_2h,False,retry_24h,True
TXN101974,2233.9,fraud_false_positive,fraud_false_positive,suggest_alt_payment_method,False,retry_24h,True
TXN101975,409.09,bank_timeout,bank_timeout,retry_2h,False,retry_24h,True
TXN101976,334.53,network_error,network_error,retry_24h,True,retry_24h,False
TXN101977,8450.49,fraud_false_positive,fraud_false_positive,suggest_alt_payment_method,True,retry_24h,False
TXN101978,5688.29,insufficient_funds,insufficient_funds,retry_72h,True,retry_24h,False
TXN101979,6218.07,insufficient_funds,insufficient_funds,retry_72h,True,retry_24h,False
TXN101980,1294.22,insufficient_funds,insufficient_funds,retry_72h,True,retry_24h,False
TXN101981,1971.56,bank_timeout,bank_timeout,suggest_alt_payment_method,False,retry_24h,True
TXN101982,3178.65,fraud_false_positive,fraud_false_positive,suggest_alt_payment_method,True,retry_24h,True
TXN101983,8691.78,fraud_false_positive,fraud_false_positive,suggest_alt_payment_method,True,retry_24h,False
TXN101984,6517.52,insufficient_funds,insufficient_funds,retry_72h,False,retry_24h,True
TXN101985,3464.46,fraud_false_positive,fraud_false_positive,suggest_alt_payment_method,False,retry_24h,False
TXN101986,3962.76,insufficient_funds,insufficient_funds,retry_72h,True,retry_24h,False
TXN101987,1052.65,insufficient_funds,insufficient_funds,retry_72h,True,retry_24h,False
TXN101988,9927.14,fraud_false_positive,fraud_false_positive,suggest_alt_payment_method,True,retry_24h,False
TXN101989,1048.33,insufficient_funds,insufficient_funds,retry_72h,False,retry_24h,False
TXN101990,3723.45,insufficient_funds,insufficient_funds,retry_72h,True,retry_24h,True
TXN101991,2392.42,insufficient_funds,insufficient_funds,retry_72h,True,retry_24h,False
TXN101992,3657.94,insufficient_funds,insufficient_funds,retry_72h,False,retry_24h,False
TXN101993,1082.13,network_error,bank_timeout,retry_2h,True,retry_24h,True
TXN101994,912.73,bank_timeout,bank_timeout,retry_24h,True,retry_24h,False
TXN101995,2202.76,bank_timeout,bank_timeout,retry_2h,False,retry_24h,False
TXN101996,1166.67,network_error,network_error,retry_immediate,False,retry_24h,False
TXN101997,3691.24,fraud_false_positive,fraud_false_positive,suggest_alt_payment_method,True,retry_24h,True
TXN101998,2176.89,fraud_false_positive,fraud_false_positive,suggest_alt_payment_method,False,retry_24h,False
TXN101999,901.19,bank_timeout,bank_timeout,retry_2h,False,retry_24h,True
TXN102000,2661.89,insufficient_funds,insufficient_funds,retry_72h,False,retry_24h,False
TXN102001,2354.18,fraud_false_positive,fraud_false_positive,suggest_alt_payment_method,False,retry_24h,False
TXN102002,289.99,bank_timeout,bank_timeout,retry_2h,False,retry_24h,True
TXN102003,4195.04,fraud_false_positive,fraud_false_positive,suggest_alt_payment_method,False,retry_24h,False
TXN102004,1359.17,network_error,network_error,retry_immediate,False,retry_24h,False
TXN102005,2873.64,network_error,network_error,retry_immediate,False,retry_24h,False
TXN102006,6913.09,insufficient_funds,insufficient_funds,retry_72h,False,retry_24h,True
TXN102007,201.05,network_error,network_error,retry_immediate,True,retry_24h,False
TXN102008,7042.74,fraud_false_positive,fraud_false_positive,suggest_alt_payment_method,False,retry_24h,False
TXN102009,3155.4,fraud_false_positive,fraud_false_positive,suggest_alt_payment_method,False,retry_24h,True
TXN102010,2335.65,insufficient_funds,insufficient_funds,retry_72h,False,retry_24h,False
TXN102011,6104.03,fraud_false_positive,fraud_false_positive,suggest_alt_payment_method,True,retry_24h,False
TXN102012,1208.06,bank_timeout,bank_timeout,retry_2h,False,retry_24h,True
TXN102013,1020.16,network_error,network_error,retry_immediate,False,retry_24h,True
TXN102014,7070.01,fraud_false_positive,fraud_false_positive,suggest_alt_payment_method,True,retry_24h,False
TXN102015,745.06,network_error,network_error,retry_immediate,False,retry_24h,False
TXN102016,149.97,bank_timeout,bank_timeout,retry_24h,False,retry_24h,True
TXN102017,4758.15,insufficient_funds,insufficient_funds,retry_72h,True,retry_24h,True
TXN102018,904.5,insufficient_funds,insufficient_funds,retry_72h,True,retry_24h,False
TXN102019,2735.39,insufficient_funds,insufficient_funds,retry_72h,False,retry_24h,False
TXN102020,2213.78,bank_timeout,bank_timeout,retry_2h,True,retry_24h,False
TXN102021,943.85,network_error,network_error,retry_immediate,True,retry_24h,True
TXN102022,2747.31,fraud_false_positive,fraud_false_positive,suggest_alt_payment_method,True,retry_24h,False
TXN102023,1408.24,bank_timeout,bank_timeout,retry_2h,True,retry_24h,True
TXN102024,2876.45,insufficient_funds,insufficient_funds,retry_72h,True,retry_24h,False
TXN102025,2990.43,fraud_false_positive,fraud_false_positive,suggest_alt_payment_method,False,retry_24h,True
TXN102026,155.43,insufficient_funds,insufficient_funds,retry_72h,False,retry_24h,False
TXN102027,2903.45,insufficient_funds,insufficient_funds,retry_72h,True,retry_24h,False
TXN102028,7113.34,insufficient_funds,insufficient_funds,retry_72h,True,retry_24h,False
TXN102029,2081.69,bank_timeout,bank_timeout,retry_2h,True,retry_24h,False
TXN102030,2883.01,insufficient_funds,insufficient_funds,retry_72h,True,retry_24h,False
TXN102031,1412.56,insufficient_funds,insufficient_funds,suggest_alt_payment_method,False,retry_24h,False
TXN102032,1059.18,bank_timeout,bank_timeout,retry_2h,True,retry_24h,False
TXN102033,2322.05,insufficient_funds,insufficient_funds,retry_72h,False,retry_24h,True
TXN102034,2875.84,fraud_false_positive,insufficient_funds,retry_72h,False,retry_24h,False
TXN102035,1278.88,bank_timeout,bank_timeout,retry_2h,True,retry_24h,False
TXN102036,2111.83,fraud_false_positive,fraud_false_positive,suggest_alt_payment_method,True,retry_24h,False
TXN102037,6902.01,insufficient_funds,insufficient_funds,retry_72h,False,retry_24h,False
TXN102038,3567.18,fraud_false_positive,fraud_false_positive,suggest_alt_payment_method,False,retry_24h,True
TXN102039,823.69,insufficient_funds,insufficient_funds,retry_72h,True,retry_24h,False
TXN102040,1704.53,network_error,network_error,retry_immediate,True,retry_24h,True
TXN102041,1857.95,network_error,network_error,retry_immediate,True,retry_24h,True
TXN102042,5488.13,insufficient_funds,insufficient_funds,retry_72h,False,retry_24h,False
TXN102043,4937.82,insufficient_funds,insufficient_funds,retry_72h,False,retry_24h,False
TXN102044,2181.53,insufficient_funds,insufficient_funds,retry_72h,False,retry_24h,False
TXN102045,6157.8,bank_timeout,bank_timeout,retry_24h,True,retry_24h,False
TXN102046,459.45,insufficient_funds,insufficient_funds,retry_72h,True,retry_24h,True
TXN102047,3302.11,insufficient_funds,insufficient_funds,retry_72h,False,retry_24h,False
TXN102048,847.93,bank_timeout,bank_timeout,retry_2h,True,retry_24h,False
TXN102049,504.5,network_error,network_error,retry_immediate,False,retry_24h,True
TXN102050,4903.88,insufficient_funds,insufficient_funds,retry_72h,True,retry_24h,True
TXN102051,856.11,insufficient_funds,insufficient_funds,retry_72h,False,retry_24h,False
TXN102052,631.54,network_error,network_error,retry_immediate,True,retry_24h,False
TXN102053,10355.31,insufficient_funds,insufficient_funds,suggest_alt_payment_method,False,retry_24h,False
TXN102054,2115.75,bank_timeout,bank_timeout,retry_2h,True,retry_24h,False
TXN102055,3623.26,network_error,network_error,retry_immediate,True,retry_24h,False
TXN102056,1991.06,insufficient_funds,insufficient_funds,retry_72h,False,retry_24h,False
TXN102057,4079.25,insufficient_funds,insufficient_funds,retry_72h,False,retry_24h,False
TXN102058,2530.8,insufficient_funds,insufficient_funds,retry_72h,False,retry_24h,False
TXN102059,6325.23,insufficient_funds,insufficient_funds,retry_72h,False,retry_24h,True
TXN102060,4957.53,insufficient_funds,insufficient_funds,retry_72h,False,retry_24h,False
TXN102061,3513.46,fraud_false_positive,fraud_false_positive,suggest_alt_payment_method,True,retry_24h,False
TXN102062,6343.94,network_error,bank_timeout,retry_2h,False,retry_24h,False
TXN102063,6062.55,insufficient_funds,insufficient_funds,retry_72h,False,retry_24h,False
TXN102064,1684.99,network_error,network_error,retry_immediate,False,retry_24h,False
TXN102065,659.39,insufficient_funds,insufficient_funds,retry_72h,True,retry_24h,True
TXN102066,3402.06,insufficient_funds,insufficient_funds,retry_72h,True,retry_24h,False
TXN102067,3028.79,network_error,bank_timeout,retry_2h,True,retry_24h,True
TXN102068,5175.37,insufficient_funds,insufficient_funds,suggest_alt_payment_method,True,retry_24h,False
TXN102069,1187.66,insufficient_funds,insufficient_funds,retry_72h,False,retry_24h,True
TXN102070,2896.03,network_error,bank_timeout,retry_2h,True,retry_24h,False
TXN102071,962.06,bank_timeout,network_error,retry_immediate,True,retry_24h,False
TXN102072,6459.69,insufficient_funds,insufficient_funds,retry_72h,True,retry_24h,False
TXN102073,1498.82,fraud_false_positive,fraud_false_positive,suggest_alt_payment_method,True,retry_24h,False
TXN102074,953.74,network_error,network_error,retry_immediate,False,retry_24h,True
TXN102075,2251.64,fraud_false_positive,fraud_false_positive,suggest_alt_payment_method,True,retry_24h,False
TXN102076,562.58,network_error,network_error,retry_immediate,False,retry_24h,True
TXN102077,314.61,network_error,network_error,retry_immediate,True,retry_24h,False
TXN102078,2730.83,insufficient_funds,insufficient_funds,retry_72h,False,retry_24h,False
TXN102079,1948.03,bank_timeout,bank_timeout,retry_2h,True,retry_24h,True
TXN102080,1607.85,insufficient_funds,insufficient_funds,retry_72h,True,retry_24h,False
TXN102081,7414.12,insufficient_funds,insufficient_funds,retry_72h,False,retry_24h,False
TXN102082,199.5,bank_timeout,network_error,retry_immediate,True,retry_24h,True
TXN102083,4563.0,insufficient_funds,insufficient_funds,retry_72h,False,retry_24h,False
TXN102084,3582.83,network_error,network_error,retry_immediate,False,retry_24h,False
TXN102085,1798.75,bank_timeout,bank_timeout,suggest_alt_payment_method,False,retry_24h,False
TXN102086,2981.67,bank_timeout,bank_timeout,retry_2h,True,retry_24h,False
TXN102087,2860.33,insufficient_funds,insufficient_funds,retry_72h,False,retry_24h,True
TXN102088,872.4,network_error,network_error,retry_immediate,False,retry_24h,True
TXN102089,3611.53,insufficient_funds,insufficient_funds,retry_72h,False,retry_24h,False
TXN102090,874.31,network_error,network_error,retry_immediate,True,retry_24h,False
TXN102091,867.42,bank_timeout,bank_timeout,retry_2h,False,retry_24h,True
TXN102092,3194.53,network_error,network_error,retry_immediate,True,retry_24h,False
TXN102093,7572.28,insufficient_funds,insufficient_funds,retry_72h,False,retry_24h,False
TXN102094,4717.1,insufficient_funds,insufficient_funds,retry_72h,True,retry_24h,False
TXN102095,874.39,fraud_false_positive,fraud_false_positive,suggest_alt_payment_method,False,retry_24h,False
TXN102096,4739.21,insufficient_funds,insufficient_funds,retry_72h,False,retry_24h,False
TXN102097,1718.25,fraud_false_positive,fraud_false_positive,suggest_alt_payment_method,True,retry_24h,False
TXN102098,4128.71,fraud_false_positive,fraud_false_positive,suggest_alt_payment_method,False,retry_24h,False
TXN102099,1653.16,bank_timeout,bank_timeout,retry_24h,True,retry_24h,True
TXN102100,2307.55,insufficient_funds,insufficient_funds,retry_72h,False,retry_24h,False
TXN102101,1801.58,network_error,network_error,retry_immediate,False,retry_24h,False
TXN102102,1313.31,network_error,network_error,retry_immediate,True,retry_24h,True
TXN102103,1208.88,network_error,network_error,retry_immediate,True,retry_24h,True
TXN102104,886.48,insufficient_funds,insufficient_funds,retry_72h,False,retry_24h,False
TXN102105,1848.78,insufficient_funds,insufficient_funds,retry_72h,False,retry_24h,True
TXN102106,1041.05,bank_timeout,bank_timeout,retry_2h,False,retry_24h,False
TXN102107,775.99,network_error,bank_timeout,retry_2h,True,retry_24h,True
TXN102108,2260.75,fraud_false_positive,fraud_false_positive,suggest_alt_payment_method,False,retry_24h,False
TXN102109,1338.61,insufficient_funds,insufficient_funds,retry_72h,True,retry_24h,False
TXN102110,609.88,insufficient_funds,insufficient_funds,retry_72h,False,retry_24h,False
TXN102111,4843.05,insufficient_funds,insufficient_funds,suggest_alt_payment_method,True,retry_24h,False
TXN102112,3068.07,insufficient_funds,insufficient_funds,suggest_alt_payment_method,True,retry_24h,False
TXN102113,1184.92,insufficient_funds,insufficient_funds,retry_72h,False,retry_24h,False
TXN102114,1487.15,insufficient_funds,insufficient_funds,retry_72h,False,retry_24h,False
TXN102115,1648.53,bank_timeout,bank_timeout,retry_2h,True,retry_24h,True
TXN102116,2222.44,network_error,network_error,retry_immediate,True,retry_24h,False
TXN102117,4815.08,fraud_false_positive,fraud_false_positive,suggest_alt_payment_method,False,retry_24h,False
TXN102118,1782.38,fraud_false_positive,fraud_false_positive,suggest_alt_payment_method,True,retry_24h,False
TXN102119,2963.56,bank_timeout,bank_timeout,retry_2h,True,retry_24h,False
TXN102120,252.37,bank_timeout,bank_timeout,retry_2h,True,retry_24h,False
TXN102121,1004.79,bank_timeout,bank_timeout,retry_2h,True,retry_24h,True
TXN102122,1626.56,insufficient_funds,insufficient_funds,retry_72h,False,retry_24h,True
TXN102123,2264.17,bank_timeout,bank_timeout,retry_2h,True,retry_24h,True
TXN102124,20.01,network_error,network_error,retry_immediate,True,retry_24h,False
TXN102125,5808.65,insufficient_funds,insufficient_funds,suggest_alt_payment_method,False,retry_24h,False
TXN102126,3761.44,insufficient_funds,insufficient_funds,retry_72h,False,retry_24h,True
TXN102127,2546.42,bank_timeout,bank_timeout,retry_2h,False,retry_24h,True
TXN102128,1103.45,network_error,network_error,retry_immediate,False,retry_24h,False
TXN102129,13958.69,fraud_false_positive,fraud_false_positive,suggest_alt_payment_method,False,retry_24h,True
TXN102130,3003.79,network_error,network_error,retry_immediate,False,retry_24h,False
TXN102131,2527.29,insufficient_funds,insufficient_funds,retry_72h,False,retry_24h,False
TXN102132,888.01,insufficient_funds,insufficient_funds,retry_72h,False,retry_24h,True
TXN102133,1882.86,insufficient_funds,insufficient_funds,retry_72h,False,retry_24h,True
TXN102134,6004.2,fraud_false_positive,fraud_false_positive,suggest_alt_payment_method,True,retry_24h,False
TXN102135,577.81,fraud_false_positive,fraud_false_positive,suggest_alt_payment_method,False,retry_24h,False
TXN102136,2712.95,insufficient_funds,insufficient_funds,retry_72h,False,retry_24h,False
TXN102137,3472.22,fraud_false_positive,fraud_false_positive,suggest_alt_payment_method,False,retry_24h,True
TXN102138,961.65,network_error,network_error,retry_immediate,False,retry_24h,False
TXN102139,3543.55,fraud_false_positive,fraud_false_positive,suggest_alt_payment_method,False,retry_24h,False
TXN102140,3052.57,insufficient_funds,insufficient_funds,retry_72h,True,retry_24h,False
TXN102141,2094.95,bank_timeout,bank_timeout,retry_2h,True,retry_24h,False
TXN102142,1658.97,insufficient_funds,insufficient_funds,retry_72h,False,retry_24h,False
TXN102143,955.57,bank_timeout,bank_timeout,retry_2h,False,retry_24h,True
TXN102144,820.08,insufficient_funds,insufficient_funds,retry_72h,True,retry_24h,False
TXN102145,1685.43,network_error,network_error,retry_immediate,False,retry_24h,False
TXN102146,933.19,network_error,network_error,retry_24h,False,retry_24h,True
TXN102147,1055.07,insufficient_funds,insufficient_funds,retry_72h,True,retry_24h,False
TXN102148,276.3,bank_timeout,bank_timeout,retry_24h,False,retry_24h,True
TXN102149,241.94,network_error,network_error,retry_immediate,False,retry_24h,False
TXN102150,398.18,insufficient_funds,insufficient_funds,retry_72h,False,retry_24h,False
TXN102151,3015.05,network_error,network_error,retry_immediate,True,retry_24h,True
TXN102152,3185.63,insufficient_funds,insufficient_funds,retry_72h,True,retry_24h,False
TXN102153,3348.5,fraud_false_positive,fraud_false_positive,suggest_alt_payment_method,True,retry_24h,False
TXN102154,3195.79,insufficient_funds,insufficient_funds,retry_72h,False,retry_24h,False
TXN102155,136.73,insufficient_funds,insufficient_funds,retry_72h,False,retry_24h,False
TXN102156,9543.76,fraud_false_positive,fraud_false_positive,suggest_alt_payment_method,False,retry_24h,False
TXN102157,6222.77,insufficient_funds,insufficient_funds,retry_72h,True,retry_24h,False
TXN102158,1771.61,network_error,network_error,retry_immediate,False,retry_24h,False
TXN102159,3126.84,insufficient_funds,insufficient_funds,retry_72h,True,retry_24h,False
TXN102160,2078.16,insufficient_funds,insufficient_funds,retry_72h,True,retry_24h,False
TXN102161,1411.05,insufficient_funds,insufficient_funds,retry_72h,False,retry_24h,False
TXN102162,4026.35,insufficient_funds,insufficient_funds,retry_72h,False,retry_24h,False
TXN102163,1648.44,bank_timeout,bank_timeout,retry_2h,False,retry_24h,False
TXN102164,2326.0,insufficient_funds,insufficient_funds,retry_72h,False,retry_24h,False
TXN102165,3183.69,fraud_false_positive,fraud_false_positive,suggest_alt_payment_method,True,retry_24h,False
TXN102166,1549.03,bank_timeout,bank_timeout,retry_2h,True,retry_24h,True
TXN102167,955.23,bank_timeout,bank_timeout,retry_2h,False,retry_24h,False
TXN102168,5726.5,fraud_false_positive,fraud_false_positive,suggest_alt_payment_method,True,retry_24h,True
TXN102169,4020.75,bank_timeout,bank_timeout,retry_2h,True,retry_24h,False
TXN102170,3961.68,bank_timeout,bank_timeout,retry_24h,False,retry_24h,True
TXN102171,9442.59,fraud_false_positive,fraud_false_positive,suggest_alt_payment_method,True,retry_24h,False
TXN102172,1262.08,bank_timeout,bank_timeout,retry_24h,False,retry_24h,True
TXN102173,7313.1,insufficient_funds,insufficient_funds,suggest_alt_payment_method,True,retry_24h,False
TXN102174,3228.19,bank_timeout,bank_timeout,retry_2h,True,retry_24h,False
TXN102175,497.19,network_error,network_error,retry_immediate,True,retry_24h,True
TXN102176,1197.73,bank_timeout,bank_timeout,retry_24h,False,retry_24h,False
TXN102177,741.6,bank_timeout,bank_timeout,retry_2h,True,retry_24h,False
TXN102178,2297.79,bank_timeout,bank_timeout,retry_2h,True,retry_24h,True
TXN102179,628.71,insufficient_funds,insufficient_funds,retry_72h,False,retry_24h,False
TXN102180,2870.69,network_error,network_error,suggest_alt_payment_method,False,retry_24h,True
TXN102181,2497.03,insufficient_funds,insufficient_funds,retry_72h,True,retry_24h,True
TXN102182,3989.99,insufficient_funds,insufficient_funds,retry_72h,True,retry_24h,True
TXN102183,372.26,bank_timeout,bank_timeout,retry_2h,True,retry_24h,True
TXN102184,4567.87,bank_timeout,bank_timeout,retry_24h,False,retry_24h,False
TXN102185,2850.71,bank_timeout,bank_timeout,retry_2h,True,retry_24h,True
TXN102186,7486.96,fraud_false_positive,fraud_false_positive,suggest_alt_payment_method,False,retry_24h,False
TXN102187,1516.29,insufficient_funds,insufficient_funds,retry_72h,False,retry_24h,False
TXN102188,704.24,network_error,network_error,retry_immediate,True,retry_24h,True
TXN102189,630.96,network_error,network_error,retry_immediate,True,retry_24h,False
TXN102190,439.07,insufficient_funds,insufficient_funds,retry_72h,False,retry_24h,True
TXN102191,784.3,network_error,network_error,retry_immediate,False,retry_24h,False
TXN102192,1480.71,bank_timeout,bank_timeout,retry_2h,True,retry_24h,True
TXN102193,22802.02,fraud_false_positive,fraud_false_positive,suggest_alt_payment_method,True,retry_24h,False
TXN102194,3540.03,network_error,network_error,retry_immediate,True,retry_24h,False
TXN102195,141.46,bank_timeout,bank_timeout,retry_2h,False,retry_24h,True
TXN102196,3497.27,fraud_false_positive,fraud_false_positive,suggest_alt_payment_method,False,retry_24h,False
TXN102197,2580.74,insufficient_funds,insufficient_funds,retry_72h,True,retry_24h,False
TXN102198,2825.55,insufficient_funds,insufficient_funds,suggest_alt_payment_method,False,retry_24h,False
TXN102199,10029.2,insufficient_funds,insufficient_funds,suggest_alt_payment_method,False,retry_24h,True
TXN102200,3557.26,insufficient_funds,insufficient_funds,retry_72h,True,retry_24h,False
TXN102201,73.67,insufficient_funds,insufficient_funds,retry_72h,False,retry_24h,True
TXN102202,1311.55,network_error,network_error,retry_immediate,True,retry_24h,False
TXN102203,2149.85,insufficient_funds,insufficient_funds,retry_72h,False,retry_24h,False
TXN102204,6712.57,insufficient_funds,insufficient_funds,retry_72h,False,retry_24h,True
TXN102205,2151.88,network_error,network_error,retry_immediate,True,retry_24h,False
TXN102206,1926.94,insufficient_funds,insufficient_funds,suggest_alt_payment_method,False,retry_24h,True
TXN102207,13181.61,insufficient_funds,insufficient_funds,retry_72h,False,retry_24h,False
TXN102208,4090.2,insufficient_funds,insufficient_funds,retry_72h,False,retry_24h,True
TXN102209,10382.18,insufficient_funds,insufficient_funds,retry_72h,False,retry_24h,True
TXN102210,2419.93,insufficient_funds,insufficient_funds,retry_72h,True,retry_24h,True
TXN102211,4591.3,fraud_false_positive,fraud_false_positive,suggest_alt_payment_method,True,retry_24h,False
TXN102212,1762.48,bank_timeout,bank_timeout,retry_2h,False,retry_24h,False
TXN102213,1384.35,network_error,network_error,retry_immediate,True,retry_24h,True
TXN102214,5273.15,insufficient_funds,insufficient_funds,retry_72h,True,retry_24h,False
TXN102215,1990.58,bank_timeout,bank_timeout,retry_2h,False,retry_24h,False
TXN102216,1693.33,insufficient_funds,insufficient_funds,retry_72h,True,retry_24h,False
TXN102217,2749.07,network_error,network_error,retry_immediate,True,retry_24h,True
TXN102218,1637.71,bank_timeout,bank_timeout,retry_2h,True,retry_24h,False
TXN102219,3227.82,network_error,network_error,retry_immediate,False,retry_24h,True
TXN102220,1014.49,network_error,network_error,retry_immediate,True,retry_24h,False
TXN102221,1079.03,network_error,network_error,retry_immediate,True,retry_24h,False
TXN102222,4934.24,insufficient_funds,insufficient_funds,retry_72h,False,retry_24h,False
TXN102223,1273.34,insufficient_funds,insufficient_funds,retry_72h,True,retry_24h,False
TXN102224,6992.75,insufficient_funds,insufficient_funds,retry_72h,True,retry_24h,True
TXN102225,7037.13,insufficient_funds,insufficient_funds,retry_72h,True,retry_24h,True
TXN102226,3853.53,bank_timeout,bank_timeout,retry_2h,False,retry_24h,True
TXN102227,7415.45,fraud_false_positive,fraud_false_positive,suggest_alt_payment_method,True,retry_24h,False
TXN102228,519.66,bank_timeout,bank_timeout,retry_2h,False,retry_24h,False
TXN102229,10397.75,insufficient_funds,insufficient_funds,retry_72h,False,retry_24h,False
TXN102230,2276.97,insufficient_funds,insufficient_funds,retry_72h,True,retry_24h,False
TXN102231,1092.38,network_error,network_error,retry_immediate,True,retry_24h,True
TXN102232,4724.22,fraud_false_positive,fraud_false_positive,suggest_alt_payment_method,True,retry_24h,False
TXN102233,3485.95,insufficient_funds,insufficient_funds,retry_72h,False,retry_24h,False
TXN102234,6997.62,insufficient_funds,insufficient_funds,retry_72h,False,retry_24h,False
TXN102235,3731.51,insufficient_funds,insufficient_funds,retry_72h,True,retry_24h,True
TXN102236,602.94,bank_timeout,bank_timeout,retry_2h,False,retry_24h,False
TXN102237,2812.6,fraud_false_positive,fraud_false_positive,suggest_alt_payment_method,False,retry_24h,False
TXN102238,2426.57,insufficient_funds,insufficient_funds,retry_72h,False,retry_24h,False
TXN102239,2709.14,network_error,network_error,retry_immediate,True,retry_24h,False
TXN102240,1412.38,bank_timeout,bank_timeout,suggest_alt_payment_method,False,retry_24h,False
TXN102241,2197.03,network_error,network_error,retry_immediate,False,retry_24h,False
TXN102242,4586.03,insufficient_funds,insufficient_funds,retry_72h,True,retry_24h,True
TXN102243,15955.55,fraud_false_positive,fraud_false_positive,suggest_alt_payment_method,False,retry_24h,True
TXN102244,2667.19,bank_timeout,bank_timeout,retry_2h,True,retry_24h,False
TXN102245,2409.47,fraud_false_positive,fraud_false_positive,suggest_alt_payment_method,True,retry_24h,False
TXN102246,196.35,network_error,network_error,retry_immediate,True,retry_24h,False
TXN102247,248.59,bank_timeout,bank_timeout,retry_2h,False,retry_24h,True
TXN102248,582.84,insufficient_funds,insufficient_funds,retry_72h,True,retry_24h,False
TXN102249,613.35,insufficient_funds,insufficient_funds,retry_72h,False,retry_24h,False
TXN102250,7451.75,insufficient_funds,insufficient_funds,suggest_alt_payment_method,False,retry_24h,False
TXN102251,85.65,network_error,network_error,retry_immediate,True,retry_24h,True
TXN102252,1576.31,network_error,network_error,retry_immediate,False,retry_24h,False
TXN102253,1094.63,network_error,network_error,retry_24h,False,retry_24h,False
TXN102254,2903.77,bank_timeout,bank_timeout,retry_2h,False,retry_24h,True
TXN102255,1438.86,bank_timeout,bank_timeout,retry_2h,True,retry_24h,True
TXN102256,2012.01,fraud_false_positive,fraud_false_positive,suggest_alt_payment_method,False,retry_24h,True
TXN102257,608.39,bank_timeout,bank_timeout,retry_24h,True,retry_24h,True
TXN102258,4682.08,fraud_false_positive,fraud_false_positive,suggest_alt_payment_method,False,retry_24h,False
TXN102259,1478.78,insufficient_funds,insufficient_funds,retry_72h,True,retry_24h,False
TXN102260,4478.95,insufficient_funds,insufficient_funds,retry_72h,False,retry_24h,True
TXN102261,602.82,network_error,network_error,retry_immediate,True,retry_24h,False
TXN102262,1646.73,bank_timeout,bank_timeout,retry_2h,False,retry_24h,False
TXN102263,3919.48,insufficient_funds,insufficient_funds,suggest_alt_payment_method,False,retry_24h,True
TXN102264,1183.78,insufficient_funds,insufficient_funds,retry_72h,True,retry_24h,False
TXN102265,713.0,network_error,bank_timeout,retry_2h,True,retry_24h,False
TXN102266,1587.8,bank_timeout,bank_timeout,retry_2h,False,retry_24h,True
TXN102267,426.24,network_error,network_error,retry_immediate,True,retry_24h,True
TXN102268,3069.08,network_error,bank_timeout,retry_2h,True,retry_24h,True
TXN102269,2154.18,bank_timeout,bank_timeout,retry_2h,False,retry_24h,False
TXN102270,188.25,fraud_false_positive,fraud_false_positive,suggest_alt_payment_method,True,retry_24h,True
TXN102271,4591.03,insufficient_funds,insufficient_funds,retry_72h,False,retry_24h,False
TXN102272,4379.17,insufficient_funds,insufficient_funds,retry_72h,False,retry_24h,False
TXN102273,1068.38,bank_timeout,bank_timeout,retry_2h,True,retry_24h,False
TXN102274,13844.6,fraud_false_positive,fraud_false_positive,suggest_alt_payment_method,True,retry_24h,True
TXN102275,5537.51,fraud_false_positive,fraud_false_positive,suggest_alt_payment_method,True,retry_24h,False
TXN102276,4424.07,insufficient_funds,insufficient_funds,retry_72h,False,retry_24h,True
TXN102277,3338.19,insufficient_funds,insufficient_funds,retry_72h,True,retry_24h,True
TXN102278,1157.94,bank_timeout,bank_timeout,retry_2h,False,retry_24h,True
TXN102279,3674.71,network_error,network_error,retry_immediate,True,retry_24h,True
TXN102280,976.53,insufficient_funds,insufficient_funds,retry_72h,False,retry_24h,False
TXN102281,11637.02,fraud_false_positive,fraud_false_positive,suggest_alt_payment_method,True,retry_24h,False
TXN102282,1070.64,bank_timeout,bank_timeout,retry_2h,True,retry_24h,False
TXN102283,4275.02,fraud_false_positive,fraud_false_positive,suggest_alt_payment_method,False,retry_24h,False
TXN102284,609.17,network_error,bank_timeout,retry_2h,True,retry_24h,True
TXN102285,1461.12,insufficient_funds,insufficient_funds,retry_72h,False,retry_24h,False
TXN102286,2059.96,bank_timeout,bank_timeout,retry_2h,True,retry_24h,True
TXN102287,1698.7,insufficient_funds,insufficient_funds,retry_72h,False,retry_24h,False
TXN102288,2224.23,insufficient_funds,insufficient_funds,retry_72h,True,retry_24h,False
TXN102289,2707.71,fraud_false_positive,fraud_false_positive,suggest_alt_payment_method,True,retry_24h,False
TXN102290,1764.57,network_error,bank_timeout,retry_2h,True,retry_24h,True
TXN102291,4883.36,insufficient_funds,insufficient_funds,retry_72h,False,retry_24h,False
TXN102292,434.91,insufficient_funds,insufficient_funds,retry_72h,True,retry_24h,False
TXN102293,5501.61,insufficient_funds,insufficient_funds,retry_72h,False,retry_24h,False
TXN102294,1067.07,insufficient_funds,insufficient_funds,suggest_alt_payment_method,False,retry_24h,False
TXN102295,1308.14,bank_timeout,network_error,retry_immediate,False,retry_24h,False
TXN102296,853.73,insufficient_funds,insufficient_funds,retry_72h,True,retry_24h,False
TXN102297,4364.04,bank_timeout,bank_timeout,retry_2h,False,retry_24h,False
TXN102298,185.04,insufficient_funds,insufficient_funds,retry_72h,False,retry_24h,False
TXN102299,4195.82,insufficient_funds,insufficient_funds,retry_72h,True,retry_24h,False
TXN102300,1461.19,network_error,network_error,retry_immediate,True,retry_24h,True
TXN102301,6394.87,bank_timeout,bank_timeout,retry_2h,False,retry_24h,False
TXN102302,3756.21,fraud_false_positive,fraud_false_positive,suggest_alt_payment_method,True,retry_24h,False
TXN102303,2413.2,network_error,network_error,retry_24h,False,retry_24h,True
TXN102304,829.57,bank_timeout,bank_timeout,retry_2h,True,retry_24h,False
TXN102305,1287.84,network_error,bank_timeout,retry_2h,True,retry_24h,False
TXN102306,811.55,insufficient_funds,insufficient_funds,retry_72h,False,retry_24h,False
TXN102307,50.94,insufficient_funds,insufficient_funds,retry_72h,True,retry_24h,False
TXN102308,3000.15,network_error,network_error,retry_immediate,True,retry_24h,False
TXN102309,4186.6,bank_timeout,bank_timeout,retry_2h,True,retry_24h,True
TXN102310,10712.66,insufficient_funds,insufficient_funds,retry_72h,False,retry_24h,True
TXN102311,2407.38,insufficient_funds,insufficient_funds,retry_72h,False,retry_24h,False
TXN102312,6971.96,insufficient_funds,insufficient_funds,retry_72h,True,retry_24h,False
TXN102313,1360.82,network_error,network_error,retry_immediate,True,retry_24h,False
TXN102314,1154.97,insufficient_funds,insufficient_funds,retry_72h,False,retry_24h,False
TXN102315,531.14,insufficient_funds,insufficient_funds,suggest_alt_payment_method,True,retry_24h,False
TXN102316,867.07,network_error,network_error,retry_immediate,False,retry_24h,False
TXN102317,3145.81,insufficient_funds,insufficient_funds,retry_72h,True,retry_24h,True
TXN102318,1786.07,network_error,network_error,retry_immediate,True,retry_24h,False
TXN102319,5681.86,insufficient_funds,insufficient_funds,retry_72h,True,retry_24h,True
TXN102320,2739.88,bank_timeout,bank_timeout,retry_2h,True,retry_24h,True
TXN102321,1125.17,network_error,network_error,retry_immediate,True,retry_24h,True
TXN102322,2804.82,insufficient_funds,insufficient_funds,retry_72h,False,retry_24h,False
TXN102323,3401.97,insufficient_funds,insufficient_funds,suggest_alt_payment_method,False,retry_24h,False
TXN102324,3563.86,network_error,network_error,retry_immediate,False,retry_24h,False
TXN102325,2051.88,insufficient_funds,insufficient_funds,suggest_alt_payment_method,False,retry_24h,False
TXN102326,6813.06,fraud_false_positive,fraud_false_positive,suggest_alt_payment_method,True,retry_24h,False
TXN102327,1433.22,network_error,network_error,retry_immediate,False,retry_24h,True
TXN102328,2543.29,insufficient_funds,insufficient_funds,retry_72h,True,retry_24h,True
TXN102329,271.53,network_error,network_error,retry_24h,False,retry_24h,True
TXN102330,1159.64,network_error,network_error,retry_immediate,True,retry_24h,False
TXN102331,1965.03,bank_timeout,bank_timeout,retry_2h,True,retry_24h,True
TXN102332,2905.13,insufficient_funds,insufficient_funds,retry_72h,False,retry_24h,False
TXN102333,3197.49,insufficient_funds,insufficient_funds,retry_72h,True,retry_24h,False
TXN102334,3147.79,fraud_false_positive,fraud_false_positive,suggest_alt_payment_method,False,retry_24h,False
TXN102335,2329.19,network_error,network_error,retry_immediate,True,retry_24h,True
TXN102336,12704.69,insufficient_funds,insufficient_funds,suggest_alt_payment_method,True,retry_24h,False
TXN102337,1409.51,network_error,network_error,retry_immediate,False,retry_24h,False
TXN102338,1032.73,network_error,bank_timeout,retry_2h,True,retry_24h,False
TXN102339,3461.7,insufficient_funds,insufficient_funds,retry_72h,True,retry_24h,True
TXN102340,13703.98,insufficient_funds,insufficient_funds,retry_72h,True,retry_24h,False
TXN102341,1718.39,insufficient_funds,insufficient_funds,retry_72h,False,retry_24h,True
TXN102342,1513.66,bank_timeout,bank_timeout,retry_2h,False,retry_24h,True
TXN102343,5499.39,fraud_false_positive,fraud_false_positive,suggest_alt_payment_method,True,retry_24h,False
TXN102344,2482.44,insufficient_funds,insufficient_funds,suggest_alt_payment_method,False,retry_24h,False
TXN102345,2440.17,insufficient_funds,insufficient_funds,retry_72h,False,retry_24h,False
TXN102346,2120.73,insufficient_funds,insufficient_funds,retry_72h,True,retry_24h,False
TXN102347,2783.7,insufficient_funds,insufficient_funds,retry_72h,False,retry_24h,False
TXN102348,1981.22,network_error,network_error,retry_immediate,True,retry_24h,False
TXN102349,6243.44,fraud_false_positive,fraud_false_positive,suggest_alt_payment_method,False,retry_24h,False
TXN102350,1060.2,fraud_false_positive,fraud_false_positive,suggest_alt_payment_method,False,retry_24h,False
TXN102351,1569.04,insufficient_funds,insufficient_funds,retry_72h,False,retry_24h,False
TXN102352,4561.87,insufficient_funds,insufficient_funds,retry_72h,False,retry_24h,False
TXN102353,3578.77,bank_timeout,bank_timeout,retry_2h,False,retry_24h,False
TXN102354,2397.21,insufficient_funds,insufficient_funds,retry_72h,True,retry_24h,False
TXN102355,3739.2,bank_timeout,bank_timeout,retry_2h,True,retry_24h,True
TXN102356,12183.44,insufficient_funds,insufficient_funds,retry_72h,True,retry_24h,True
TXN102357,2861.72,insufficient_funds,insufficient_funds,retry_72h,False,retry_24h,False
TXN102358,5021.62,fraud_false_positive,fraud_false_positive,suggest_alt_payment_method,False,retry_24h,True
TXN102359,1923.75,bank_timeout,bank_timeout,retry_2h,True,retry_24h,True
TXN102360,1003.32,network_error,network_error,retry_immediate,True,retry_24h,False
TXN102361,883.98,network_error,network_error,retry_immediate,True,retry_24h,False
TXN102362,1730.47,bank_timeout,bank_timeout,retry_2h,True,retry_24h,True
TXN102363,1761.18,fraud_false_positive,fraud_false_positive,suggest_alt_payment_method,True,retry_24h,False
TXN102364,2621.11,bank_timeout,bank_timeout,retry_2h,False,retry_24h,False
TXN102365,4503.8,insufficient_funds,insufficient_funds,retry_72h,True,retry_24h,False
TXN102366,2478.84,fraud_false_positive,fraud_false_positive,suggest_alt_payment_method,True,retry_24h,True
TXN102367,68.27,network_error,network_error,retry_immediate,True,retry_24h,False
TXN102368,2026.1,fraud_false_positive,fraud_false_positive,suggest_alt_payment_method,False,retry_24h,False
TXN102369,5815.77,fraud_false_positive,fraud_false_positive,suggest_alt_payment_method,True,retry_24h,False
TXN102370,2526.02,fraud_false_positive,fraud_false_positive,suggest_alt_payment_method,True,retry_24h,False
TXN102371,2423.42,network_error,network_error,retry_immediate,False,retry_24h,True
TXN102372,1817.64,bank_timeout,bank_timeout,retry_2h,True,retry_24h,True
TXN102373,4057.58,insufficient_funds,insufficient_funds,retry_72h,True,retry_24h,False
TXN102374,4694.83,insufficient_funds,insufficient_funds,retry_72h,False,retry_24h,False
TXN102375,679.74,network_error,network_error,retry_immediate,True,retry_24h,False
TXN102376,3170.43,fraud_false_positive,fraud_false_positive,suggest_alt_payment_method,False,retry_24h,False
TXN102377,360.31,bank_timeout,bank_timeout,retry_2h,True,retry_24h,False
TXN102378,476.78,network_error,bank_timeout,retry_2h,False,retry_24h,False
TXN102379,1497.89,network_error,network_error,retry_immediate,True,retry_24h,False
TXN102380,361.66,network_error,network_error,retry_immediate,True,retry_24h,True
TXN102381,4166.81,insufficient_funds,insufficient_funds,retry_72h,False,retry_24h,False
TXN102382,5211.38,insufficient_funds,insufficient_funds,retry_72h,False,retry_24h,False
TXN102383,186.0,network_error,network_error,retry_24h,True,retry_24h,False
TXN102384,1368.36,bank_timeout,bank_timeout,retry_2h,True,retry_24h,False
TXN102385,1135.37,bank_timeout,network_error,retry_immediate,False,retry_24h,True
TXN102386,2945.42,insufficient_funds,insufficient_funds,retry_72h,True,retry_24h,False
TXN102387,1502.2,bank_timeout,bank_timeout,retry_2h,True,retry_24h,True
TXN102388,2375.25,fraud_false_positive,fraud_false_positive,suggest_alt_payment_method,True,retry_24h,False
TXN102389,3789.2,bank_timeout,bank_timeout,retry_2h,True,retry_24h,True
TXN102390,2311.15,fraud_false_positive,fraud_false_positive,suggest_alt_payment_method,False,retry_24h,False
TXN102391,426.7,bank_timeout,bank_timeout,retry_2h,True,retry_24h,False
TXN102392,6840.06,bank_timeout,bank_timeout,retry_2h,True,retry_24h,False
TXN102393,1377.69,network_error,bank_timeout,retry_2h,True,retry_24h,False
TXN102394,2635.24,insufficient_funds,insufficient_funds,suggest_alt_payment_method,False,retry_24h,False
TXN102395,699.24,bank_timeout,bank_timeout,retry_2h,False,retry_24h,True
TXN102396,617.92,network_error,network_error,retry_immediate,False,retry_24h,False
TXN102397,3474.48,insufficient_funds,insufficient_funds,retry_72h,True,retry_24h,False
TXN102398,866.9,bank_timeout,bank_timeout,retry_2h,False,retry_24h,True
TXN102399,5551.54,bank_timeout,bank_timeout,retry_2h,True,retry_24h,False
TXN102400,522.05,insufficient_funds,insufficient_funds,retry_72h,False,retry_24h,False
TXN102401,3403.75,insufficient_funds,insufficient_funds,retry_72h,False,retry_24h,False
TXN102402,714.67,bank_timeout,bank_timeout,retry_2h,False,retry_24h,True
TXN102403,853.66,network_error,network_error,retry_immediate,True,retry_24h,True
TXN102404,2479.98,insufficient_funds,insufficient_funds,retry_72h,True,retry_24h,True
TXN102405,7584.46,insufficient_funds,insufficient_funds,retry_72h,True,retry_24h,False
TXN102406,1760.45,fraud_false_positive,fraud_false_positive,suggest_alt_payment_method,False,retry_24h,False
TXN102407,2959.98,insufficient_funds,insufficient_funds,retry_72h,False,retry_24h,True
TXN102408,2194.47,bank_timeout,bank_timeout,retry_2h,True,retry_24h,True
TXN102409,1047.26,insufficient_funds,insufficient_funds,retry_72h,True,retry_24h,False
TXN102410,11456.53,fraud_false_positive,fraud_false_positive,suggest_alt_payment_method,True,retry_24h,True
TXN102411,2597.63,insufficient_funds,insufficient_funds,retry_72h,False,retry_24h,True
TXN102412,1696.03,insufficient_funds,insufficient_funds,retry_72h,False,retry_24h,False
TXN102413,287.25,insufficient_funds,insufficient_funds,suggest_alt_payment_method,False,retry_24h,False
TXN102414,3254.89,insufficient_funds,insufficient_funds,retry_72h,True,retry_24h,False
TXN102415,1857.27,insufficient_funds,insufficient_funds,retry_72h,False,retry_24h,False
TXN102416,1072.95,insufficient_funds,insufficient_funds,retry_72h,False,retry_24h,True
TXN102417,7292.02,insufficient_funds,insufficient_funds,retry_72h,False,retry_24h,False
TXN102418,2689.29,fraud_false_positive,fraud_false_positive,suggest_alt_payment_method,True,retry_24h,False
TXN102419,1836.76,insufficient_funds,insufficient_funds,retry_72h,True,retry_24h,False
TXN102420,3681.65,bank_timeout,bank_timeout,retry_24h,True,retry_24h,True
TXN102421,5322.49,insufficient_funds,insufficient_funds,retry_72h,False,retry_24h,True
TXN102422,2994.64,fraud_false_positive,fraud_false_positive,suggest_alt_payment_method,False,retry_24h,False
TXN102423,5115.74,insufficient_funds,insufficient_funds,retry_72h,True,retry_24h,False
TXN102424,1682.33,bank_timeout,bank_timeout,retry_2h,False,retry_24h,False
TXN102425,2863.6,bank_timeout,bank_timeout,retry_2h,False,retry_24h,False
TXN102426,1054.43,insufficient_funds,insufficient_funds,retry_72h,False,retry_24h,False
TXN102427,286.36,network_error,network_error,retry_immediate,True,retry_24h,True
TXN102428,521.94,insufficient_funds,insufficient_funds,retry_72h,False,retry_24h,False
TXN102429,528.65,bank_timeout,bank_timeout,retry_2h,True,retry_24h,False
TXN102430,1048.03,bank_timeout,bank_timeout,retry_2h,True,retry_24h,False
TXN102431,5976.44,fraud_false_positive,fraud_false_positive,suggest_alt_payment_method,False,retry_24h,True
TXN102432,1109.58,network_error,network_error,retry_immediate,True,retry_24h,False
TXN102433,2179.68,network_error,network_error,retry_immediate,True,retry_24h,True
TXN102434,4111.17,network_error,network_error,retry_immediate,False,retry_24h,False
TXN102435,1579.71,fraud_false_positive,fraud_false_positive,suggest_alt_payment_method,True,retry_24h,False
TXN102436,3342.53,bank_timeout,bank_timeout,retry_24h,False,retry_24h,False
TXN102437,3983.75,insufficient_funds,insufficient_funds,retry_72h,False,retry_24h,False
TXN102438,2618.23,insufficient_funds,insufficient_funds,retry_72h,False,retry_24h,True
TXN102439,3511.57,insufficient_funds,insufficient_funds,retry_72h,True,retry_24h,True
TXN102440,3030.2,insufficient_funds,insufficient_funds,retry_72h,True,retry_24h,True
TXN102441,2550.79,network_error,network_error,retry_immediate,True,retry_24h,False
TXN102442,1613.2,bank_timeout,bank_timeout,retry_2h,False,retry_24h,True
TXN102443,762.73,fraud_false_positive,fraud_false_positive,suggest_alt_payment_method,True,retry_24h,False
TXN102444,5292.74,fraud_false_positive,fraud_false_positive,suggest_alt_payment_method,False,retry_24h,False
TXN102445,973.93,insufficient_funds,insufficient_funds,retry_72h,False,retry_24h,False
TXN102446,831.94,insufficient_funds,insufficient_funds,retry_72h,True,retry_24h,False
TXN102447,2857.71,insufficient_funds,insufficient_funds,retry_72h,True,retry_24h,False
TXN102448,1806.17,insufficient_funds,insufficient_funds,suggest_alt_payment_method,False,retry_24h,False
TXN102449,3228.63,insufficient_funds,insufficient_funds,retry_72h,False,retry_24h,False
TXN102450,4940.16,fraud_false_positive,fraud_false_positive,suggest_alt_payment_method,False,retry_24h,False
TXN102451,2147.39,network_error,network_error,retry_immediate,True,retry_24h,False
TXN102452,3495.69,bank_timeout,bank_timeout,retry_2h,False,retry_24h,True
TXN102453,3601.67,network_error,network_error,retry_immediate,True,retry_24h,True
TXN102454,2655.85,insufficient_funds,insufficient_funds,retry_72h,False,retry_24h,False
TXN102455,9817.46,insufficient_funds,insufficient_funds,retry_72h,False,retry_24h,False
TXN102456,4434.8,fraud_false_positive,fraud_false_positive,suggest_alt_payment_method,True,retry_24h,True
TXN102457,2700.93,insufficient_funds,insufficient_funds,retry_72h,True,retry_24h,False
TXN102458,2988.01,insufficient_funds,insufficient_funds,retry_72h,True,retry_24h,True
TXN102459,866.06,bank_timeout,bank_timeout,retry_2h,False,retry_24h,False
TXN102460,3847.38,insufficient_funds,insufficient_funds,retry_72h,True,retry_24h,False
TXN102461,990.97,bank_timeout,bank_timeout,retry_2h,True,retry_24h,True
TXN102462,6482.84,bank_timeout,bank_timeout,retry_2h,True,retry_24h,False
TXN102463,1633.59,network_error,network_error,retry_immediate,True,retry_24h,True
TXN102464,3978.46,insufficient_funds,insufficient_funds,retry_72h,False,retry_24h,False
TXN102465,1583.01,insufficient_funds,insufficient_funds,retry_72h,False,retry_24h,False
TXN102466,1572.69,insufficient_funds,insufficient_funds,retry_72h,False,retry_24h,True
TXN102467,399.71,fraud_false_positive,fraud_false_positive,suggest_alt_payment_method,True,retry_24h,False
TXN102468,2178.46,bank_timeout,bank_timeout,retry_2h,False,retry_24h,False
TXN102469,559.89,fraud_false_positive,fraud_false_positive,suggest_alt_payment_method,False,retry_24h,False
TXN102470,2369.83,insufficient_funds,insufficient_funds,retry_72h,False,retry_24h,False
TXN102471,1028.63,insufficient_funds,insufficient_funds,retry_72h,False,retry_24h,False
TXN102472,1572.61,fraud_false_positive,fraud_false_positive,suggest_alt_payment_method,True,retry_24h,True
TXN102473,601.63,insufficient_funds,insufficient_funds,retry_72h,False,retry_24h,False
TXN102474,1880.95,insufficient_funds,insufficient_funds,retry_72h,True,retry_24h,False
TXN102475,2506.48,bank_timeout,bank_timeout,retry_2h,True,retry_24h,False
TXN102476,1431.04,network_error,network_error,retry_immediate,False,retry_24h,False
TXN102477,2179.1,network_error,network_error,retry_immediate,True,retry_24h,False
TXN102478,852.52,insufficient_funds,insufficient_funds,suggest_alt_payment_method,False,retry_24h,False
TXN102479,2812.02,network_error,network_error,retry_immediate,True,retry_24h,True
TXN102480,4764.2,insufficient_funds,insufficient_funds,retry_72h,False,retry_24h,False
TXN102481,1685.77,network_error,network_error,retry_immediate,True,retry_24h,False
TXN102482,3895.98,bank_timeout,bank_timeout,retry_2h,False,retry_24h,False
TXN102483,3638.44,bank_timeout,bank_timeout,retry_2h,True,retry_24h,False
TXN102484,513.71,network_error,network_error,retry_immediate,False,retry_24h,False
TXN102485,1672.58,insufficient_funds,insufficient_funds,retry_72h,True,retry_24h,False
TXN102486,1681.06,network_error,network_error,retry_immediate,True,retry_24h,False
TXN102487,552.15,network_error,bank_timeout,retry_2h,True,retry_24h,True
TXN102488,8783.58,insufficient_funds,insufficient_funds,retry_72h,False,retry_24h,False
TXN102489,3267.96,bank_timeout,bank_timeout,retry_2h,True,retry_24h,True
TXN102490,2598.08,insufficient_funds,insufficient_funds,retry_72h,True,retry_24h,False
TXN102491,2743.86,network_error,network_error,retry_immediate,True,retry_24h,False
TXN102492,2111.36,fraud_false_positive,fraud_false_positive,suggest_alt_payment_method,False,retry_24h,False
TXN102493,3711.22,bank_timeout,bank_timeout,retry_2h,True,retry_24h,False
TXN102494,7273.23,insufficient_funds,insufficient_funds,retry_72h,True,retry_24h,False
TXN102495,1655.29,bank_timeout,bank_timeout,retry_2h,True,retry_24h,False
TXN102496,894.21,network_error,network_error,retry_immediate,True,retry_24h,False
TXN102497,4754.77,bank_timeout,bank_timeout,retry_2h,True,retry_24h,False
TXN102498,3788.12,insufficient_funds,insufficient_funds,retry_72h,True,retry_24h,True
TXN102499,3064.35,insufficient_funds,insufficient_funds,retry_72h,False,retry_24h,False
TXN102500,2283.82,insufficient_funds,insufficient_funds,retry_72h,False,retry_24h,True
TXN102501,374.8,network_error,network_error,retry_immediate,True,retry_24h,False
TXN102502,4135.69,insufficient_funds,insufficient_funds,retry_72h,True,retry_24h,True
TXN102503,3548.66,network_error,network_error,retry_immediate,True,retry_24h,True
TXN102504,3800.6,bank_timeout,bank_timeout,retry_2h,False,retry_24h,False
TXN102505,6950.1,insufficient_funds,insufficient_funds,retry_72h,True,retry_24h,False
TXN102506,5093.8,insufficient_funds,insufficient_funds,retry_72h,True,retry_24h,True
TXN102507,1984.12,bank_timeout,bank_timeout,retry_2h,False,retry_24h,True
TXN102508,1418.04,network_error,network_error,retry_immediate,True,retry_24h,False
TXN102509,1321.76,insufficient_funds,insufficient_funds,retry_72h,True,retry_24h,False
TXN102510,2053.43,fraud_false_positive,fraud_false_positive,suggest_alt_payment_method,True,retry_24h,False
TXN102511,1703.65,bank_timeout,bank_timeout,retry_2h,False,retry_24h,False
TXN102512,5412.62,insufficient_funds,insufficient_funds,retry_72h,False,retry_24h,True
TXN102513,1708.83,network_error,network_error,suggest_alt_payment_method,False,retry_24h,False
TXN102514,2415.88,insufficient_funds,insufficient_funds,retry_72h,False,retry_24h,False
TXN102515,507.04,insufficient_funds,insufficient_funds,retry_72h,False,retry_24h,False
TXN102516,1455.96,fraud_false_positive,fraud_false_positive,suggest_alt_payment_method,True,retry_24h,False
TXN102517,1363.22,bank_timeout,bank_timeout,retry_2h,False,retry_24h,True
TXN102518,1369.65,insufficient_funds,insufficient_funds,retry_72h,True,retry_24h,False
TXN102519,1746.06,insufficient_funds,insufficient_funds,retry_72h,True,retry_24h,False
TXN102520,1463.47,insufficient_funds,insufficient_funds,retry_72h,False,retry_24h,False
TXN102521,741.58,insufficient_funds,insufficient_funds,retry_72h,False,retry_24h,False
TXN102522,3686.03,insufficient_funds,insufficient_funds,retry_72h,True,retry_24h,False
TXN102523,3002.08,insufficient_funds,insufficient_funds,retry_72h,False,retry_24h,False
TXN102524,3213.24,network_error,network_error,retry_24h,False,retry_24h,True
TXN102525,585.48,network_error,network_error,retry_immediate,True,retry_24h,False
TXN102526,2219.58,bank_timeout,bank_timeout,retry_2h,False,retry_24h,True
TXN102527,1181.07,bank_timeout,bank_timeout,retry_2h,False,retry_24h,False
TXN102528,2410.7,network_error,network_error,retry_immediate,False,retry_24h,False
TXN102529,1683.56,bank_timeout,bank_timeout,retry_2h,True,retry_24h,False
TXN102530,2988.19,insufficient_funds,insufficient_funds,retry_72h,True,retry_24h,True
TXN102531,1428.18,network_error,network_error,retry_immediate,False,retry_24h,False
TXN102532,1220.76,insufficient_funds,insufficient_funds,retry_72h,False,retry_24h,False
TXN102533,288.67,bank_timeout,bank_timeout,retry_2h,True,retry_24h,True
TXN102534,1585.81,bank_timeout,bank_timeout,retry_2h,False,retry_24h,False
TXN102535,5158.42,fraud_false_positive,fraud_false_positive,suggest_alt_payment_method,True,retry_24h,False
TXN102536,4666.74,fraud_false_positive,fraud_false_positive,suggest_alt_payment_method,True,retry_24h,False
TXN102537,4448.6,network_error,network_error,retry_immediate,True,retry_24h,False
TXN102538,3103.34,insufficient_funds,insufficient_funds,suggest_alt_payment_method,False,retry_24h,True
TXN102539,7323.84,fraud_false_positive,fraud_false_positive,suggest_alt_payment_method,True,retry_24h,False
TXN102540,4589.82,network_error,bank_timeout,retry_2h,False,retry_24h,False
TXN102541,605.37,bank_timeout,bank_timeout,retry_2h,True,retry_24h,False
TXN102542,2663.18,bank_timeout,bank_timeout,retry_2h,True,retry_24h,False
TXN102543,2034.63,insufficient_funds,insufficient_funds,retry_72h,False,retry_24h,True
TXN102544,5819.9,insufficient_funds,insufficient_funds,retry_72h,False,retry_24h,False
TXN102545,2621.37,insufficient_funds,insufficient_funds,retry_72h,True,retry_24h,False
TXN102546,4294.28,insufficient_funds,insufficient_funds,retry_72h,True,retry_24h,False
TXN102547,1267.76,insufficient_funds,insufficient_funds,retry_72h,False,retry_24h,False
TXN102548,2014.55,fraud_false_positive,fraud_false_positive,suggest_alt_payment_method,False,retry_24h,False
TXN102549,5144.16,insufficient_funds,insufficient_funds,retry_72h,False,retry_24h,False
TXN102550,4621.79,insufficient_funds,insufficient_funds,retry_72h,False,retry_24h,False
TXN102551,4344.72,network_error,network_error,retry_immediate,False,retry_24h,False
TXN102552,1876.56,network_error,network_error,retry_immediate,False,retry_24h,False
TXN102553,2326.12,network_error,network_error,retry_24h,True,retry_24h,False
TXN102554,1632.22,network_error,network_error,retry_immediate,True,retry_24h,True
TXN102555,5806.14,insufficient_funds,insufficient_funds,retry_72h,True,retry_24h,False
TXN102556,252.97,bank_timeout,bank_timeout,retry_2h,True,retry_24h,False
TXN102557,1628.2,bank_timeout,bank_timeout,retry_2h,True,retry_24h,False
TXN102558,1913.55,fraud_false_positive,fraud_false_positive,suggest_alt_payment_method,False,retry_24h,False
TXN102559,9768.34,fraud_false_positive,fraud_false_positive,suggest_alt_payment_method,False,retry_24h,False
TXN102560,3866.97,fraud_false_positive,fraud_false_positive,suggest_alt_payment_method,True,retry_24h,False
TXN102561,2612.18,network_error,bank_timeout,retry_2h,False,retry_24h,False
TXN102562,3692.3,fraud_false_positive,fraud_false_positive,suggest_alt_payment_method,False,retry_24h,False
TXN102563,3858.31,fraud_false_positive,fraud_false_positive,suggest_alt_payment_method,True,retry_24h,False
TXN102564,1588.08,network_error,network_error,retry_immediate,False,retry_24h,False
TXN102565,2156.9,insufficient_funds,insufficient_funds,retry_72h,False,retry_24h,True
TXN102566,422.68,bank_timeout,bank_timeout,retry_2h,True,retry_24h,False
TXN102567,650.71,network_error,network_error,retry_immediate,True,retry_24h,False
TXN102568,1408.84,insufficient_funds,insufficient_funds,retry_72h,False,retry_24h,True
TXN102569,951.01,insufficient_funds,insufficient_funds,retry_72h,False,retry_24h,False
TXN102570,2174.01,network_error,network_error,retry_immediate,False,retry_24h,True
TXN102571,1975.03,network_error,network_error,retry_immediate,True,retry_24h,False
TXN102572,1487.48,insufficient_funds,insufficient_funds,retry_72h,False,retry_24h,False
TXN102573,3055.94,fraud_false_positive,fraud_false_positive,suggest_alt_payment_method,False,retry_24h,False
TXN102574,1487.05,network_error,network_error,retry_immediate,False,retry_24h,False
TXN102575,2418.93,insufficient_funds,insufficient_funds,retry_72h,True,retry_24h,True
TXN102576,6400.32,insufficient_funds,insufficient_funds,retry_72h,False,retry_24h,True
TXN102577,3066.42,insufficient_funds,insufficient_funds,retry_72h,True,retry_24h,False
TXN102578,1882.42,insufficient_funds,insufficient_funds,retry_72h,False,retry_24h,False
TXN102579,5920.32,insufficient_funds,insufficient_funds,retry_72h,False,retry_24h,False
TXN102580,10261.57,fraud_false_positive,fraud_false_positive,suggest_alt_payment_method,True,retry_24h,False
TXN102581,14345.15,fraud_false_positive,fraud_false_positive,suggest_alt_payment_method,True,retry_24h,False
TXN102582,3847.7,insufficient_funds,insufficient_funds,retry_72h,False,retry_24h,True
TXN102583,2522.98,bank_timeout,network_error,retry_immediate,True,retry_24h,False
TXN102584,6219.12,insufficient_funds,insufficient_funds,retry_72h,True,retry_24h,True
TXN102585,626.96,network_error,network_error,retry_immediate,True,retry_24h,False
TXN102586,1280.76,fraud_false_positive,fraud_false_positive,suggest_alt_payment_method,True,retry_24h,False
TXN102587,514.86,insufficient_funds,insufficient_funds,retry_72h,True,retry_24h,True
TXN102588,2107.59,insufficient_funds,insufficient_funds,retry_72h,True,retry_24h,False
TXN102589,2283.13,bank_timeout,bank_timeout,retry_24h,False,retry_24h,True
TXN102590,1043.5,insufficient_funds,insufficient_funds,retry_72h,False,retry_24h,False
TXN102591,2832.03,bank_timeout,bank_timeout,retry_2h,True,retry_24h,False
TXN102592,1411.37,bank_timeout,bank_timeout,retry_24h,True,retry_24h,True
TXN102593,2580.98,insufficient_funds,insufficient_funds,retry_72h,True,retry_24h,False
TXN102594,3852.23,insufficient_funds,insufficient_funds,retry_72h,False,retry_24h,False
TXN102595,3793.67,insufficient_funds,insufficient_funds,retry_72h,False,retry_24h,False
TXN102596,7557.11,fraud_false_positive,fraud_false_positive,suggest_alt_payment_method,True,retry_24h,False
TXN102597,2506.28,insufficient_funds,insufficient_funds,retry_72h,True,retry_24h,False
TXN102598,2800.08,fraud_false_positive,fraud_false_positive,suggest_alt_payment_method,True,retry_24h,False
TXN102599,1882.95,bank_timeout,bank_timeout,retry_2h,True,retry_24h,False
TXN102600,1253.84,network_error,network_error,retry_immediate,True,retry_24h,False
TXN102601,191.58,network_error,network_error,retry_immediate,False,retry_24h,False
TXN102602,407.89,network_error,network_error,retry_immediate,True,retry_24h,True
TXN102603,324.98,network_error,network_error,retry_immediate,True,retry_24h,False
TXN102604,3432.38,insufficient_funds,insufficient_funds,retry_72h,False,retry_24h,False
TXN102605,3484.05,insufficient_funds,insufficient_funds,retry_72h,False,retry_24h,False
TXN102606,2847.22,network_error,network_error,retry_immediate,False,retry_24h,False
TXN102607,1666.12,bank_timeout,bank_timeout,retry_2h,True,retry_24h,False
TXN102608,2185.44,fraud_false_positive,insufficient_funds,retry_72h,False,retry_24h,False
TXN102609,6764.82,fraud_false_positive,fraud_false_positive,suggest_alt_payment_method,True,retry_24h,False
TXN102610,3714.57,insufficient_funds,insufficient_funds,retry_72h,False,retry_24h,False
TXN102611,324.21,network_error,network_error,retry_immediate,False,retry_24h,True
TXN102612,3362.17,network_error,network_error,retry_immediate,False,retry_24h,False
TXN102613,11348.68,insufficient_funds,insufficient_funds,retry_72h,False,retry_24h,False
TXN102614,2749.37,fraud_false_positive,fraud_false_positive,suggest_alt_payment_method,True,retry_24h,False
TXN102615,1568.16,bank_timeout,bank_timeout,retry_2h,False,retry_24h,True
TXN102616,502.22,bank_timeout,bank_timeout,retry_2h,True,retry_24h,True
TXN102617,1210.92,bank_timeout,bank_timeout,retry_2h,True,retry_24h,False
TXN102618,887.1,insufficient_funds,insufficient_funds,retry_72h,False,retry_24h,False
TXN102619,3644.12,fraud_false_positive,fraud_false_positive,suggest_alt_payment_method,True,retry_24h,False
TXN102620,1400.93,bank_timeout,bank_timeout,retry_24h,True,retry_24h,True
TXN102621,9663.71,fraud_false_positive,fraud_false_positive,suggest_alt_payment_method,False,retry_24h,False
TXN102622,6762.83,insufficient_funds,insufficient_funds,retry_72h,True,retry_24h,False
TXN102623,857.7,network_error,network_error,retry_immediate,True,retry_24h,False
TXN102624,2058.06,insufficient_funds,insufficient_funds,retry_72h,True,retry_24h,False
TXN102625,4568.75,insufficient_funds,insufficient_funds,retry_72h,False,retry_24h,False
TXN102626,4251.26,fraud_false_positive,fraud_false_positive,suggest_alt_payment_method,False,retry_24h,False
TXN102627,2003.37,bank_timeout,bank_timeout,retry_2h,False,retry_24h,False
TXN102628,11433.67,fraud_false_positive,fraud_false_positive,suggest_alt_payment_method,True,retry_24h,False
TXN102629,1643.21,network_error,network_error,retry_immediate,True,retry_24h,True
TXN102630,1471.15,network_error,network_error,retry_immediate,True,retry_24h,False
TXN102631,5234.38,fraud_false_positive,fraud_false_positive,suggest_alt_payment_method,True,retry_24h,False
TXN102632,5683.35,insufficient_funds,insufficient_funds,suggest_alt_payment_method,True,retry_24h,False
TXN102633,7711.99,fraud_false_positive,fraud_false_positive,suggest_alt_payment_method,True,retry_24h,False
TXN102634,3358.91,network_error,network_error,retry_immediate,True,retry_24h,False
TXN102635,2991.07,insufficient_funds,insufficient_funds,retry_72h,True,retry_24h,False
TXN102636,1674.07,network_error,network_error,retry_immediate,True,retry_24h,True
TXN102637,532.79,network_error,network_error,retry_immediate,False,retry_24h,False
TXN102638,2207.09,insufficient_funds,insufficient_funds,retry_72h,True,retry_24h,False
TXN102639,7047.5,bank_timeout,bank_timeout,retry_24h,True,retry_24h,False
TXN102640,229.25,network_error,network_error,retry_immediate,True,retry_24h,False
TXN102641,1455.38,insufficient_funds,insufficient_funds,retry_72h,False,retry_24h,False
TXN102642,4190.19,insufficient_funds,insufficient_funds,suggest_alt_payment_method,False,retry_24h,False
TXN102643,2480.95,insufficient_funds,insufficient_funds,retry_72h,True,retry_24h,True
TXN102644,903.74,network_error,network_error,retry_immediate,True,retry_24h,True
TXN102645,3058.74,insufficient_funds,insufficient_funds,retry_72h,True,retry_24h,False
TXN102646,6091.92,insufficient_funds,insufficient_funds,retry_72h,False,retry_24h,True
TXN102647,4095.51,bank_timeout,bank_timeout,retry_2h,True,retry_24h,True
TXN102648,932.41,network_error,network_error,retry_immediate,True,retry_24h,False
TXN102649,963.03,network_error,network_error,retry_immediate,True,retry_24h,False
TXN102650,6388.82,insufficient_funds,insufficient_funds,retry_72h,False,retry_24h,False
TXN102651,12718.41,fraud_false_positive,fraud_false_positive,suggest_alt_payment_method,True,retry_24h,False
TXN102652,8131.56,fraud_false_positive,fraud_false_positive,suggest_alt_payment_method,True,retry_24h,False
TXN102653,1655.72,insufficient_funds,insufficient_funds,suggest_alt_payment_method,False,retry_24h,False
TXN102654,2375.1,network_error,network_error,retry_24h,True,retry_24h,True
TXN102655,876.92,bank_timeout,bank_timeout,retry_2h,True,retry_24h,True
TXN102656,2109.42,network_error,network_error,retry_immediate,False,retry_24h,False
TXN102657,215.03,bank_timeout,bank_timeout,retry_2h,True,retry_24h,False
TXN102658,1544.02,insufficient_funds,insufficient_funds,retry_72h,False,retry_24h,False
TXN102659,642.59,network_error,network_error,retry_immediate,False,retry_24h,True
TXN102660,7541.98,insufficient_funds,insufficient_funds,retry_72h,True,retry_24h,False
TXN102661,6533.81,insufficient_funds,insufficient_funds,retry_72h,True,retry_24h,True
TXN102662,408.4,insufficient_funds,insufficient_funds,retry_72h,True,retry_24h,False
TXN102663,3968.33,insufficient_funds,insufficient_funds,retry_72h,False,retry_24h,False
TXN102664,6226.96,bank_timeout,bank_timeout,retry_2h,False,retry_24h,True
TXN102665,273.64,network_error,network_error,retry_immediate,True,retry_24h,False
TXN102666,4995.95,fraud_false_positive,fraud_false_positive,suggest_alt_payment_method,True,retry_24h,False
TXN102667,974.38,bank_timeout,bank_timeout,retry_2h,False,retry_24h,True
TXN102668,2562.76,insufficient_funds,insufficient_funds,retry_72h,False,retry_24h,False
TXN102669,11091.6,fraud_false_positive,fraud_false_positive,suggest_alt_payment_method,False,retry_24h,True
TXN102670,1096.36,network_error,network_error,retry_immediate,False,retry_24h,False
TXN102671,2491.69,insufficient_funds,insufficient_funds,retry_72h,False,retry_24h,True
TXN102672,2088.24,insufficient_funds,insufficient_funds,retry_72h,True,retry_24h,False
TXN102673,1093.1,insufficient_funds,insufficient_funds,suggest_alt_payment_method,False,retry_24h,True
TXN102674,5002.66,insufficient_funds,insufficient_funds,retry_72h,True,retry_24h,False
TXN102675,801.92,insufficient_funds,insufficient_funds,retry_72h,False,retry_24h,False
TXN102676,1554.9,bank_timeout,bank_timeout,retry_2h,True,retry_24h,True
TXN102677,6472.19,fraud_false_positive,fraud_false_positive,suggest_alt_payment_method,False,retry_24h,False
TXN102678,3198.53,bank_timeout,bank_timeout,retry_2h,True,retry_24h,False
TXN102679,5623.44,insufficient_funds,insufficient_funds,retry_72h,False,retry_24h,False
TXN102680,926.83,bank_timeout,bank_timeout,retry_2h,True,retry_24h,True
TXN102681,1707.01,insufficient_funds,insufficient_funds,retry_72h,True,retry_24h,False
TXN102682,2542.05,bank_timeout,bank_timeout,retry_2h,False,retry_24h,True
TXN102683,4560.4,network_error,network_error,retry_immediate,True,retry_24h,False
TXN102684,2380.47,insufficient_funds,insufficient_funds,retry_72h,True,retry_24h,True
TXN102685,1221.78,bank_timeout,bank_timeout,retry_2h,False,retry_24h,False
TXN102686,2934.37,network_error,network_error,retry_immediate,False,retry_24h,False
TXN102687,6127.58,insufficient_funds,insufficient_funds,retry_72h,True,retry_24h,False
TXN102688,1681.13,network_error,network_error,retry_immediate,True,retry_24h,True
TXN102689,3294.88,insufficient_funds,insufficient_funds,retry_72h,True,retry_24h,False
TXN102690,909.97,bank_timeout,bank_timeout,retry_2h,False,retry_24h,True
TXN102691,1974.06,bank_timeout,bank_timeout,retry_2h,True,retry_24h,True
TXN102692,1997.81,network_error,network_error,retry_immediate,True,retry_24h,True
TXN102693,3948.41,fraud_false_positive,fraud_false_positive,suggest_alt_payment_method,False,retry_24h,False
TXN102694,5210.18,network_error,network_error,retry_immediate,True,retry_24h,True
TXN102695,4983.0,insufficient_funds,insufficient_funds,suggest_alt_payment_method,False,retry_24h,True
TXN102696,2649.14,bank_timeout,bank_timeout,retry_2h,True,retry_24h,True
TXN102697,1972.87,insufficient_funds,insufficient_funds,retry_72h,False,retry_24h,True
TXN102698,7126.54,fraud_false_positive,fraud_false_positive,suggest_alt_payment_method,False,retry_24h,True
TXN102699,1906.35,bank_timeout,bank_timeout,suggest_alt_payment_method,True,retry_24h,False
TXN102700,1134.24,insufficient_funds,insufficient_funds,retry_72h,False,retry_24h,False
TXN102701,1442.8,bank_timeout,network_error,retry_immediate,False,retry_24h,False
TXN102702,1387.7,fraud_false_positive,fraud_false_positive,suggest_alt_payment_method,True,retry_24h,True
TXN102703,2329.76,network_error,network_error,retry_immediate,True,retry_24h,False
TXN102704,873.07,network_error,bank_timeout,retry_2h,True,retry_24h,True
TXN102705,3829.66,fraud_false_positive,fraud_false_positive,suggest_alt_payment_method,False,retry_24h,False
TXN102706,4795.14,insufficient_funds,insufficient_funds,retry_72h,True,retry_24h,False
TXN102707,897.28,bank_timeout,bank_timeout,retry_2h,False,retry_24h,True
TXN102708,7771.64,insufficient_funds,insufficient_funds,retry_72h,False,retry_24h,False
TXN102709,2951.11,insufficient_funds,insufficient_funds,retry_72h,True,retry_24h,False
TXN102710,2460.81,network_error,network_error,retry_immediate,True,retry_24h,True
TXN102711,1550.57,bank_timeout,bank_timeout,retry_2h,False,retry_24h,False
TXN102712,1763.11,network_error,network_error,retry_immediate,False,retry_24h,False
TXN102713,1162.32,insufficient_funds,insufficient_funds,retry_72h,True,retry_24h,True
TXN102714,3292.16,insufficient_funds,insufficient_funds,retry_72h,False,retry_24h,False
TXN102715,3292.76,insufficient_funds,insufficient_funds,retry_72h,True,retry_24h,False
TXN102716,6295.21,fraud_false_positive,fraud_false_positive,suggest_alt_payment_method,False,retry_24h,False
TXN102717,325.0,network_error,network_error,retry_immediate,True,retry_24h,True
TXN102718,1734.3,network_error,network_error,retry_immediate,False,retry_24h,False
TXN102719,1395.01,network_error,network_error,retry_immediate,True,retry_24h,True
TXN102720,5205.47,insufficient_funds,insufficient_funds,retry_72h,False,retry_24h,False
TXN102721,2173.45,insufficient_funds,insufficient_funds,retry_72h,True,retry_24h,True
TXN102722,3411.22,bank_timeout,bank_timeout,retry_2h,False,retry_24h,False
TXN102723,3904.78,bank_timeout,bank_timeout,retry_2h,True,retry_24h,False
TXN102724,1308.38,insufficient_funds,insufficient_funds,suggest_alt_payment_method,False,retry_24h,False
TXN102725,2747.11,bank_timeout,bank_timeout,retry_24h,False,retry_24h,True
TXN102726,3140.09,network_error,network_error,retry_immediate,True,retry_24h,True
TXN102727,2176.57,insufficient_funds,insufficient_funds,retry_72h,False,retry_24h,True
TXN102728,3365.09,insufficient_funds,insufficient_funds,retry_72h,False,retry_24h,False
TXN102729,1471.38,network_error,network_error,retry_immediate,True,retry_24h,False
TXN102730,1865.2,bank_timeout,bank_timeout,retry_2h,False,retry_24h,False
TXN102731,6146.87,insufficient_funds,insufficient_funds,suggest_alt_payment_method,False,retry_24h,False
TXN102732,2724.24,network_error,network_error,retry_immediate,True,retry_24h,False
TXN102733,4253.07,insufficient_funds,insufficient_funds,retry_72h,False,retry_24h,False
TXN102734,616.57,bank_timeout,bank_timeout,retry_2h,False,retry_24h,False
TXN102735,2845.02,network_error,network_error,retry_immediate,True,retry_24h,False
TXN102736,1460.09,insufficient_funds,insufficient_funds,retry_72h,True,retry_24h,False
TXN102737,1075.15,insufficient_funds,insufficient_funds,retry_72h,True,retry_24h,True
TXN102738,1931.7,insufficient_funds,insufficient_funds,retry_72h,False,retry_24h,False
TXN102739,1848.85,bank_timeout,bank_timeout,retry_2h,False,retry_24h,True
TXN102740,1402.42,bank_timeout,bank_timeout,retry_2h,False,retry_24h,True
TXN102741,10261.46,insufficient_funds,insufficient_funds,retry_72h,False,retry_24h,False
TXN102742,3895.62,insufficient_funds,insufficient_funds,retry_72h,True,retry_24h,True
TXN102743,1184.84,insufficient_funds,insufficient_funds,retry_72h,False,retry_24h,False
TXN102744,307.91,insufficient_funds,insufficient_funds,retry_72h,True,retry_24h,False
TXN102745,690.09,network_error,network_error,retry_immediate,True,retry_24h,True
TXN102746,1900.96,fraud_false_positive,fraud_false_positive,suggest_alt_payment_method,True,retry_24h,False
TXN102747,4376.95,fraud_false_positive,fraud_false_positive,suggest_alt_payment_method,False,retry_24h,True
TXN102748,1626.94,bank_timeout,bank_timeout,retry_2h,False,retry_24h,False
TXN102749,2445.17,bank_timeout,bank_timeout,suggest_alt_payment_method,True,retry_24h,False
TXN102750,3577.59,fraud_false_positive,fraud_false_positive,suggest_alt_payment_method,False,retry_24h,True
TXN102751,3548.0,fraud_false_positive,fraud_false_positive,suggest_alt_payment_method,True,retry_24h,True
TXN102752,969.32,network_error,network_error,retry_immediate,False,retry_24h,True
TXN102753,4821.74,network_error,network_error,retry_immediate,False,retry_24h,True
TXN102754,3682.16,insufficient_funds,insufficient_funds,retry_72h,False,retry_24h,False
TXN102755,4245.13,fraud_false_positive,fraud_false_positive,suggest_alt_payment_method,True,retry_24h,False
TXN102756,4258.78,insufficient_funds,insufficient_funds,retry_72h,False,retry_24h,False
TXN102757,4662.62,insufficient_funds,insufficient_funds,retry_72h,True,retry_24h,True
TXN102758,841.12,network_error,network_error,retry_immediate,True,retry_24h,False
TXN102759,5519.53,fraud_false_positive,fraud_false_positive,suggest_alt_payment_method,False,retry_24h,False
TXN102760,5589.97,insufficient_funds,insufficient_funds,retry_72h,False,retry_24h,False
TXN102761,981.17,network_error,network_error,retry_immediate,True,retry_24h,False
TXN102762,1001.36,bank_timeout,bank_timeout,suggest_alt_payment_method,False,retry_24h,False
TXN102763,4294.26,network_error,network_error,retry_immediate,True,retry_24h,False
TXN102764,1537.92,network_error,bank_timeout,retry_2h,True,retry_24h,False
TXN102765,2818.53,insufficient_funds,insufficient_funds,retry_72h,False,retry_24h,False
TXN102766,3249.08,network_error,network_error,retry_immediate,False,retry_24h,False
TXN102767,2014.83,insufficient_funds,insufficient_funds,retry_72h,True,retry_24h,False
TXN102768,798.6,network_error,network_error,retry_immediate,True,retry_24h,False
TXN102769,686.88,insufficient_funds,insufficient_funds,suggest_alt_payment_method,False,retry_24h,False
TXN102770,5123.82,insufficient_funds,insufficient_funds,retry_72h,True,retry_24h,True
TXN102771,2827.56,insufficient_funds,insufficient_funds,retry_72h,True,retry_24h,True
TXN102772,609.57,network_error,network_error,retry_immediate,True,retry_24h,False
TXN102773,3514.53,network_error,bank_timeout,retry_2h,True,retry_24h,True
TXN102774,1476.53,bank_timeout,bank_timeout,retry_24h,True,retry_24h,False
TXN102775,735.79,network_error,network_error,retry_immediate,True,retry_24h,False
TXN102776,1157.19,bank_timeout,bank_timeout,retry_2h,True,retry_24h,True
TXN102777,4568.88,insufficient_funds,insufficient_funds,retry_72h,True,retry_24h,False
TXN102778,2523.98,insufficient_funds,insufficient_funds,retry_72h,False,retry_24h,False
TXN102779,3281.68,insufficient_funds,insufficient_funds,retry_72h,True,retry_24h,True
TXN102780,903.73,network_error,network_error,retry_immediate,True,retry_24h,False
TXN102781,1885.39,bank_timeout,bank_timeout,retry_24h,False,retry_24h,True
TXN102782,9582.96,fraud_false_positive,fraud_false_positive,suggest_alt_payment_method,True,retry_24h,False
TXN102783,1139.08,bank_timeout,bank_timeout,retry_2h,True,retry_24h,False
TXN102784,1131.57,bank_timeout,bank_timeout,retry_2h,True,retry_24h,False
TXN102785,1988.21,insufficient_funds,insufficient_funds,retry_72h,False,retry_24h,False
TXN102786,3071.44,insufficient_funds,insufficient_funds,retry_72h,False,retry_24h,False
TXN102787,3534.22,insufficient_funds,insufficient_funds,retry_72h,False,retry_24h,False
TXN102788,796.5,network_error,bank_timeout,retry_2h,True,retry_24h,False
TXN102789,1805.29,network_error,network_error,retry_immediate,True,retry_24h,False
TXN102790,4778.95,insufficient_funds,insufficient_funds,retry_72h,False,retry_24h,False
TXN102791,4892.98,insufficient_funds,insufficient_funds,retry_72h,True,retry_24h,True
TXN102792,1765.4,network_error,network_error,retry_immediate,True,retry_24h,False
TXN102793,4758.76,bank_timeout,bank_timeout,retry_2h,False,retry_24h,False
TXN102794,2404.47,bank_timeout,bank_timeout,suggest_alt_payment_method,False,retry_24h,False
TXN102795,3219.54,bank_timeout,bank_timeout,retry_2h,False,retry_24h,True
TXN102796,2509.0,bank_timeout,bank_timeout,retry_2h,True,retry_24h,True
TXN102797,476.12,insufficient_funds,insufficient_funds,retry_72h,False,retry_24h,False
TXN102798,2440.84,bank_timeout,bank_timeout,retry_2h,True,retry_24h,True
TXN102799,3669.08,fraud_false_positive,fraud_false_positive,suggest_alt_payment_method,True,retry_24h,False
TXN102800,1432.41,fraud_false_positive,fraud_false_positive,suggest_alt_payment_method,False,retry_24h,False
TXN102801,1378.23,bank_timeout,bank_timeout,retry_2h,False,retry_24h,False
TXN102802,3943.03,network_error,network_error,retry_immediate,False,retry_24h,False
TXN102803,6234.62,fraud_false_positive,fraud_false_positive,suggest_alt_payment_method,True,retry_24h,False
TXN102804,1254.33,insufficient_funds,insufficient_funds,retry_72h,True,retry_24h,True
TXN102805,1046.2,insufficient_funds,insufficient_funds,retry_72h,False,retry_24h,False
TXN102806,8452.44,network_error,network_error,retry_immediate,True,retry_24h,False
TXN102807,3250.49,bank_timeout,bank_timeout,retry_2h,False,retry_24h,True
TXN102808,3298.33,bank_timeout,bank_timeout,retry_2h,True,retry_24h,False
TXN102809,10227.19,fraud_false_positive,fraud_false_positive,suggest_alt_payment_method,False,retry_24h,False
TXN102810,4010.95,insufficient_funds,insufficient_funds,suggest_alt_payment_method,True,retry_24h,False
TXN102811,592.29,insufficient_funds,insufficient_funds,retry_72h,False,retry_24h,False
TXN102812,1576.14,network_error,insufficient_funds,retry_72h,True,retry_24h,False
TXN102813,2030.73,bank_timeout,bank_timeout,retry_2h,False,retry_24h,False
TXN102814,1440.13,bank_timeout,bank_timeout,retry_2h,True,retry_24h,True
TXN102815,2364.62,network_error,network_error,retry_immediate,True,retry_24h,False
TXN102816,1100.12,bank_timeout,bank_timeout,retry_2h,False,retry_24h,True
TXN102817,2323.46,insufficient_funds,insufficient_funds,retry_72h,False,retry_24h,False
TXN102818,793.19,network_error,bank_timeout,retry_2h,True,retry_24h,True
TXN102819,926.12,network_error,network_error,retry_immediate,True,retry_24h,False
TXN102820,2803.17,insufficient_funds,insufficient_funds,retry_72h,True,retry_24h,False
TXN102821,2241.89,insufficient_funds,insufficient_funds,retry_72h,False,retry_24h,False
TXN102822,729.03,insufficient_funds,insufficient_funds,retry_72h,True,retry_24h,False
TXN102823,2238.93,network_error,network_error,retry_24h,False,retry_24h,False
TXN102824,1154.46,network_error,network_error,retry_24h,True,retry_24h,False
TXN102825,500.26,network_error,network_error,retry_immediate,False,retry_24h,False
TXN102826,4312.97,insufficient_funds,insufficient_funds,retry_72h,False,retry_24h,False
TXN102827,880.15,insufficient_funds,insufficient_funds,retry_72h,False,retry_24h,False
TXN102828,3330.17,bank_timeout,bank_timeout,retry_2h,True,retry_24h,False
TXN102829,3479.12,network_error,network_error,retry_immediate,False,retry_24h,False
TXN102830,2109.1,network_error,network_error,retry_immediate,True,retry_24h,True
TXN102831,9580.54,fraud_false_positive,fraud_false_positive,suggest_alt_payment_method,True,retry_24h,False
TXN102832,2198.23,bank_timeout,bank_timeout,retry_2h,True,retry_24h,False
TXN102833,5701.51,insufficient_funds,insufficient_funds,retry_72h,False,retry_24h,False
TXN102834,473.95,bank_timeout,bank_timeout,retry_2h,False,retry_24h,True
TXN102835,2153.68,insufficient_funds,insufficient_funds,retry_72h,False,retry_24h,False
TXN102836,1074.56,network_error,network_error,retry_immediate,True,retry_24h,False
TXN102837,7844.27,fraud_false_positive,fraud_false_positive,suggest_alt_payment_method,False,retry_24h,False
TXN102838,2088.51,bank_timeout,bank_timeout,retry_2h,True,retry_24h,False
TXN102839,1071.92,network_error,network_error,retry_immediate,True,retry_24h,False
TXN102840,9761.39,insufficient_funds,insufficient_funds,retry_72h,True,retry_24h,True
TXN102841,2724.26,network_error,network_error,retry_immediate,True,retry_24h,False
TXN102842,8403.83,fraud_false_positive,fraud_false_positive,suggest_alt_payment_method,True,retry_24h,False
TXN102843,2305.21,insufficient_funds,insufficient_funds,retry_72h,False,retry_24h,False
TXN102844,2411.55,network_error,network_error,retry_immediate,True,retry_24h,True
TXN102845,2389.85,bank_timeout,bank_timeout,retry_2h,True,retry_24h,False
TXN102846,2863.65,fraud_false_positive,fraud_false_positive,suggest_alt_payment_method,True,retry_24h,False
TXN102847,2065.6,network_error,network_error,retry_immediate,True,retry_24h,True
TXN102848,3049.66,network_error,network_error,retry_immediate,True,retry_24h,False
TXN102849,3377.18,insufficient_funds,insufficient_funds,retry_72h,True,retry_24h,False
TXN102850,3230.97,network_error,network_error,retry_24h,False,retry_24h,False
TXN102851,1484.46,insufficient_funds,insufficient_funds,retry_72h,False,retry_24h,False
TXN102852,2244.46,insufficient_funds,insufficient_funds,retry_72h,False,retry_24h,True
TXN102853,4049.45,fraud_false_positive,fraud_false_positive,suggest_alt_payment_method,True,retry_24h,False
TXN102854,1691.55,bank_timeout,bank_timeout,retry_2h,False,retry_24h,False
TXN102855,1504.3,insufficient_funds,insufficient_funds,retry_72h,True,retry_24h,False
TXN102856,3785.13,bank_timeout,bank_timeout,retry_24h,True,retry_24h,False
TXN102857,2082.89,insufficient_funds,insufficient_funds,retry_72h,True,retry_24h,False
TXN102858,3885.88,insufficient_funds,insufficient_funds,retry_72h,False,retry_24h,False
TXN102859,8934.62,insufficient_funds,insufficient_funds,retry_72h,False,retry_24h,False
TXN102860,1346.07,insufficient_funds,insufficient_funds,retry_72h,True,retry_24h,False
TXN102861,4207.16,insufficient_funds,insufficient_funds,retry_72h,False,retry_24h,False
TXN102862,7969.29,insufficient_funds,insufficient_funds,retry_72h,False,retry_24h,False
TXN102863,2299.83,network_error,network_error,retry_24h,False,retry_24h,False
TXN102864,3301.37,network_error,network_error,retry_immediate,True,retry_24h,False
TXN102865,2869.07,fraud_false_positive,fraud_false_positive,suggest_alt_payment_method,False,retry_24h,False
TXN102866,4836.83,bank_timeout,bank_timeout,retry_2h,True,retry_24h,False
TXN102867,3707.97,fraud_false_positive,fraud_false_positive,suggest_alt_payment_method,False,retry_24h,False
TXN102868,748.02,insufficient_funds,insufficient_funds,retry_72h,False,retry_24h,False
TXN102869,4903.97,fraud_false_positive,fraud_false_positive,suggest_alt_payment_method,True,retry_24h,False
TXN102870,2852.71,network_error,network_error,retry_24h,False,retry_24h,False
TXN102871,1546.86,network_error,network_error,retry_immediate,True,retry_24h,False
TXN102872,1724.38,bank_timeout,bank_timeout,retry_2h,False,retry_24h,False
TXN102873,3435.88,bank_timeout,bank_timeout,retry_2h,True,retry_24h,True
TXN102874,1560.69,insufficient_funds,insufficient_funds,retry_72h,False,retry_24h,False
TXN102875,166.94,network_error,network_error,suggest_alt_payment_method,True,retry_24h,True
TXN102876,10693.2,fraud_false_positive,fraud_false_positive,suggest_alt_payment_method,False,retry_24h,False
TXN102877,2168.71,insufficient_funds,insufficient_funds,retry_72h,False,retry_24h,True
TXN102878,5956.38,insufficient_funds,insufficient_funds,retry_72h,False,retry_24h,False
TXN102879,1357.68,insufficient_funds,insufficient_funds,retry_72h,False,retry_24h,False
TXN102880,1050.77,network_error,network_error,retry_immediate,True,retry_24h,False
TXN102881,883.42,insufficient_funds,insufficient_funds,retry_72h,False,retry_24h,False
TXN102882,2879.84,fraud_false_positive,fraud_false_positive,suggest_alt_payment_method,True,retry_24h,False
TXN102883,762.46,network_error,network_error,retry_immediate,True,retry_24h,True
TXN102884,2360.15,bank_timeout,bank_timeout,retry_2h,True,retry_24h,False
TXN102885,1715.7,bank_timeout,bank_timeout,retry_2h,True,retry_24h,False
TXN102886,10778.81,insufficient_funds,insufficient_funds,retry_72h,False,retry_24h,False
TXN102887,3987.77,fraud_false_positive,fraud_false_positive,suggest_alt_payment_method,True,retry_24h,False
TXN102888,6017.64,insufficient_funds,insufficient_funds,retry_72h,True,retry_24h,False
TXN102889,1214.18,insufficient_funds,insufficient_funds,retry_72h,False,retry_24h,True
TXN102890,3223.43,fraud_false_positive,fraud_false_positive,suggest_alt_payment_method,False,retry_24h,True
TXN102891,4646.0,insufficient_funds,insufficient_funds,suggest_alt_payment_method,False,retry_24h,False
TXN102892,2773.47,insufficient_funds,insufficient_funds,retry_72h,False,retry_24h,False
TXN102893,4402.48,fraud_false_positive,fraud_false_positive,suggest_alt_payment_method,False,retry_24h,False
TXN102894,1187.97,insufficient_funds,insufficient_funds,retry_72h,True,retry_24h,False
TXN102895,2920.55,fraud_false_positive,fraud_false_positive,suggest_alt_payment_method,True,retry_24h,False
TXN102896,5439.69,network_error,bank_timeout,retry_2h,False,retry_24h,False
TXN102897,1670.1,bank_timeout,bank_timeout,retry_24h,False,retry_24h,False
TXN102898,1688.58,bank_timeout,bank_timeout,retry_2h,False,retry_24h,True
TXN102899,4664.1,insufficient_funds,insufficient_funds,suggest_alt_payment_method,False,retry_24h,False
TXN102900,1321.73,insufficient_funds,insufficient_funds,suggest_alt_payment_method,True,retry_24h,False
TXN102901,827.94,network_error,network_error,retry_immediate,True,retry_24h,False
TXN102902,4065.42,insufficient_funds,insufficient_funds,retry_72h,False,retry_24h,False
TXN102903,7386.5,insufficient_funds,insufficient_funds,retry_72h,True,retry_24h,True
TXN102904,5164.68,insufficient_funds,insufficient_funds,retry_72h,True,retry_24h,False
TXN102905,964.76,insufficient_funds,insufficient_funds,retry_72h,True,retry_24h,False
TXN102906,1628.82,network_error,network_error,retry_immediate,False,retry_24h,True
TXN102907,879.43,bank_timeout,bank_timeout,retry_2h,True,retry_24h,True
TXN102908,2811.21,bank_timeout,bank_timeout,retry_24h,False,retry_24h,True
TXN102909,1608.43,fraud_false_positive,fraud_false_positive,suggest_alt_payment_method,False,retry_24h,False
TXN102910,3626.21,insufficient_funds,insufficient_funds,retry_72h,True,retry_24h,False
TXN102911,1243.42,network_error,bank_timeout,retry_2h,False,retry_24h,True
TXN102912,8148.27,insufficient_funds,insufficient_funds,retry_72h,True,retry_24h,False
TXN102913,9697.99,fraud_false_positive,fraud_false_positive,suggest_alt_payment_method,False,retry_24h,False
TXN102914,11786.62,fraud_false_positive,fraud_false_positive,suggest_alt_payment_method,False,retry_24h,True
TXN102915,7431.65,insufficient_funds,insufficient_funds,retry_72h,False,retry_24h,False
TXN102916,4582.13,network_error,network_error,retry_immediate,True,retry_24h,True
TXN102917,5736.55,fraud_false_positive,fraud_false_positive,suggest_alt_payment_method,False,retry_24h,False
TXN102918,1131.34,insufficient_funds,insufficient_funds,retry_72h,False,retry_24h,False
TXN102919,2889.53,bank_timeout,bank_timeout,retry_2h,False,retry_24h,True
TXN102920,6647.0,insufficient_funds,insufficient_funds,retry_72h,True,retry_24h,False
TXN102921,147.24,bank_timeout,network_error,retry_immediate,True,retry_24h,False
TXN102922,3441.3,bank_timeout,bank_timeout,retry_2h,True,retry_24h,False
TXN102923,3043.9,bank_timeout,bank_timeout,retry_2h,False,retry_24h,False
TXN102924,1687.59,insufficient_funds,insufficient_funds,retry_72h,True,retry_24h,False
TXN102925,1486.55,network_error,network_error,retry_immediate,False,retry_24h,False
TXN102926,5087.14,bank_timeout,bank_timeout,retry_2h,True,retry_24h,False
TXN102927,1574.79,network_error,network_error,retry_immediate,False,retry_24h,True
TXN102928,3704.94,network_error,network_error,retry_immediate,True,retry_24h,False
TXN102929,1121.1,network_error,network_error,retry_immediate,True,retry_24h,False
TXN102930,1818.16,insufficient_funds,insufficient_funds,retry_72h,False,retry_24h,True
TXN102931,4361.59,insufficient_funds,insufficient_funds,retry_72h,False,retry_24h,True
TXN102932,2204.64,insufficient_funds,insufficient_funds,retry_72h,False,retry_24h,False
TXN102933,4898.6,fraud_false_positive,fraud_false_positive,suggest_alt_payment_method,True,retry_24h,False
TXN102934,448.13,network_error,network_error,retry_immediate,True,retry_24h,True
TXN102935,1541.63,bank_timeout,bank_timeout,retry_2h,True,retry_24h,False
TXN102936,2954.08,insufficient_funds,insufficient_funds,retry_72h,False,retry_24h,False
TXN102937,6193.93,fraud_false_positive,fraud_false_positive,suggest_alt_payment_method,True,retry_24h,False
TXN102938,368.48,network_error,network_error,retry_immediate,True,retry_24h,True
TXN102939,4819.25,insufficient_funds,insufficient_funds,retry_72h,True,retry_24h,True
TXN102940,434.75,bank_timeout,bank_timeout,retry_2h,True,retry_24h,True
TXN102941,3771.69,network_error,network_error,suggest_alt_payment_method,True,retry_24h,False
TXN102942,1992.83,insufficient_funds,insufficient_funds,retry_72h,True,retry_24h,True
TXN102943,3140.88,network_error,bank_timeout,retry_2h,False,retry_24h,False
TXN102944,2033.89,network_error,network_error,retry_immediate,True,retry_24h,False
TXN102945,1902.61,insufficient_funds,insufficient_funds,retry_72h,True,retry_24h,False
TXN102946,3218.54,insufficient_funds,insufficient_funds,retry_72h,True,retry_24h,False
TXN102947,2237.18,insufficient_funds,insufficient_funds,retry_72h,True,retry_24h,False
TXN102948,4666.97,insufficient_funds,insufficient_funds,retry_72h,False,retry_24h,False
TXN102949,1942.92,bank_timeout,bank_timeout,retry_2h,True,retry_24h,True
TXN102950,9457.79,fraud_false_positive,fraud_false_positive,suggest_alt_payment_method,True,retry_24h,False
TXN102951,1849.55,insufficient_funds,insufficient_funds,retry_72h,False,retry_24h,False
TXN102952,4798.42,insufficient_funds,insufficient_funds,suggest_alt_payment_method,False,retry_24h,False
TXN102953,1111.69,bank_timeout,bank_timeout,retry_2h,True,retry_24h,False
TXN102954,1102.37,fraud_false_positive,fraud_false_positive,suggest_alt_payment_method,False,retry_24h,False
TXN102955,1137.55,insufficient_funds,insufficient_funds,retry_72h,False,retry_24h,False
TXN102956,1494.17,insufficient_funds,insufficient_funds,retry_72h,True,retry_24h,False
TXN102957,2963.03,bank_timeout,bank_timeout,retry_2h,True,retry_24h,True
TXN102958,1016.37,network_error,network_error,retry_immediate,False,retry_24h,False
TXN102959,2397.94,insufficient_funds,insufficient_funds,retry_72h,True,retry_24h,False
TXN102960,6582.87,fraud_false_positive,fraud_false_positive,suggest_alt_payment_method,False,retry_24h,False
TXN102961,1233.95,insufficient_funds,insufficient_funds,retry_72h,True,retry_24h,False
TXN102962,1348.76,insufficient_funds,insufficient_funds,retry_72h,False,retry_24h,False
TXN102963,3134.96,insufficient_funds,insufficient_funds,retry_72h,True,retry_24h,True
TXN102964,2267.17,network_error,network_error,retry_immediate,False,retry_24h,True
TXN102965,4917.49,insufficient_funds,insufficient_funds,retry_72h,False,retry_24h,True
TXN102966,4302.72,bank_timeout,bank_timeout,retry_2h,True,retry_24h,False
TXN102967,6552.04,fraud_false_positive,fraud_false_positive,suggest_alt_payment_method,False,retry_24h,False
TXN102968,1671.64,bank_timeout,bank_timeout,suggest_alt_payment_method,False,retry_24h,True
TXN102969,4241.05,insufficient_funds,insufficient_funds,retry_72h,True,retry_24h,True
TXN102970,1236.87,insufficient_funds,insufficient_funds,retry_72h,True,retry_24h,True
TXN102971,1933.22,network_error,bank_timeout,retry_2h,True,retry_24h,True
TXN102972,5101.44,insufficient_funds,insufficient_funds,retry_72h,True,retry_24h,False
TXN102973,2931.27,bank_timeout,bank_timeout,retry_2h,False,retry_24h,False
TXN102974,1408.73,insufficient_funds,insufficient_funds,retry_72h,True,retry_24h,False
TXN102975,497.25,insufficient_funds,insufficient_funds,retry_72h,True,retry_24h,False
TXN102976,3541.27,insufficient_funds,insufficient_funds,retry_72h,False,retry_24h,False
TXN102977,2126.76,fraud_false_positive,fraud_false_positive,suggest_alt_payment_method,True,retry_24h,True
TXN102978,2616.35,network_error,network_error,retry_immediate,True,retry_24h,False
TXN102979,2322.06,insufficient_funds,insufficient_funds,retry_72h,False,retry_24h,False
TXN102980,1426.78,insufficient_funds,insufficient_funds,retry_72h,False,retry_24h,True
TXN102981,3293.08,insufficient_funds,insufficient_funds,retry_72h,False,retry_24h,False
TXN102982,2028.35,fraud_false_positive,fraud_false_positive,suggest_alt_payment_method,True,retry_24h,False
TXN102983,818.53,network_error,network_error,retry_immediate,True,retry_24h,False
TXN102984,1585.66,network_error,network_error,retry_immediate,False,retry_24h,True
TXN102985,339.99,insufficient_funds,insufficient_funds,retry_72h,False,retry_24h,False
TXN102986,2791.16,bank_timeout,network_error,retry_immediate,False,retry_24h,False
TXN102987,1286.04,bank_timeout,network_error,retry_24h,False,retry_24h,True
TXN102988,1039.71,network_error,network_error,retry_immediate,False,retry_24h,True
TXN102989,3419.85,fraud_false_positive,fraud_false_positive,suggest_alt_payment_method,True,retry_24h,True
TXN102990,3115.11,insufficient_funds,insufficient_funds,retry_72h,True,retry_24h,False
TXN102991,5509.86,insufficient_funds,insufficient_funds,retry_72h,False,retry_24h,False
TXN102992,1500.17,bank_timeout,bank_timeout,retry_2h,True,retry_24h,False
TXN102993,2471.51,insufficient_funds,insufficient_funds,suggest_alt_payment_method,False,retry_24h,False
TXN102994,4554.1,insufficient_funds,insufficient_funds,retry_72h,False,retry_24h,False
TXN102995,6881.19,network_error,network_error,retry_immediate,True,retry_24h,False
TXN102996,1998.91,network_error,network_error,retry_immediate,False,retry_24h,False
TXN102997,1322.6,bank_timeout,bank_timeout,retry_2h,False,retry_24h,True
TXN102998,5868.47,insufficient_funds,insufficient_funds,retry_72h,False,retry_24h,False
TXN102999,2330.95,insufficient_funds,insufficient_funds,retry_72h,False,retry_24h,False
TXN103000,3584.32,insufficient_funds,insufficient_funds,retry_72h,True,retry_24h,False
TXN103001,1316.84,bank_timeout,bank_timeout,retry_2h,True,retry_24h,True
TXN103002,2407.22,network_error,network_error,retry_immediate,False,retry_24h,False
TXN103003,8110.87,fraud_false_positive,fraud_false_positive,suggest_alt_payment_method,False,retry_24h,False
TXN103004,2087.54,network_error,network_error,retry_immediate,True,retry_24h,True
TXN103005,1025.1,network_error,network_error,retry_immediate,True,retry_24h,False
TXN103006,9586.75,fraud_false_positive,fraud_false_positive,suggest_alt_payment_method,True,retry_24h,False
TXN103007,20321.91,fraud_false_positive,fraud_false_positive,suggest_alt_payment_method,False,retry_24h,False
TXN103008,9021.13,insufficient_funds,insufficient_funds,retry_72h,False,retry_24h,True
TXN103009,777.69,bank_timeout,bank_timeout,retry_2h,True,retry_24h,True
TXN103010,1011.99,network_error,network_error,retry_immediate,False,retry_24h,True
TXN103011,2970.87,insufficient_funds,insufficient_funds,retry_72h,False,retry_24h,False
TXN103012,2241.25,insufficient_funds,insufficient_funds,retry_72h,False,retry_24h,False
TXN103013,1367.52,bank_timeout,bank_timeout,retry_2h,True,retry_24h,True
TXN103014,12090.69,fraud_false_positive,fraud_false_positive,suggest_alt_payment_method,False,retry_24h,False
TXN103015,2164.92,bank_timeout,bank_timeout,retry_2h,True,retry_24h,False
TXN103016,311.45,network_error,network_error,retry_immediate,True,retry_24h,False
TXN103017,4030.73,insufficient_funds,insufficient_funds,retry_72h,False,retry_24h,False
TXN103018,4086.99,insufficient_funds,insufficient_funds,retry_72h,False,retry_24h,False
TXN103019,378.65,bank_timeout,bank_timeout,retry_24h,False,retry_24h,True
TXN103020,5010.49,fraud_false_positive,fraud_false_positive,suggest_alt_payment_method,True,retry_24h,False
TXN103021,5626.3,insufficient_funds,insufficient_funds,retry_72h,False,retry_24h,False
TXN103022,873.85,bank_timeout,bank_timeout,retry_2h,True,retry_24h,True
TXN103023,2983.66,fraud_false_positive,fraud_false_positive,suggest_alt_payment_method,True,retry_24h,True
TXN103024,385.35,insufficient_funds,insufficient_funds,retry_72h,True,retry_24h,True
TXN103025,2900.82,insufficient_funds,insufficient_funds,retry_72h,True,retry_24h,True
TXN103026,2806.26,insufficient_funds,insufficient_funds,retry_72h,False,retry_24h,False
TXN103027,1230.25,insufficient_funds,insufficient_funds,retry_72h,True,retry_24h,False
TXN103028,3508.41,fraud_false_positive,fraud_false_positive,suggest_alt_payment_method,True,retry_24h,False
TXN103029,1764.84,fraud_false_positive,fraud_false_positive,suggest_alt_payment_method,True,retry_24h,False
TXN103030,3028.85,bank_timeout,bank_timeout,retry_2h,True,retry_24h,False
TXN103031,2206.26,bank_timeout,bank_timeout,retry_2h,True,retry_24h,True
TXN103032,2802.79,insufficient_funds,insufficient_funds,retry_72h,True,retry_24h,True
TXN103033,8910.44,insufficient_funds,insufficient_funds,retry_72h,False,retry_24h,False
TXN103034,3015.05,insufficient_funds,insufficient_funds,retry_72h,True,retry_24h,True
TXN103035,7450.93,fraud_false_positive,fraud_false_positive,suggest_alt_payment_method,False,retry_24h,False
TXN103036,5729.82,insufficient_funds,insufficient_funds,retry_72h,False,retry_24h,False
TXN103037,3939.14,fraud_false_positive,fraud_false_positive,suggest_alt_payment_method,True,retry_24h,False
TXN103038,2268.45,network_error,network_error,retry_immediate,True,retry_24h,True
TXN103039,2537.52,bank_timeout,bank_timeout,retry_2h,False,retry_24h,False
TXN103040,2578.99,network_error,network_error,retry_immediate,True,retry_24h,False
TXN103041,6506.91,network_error,network_error,retry_immediate,False,retry_24h,True
TXN103042,1057.46,network_error,network_error,retry_immediate,True,retry_24h,False
TXN103043,3226.38,insufficient_funds,insufficient_funds,retry_72h,False,retry_24h,False
TXN103044,1397.0,network_error,network_error,retry_immediate,False,retry_24h,False
TXN103045,8474.45,insufficient_funds,insufficient_funds,retry_72h,False,retry_24h,False
TXN103046,214.4,network_error,network_error,retry_immediate,True,retry_24h,False
TXN103047,4498.82,insufficient_funds,insufficient_funds,retry_72h,False,retry_24h,False
TXN103048,9501.8,insufficient_funds,insufficient_funds,retry_72h,False,retry_24h,False
TXN103049,6367.53,fraud_false_positive,fraud_false_positive,suggest_alt_payment_method,False,retry_24h,False
TXN103050,643.98,insufficient_funds,insufficient_funds,retry_72h,False,retry_24h,False
TXN103051,2376.85,insufficient_funds,insufficient_funds,suggest_alt_payment_method,False,retry_24h,True
TXN103052,4053.18,insufficient_funds,insufficient_funds,retry_72h,True,retry_24h,False
TXN103053,598.56,insufficient_funds,insufficient_funds,retry_72h,True,retry_24h,False
TXN103054,269.45,bank_timeout,bank_timeout,retry_2h,False,retry_24h,False
TXN103055,4493.09,insufficient_funds,insufficient_funds,retry_72h,False,retry_24h,False
TXN103056,3324.87,network_error,network_error,retry_immediate,True,retry_24h,True
TXN103057,3330.85,bank_timeout,bank_timeout,retry_2h,True,retry_24h,True
TXN103058,2413.94,insufficient_funds,insufficient_funds,retry_72h,False,retry_24h,False
TXN103059,2865.44,insufficient_funds,insufficient_funds,suggest_alt_payment_method,False,retry_24h,False
TXN103060,5645.23,insufficient_funds,insufficient_funds,retry_72h,False,retry_24h,False
TXN103061,1103.37,network_error,network_error,retry_immediate,False,retry_24h,True
TXN103062,1463.48,bank_timeout,bank_timeout,retry_2h,False,retry_24h,True
TXN103063,2324.43,insufficient_funds,insufficient_funds,retry_72h,False,retry_24h,False
TXN103064,1481.53,network_error,network_error,retry_immediate,True,retry_24h,False
TXN103065,3469.7,bank_timeout,bank_timeout,retry_2h,True,retry_24h,False
TXN103066,2659.59,insufficient_funds,insufficient_funds,retry_72h,False,retry_24h,False
TXN103067,5433.85,insufficient_funds,insufficient_funds,retry_72h,False,retry_24h,False
TXN103068,11942.83,insufficient_funds,insufficient_funds,suggest_alt_payment_method,False,retry_24h,False
TXN103069,1087.16,network_error,network_error,retry_immediate,True,retry_24h,False
TXN103070,565.42,bank_timeout,bank_timeout,retry_2h,True,retry_24h,True
TXN103071,1812.53,bank_timeout,bank_timeout,retry_2h,False,retry_24h,False
TXN103072,3602.83,insufficient_funds,insufficient_funds,retry_72h,False,retry_24h,False
TXN103073,7826.92,fraud_false_positive,fraud_false_positive,suggest_alt_payment_method,False,retry_24h,False
TXN103074,2971.3,insufficient_funds,insufficient_funds,retry_72h,False,retry_24h,False
TXN103075,4657.23,bank_timeout,bank_timeout,retry_2h,True,retry_24h,True
TXN103076,4794.51,network_error,network_error,retry_immediate,False,retry_24h,True
TXN103077,728.52,network_error,network_error,retry_immediate,True,retry_24h,True
TXN103078,1164.44,network_error,network_error,retry_immediate,True,retry_24h,True
TXN103079,5538.72,insufficient_funds,insufficient_funds,retry_72h,True,retry_24h,False
TXN103080,4473.58,fraud_false_positive,fraud_false_positive,suggest_alt_payment_method,False,retry_24h,False
TXN103081,803.99,insufficient_funds,insufficient_funds,retry_72h,False,retry_24h,False
TXN103082,3242.31,insufficient_funds,insufficient_funds,retry_72h,False,retry_24h,False
TXN103083,3497.72,insufficient_funds,insufficient_funds,retry_72h,False,retry_24h,True
TXN103084,757.12,bank_timeout,bank_timeout,retry_2h,True,retry_24h,True
TXN103085,5644.25,insufficient_funds,insufficient_funds,retry_72h,True,retry_24h,True
TXN103086,5525.06,fraud_false_positive,fraud_false_positive,suggest_alt_payment_method,True,retry_24h,False
TXN103087,1369.38,insufficient_funds,insufficient_funds,retry_72h,True,retry_24h,False
TXN103088,278.24,network_error,network_error,retry_immediate,True,retry_24h,True
TXN103089,5960.35,bank_timeout,bank_timeout,retry_2h,True,retry_24h,False
TXN103090,2166.9,network_error,network_error,retry_immediate,True,retry_24h,False
TXN103091,2675.44,insufficient_funds,insufficient_funds,retry_72h,False,retry_24h,True
TXN103092,2722.42,insufficient_funds,insufficient_funds,retry_72h,True,retry_24h,False
TXN103093,1821.75,insufficient_funds,insufficient_funds,retry_72h,True,retry_24h,True
TXN103094,7930.52,fraud_false_positive,fraud_false_positive,suggest_alt_payment_method,False,retry_24h,True
TXN103095,2786.31,insufficient_funds,insufficient_funds,retry_72h,True,retry_24h,False
TXN103096,2669.26,network_error,network_error,retry_immediate,True,retry_24h,False
TXN103097,2679.11,network_error,network_error,retry_immediate,True,retry_24h,True
TXN103098,4595.3,insufficient_funds,insufficient_funds,retry_72h,False,retry_24h,False
TXN103099,763.54,network_error,network_error,suggest_alt_payment_method,False,retry_24h,False
TXN103100,1402.48,bank_timeout,network_error,retry_immediate,True,retry_24h,False
TXN103101,2382.41,insufficient_funds,insufficient_funds,retry_72h,True,retry_24h,False
TXN103102,1590.8,network_error,network_error,retry_24h,False,retry_24h,True
TXN103103,10473.95,fraud_false_positive,fraud_false_positive,suggest_alt_payment_method,True,retry_24h,False
TXN103104,2857.34,insufficient_funds,insufficient_funds,retry_72h,True,retry_24h,False
TXN103105,830.36,network_error,network_error,retry_immediate,True,retry_24h,False
TXN103106,4608.48,insufficient_funds,insufficient_funds,suggest_alt_payment_method,False,retry_24h,False
TXN103107,2077.24,insufficient_funds,insufficient_funds,suggest_alt_payment_method,False,retry_24h,False
TXN103108,1889.71,network_error,network_error,retry_immediate,True,retry_24h,False
TXN103109,1038.24,bank_timeout,bank_timeout,retry_2h,False,retry_24h,False
TXN103110,8235.55,insufficient_funds,insufficient_funds,retry_72h,False,retry_24h,False
TXN103111,3237.72,insufficient_funds,insufficient_funds,retry_72h,True,retry_24h,False
TXN103112,3327.57,fraud_false_positive,fraud_false_positive,suggest_alt_payment_method,True,retry_24h,False
TXN103113,4300.81,insufficient_funds,insufficient_funds,retry_72h,False,retry_24h,False
TXN103114,5073.04,insufficient_funds,insufficient_funds,suggest_alt_payment_method,False,retry_24h,True
TXN103115,1875.49,fraud_false_positive,fraud_false_positive,suggest_alt_payment_method,False,retry_24h,True
TXN103116,4333.69,insufficient_funds,insufficient_funds,retry_72h,True,retry_24h,False
TXN103117,6816.71,insufficient_funds,insufficient_funds,retry_72h,False,retry_24h,True
TXN103118,1934.32,insufficient_funds,insufficient_funds,retry_72h,False,retry_24h,False
TXN103119,7073.12,insufficient_funds,insufficient_funds,retry_72h,False,retry_24h,False
TXN103120,8581.77,insufficient_funds,insufficient_funds,retry_72h,False,retry_24h,False
TXN103121,6720.25,insufficient_funds,insufficient_funds,retry_72h,False,retry_24h,False
TXN103122,1336.11,bank_timeout,bank_timeout,retry_2h,False,retry_24h,True
TXN103123,3074.66,bank_timeout,bank_timeout,retry_2h,True,retry_24h,False
TXN103124,585.08,bank_timeout,bank_timeout,retry_2h,True,retry_24h,False
TXN103125,2945.95,insufficient_funds,insufficient_funds,retry_72h,True,retry_24h,False
TXN103126,1727.75,network_error,network_error,retry_immediate,False,retry_24h,False
TXN103127,1838.6,network_error,network_error,retry_immediate,True,retry_24h,False
TXN103128,2748.47,insufficient_funds,insufficient_funds,retry_72h,False,retry_24h,False
TXN103129,2633.98,network_error,network_error,retry_immediate,True,retry_24h,False
TXN103130,1101.92,network_error,network_error,retry_immediate,True,retry_24h,False
TXN103131,2522.17,network_error,network_error,retry_immediate,True,retry_24h,False
TXN103132,238.83,bank_timeout,bank_timeout,retry_24h,False,retry_24h,False
TXN103133,7224.6,insufficient_funds,insufficient_funds,retry_72h,True,retry_24h,False
TXN103134,2190.77,network_error,network_error,retry_immediate,True,retry_24h,False
TXN103135,1084.41,network_error,network_error,retry_immediate,True,retry_24h,True
TXN103136,3729.48,insufficient_funds,insufficient_funds,retry_72h,False,retry_24h,False
TXN103137,1015.19,insufficient_funds,insufficient_funds,retry_72h,True,retry_24h,False
TXN103138,280.82,network_error,network_error,retry_immediate,True,retry_24h,False
TXN103139,5273.68,insufficient_funds,insufficient_funds,retry_72h,False,retry_24h,True
TXN103140,4759.58,fraud_false_positive,fraud_false_positive,suggest_alt_payment_method,False,retry_24h,False
TXN103141,409.77,insufficient_funds,insufficient_funds,retry_72h,True,retry_24h,False
TXN103142,2476.12,network_error,network_error,retry_immediate,True,retry_24h,False
TXN103143,340.13,insufficient_funds,insufficient_funds,retry_72h,False,retry_24h,False
TXN103144,1077.55,insufficient_funds,insufficient_funds,retry_72h,True,retry_24h,False
TXN103145,2631.28,fraud_false_positive,fraud_false_positive,suggest_alt_payment_method,True,retry_24h,False
TXN103146,4874.62,fraud_false_positive,fraud_false_positive,suggest_alt_payment_method,True,retry_24h,False
TXN103147,6648.08,insufficient_funds,insufficient_funds,retry_72h,True,retry_24h,True
TXN103148,1310.55,bank_timeout,bank_timeout,retry_2h,True,retry_24h,False
TXN103149,493.25,network_error,network_error,retry_immediate,True,retry_24h,True
TXN103150,1858.84,network_error,network_error,retry_24h,False,retry_24h,False
TXN103151,443.55,network_error,network_error,retry_immediate,False,retry_24h,False
TXN103152,1675.09,bank_timeout,bank_timeout,retry_2h,True,retry_24h,True
TXN103153,1872.96,fraud_false_positive,fraud_false_positive,suggest_alt_payment_method,True,retry_24h,False
TXN103154,1954.73,network_error,network_error,retry_immediate,True,retry_24h,False
TXN103155,2329.29,insufficient_funds,insufficient_funds,retry_72h,False,retry_24h,False
TXN103156,2512.38,bank_timeout,bank_timeout,retry_2h,True,retry_24h,True
TXN103157,1076.68,network_error,network_error,retry_immediate,False,retry_24h,False
TXN103158,2357.48,bank_timeout,bank_timeout,retry_2h,True,retry_24h,False
TXN103159,2796.54,insufficient_funds,insufficient_funds,retry_72h,False,retry_24h,False
TXN103160,908.63,network_error,network_error,retry_immediate,True,retry_24h,True
TXN103161,572.18,insufficient_funds,insufficient_funds,retry_72h,True,retry_24h,False
TXN103162,12209.05,insufficient_funds,insufficient_funds,retry_72h,False,retry_24h,False
TXN103163,9291.52,insufficient_funds,insufficient_funds,retry_72h,False,retry_24h,False
TXN103164,5183.67,insufficient_funds,insufficient_funds,retry_72h,True,retry_24h,True
TXN103165,715.08,network_error,network_error,retry_immediate,True,retry_24h,True
TXN103166,1760.17,network_error,network_error,retry_immediate,True,retry_24h,True
TXN103167,611.73,bank_timeout,bank_timeout,retry_2h,False,retry_24h,True
TXN103168,2339.38,fraud_false_positive,fraud_false_positive,suggest_alt_payment_method,False,retry_24h,False
TXN103169,1553.37,insufficient_funds,insufficient_funds,retry_72h,False,retry_24h,False
TXN103170,5626.57,fraud_false_positive,fraud_false_positive,suggest_alt_payment_method,True,retry_24h,False
TXN103171,2087.92,bank_timeout,bank_timeout,retry_24h,True,retry_24h,False
TXN103172,2255.34,network_error,network_error,retry_immediate,True,retry_24h,False
TXN103173,2573.3,insufficient_funds,insufficient_funds,retry_72h,False,retry_24h,True
TXN103174,6196.55,insufficient_funds,insufficient_funds,retry_72h,True,retry_24h,False
TXN103175,2386.88,fraud_false_positive,fraud_false_positive,suggest_alt_payment_method,False,retry_24h,False
TXN103176,3853.9,insufficient_funds,insufficient_funds,retry_72h,False,retry_24h,False
TXN103177,128.83,network_error,network_error,retry_immediate,False,retry_24h,False
TXN103178,3648.5,insufficient_funds,insufficient_funds,retry_72h,True,retry_24h,True
TXN103179,217.24,bank_timeout,bank_timeout,retry_2h,True,retry_24h,False
TXN103180,2867.25,fraud_false_positive,fraud_false_positive,suggest_alt_payment_method,False,retry_24h,False
TXN103181,1768.06,insufficient_funds,insufficient_funds,retry_72h,False,retry_24h,True
TXN103182,4078.3,fraud_false_positive,fraud_false_positive,suggest_alt_payment_method,True,retry_24h,False
TXN103183,3304.21,insufficient_funds,insufficient_funds,retry_72h,False,retry_24h,False
TXN103184,4862.24,insufficient_funds,insufficient_funds,retry_72h,False,retry_24h,False
TXN103185,1984.51,insufficient_funds,insufficient_funds,suggest_alt_payment_method,True,retry_24h,False
TXN103186,2844.3,network_error,network_error,retry_immediate,True,retry_24h,True
TXN103187,474.72,insufficient_funds,insufficient_funds,retry_72h,False,retry_24h,False
TXN103188,4003.27,insufficient_funds,insufficient_funds,retry_72h,True,retry_24h,True
TXN103189,7916.03,insufficient_funds,insufficient_funds,retry_72h,False,retry_24h,False
TXN103190,2104.53,insufficient_funds,insufficient_funds,suggest_alt_payment_method,False,retry_24h,False
TXN103191,5696.53,insufficient_funds,insufficient_funds,retry_72h,False,retry_24h,False
TXN103192,837.84,fraud_false_positive,fraud_false_positive,suggest_alt_payment_method,True,retry_24h,False
TXN103193,1117.65,network_error,bank_timeout,retry_2h,True,retry_24h,False
TXN103194,1587.59,network_error,network_error,retry_immediate,True,retry_24h,False
TXN103195,2645.5,fraud_false_positive,fraud_false_positive,suggest_alt_payment_method,True,retry_24h,False
TXN103196,1663.15,bank_timeout,bank_timeout,suggest_alt_payment_method,False,retry_24h,False
TXN103197,5392.44,insufficient_funds,insufficient_funds,retry_72h,True,retry_24h,False
TXN103198,768.61,fraud_false_positive,fraud_false_positive,suggest_alt_payment_method,True,retry_24h,False
TXN103199,4735.01,insufficient_funds,insufficient_funds,retry_72h,True,retry_24h,False
TXN103200,660.36,network_error,network_error,retry_immediate,False,retry_24h,True
TXN103201,10092.2,fraud_false_positive,fraud_false_positive,suggest_alt_payment_method,True,retry_24h,False
TXN103202,1018.86,insufficient_funds,insufficient_funds,retry_72h,True,retry_24h,False
TXN103203,1213.87,bank_timeout,bank_timeout,retry_24h,False,retry_24h,False
TXN103204,1929.67,insufficient_funds,insufficient_funds,retry_72h,False,retry_24h,False
TXN103205,955.13,fraud_false_positive,fraud_false_positive,suggest_alt_payment_method,False,retry_24h,False
TXN103206,7542.35,insufficient_funds,insufficient_funds,retry_72h,False,retry_24h,False
TXN103207,2270.59,network_error,network_error,retry_immediate,False,retry_24h,True
TXN103208,6522.29,fraud_false_positive,fraud_false_positive,suggest_alt_payment_method,True,retry_24h,True
TXN103209,8948.89,fraud_false_positive,fraud_false_positive,suggest_alt_payment_method,True,retry_24h,False
TXN103210,2970.94,insufficient_funds,insufficient_funds,suggest_alt_payment_method,False,retry_24h,False
TXN103211,361.65,bank_timeout,bank_timeout,retry_2h,True,retry_24h,False
TXN103212,3530.14,insufficient_funds,insufficient_funds,retry_72h,True,retry_24h,False
TXN103213,2092.54,network_error,network_error,retry_immediate,True,retry_24h,True
TXN103214,951.11,bank_timeout,bank_timeout,retry_2h,True,retry_24h,True
TXN103215,3747.75,insufficient_funds,insufficient_funds,retry_72h,True,retry_24h,False
TXN103216,2585.49,insufficient_funds,insufficient_funds,retry_72h,True,retry_24h,True
TXN103217,3624.3,bank_timeout,bank_timeout,retry_24h,True,retry_24h,True
TXN103218,2747.28,bank_timeout,bank_timeout,retry_2h,True,retry_24h,False
TXN103219,2103.43,bank_timeout,bank_timeout,retry_2h,True,retry_24h,False
TXN103220,213.14,insufficient_funds,insufficient_funds,retry_72h,True,retry_24h,False
TXN103221,2666.1,network_error,network_error,retry_immediate,False,retry_24h,True
TXN103222,3492.29,insufficient_funds,insufficient_funds,retry_72h,True,retry_24h,False
TXN103223,2129.87,bank_timeout,bank_timeout,retry_2h,False,retry_24h,False
TXN103224,1799.16,bank_timeout,bank_timeout,retry_2h,True,retry_24h,False
TXN103225,8248.4,insufficient_funds,insufficient_funds,retry_72h,True,retry_24h,False
TXN103226,3602.21,bank_timeout,bank_timeout,retry_2h,False,retry_24h,False
TXN103227,3531.97,bank_timeout,bank_timeout,retry_2h,True,retry_24h,False
TXN103228,2015.61,insufficient_funds,insufficient_funds,retry_72h,False,retry_24h,False
TXN103229,810.64,network_error,network_error,retry_immediate,False,retry_24h,False
TXN103230,1486.76,network_error,network_error,retry_immediate,True,retry_24h,False
TXN103231,3232.5,network_error,network_error,retry_immediate,True,retry_24h,False
TXN103232,6930.75,insufficient_funds,insufficient_funds,retry_72h,False,retry_24h,False
TXN103233,2972.64,insufficient_funds,insufficient_funds,retry_72h,False,retry_24h,False
TXN103234,1677.75,insufficient_funds,insufficient_funds,retry_72h,False,retry_24h,False
TXN103235,1295.74,network_error,network_error,retry_immediate,False,retry_24h,True
TXN103236,3663.88,insufficient_funds,insufficient_funds,retry_72h,False,retry_24h,True
TXN103237,4622.55,insufficient_funds,insufficient_funds,retry_72h,False,retry_24h,False
TXN103238,4097.59,network_error,network_error,retry_immediate,False,retry_24h,True
TXN103239,1725.57,insufficient_funds,insufficient_funds,retry_72h,False,retry_24h,False
TXN103240,5685.56,insufficient_funds,insufficient_funds,retry_72h,True,retry_24h,True
TXN103241,2886.86,bank_timeout,bank_timeout,retry_2h,True,retry_24h,True
TXN103242,1459.95,insufficient_funds,insufficient_funds,retry_72h,False,retry_24h,False
TXN103243,1603.12,insufficient_funds,insufficient_funds,retry_72h,False,retry_24h,False
TXN103244,834.35,network_error,network_error,retry_immediate,True,retry_24h,True
TXN103245,5911.27,insufficient_funds,insufficient_funds,retry_72h,False,retry_24h,False
TXN103246,4327.53,insufficient_funds,insufficient_funds,retry_72h,True,retry_24h,False
TXN103247,1718.55,insufficient_funds,insufficient_funds,retry_72h,False,retry_24h,False
TXN103248,1531.46,bank_timeout,bank_timeout,retry_2h,True,retry_24h,False
TXN103249,3321.93,network_error,network_error,retry_immediate,False,retry_24h,False
TXN103250,6656.49,insufficient_funds,insufficient_funds,retry_72h,False,retry_24h,True
TXN103251,1922.71,network_error,network_error,retry_immediate,False,retry_24h,False
TXN103252,3826.26,insufficient_funds,insufficient_funds,retry_72h,True,retry_24h,False
TXN103253,2210.6,bank_timeout,bank_timeout,suggest_alt_payment_method,False,retry_24h,True
TXN103254,1925.49,insufficient_funds,insufficient_funds,retry_72h,False,retry_24h,False
TXN103255,6535.83,insufficient_funds,insufficient_funds,retry_72h,False,retry_24h,False
TXN103256,2780.69,fraud_false_positive,fraud_false_positive,suggest_alt_payment_method,True,retry_24h,False
TXN103257,1759.21,network_error,bank_timeout,retry_24h,True,retry_24h,True
TXN103258,6725.37,fraud_false_positive,fraud_false_positive,suggest_alt_payment_method,True,retry_24h,False
TXN103259,738.58,insufficient_funds,insufficient_funds,retry_72h,True,retry_24h,False
TXN103260,6519.22,fraud_false_positive,fraud_false_positive,suggest_alt_payment_method,True,retry_24h,False
TXN103261,897.14,bank_timeout,network_error,retry_immediate,True,retry_24h,True
TXN103262,824.06,bank_timeout,bank_timeout,retry_2h,True,retry_24h,True
TXN103263,2192.62,insufficient_funds,insufficient_funds,retry_72h,False,retry_24h,False
TXN103264,2882.27,insufficient_funds,insufficient_funds,retry_72h,False,retry_24h,True
TXN103265,2484.62,insufficient_funds,insufficient_funds,retry_72h,True,retry_24h,False
TXN103266,972.2,bank_timeout,bank_timeout,retry_2h,True,retry_24h,True
TXN103267,2557.4,bank_timeout,bank_timeout,retry_2h,True,retry_24h,False
TXN103268,1625.97,insufficient_funds,insufficient_funds,retry_72h,False,retry_24h,False
TXN103269,869.19,fraud_false_positive,fraud_false_positive,suggest_alt_payment_method,True,retry_24h,False
TXN103270,3625.94,insufficient_funds,insufficient_funds,retry_72h,False,retry_24h,True
TXN103271,1381.78,bank_timeout,bank_timeout,retry_2h,True,retry_24h,True
TXN103272,3756.44,fraud_false_positive,fraud_false_positive,suggest_alt_payment_method,False,retry_24h,False
TXN103273,3613.4,network_error,network_error,retry_immediate,False,retry_24h,True
TXN103274,752.16,network_error,network_error,retry_immediate,True,retry_24h,False
TXN103275,880.65,bank_timeout,bank_timeout,retry_2h,True,retry_24h,False
TXN103276,9271.39,insufficient_funds,insufficient_funds,suggest_alt_payment_method,False,retry_24h,False
TXN103277,3445.06,insufficient_funds,insufficient_funds,retry_72h,True,retry_24h,False
TXN103278,7275.11,insufficient_funds,insufficient_funds,retry_72h,True,retry_24h,False
TXN103279,1526.52,fraud_false_positive,fraud_false_positive,suggest_alt_payment_method,True,retry_24h,False
TXN103280,1399.26,insufficient_funds,insufficient_funds,retry_72h,True,retry_24h,False
TXN103281,6912.79,insufficient_funds,insufficient_funds,retry_72h,False,retry_24h,False
TXN103282,2633.45,network_error,network_error,retry_immediate,True,retry_24h,True
TXN103283,15961.85,fraud_false_positive,fraud_false_positive,suggest_alt_payment_method,False,retry_24h,False
TXN103284,3415.19,network_error,network_error,retry_immediate,True,retry_24h,False
TXN103285,893.75,network_error,network_error,retry_immediate,False,retry_24h,True
TXN103286,2092.1,network_error,network_error,retry_immediate,True,retry_24h,True
TXN103287,6177.51,insufficient_funds,insufficient_funds,retry_72h,False,retry_24h,False
TXN103288,1194.44,bank_timeout,network_error,retry_immediate,True,retry_24h,False
TXN103289,4134.99,insufficient_funds,insufficient_funds,retry_72h,False,retry_24h,False
TXN103290,1566.39,bank_timeout,bank_timeout,retry_2h,True,retry_24h,False
TXN103291,302.33,network_error,network_error,retry_immediate,True,retry_24h,True
TXN103292,1873.27,network_error,network_error,retry_immediate,True,retry_24h,False
TXN103293,1969.73,insufficient_funds,insufficient_funds,retry_72h,True,retry_24h,True
TXN103294,336.47,network_error,network_error,retry_immediate,False,retry_24h,True
TXN103295,1926.34,insufficient_funds,insufficient_funds,retry_72h,True,retry_24h,False
TXN103296,1834.15,network_error,bank_timeout,retry_2h,True,retry_24h,False
TXN103297,4045.35,bank_timeout,bank_timeout,retry_2h,True,retry_24h,False
TXN103298,2051.91,network_error,network_error,retry_immediate,False,retry_24h,True
TXN103299,3262.18,network_error,network_error,retry_immediate,False,retry_24h,False
TXN103300,884.25,bank_timeout,bank_timeout,retry_2h,False,retry_24h,False
TXN103301,1191.31,insufficient_funds,insufficient_funds,retry_72h,True,retry_24h,False
TXN103302,7327.04,insufficient_funds,insufficient_funds,retry_72h,False,retry_24h,True
TXN103303,1538.3,insufficient_funds,insufficient_funds,retry_72h,False,retry_24h,True
TXN103304,5011.04,insufficient_funds,insufficient_funds,retry_72h,False,retry_24h,False
TXN103305,5611.52,insufficient_funds,insufficient_funds,retry_72h,False,retry_24h,False
TXN103306,3326.13,network_error,network_error,retry_immediate,True,retry_24h,False
TXN103307,393.55,network_error,network_error,retry_immediate,True,retry_24h,True
TXN103308,894.87,network_error,network_error,retry_immediate,False,retry_24h,True
TXN103309,1151.29,network_error,network_error,retry_immediate,True,retry_24h,False
TXN103310,739.8,bank_timeout,bank_timeout,retry_2h,True,retry_24h,False
TXN103311,2442.13,bank_timeout,bank_timeout,retry_2h,True,retry_24h,False
TXN103312,1282.7,bank_timeout,bank_timeout,retry_2h,True,retry_24h,False
TXN103313,1649.41,fraud_false_positive,fraud_false_positive,suggest_alt_payment_method,True,retry_24h,False
TXN103314,470.07,network_error,bank_timeout,retry_2h,True,retry_24h,True
TXN103315,2238.24,insufficient_funds,insufficient_funds,retry_72h,False,retry_24h,False
TXN103316,1514.46,insufficient_funds,insufficient_funds,retry_72h,False,retry_24h,True
TXN103317,1434.55,network_error,bank_timeout,retry_2h,False,retry_24h,False
TXN103318,763.65,network_error,network_error,retry_immediate,False,retry_24h,False
TXN103319,3053.38,network_error,bank_timeout,retry_2h,True,retry_24h,False
TXN103320,1169.1,network_error,network_error,retry_immediate,True,retry_24h,False
TXN103321,6459.76,fraud_false_positive,fraud_false_positive,suggest_alt_payment_method,True,retry_24h,True
TXN103322,228.23,bank_timeout,bank_timeout,retry_2h,True,retry_24h,True
TXN103323,1005.66,insufficient_funds,insufficient_funds,retry_72h,True,retry_24h,False
TXN103324,2744.08,insufficient_funds,insufficient_funds,retry_72h,True,retry_24h,True
TXN103325,4415.57,insufficient_funds,insufficient_funds,suggest_alt_payment_method,False,retry_24h,True
TXN103326,4073.02,bank_timeout,bank_timeout,retry_2h,True,retry_24h,True
TXN103327,418.7,bank_timeout,bank_timeout,retry_2h,False,retry_24h,False
TXN103328,1164.77,insufficient_funds,insufficient_funds,retry_72h,False,retry_24h,False
TXN103329,1645.5,insufficient_funds,insufficient_funds,retry_72h,False,retry_24h,False
TXN103330,151.66,insufficient_funds,insufficient_funds,retry_72h,True,retry_24h,False
TXN103331,1377.15,bank_timeout,bank_timeout,retry_2h,True,retry_24h,True
TXN103332,3007.42,network_error,network_error,retry_immediate,True,retry_24h,True
TXN103333,2855.0,bank_timeout,bank_timeout,retry_2h,True,retry_24h,True
TXN103334,3490.53,insufficient_funds,insufficient_funds,retry_72h,False,retry_24h,False
TXN103335,1200.6,network_error,network_error,retry_immediate,False,retry_24h,False
TXN103336,1482.21,network_error,network_error,retry_immediate,False,retry_24h,False
TXN103337,705.32,network_error,network_error,retry_immediate,True,retry_24h,True
TXN103338,2749.81,bank_timeout,bank_timeout,retry_2h,True,retry_24h,False
TXN103339,1504.88,insufficient_funds,insufficient_funds,retry_72h,True,retry_24h,False
TXN103340,9482.95,insufficient_funds,insufficient_funds,retry_72h,False,retry_24h,True
TXN103341,6249.35,insufficient_funds,insufficient_funds,retry_72h,True,retry_24h,False
TXN103342,1061.8,bank_timeout,bank_timeout,retry_2h,False,retry_24h,True
TXN103343,1107.66,network_error,network_error,retry_immediate,False,retry_24h,False
TXN103344,942.21,network_error,network_error,retry_immediate,False,retry_24h,False
TXN103345,520.75,network_error,network_error,retry_immediate,True,retry_24h,False
TXN103346,556.99,network_error,network_error,retry_immediate,True,retry_24h,False
TXN103347,3677.43,insufficient_funds,insufficient_funds,retry_72h,False,retry_24h,True
TXN103348,9795.33,insufficient_funds,insufficient_funds,retry_72h,False,retry_24h,False
TXN103349,6224.23,insufficient_funds,insufficient_funds,retry_72h,True,retry_24h,False
TXN103350,3708.51,network_error,network_error,retry_immediate,False,retry_24h,False
TXN103351,1030.51,insufficient_funds,insufficient_funds,retry_72h,False,retry_24h,False
TXN103352,17031.33,fraud_false_positive,fraud_false_positive,suggest_alt_payment_method,True,retry_24h,False
TXN103353,2799.43,insufficient_funds,insufficient_funds,retry_72h,True,retry_24h,False
TXN103354,3801.17,insufficient_funds,insufficient_funds,retry_72h,False,retry_24h,False
TXN103355,502.97,network_error,network_error,retry_immediate,True,retry_24h,True
TXN103356,3661.76,bank_timeout,bank_timeout,retry_2h,True,retry_24h,True
TXN103357,4179.13,insufficient_funds,insufficient_funds,retry_72h,True,retry_24h,True
TXN103358,12536.41,fraud_false_positive,fraud_false_positive,suggest_alt_payment_method,False,retry_24h,False
TXN103359,1464.87,bank_timeout,bank_timeout,retry_24h,True,retry_24h,True
TXN103360,202.77,bank_timeout,bank_timeout,retry_2h,True,retry_24h,True
TXN103361,3213.28,insufficient_funds,insufficient_funds,retry_72h,False,retry_24h,False
TXN103362,2369.04,bank_timeout,bank_timeout,retry_2h,False,retry_24h,False
TXN103363,1798.4,bank_timeout,bank_timeout,retry_2h,True,retry_24h,False
TXN103364,7785.89,insufficient_funds,insufficient_funds,retry_72h,False,retry_24h,False
TXN103365,36.4,network_error,network_error,retry_immediate,True,retry_24h,False
TXN103366,6234.64,insufficient_funds,insufficient_funds,retry_72h,False,retry_24h,True
TXN103367,2770.52,insufficient_funds,insufficient_funds,retry_72h,False,retry_24h,True
TXN103368,3970.49,network_error,network_error,retry_immediate,True,retry_24h,False
TXN103369,2084.86,network_error,network_error,retry_immediate,True,retry_24h,True
TXN103370,4114.65,bank_timeout,bank_timeout,retry_2h,False,retry_24h,False
TXN103371,6853.93,insufficient_funds,insufficient_funds,retry_72h,True,retry_24h,True
TXN103372,9017.83,fraud_false_positive,fraud_false_positive,suggest_alt_payment_method,False,retry_24h,False
TXN103373,5969.05,insufficient_funds,insufficient_funds,retry_72h,True,retry_24h,False
TXN103374,344.45,insufficient_funds,insufficient_funds,retry_72h,True,retry_24h,False
TXN103375,3951.5,bank_timeout,bank_timeout,retry_24h,False,retry_24h,True
TXN103376,901.71,bank_timeout,bank_timeout,retry_2h,True,retry_24h,False
TXN103377,232.18,network_error,network_error,retry_immediate,True,retry_24h,True
TXN103378,1380.9,network_error,network_error,retry_24h,True,retry_24h,False
TXN103379,6305.36,insufficient_funds,insufficient_funds,suggest_alt_payment_method,True,retry_24h,False
TXN103380,1715.93,network_error,network_error,retry_immediate,True,retry_24h,True
TXN103381,643.38,network_error,network_error,retry_immediate,False,retry_24h,False
TXN103382,11181.26,insufficient_funds,insufficient_funds,retry_72h,False,retry_24h,False
TXN103383,6080.94,insufficient_funds,insufficient_funds,retry_72h,False,retry_24h,True
TXN103384,2855.42,bank_timeout,bank_timeout,retry_2h,True,retry_24h,True
TXN103385,5564.44,insufficient_funds,insufficient_funds,retry_72h,False,retry_24h,False
TXN103386,3989.94,insufficient_funds,insufficient_funds,retry_72h,True,retry_24h,True
TXN103387,1710.17,insufficient_funds,insufficient_funds,retry_72h,False,retry_24h,False
TXN103388,1791.18,insufficient_funds,insufficient_funds,retry_72h,False,retry_24h,False
TXN103389,1605.49,insufficient_funds,insufficient_funds,retry_72h,True,retry_24h,True
TXN103390,5283.01,insufficient_funds,insufficient_funds,retry_72h,False,retry_24h,False
TXN103391,1566.73,network_error,network_error,retry_immediate,True,retry_24h,False
TXN103392,3068.81,fraud_false_positive,fraud_false_positive,suggest_alt_payment_method,False,retry_24h,True
TXN103393,11906.09,fraud_false_positive,fraud_false_positive,suggest_alt_payment_method,False,retry_24h,False
TXN103394,1367.59,bank_timeout,bank_timeout,retry_24h,True,retry_24h,False
TXN103395,3291.91,insufficient_funds,insufficient_funds,retry_72h,True,retry_24h,False
TXN103396,3975.19,insufficient_funds,insufficient_funds,retry_72h,True,retry_24h,False
TXN103397,171.96,insufficient_funds,insufficient_funds,retry_72h,False,retry_24h,False
TXN103398,5289.09,insufficient_funds,insufficient_funds,retry_72h,False,retry_24h,False
TXN103399,1265.0,insufficient_funds,insufficient_funds,suggest_alt_payment_method,True,retry_24h,False
TXN103400,5233.92,insufficient_funds,insufficient_funds,retry_72h,False,retry_24h,True
TXN103401,1966.33,bank_timeout,bank_timeout,retry_2h,False,retry_24h,False
TXN103402,2148.26,insufficient_funds,insufficient_funds,retry_72h,True,retry_24h,False
TXN103403,759.88,network_error,network_error,retry_immediate,False,retry_24h,False
TXN103404,4205.78,bank_timeout,bank_timeout,suggest_alt_payment_method,False,retry_24h,True
TXN103405,2439.87,insufficient_funds,insufficient_funds,retry_72h,True,retry_24h,False
TXN103406,7099.65,insufficient_funds,insufficient_funds,retry_72h,False,retry_24h,True
TXN103407,4798.91,network_error,network_error,retry_immediate,True,retry_24h,False
TXN103408,1777.24,bank_timeout,bank_timeout,retry_2h,False,retry_24h,False
TXN103409,3796.3,insufficient_funds,insufficient_funds,retry_72h,False,retry_24h,False
TXN103410,1414.71,network_error,network_error,retry_immediate,False,retry_24h,True
TXN103411,2699.89,bank_timeout,bank_timeout,retry_2h,True,retry_24h,False
TXN103412,2013.32,network_error,network_error,retry_immediate,True,retry_24h,True
TXN103413,3387.7,bank_timeout,bank_timeout,retry_2h,False,retry_24h,False
TXN103414,4368.23,insufficient_funds,insufficient_funds,retry_72h,True,retry_24h,False
TXN103415,2933.86,insufficient_funds,insufficient_funds,retry_72h,False,retry_24h,False
TXN103416,4928.87,fraud_false_positive,fraud_false_positive,suggest_alt_payment_method,False,retry_24h,False
TXN103417,4373.83,insufficient_funds,insufficient_funds,retry_72h,False,retry_24h,False
TXN103418,3224.09,bank_timeout,bank_timeout,retry_2h,False,retry_24h,True
TXN103419,910.77,network_error,network_error,retry_immediate,True,retry_24h,True
TXN103420,2175.57,network_error,network_error,retry_immediate,False,retry_24h,True
TXN103421,973.18,insufficient_funds,insufficient_funds,retry_72h,False,retry_24h,False
TXN103422,1384.79,network_error,network_error,retry_24h,True,retry_24h,False
TXN103423,980.34,bank_timeout,bank_timeout,retry_2h,False,retry_24h,True
TXN103424,1241.98,insufficient_funds,insufficient_funds,retry_72h,True,retry_24h,True
TXN103425,2794.0,network_error,network_error,retry_immediate,True,retry_24h,True
TXN103426,959.32,network_error,network_error,retry_immediate,False,retry_24h,False
TXN103427,2237.78,fraud_false_positive,fraud_false_positive,suggest_alt_payment_method,True,retry_24h,False
TXN103428,3108.65,bank_timeout,bank_timeout,retry_24h,False,retry_24h,True
TXN103429,2627.56,fraud_false_positive,insufficient_funds,retry_72h,False,retry_24h,False
TXN103430,1688.49,network_error,network_error,retry_immediate,False,retry_24h,False
TXN103431,3531.35,bank_timeout,bank_timeout,retry_2h,False,retry_24h,False
TXN103432,1468.79,bank_timeout,bank_timeout,retry_2h,False,retry_24h,True
TXN103433,1291.81,insufficient_funds,insufficient_funds,retry_72h,False,retry_24h,False
TXN103434,2805.69,insufficient_funds,insufficient_funds,retry_72h,True,retry_24h,False
TXN103435,929.93,bank_timeout,network_error,suggest_alt_payment_method,False,retry_24h,False
TXN103436,1947.0,insufficient_funds,insufficient_funds,retry_72h,False,retry_24h,False
TXN103437,1829.44,insufficient_funds,insufficient_funds,retry_72h,False,retry_24h,False
TXN103438,5362.45,network_error,network_error,retry_immediate,True,retry_24h,False
TXN103439,1705.98,insufficient_funds,insufficient_funds,retry_72h,True,retry_24h,False
TXN103440,4742.11,bank_timeout,bank_timeout,retry_2h,True,retry_24h,True
TXN103441,2089.31,bank_timeout,bank_timeout,retry_2h,True,retry_24h,False
TXN103442,2508.15,insufficient_funds,insufficient_funds,retry_72h,False,retry_24h,True
TXN103443,2068.17,network_error,network_error,retry_immediate,False,retry_24h,True
TXN103444,3870.7,fraud_false_positive,fraud_false_positive,suggest_alt_payment_method,False,retry_24h,False
TXN103445,991.93,network_error,network_error,retry_immediate,True,retry_24h,False
TXN103446,5191.6,insufficient_funds,insufficient_funds,retry_72h,True,retry_24h,True
TXN103447,4575.91,insufficient_funds,insufficient_funds,retry_72h,False,retry_24h,True
TXN103448,1654.26,fraud_false_positive,fraud_false_positive,suggest_alt_payment_method,True,retry_24h,False
TXN103449,1273.88,bank_timeout,bank_timeout,suggest_alt_payment_method,False,retry_24h,False
TXN103450,2709.18,bank_timeout,bank_timeout,retry_2h,False,retry_24h,True
TXN103451,5555.38,fraud_false_positive,fraud_false_positive,suggest_alt_payment_method,True,retry_24h,True
TXN103452,3476.85,insufficient_funds,insufficient_funds,retry_72h,False,retry_24h,False
TXN103453,3237.07,insufficient_funds,insufficient_funds,retry_72h,False,retry_24h,True
TXN103454,2563.23,bank_timeout,bank_timeout,suggest_alt_payment_method,False,retry_24h,False
TXN103455,4470.05,insufficient_funds,insufficient_funds,retry_72h,False,retry_24h,False
TXN103456,2768.97,insufficient_funds,insufficient_funds,retry_72h,True,retry_24h,True
TXN103457,564.9,fraud_false_positive,fraud_false_positive,suggest_alt_payment_method,True,retry_24h,False
TXN103458,2069.95,bank_timeout,bank_timeout,retry_2h,False,retry_24h,True
TXN103459,2797.21,network_error,network_error,retry_immediate,False,retry_24h,True
TXN103460,2066.03,insufficient_funds,insufficient_funds,retry_72h,True,retry_24h,False
TXN103461,3577.17,insufficient_funds,insufficient_funds,retry_72h,False,retry_24h,True
TXN103462,20190.23,fraud_false_positive,fraud_false_positive,suggest_alt_payment_method,True,retry_24h,False
TXN103463,2006.57,network_error,network_error,retry_immediate,True,retry_24h,False
TXN103464,6366.18,fraud_false_positive,fraud_false_positive,suggest_alt_payment_method,False,retry_24h,False
TXN103465,6750.69,fraud_false_positive,fraud_false_positive,suggest_alt_payment_method,True,retry_24h,False
TXN103466,893.37,insufficient_funds,insufficient_funds,retry_72h,False,retry_24h,True
TXN103467,2702.19,insufficient_funds,insufficient_funds,retry_72h,True,retry_24h,False
TXN103468,9338.12,insufficient_funds,insufficient_funds,retry_72h,False,retry_24h,False
TXN103469,2779.12,network_error,network_error,retry_immediate,False,retry_24h,False
TXN103470,8143.95,fraud_false_positive,fraud_false_positive,suggest_alt_payment_method,False,retry_24h,False
TXN103471,1635.95,network_error,network_error,retry_immediate,False,retry_24h,False
TXN103472,4380.15,insufficient_funds,insufficient_funds,retry_72h,True,retry_24h,False
TXN103473,1011.16,bank_timeout,bank_timeout,retry_2h,True,retry_24h,True
TXN103474,1081.62,network_error,network_error,retry_immediate,False,retry_24h,False
TXN103475,2297.58,bank_timeout,bank_timeout,retry_2h,True,retry_24h,False
TXN103476,628.82,network_error,network_error,retry_immediate,False,retry_24h,True
TXN103477,1675.44,insufficient_funds,insufficient_funds,suggest_alt_payment_method,True,retry_24h,False
TXN103478,1432.35,bank_timeout,bank_timeout,retry_2h,True,retry_24h,True
TXN103479,3031.36,insufficient_funds,fraud_false_positive,suggest_alt_payment_method,False,retry_24h,False
TXN103480,2982.87,insufficient_funds,insufficient_funds,retry_72h,False,retry_24h,False
TXN103481,1720.97,insufficient_funds,insufficient_funds,retry_72h,False,retry_24h,False
TXN103482,1089.25,network_error,network_error,retry_immediate,True,retry_24h,False
TXN103483,531.37,insufficient_funds,insufficient_funds,retry_72h,False,retry_24h,False
TXN103484,4444.21,fraud_false_positive,fraud_false_positive,suggest_alt_payment_method,False,retry_24h,False
TXN103485,16844.8,fraud_false_positive,fraud_false_positive,suggest_alt_payment_method,True,retry_24h,False
TXN103486,2173.36,insufficient_funds,insufficient_funds,retry_72h,False,retry_24h,True
TXN103487,1076.82,bank_timeout,bank_timeout,retry_2h,True,retry_24h,False
TXN103488,2962.67,insufficient_funds,insufficient_funds,retry_72h,True,retry_24h,True
TXN103489,1939.83,network_error,network_error,retry_immediate,False,retry_24h,False
TXN103490,4910.82,insufficient_funds,insufficient_funds,retry_72h,False,retry_24h,False
TXN103491,4334.56,insufficient_funds,insufficient_funds,retry_72h,True,retry_24h,False
TXN103492,554.43,network_error,network_error,retry_immediate,False,retry_24h,False
TXN103493,1369.6,network_error,network_error,retry_immediate,True,retry_24h,True
TXN103494,2946.32,insufficient_funds,insufficient_funds,retry_72h,False,retry_24h,False
TXN103495,1103.46,network_error,network_error,retry_immediate,False,retry_24h,True
TXN103496,5729.38,fraud_false_positive,fraud_false_positive,suggest_alt_payment_method,True,retry_24h,False
TXN103497,1585.0,insufficient_funds,insufficient_funds,retry_72h,True,retry_24h,True
TXN103498,3190.98,fraud_false_positive,fraud_false_positive,suggest_alt_payment_method,True,retry_24h,False
TXN103499,2855.05,insufficient_funds,insufficient_funds,retry_72h,False,retry_24h,False
TXN103500,1228.8,network_error,network_error,retry_immediate,False,retry_24h,True
TXN103501,4120.71,insufficient_funds,insufficient_funds,retry_72h,True,retry_24h,False
TXN103502,1095.71,network_error,network_error,retry_immediate,True,retry_24h,False
TXN103503,7162.45,fraud_false_positive,fraud_false_positive,suggest_alt_payment_method,True,retry_24h,False
TXN103504,1069.3,bank_timeout,bank_timeout,retry_2h,False,retry_24h,False
TXN103505,1314.76,insufficient_funds,insufficient_funds,retry_72h,False,retry_24h,False
TXN103506,1267.98,network_error,network_error,retry_immediate,True,retry_24h,True
TXN103507,3451.43,insufficient_funds,insufficient_funds,retry_72h,True,retry_24h,False
TXN103508,1295.36,bank_timeout,bank_timeout,retry_24h,False,retry_24h,True
TXN103509,1219.09,network_error,network_error,retry_immediate,True,retry_24h,True
TXN103510,4393.0,insufficient_funds,insufficient_funds,suggest_alt_payment_method,True,retry_24h,True
TXN103511,11550.35,insufficient_funds,insufficient_funds,retry_72h,False,retry_24h,False
TXN103512,609.97,insufficient_funds,insufficient_funds,retry_72h,False,retry_24h,True
TXN103513,1072.1,insufficient_funds,insufficient_funds,retry_72h,False,retry_24h,False
TXN103514,5325.66,fraud_false_positive,fraud_false_positive,suggest_alt_payment_method,True,retry_24h,False
TXN103515,1127.6,bank_timeout,bank_timeout,retry_2h,False,retry_24h,True
TXN103516,3062.14,insufficient_funds,insufficient_funds,retry_72h,False,retry_24h,True
TXN103517,889.03,insufficient_funds,insufficient_funds,retry_72h,True,retry_24h,False
TXN103518,1832.9,network_error,network_error,retry_immediate,True,retry_24h,True
TXN103519,995.3,bank_timeout,bank_timeout,retry_2h,False,retry_24h,False
TXN103520,1784.0,insufficient_funds,insufficient_funds,retry_72h,True,retry_24h,False
TXN103521,5506.71,insufficient_funds,insufficient_funds,retry_72h,False,retry_24h,False
TXN103522,7500.8,fraud_false_positive,fraud_false_positive,suggest_alt_payment_method,False,retry_24h,False
TXN103523,2982.24,fraud_false_positive,fraud_false_positive,suggest_alt_payment_method,True,retry_24h,False
TXN103524,3188.51,insufficient_funds,insufficient_funds,retry_72h,True,retry_24h,False
TXN103525,2567.99,insufficient_funds,insufficient_funds,retry_72h,False,retry_24h,False
TXN103526,1478.91,bank_timeout,bank_timeout,retry_2h,False,retry_24h,True
TXN103527,5492.04,insufficient_funds,insufficient_funds,suggest_alt_payment_method,True,retry_24h,False
TXN103528,2078.97,bank_timeout,bank_timeout,retry_2h,True,retry_24h,False
TXN103529,875.08,network_error,network_error,retry_immediate,True,retry_24h,True
TXN103530,2317.39,bank_timeout,bank_timeout,retry_2h,True,retry_24h,False
TXN103531,1249.66,insufficient_funds,insufficient_funds,retry_72h,False,retry_24h,True
TXN103532,3677.68,fraud_false_positive,fraud_false_positive,suggest_alt_payment_method,False,retry_24h,False
TXN103533,2276.79,bank_timeout,bank_timeout,retry_2h,True,retry_24h,False
TXN103534,5128.9,fraud_false_positive,fraud_false_positive,suggest_alt_payment_method,False,retry_24h,True
TXN103535,486.2,bank_timeout,bank_timeout,retry_2h,False,retry_24h,False
TXN103536,1170.46,bank_timeout,bank_timeout,retry_2h,False,retry_24h,True
TXN103537,1772.36,insufficient_funds,insufficient_funds,retry_72h,False,retry_24h,False
TXN103538,1295.67,fraud_false_positive,fraud_false_positive,suggest_alt_payment_method,False,retry_24h,True
TXN103539,3800.53,insufficient_funds,insufficient_funds,suggest_alt_payment_method,False,retry_24h,False
TXN103540,4720.9,fraud_false_positive,fraud_false_positive,suggest_alt_payment_method,False,retry_24h,False
TXN103541,263.54,insufficient_funds,insufficient_funds,retry_72h,True,retry_24h,True
TXN103542,7315.43,insufficient_funds,insufficient_funds,retry_72h,False,retry_24h,True
TXN103543,2435.16,insufficient_funds,insufficient_funds,retry_72h,False,retry_24h,False
TXN103544,5972.46,insufficient_funds,insufficient_funds,retry_72h,False,retry_24h,False
TXN103545,1510.58,insufficient_funds,insufficient_funds,retry_72h,True,retry_24h,False
TXN103546,2733.82,insufficient_funds,insufficient_funds,retry_72h,True,retry_24h,True
TXN103547,155.79,network_error,network_error,retry_immediate,True,retry_24h,True
TXN103548,3166.33,bank_timeout,bank_timeout,retry_2h,True,retry_24h,False
TXN103549,6433.91,insufficient_funds,insufficient_funds,retry_72h,False,retry_24h,True
TXN103550,1739.1,network_error,network_error,retry_immediate,False,retry_24h,False
TXN103551,2079.15,insufficient_funds,insufficient_funds,retry_72h,True,retry_24h,False
TXN103552,4153.68,insufficient_funds,insufficient_funds,retry_72h,False,retry_24h,False
TXN103553,4080.63,insufficient_funds,insufficient_funds,retry_72h,False,retry_24h,False
TXN103554,3206.93,bank_timeout,bank_timeout,retry_2h,True,retry_24h,True
TXN103555,760.6,bank_timeout,bank_timeout,retry_2h,False,retry_24h,False
TXN103556,3321.47,network_error,network_error,retry_immediate,True,retry_24h,False
TXN103557,2095.31,insufficient_funds,insufficient_funds,retry_72h,False,retry_24h,False
TXN103558,5337.34,insufficient_funds,insufficient_funds,retry_72h,False,retry_24h,True
TXN103559,4776.14,fraud_false_positive,fraud_false_positive,suggest_alt_payment_method,False,retry_24h,False
TXN103560,10139.45,insufficient_funds,insufficient_funds,retry_72h,False,retry_24h,True
TXN103561,5454.23,network_error,network_error,retry_immediate,False,retry_24h,False
TXN103562,3060.8,bank_timeout,bank_timeout,retry_2h,False,retry_24h,True
TXN103563,411.73,network_error,network_error,retry_immediate,False,retry_24h,True
TXN103564,3958.31,fraud_false_positive,fraud_false_positive,suggest_alt_payment_method,False,retry_24h,False
TXN103565,711.07,network_error,network_error,retry_immediate,True,retry_24h,False
TXN103566,491.67,insufficient_funds,insufficient_funds,retry_72h,False,retry_24h,True
TXN103567,9352.83,insufficient_funds,insufficient_funds,retry_72h,False,retry_24h,False
TXN103568,503.94,fraud_false_positive,fraud_false_positive,suggest_alt_payment_method,True,retry_24h,True
TXN103569,277.53,network_error,network_error,retry_immediate,False,retry_24h,False
TXN103570,892.02,network_error,network_error,retry_immediate,True,retry_24h,False
TXN103571,967.43,network_error,network_error,retry_immediate,False,retry_24h,False
TXN103572,3606.9,bank_timeout,bank_timeout,suggest_alt_payment_method,False,retry_24h,False
TXN103573,2155.83,network_error,network_error,retry_immediate,True,retry_24h,True
TXN103574,7857.89,insufficient_funds,insufficient_funds,retry_72h,True,retry_24h,False
TXN103575,3197.42,fraud_false_positive,fraud_false_positive,suggest_alt_payment_method,False,retry_24h,False
TXN103576,3239.22,network_error,network_error,retry_immediate,True,retry_24h,True
TXN103577,686.68,network_error,bank_timeout,retry_2h,False,retry_24h,False
TXN103578,2305.03,insufficient_funds,insufficient_funds,retry_72h,True,retry_24h,False
TXN103579,1853.46,insufficient_funds,insufficient_funds,retry_72h,False,retry_24h,True
TXN103580,4615.35,fraud_false_positive,fraud_false_positive,suggest_alt_payment_method,True,retry_24h,True
TXN103581,1045.14,network_error,network_error,retry_immediate,False,retry_24h,True
TXN103582,4211.83,insufficient_funds,insufficient_funds,retry_72h,False,retry_24h,False
TXN103583,8024.84,insufficient_funds,insufficient_funds,retry_72h,False,retry_24h,False
TXN103584,7413.06,fraud_false_positive,fraud_false_positive,suggest_alt_payment_method,False,retry_24h,False
TXN103585,1310.56,bank_timeout,bank_timeout,retry_2h,True,retry_24h,False
TXN103586,1289.28,network_error,bank_timeout,retry_2h,True,retry_24h,True
TXN103587,2153.83,insufficient_funds,insufficient_funds,retry_72h,False,retry_24h,False
TXN103588,6060.31,insufficient_funds,insufficient_funds,retry_72h,False,retry_24h,False
TXN103589,699.48,bank_timeout,bank_timeout,retry_2h,True,retry_24h,False
TXN103590,2074.88,bank_timeout,bank_timeout,retry_2h,True,retry_24h,False
TXN103591,901.39,bank_timeout,bank_timeout,retry_2h,False,retry_24h,True
TXN103592,4019.28,insufficient_funds,insufficient_funds,retry_72h,False,retry_24h,False
TXN103593,8811.46,insufficient_funds,insufficient_funds,retry_72h,False,retry_24h,False
TXN103594,7990.91,fraud_false_positive,fraud_false_positive,suggest_alt_payment_method,False,retry_24h,False
TXN103595,1837.68,network_error,network_error,retry_immediate,True,retry_24h,True
TXN103596,1916.24,network_error,network_error,retry_immediate,False,retry_24h,True
TXN103597,235.14,bank_timeout,bank_timeout,retry_2h,False,retry_24h,True
TXN103598,993.91,bank_timeout,bank_timeout,retry_2h,False,retry_24h,False
TXN103599,1738.61,insufficient_funds,insufficient_funds,retry_72h,True,retry_24h,False
TXN103600,488.86,network_error,network_error,retry_immediate,True,retry_24h,True
TXN103601,2357.33,insufficient_funds,insufficient_funds,retry_72h,True,retry_24h,False
TXN103602,3176.46,bank_timeout,bank_timeout,retry_2h,True,retry_24h,False
TXN103603,3021.01,insufficient_funds,insufficient_funds,retry_72h,False,retry_24h,False
TXN103604,1879.35,network_error,network_error,retry_immediate,False,retry_24h,True
TXN103605,526.86,network_error,network_error,retry_immediate,False,retry_24h,False
TXN103606,64.55,bank_timeout,bank_timeout,retry_2h,True,retry_24h,False
TXN103607,1455.96,bank_timeout,bank_timeout,retry_2h,True,retry_24h,False
TXN103608,2321.17,insufficient_funds,insufficient_funds,retry_72h,True,retry_24h,False
TXN103609,1694.5,bank_timeout,bank_timeout,retry_2h,True,retry_24h,False
TXN103610,3517.24,network_error,network_error,retry_immediate,True,retry_24h,False
TXN103611,1512.67,insufficient_funds,insufficient_funds,retry_72h,True,retry_24h,False
TXN103612,4163.54,fraud_false_positive,fraud_false_positive,suggest_alt_payment_method,False,retry_24h,False
TXN103613,1924.31,insufficient_funds,insufficient_funds,suggest_alt_payment_method,False,retry_24h,False
TXN103614,7270.88,insufficient_funds,insufficient_funds,retry_72h,False,retry_24h,True
TXN103615,1621.45,insufficient_funds,insufficient_funds,retry_72h,False,retry_24h,False
TXN103616,6103.1,insufficient_funds,insufficient_funds,retry_72h,False,retry_24h,True
TXN103617,4401.5,insufficient_funds,insufficient_funds,retry_72h,False,retry_24h,False
TXN103618,2392.75,bank_timeout,bank_timeout,retry_24h,False,retry_24h,True
TXN103619,529.26,bank_timeout,bank_timeout,retry_2h,False,retry_24h,True
TXN103620,1941.12,network_error,network_error,retry_immediate,True,retry_24h,False
TXN103621,2439.53,insufficient_funds,insufficient_funds,retry_72h,False,retry_24h,False
TXN103622,2713.77,bank_timeout,bank_timeout,retry_2h,True,retry_24h,True
TXN103623,5181.45,insufficient_funds,insufficient_funds,retry_72h,True,retry_24h,False
TXN103624,6006.78,insufficient_funds,insufficient_funds,retry_72h,True,retry_24h,False
TXN103625,4397.85,insufficient_funds,insufficient_funds,retry_72h,True,retry_24h,False
TXN103626,1909.55,insufficient_funds,insufficient_funds,retry_72h,False,retry_24h,False
TXN103627,14380.32,fraud_false_positive,fraud_false_positive,suggest_alt_payment_method,True,retry_24h,False
TXN103628,2663.5,bank_timeout,bank_timeout,retry_24h,False,retry_24h,True
TXN103629,3417.25,insufficient_funds,insufficient_funds,retry_72h,False,retry_24h,False
TXN103630,833.7,bank_timeout,bank_timeout,retry_2h,False,retry_24h,True
TXN103631,1827.94,insufficient_funds,insufficient_funds,suggest_alt_payment_method,True,retry_24h,False
TXN103632,1776.18,network_error,network_error,retry_immediate,False,retry_24h,True
TXN103633,6476.27,insufficient_funds,insufficient_funds,retry_72h,False,retry_24h,True
TXN103634,1519.77,network_error,network_error,retry_immediate,False,retry_24h,False
TXN103635,1469.28,insufficient_funds,insufficient_funds,retry_72h,True,retry_24h,False
TXN103636,2272.16,network_error,network_error,retry_immediate,True,retry_24h,False
TXN103637,2773.98,insufficient_funds,insufficient_funds,retry_72h,True,retry_24h,False
TXN103638,467.09,fraud_false_positive,fraud_false_positive,suggest_alt_payment_method,True,retry_24h,True
TXN103639,3321.04,insufficient_funds,insufficient_funds,retry_72h,False,retry_24h,False
TXN103640,3669.99,fraud_false_positive,fraud_false_positive,suggest_alt_payment_method,False,retry_24h,False
TXN103641,2557.27,fraud_false_positive,fraud_false_positive,suggest_alt_payment_method,False,retry_24h,False
TXN103642,5214.14,fraud_false_positive,fraud_false_positive,suggest_alt_payment_method,False,retry_24h,True
TXN103643,8166.34,insufficient_funds,insufficient_funds,retry_72h,False,retry_24h,True
TXN103644,3735.24,insufficient_funds,insufficient_funds,retry_72h,True,retry_24h,True
TXN103645,1947.42,bank_timeout,bank_timeout,retry_2h,True,retry_24h,True
TXN103646,2361.02,fraud_false_positive,fraud_false_positive,suggest_alt_payment_method,False,retry_24h,False
TXN103647,621.74,fraud_false_positive,fraud_false_positive,suggest_alt_payment_method,False,retry_24h,False
TXN103648,887.17,network_error,network_error,retry_immediate,True,retry_24h,True
TXN103649,3347.95,insufficient_funds,insufficient_funds,retry_72h,True,retry_24h,False
TXN103650,11621.45,fraud_false_positive,fraud_false_positive,suggest_alt_payment_method,True,retry_24h,True
TXN103651,9787.25,fraud_false_positive,fraud_false_positive,suggest_alt_payment_method,False,retry_24h,False
TXN103652,1708.29,network_error,network_error,retry_immediate,False,retry_24h,True
TXN103653,3295.3,bank_timeout,bank_timeout,retry_2h,True,retry_24h,False
TXN103654,3223.2,fraud_false_positive,fraud_false_positive,suggest_alt_payment_method,True,retry_24h,False
TXN103655,8074.23,insufficient_funds,insufficient_funds,retry_72h,False,retry_24h,False
TXN103656,523.52,bank_timeout,bank_timeout,retry_2h,True,retry_24h,False
TXN103657,1047.35,network_error,network_error,retry_immediate,False,retry_24h,False
TXN103658,1674.78,insufficient_funds,insufficient_funds,retry_72h,False,retry_24h,True
TXN103659,692.89,network_error,network_error,retry_immediate,True,retry_24h,True
TXN103660,4460.3,bank_timeout,bank_timeout,retry_24h,False,retry_24h,False
TXN103661,6820.6,insufficient_funds,insufficient_funds,suggest_alt_payment_method,False,retry_24h,False
TXN103662,2031.71,bank_timeout,bank_timeout,retry_2h,False,retry_24h,False
TXN103663,1338.57,bank_timeout,bank_timeout,retry_24h,False,retry_24h,False
TXN103664,2860.02,insufficient_funds,insufficient_funds,retry_72h,True,retry_24h,False
TXN103665,1042.37,bank_timeout,bank_timeout,retry_2h,True,retry_24h,True
TXN103666,1682.9,network_error,network_error,retry_immediate,True,retry_24h,True
TXN103667,1343.19,network_error,network_error,retry_immediate,True,retry_24h,False
TXN103668,13366.63,fraud_false_positive,fraud_false_positive,suggest_alt_payment_method,True,retry_24h,False
TXN103669,2088.73,bank_timeout,bank_timeout,retry_2h,True,retry_24h,True
TXN103670,2456.55,fraud_false_positive,fraud_false_positive,suggest_alt_payment_method,False,retry_24h,False
TXN103671,2110.66,network_error,network_error,retry_immediate,False,retry_24h,False
TXN103672,4139.01,insufficient_funds,insufficient_funds,retry_72h,False,retry_24h,False
TXN103673,8386.24,insufficient_funds,insufficient_funds,retry_72h,False,retry_24h,False
TXN103674,4725.42,insufficient_funds,insufficient_funds,retry_72h,False,retry_24h,False
TXN103675,4548.64,insufficient_funds,insufficient_funds,retry_72h,False,retry_24h,False
TXN103676,3746.27,insufficient_funds,insufficient_funds,retry_72h,False,retry_24h,False
TXN103677,678.11,bank_timeout,bank_timeout,suggest_alt_payment_method,False,retry_24h,False
TXN103678,8201.27,fraud_false_positive,fraud_false_positive,suggest_alt_payment_method,True,retry_24h,False
TXN103679,1396.3,network_error,network_error,retry_immediate,True,retry_24h,False
TXN103680,2105.28,insufficient_funds,insufficient_funds,suggest_alt_payment_method,False,retry_24h,False
TXN103681,5068.44,insufficient_funds,insufficient_funds,retry_72h,False,retry_24h,False
TXN103682,1349.86,fraud_false_positive,fraud_false_positive,suggest_alt_payment_method,False,retry_24h,False
TXN103683,3244.41,network_error,network_error,retry_immediate,True,retry_24h,False
TXN103684,4058.25,insufficient_funds,insufficient_funds,suggest_alt_payment_method,True,retry_24h,False
TXN103685,4108.26,insufficient_funds,insufficient_funds,retry_72h,False,retry_24h,False
TXN103686,4423.87,insufficient_funds,insufficient_funds,retry_72h,False,retry_24h,False
TXN103687,1764.95,network_error,network_error,retry_immediate,True,retry_24h,False
TXN103688,2689.6,insufficient_funds,insufficient_funds,retry_72h,True,retry_24h,False
TXN103689,2554.16,insufficient_funds,insufficient_funds,retry_72h,False,retry_24h,False
TXN103690,1652.77,network_error,network_error,retry_immediate,True,retry_24h,False
TXN103691,1704.62,fraud_false_positive,fraud_false_positive,suggest_alt_payment_method,True,retry_24h,False
TXN103692,2091.6,insufficient_funds,insufficient_funds,retry_72h,False,retry_24h,False
TXN103693,4535.43,insufficient_funds,insufficient_funds,retry_72h,False,retry_24h,False
TXN103694,394.63,network_error,network_error,retry_immediate,True,retry_24h,False
TXN103695,2318.98,fraud_false_positive,fraud_false_positive,suggest_alt_payment_method,False,retry_24h,False
TXN103696,3353.44,insufficient_funds,insufficient_funds,retry_72h,False,retry_24h,False
TXN103697,1867.46,network_error,network_error,retry_immediate,True,retry_24h,True
TXN103698,1994.87,insufficient_funds,insufficient_funds,retry_72h,False,retry_24h,False
TXN103699,5591.06,insufficient_funds,insufficient_funds,retry_72h,True,retry_24h,False
TXN103700,3018.51,bank_timeout,bank_timeout,retry_2h,True,retry_24h,True
TXN103701,2670.74,bank_timeout,bank_timeout,retry_2h,False,retry_24h,False
TXN103702,3806.71,insufficient_funds,insufficient_funds,retry_72h,False,retry_24h,True
TXN103703,2512.49,bank_timeout,bank_timeout,retry_2h,True,retry_24h,False
TXN103704,2818.68,insufficient_funds,insufficient_funds,retry_72h,False,retry_24h,False
TXN103705,1066.24,network_error,network_error,retry_immediate,True,retry_24h,False
TXN103706,3877.33,insufficient_funds,insufficient_funds,suggest_alt_payment_method,False,retry_24h,False
TXN103707,664.28,fraud_false_positive,fraud_false_positive,suggest_alt_payment_method,True,retry_24h,False
TXN103708,3318.34,insufficient_funds,insufficient_funds,retry_72h,False,retry_24h,True
TXN103709,2784.64,insufficient_funds,insufficient_funds,retry_72h,True,retry_24h,False
TXN103710,1741.17,insufficient_funds,insufficient_funds,retry_72h,False,retry_24h,False
TXN103711,2335.47,insufficient_funds,insufficient_funds,suggest_alt_payment_method,False,retry_24h,False
TXN103712,2628.54,insufficient_funds,insufficient_funds,retry_72h,False,retry_24h,False
TXN103713,13764.64,fraud_false_positive,fraud_false_positive,suggest_alt_payment_method,False,retry_24h,False
TXN103714,1809.77,insufficient_funds,insufficient_funds,retry_72h,False,retry_24h,False
TXN103715,7362.19,fraud_false_positive,fraud_false_positive,suggest_alt_payment_method,True,retry_24h,True
TXN103716,2577.09,insufficient_funds,insufficient_funds,retry_72h,True,retry_24h,False
TXN103717,3689.04,insufficient_funds,insufficient_funds,retry_72h,False,retry_24h,False
TXN103718,4085.84,insufficient_funds,insufficient_funds,suggest_alt_payment_method,False,retry_24h,False
TXN103719,7008.82,fraud_false_positive,fraud_false_positive,suggest_alt_payment_method,True,retry_24h,True
TXN103720,1264.54,network_error,network_error,retry_immediate,True,retry_24h,False
TXN103721,3544.74,insufficient_funds,insufficient_funds,suggest_alt_payment_method,True,retry_24h,True
TXN103722,1760.22,bank_timeout,bank_timeout,retry_2h,True,retry_24h,False
TXN103723,3410.67,fraud_false_positive,fraud_false_positive,suggest_alt_payment_method,True,retry_24h,False
TXN103724,1621.16,insufficient_funds,insufficient_funds,retry_72h,False,retry_24h,False
TXN103725,1347.52,network_error,network_error,suggest_alt_payment_method,False,retry_24h,False
TXN103726,4576.54,network_error,network_error,retry_immediate,True,retry_24h,False
TXN103727,786.49,network_error,network_error,retry_immediate,True,retry_24h,False
TXN103728,1556.24,network_error,network_error,retry_immediate,True,retry_24h,True
TXN103729,1138.03,bank_timeout,network_error,retry_immediate,False,retry_24h,True
TXN103730,2876.8,insufficient_funds,insufficient_funds,retry_72h,False,retry_24h,False
TXN103731,875.01,insufficient_funds,insufficient_funds,retry_72h,False,retry_24h,False
TXN103732,4022.61,fraud_false_positive,fraud_false_positive,suggest_alt_payment_method,False,retry_24h,False
TXN103733,1793.33,insufficient_funds,insufficient_funds,retry_72h,False,retry_24h,False
TXN103734,12625.77,insufficient_funds,insufficient_funds,retry_72h,True,retry_24h,False
TXN103735,4956.33,network_error,network_error,retry_immediate,True,retry_24h,False
TXN103736,5456.12,insufficient_funds,insufficient_funds,retry_72h,False,retry_24h,False
TXN103737,2959.63,insufficient_funds,insufficient_funds,retry_72h,True,retry_24h,False
TXN103738,2639.28,network_error,network_error,retry_immediate,False,retry_24h,False
TXN103739,1843.7,fraud_false_positive,fraud_false_positive,suggest_alt_payment_method,False,retry_24h,False
TXN103740,2969.5,insufficient_funds,insufficient_funds,retry_72h,False,retry_24h,False
TXN103741,1817.67,network_error,network_error,retry_immediate,True,retry_24h,False
TXN103742,753.01,bank_timeout,bank_timeout,retry_2h,False,retry_24h,True
TXN103743,1631.66,network_error,network_error,retry_immediate,True,retry_24h,False
TXN103744,630.18,bank_timeout,bank_timeout,retry_2h,True,retry_24h,False
TXN103745,3390.34,insufficient_funds,insufficient_funds,retry_72h,False,retry_24h,False
TXN103746,1968.69,network_error,network_error,retry_immediate,False,retry_24h,False
TXN103747,5098.61,bank_timeout,bank_timeout,retry_2h,False,retry_24h,True
TXN103748,2010.99,insufficient_funds,insufficient_funds,retry_72h,True,retry_24h,False
TXN103749,1047.1,network_error,network_error,retry_immediate,True,retry_24h,True
TXN103750,3524.08,network_error,network_error,retry_immediate,False,retry_24h,True
TXN103751,1377.93,bank_timeout,bank_timeout,suggest_alt_payment_method,True,retry_24h,True
TXN103752,463.37,network_error,network_error,retry_immediate,False,retry_24h,False
TXN103753,1277.39,network_error,network_error,retry_immediate,True,retry_24h,False
TXN103754,6625.46,network_error,network_error,retry_immediate,False,retry_24h,False
TXN103755,8830.11,insufficient_funds,insufficient_funds,retry_72h,True,retry_24h,False
TXN103756,1140.87,bank_timeout,network_error,retry_immediate,False,retry_24h,True
TXN103757,1697.35,insufficient_funds,insufficient_funds,retry_72h,True,retry_24h,False
TXN103758,556.14,bank_timeout,bank_timeout,retry_2h,False,retry_24h,True
TXN103759,1421.26,network_error,network_error,retry_immediate,False,retry_24h,True
TXN103760,1467.87,insufficient_funds,insufficient_funds,retry_72h,False,retry_24h,False
TXN103761,831.07,network_error,network_error,retry_immediate,False,retry_24h,False
TXN103762,6138.5,bank_timeout,bank_timeout,retry_2h,False,retry_24h,False
TXN103763,7809.63,fraud_false_positive,fraud_false_positive,suggest_alt_payment_method,False,retry_24h,True
TXN103764,560.77,bank_timeout,bank_timeout,retry_2h,True,retry_24h,False
TXN103765,2847.42,network_error,network_error,retry_immediate,True,retry_24h,False
TXN103766,3494.57,network_error,network_error,retry_immediate,True,retry_24h,False
TXN103767,2452.62,insufficient_funds,insufficient_funds,retry_72h,False,retry_24h,False
TXN103768,8604.3,insufficient_funds,insufficient_funds,retry_72h,False,retry_24h,True
TXN103769,3332.92,bank_timeout,bank_timeout,retry_2h,False,retry_24h,False
TXN103770,3481.31,network_error,network_error,retry_immediate,True,retry_24h,True
TXN103771,1204.55,insufficient_funds,insufficient_funds,retry_72h,True,retry_24h,True
TXN103772,4584.78,bank_timeout,bank_timeout,retry_2h,False,retry_24h,False
TXN103773,7286.1,insufficient_funds,insufficient_funds,retry_72h,False,retry_24h,False
TXN103774,2449.62,insufficient_funds,insufficient_funds,retry_72h,False,retry_24h,False
TXN103775,4149.38,insufficient_funds,insufficient_funds,suggest_alt_payment_method,False,retry_24h,False
TXN103776,9615.29,fraud_false_positive,fraud_false_positive,suggest_alt_payment_method,False,retry_24h,False
TXN103777,5063.88,network_error,network_error,retry_immediate,True,retry_24h,True
TXN103778,1605.96,network_error,network_error,retry_immediate,True,retry_24h,False
TXN103779,6157.36,insufficient_funds,insufficient_funds,retry_72h,False,retry_24h,False
TXN103780,872.11,network_error,network_error,retry_immediate,True,retry_24h,True
TXN103781,415.19,network_error,network_error,retry_immediate,True,retry_24h,True
TXN103782,7723.29,insufficient_funds,insufficient_funds,retry_72h,False,retry_24h,True
TXN103783,2761.56,bank_timeout,bank_timeout,retry_2h,False,retry_24h,False
TXN103784,8267.84,insufficient_funds,insufficient_funds,retry_72h,True,retry_24h,True
TXN103785,543.6,bank_timeout,bank_timeout,retry_2h,False,retry_24h,True
TXN103786,4381.13,fraud_false_positive,fraud_false_positive,suggest_alt_payment_method,True,retry_24h,True
TXN103787,3933.17,insufficient_funds,insufficient_funds,retry_72h,True,retry_24h,False
TXN103788,5192.69,fraud_false_positive,fraud_false_positive,suggest_alt_payment_method,True,retry_24h,False
TXN103789,2393.2,bank_timeout,bank_timeout,retry_2h,True,retry_24h,True
TXN103790,373.26,network_error,bank_timeout,retry_2h,True,retry_24h,False
TXN103791,2520.62,insufficient_funds,insufficient_funds,retry_72h,False,retry_24h,True
TXN103792,1398.44,bank_timeout,bank_timeout,retry_2h,True,retry_24h,True
TXN103793,1460.69,network_error,network_error,retry_immediate,True,retry_24h,False
TXN103794,318.84,network_error,network_error,retry_immediate,True,retry_24h,False
TXN103795,1649.7,fraud_false_positive,fraud_false_positive,suggest_alt_payment_method,False,retry_24h,False
TXN103796,844.53,insufficient_funds,insufficient_funds,retry_72h,False,retry_24h,False
TXN103797,1904.36,network_error,network_error,retry_immediate,True,retry_24h,False
TXN103798,2874.42,fraud_false_positive,fraud_false_positive,suggest_alt_payment_method,True,retry_24h,False
TXN103799,1566.88,fraud_false_positive,fraud_false_positive,suggest_alt_payment_method,False,retry_24h,False
TXN103800,10705.33,insufficient_funds,insufficient_funds,retry_72h,False,retry_24h,False
TXN103801,1492.26,bank_timeout,bank_timeout,retry_2h,False,retry_24h,True
TXN103802,5080.28,insufficient_funds,insufficient_funds,retry_72h,True,retry_24h,False
TXN103803,5439.11,insufficient_funds,insufficient_funds,retry_72h,False,retry_24h,False
TXN103804,4775.21,insufficient_funds,insufficient_funds,retry_72h,True,retry_24h,False
TXN103805,446.1,network_error,network_error,retry_immediate,True,retry_24h,False
TXN103806,8966.64,fraud_false_positive,fraud_false_positive,suggest_alt_payment_method,True,retry_24h,False
TXN103807,170.34,network_error,network_error,retry_immediate,False,retry_24h,True
TXN103808,3183.13,insufficient_funds,insufficient_funds,retry_72h,False,retry_24h,False
TXN103809,1834.03,bank_timeout,bank_timeout,retry_2h,True,retry_24h,True
TXN103810,2323.14,insufficient_funds,insufficient_funds,retry_72h,True,retry_24h,False
TXN103811,243.34,bank_timeout,bank_timeout,retry_24h,True,retry_24h,False
TXN103812,1672.49,fraud_false_positive,fraud_false_positive,suggest_alt_payment_method,True,retry_24h,False
TXN103813,6240.51,fraud_false_positive,fraud_false_positive,suggest_alt_payment_method,True,retry_24h,False
TXN103814,1492.74,network_error,network_error,retry_immediate,False,retry_24h,True
TXN103815,1803.28,insufficient_funds,insufficient_funds,retry_72h,False,retry_24h,False
TXN103816,7629.45,insufficient_funds,insufficient_funds,retry_72h,False,retry_24h,False
TXN103817,1896.25,network_error,bank_timeout,retry_2h,False,retry_24h,False
TXN103818,3109.31,network_error,network_error,retry_immediate,True,retry_24h,True
TXN103819,1268.64,insufficient_funds,insufficient_funds,retry_72h,True,retry_24h,True
TXN103820,838.33,insufficient_funds,insufficient_funds,retry_72h,True,retry_24h,False
TXN103821,2948.8,insufficient_funds,insufficient_funds,retry_72h,False,retry_24h,False
TXN103822,3277.06,network_error,network_error,retry_immediate,False,retry_24h,True
TXN103823,2077.34,bank_timeout,bank_timeout,retry_2h,False,retry_24h,True
TXN103824,991.43,bank_timeout,bank_timeout,retry_2h,True,retry_24h,False
TXN103825,4032.71,insufficient_funds,insufficient_funds,retry_72h,False,retry_24h,False
TXN103826,1710.74,network_error,network_error,retry_immediate,True,retry_24h,False
TXN103827,2455.41,bank_timeout,bank_timeout,retry_2h,True,retry_24h,False
TXN103828,1040.57,insufficient_funds,insufficient_funds,retry_72h,True,retry_24h,False
TXN103829,14211.71,insufficient_funds,insufficient_funds,retry_72h,True,retry_24h,False
TXN103830,2693.25,network_error,bank_timeout,retry_2h,True,retry_24h,False
TXN103831,1017.52,bank_timeout,bank_timeout,retry_24h,True,retry_24h,False
TXN103832,677.9,network_error,network_error,retry_immediate,True,retry_24h,True
TXN103833,1914.92,network_error,network_error,retry_immediate,True,retry_24h,False
TXN103834,5048.21,bank_timeout,bank_timeout,retry_2h,False,retry_24h,True
TXN103835,2560.02,insufficient_funds,insufficient_funds,retry_72h,False,retry_24h,False
TXN103836,1800.26,network_error,network_error,retry_immediate,True,retry_24h,True
TXN103837,1516.76,network_error,network_error,retry_immediate,False,retry_24h,True
TXN103838,1678.71,network_error,network_error,retry_immediate,True,retry_24h,False
TXN103839,1414.24,bank_timeout,bank_timeout,retry_2h,True,retry_24h,True
TXN103840,1094.08,bank_timeout,network_error,retry_immediate,True,retry_24h,True
TXN103841,3704.14,fraud_false_positive,fraud_false_positive,suggest_alt_payment_method,True,retry_24h,False
TXN103842,1640.48,network_error,network_error,retry_immediate,True,retry_24h,False
TXN103843,4026.98,bank_timeout,bank_timeout,retry_2h,False,retry_24h,True
TXN103844,1262.03,network_error,network_error,retry_immediate,False,retry_24h,False
TXN103845,2177.65,network_error,bank_timeout,retry_2h,True,retry_24h,True
TXN103846,5791.38,fraud_false_positive,fraud_false_positive,suggest_alt_payment_method,False,retry_24h,False
TXN103847,1811.61,fraud_false_positive,fraud_false_positive,suggest_alt_payment_method,True,retry_24h,False
TXN103848,2311.67,insufficient_funds,insufficient_funds,retry_72h,True,retry_24h,False
TXN103849,183.9,network_error,network_error,retry_immediate,True,retry_24h,False
TXN103850,503.38,bank_timeout,bank_timeout,retry_2h,False,retry_24h,False
TXN103851,349.13,network_error,network_error,retry_immediate,False,retry_24h,True
TXN103852,1593.64,network_error,network_error,suggest_alt_payment_method,True,retry_24h,False
TXN103853,9616.91,insufficient_funds,insufficient_funds,retry_72h,True,retry_24h,False
TXN103854,3807.62,insufficient_funds,insufficient_funds,retry_72h,False,retry_24h,False
TXN103855,246.87,insufficient_funds,insufficient_funds,retry_72h,True,retry_24h,True
TXN103856,1176.03,bank_timeout,bank_timeout,retry_2h,True,retry_24h,True
TXN103857,4028.02,insufficient_funds,insufficient_funds,retry_72h,True,retry_24h,False
TXN103858,553.66,insufficient_funds,insufficient_funds,retry_72h,False,retry_24h,False
TXN103859,3946.14,insufficient_funds,insufficient_funds,retry_72h,False,retry_24h,True
TXN103860,3614.08,insufficient_funds,insufficient_funds,retry_72h,True,retry_24h,False
TXN103861,2244.66,fraud_false_positive,fraud_false_positive,suggest_alt_payment_method,True,retry_24h,False
TXN103862,1055.53,insufficient_funds,insufficient_funds,retry_72h,False,retry_24h,False
TXN103863,2869.75,insufficient_funds,insufficient_funds,retry_72h,True,retry_24h,False
TXN103864,1250.05,network_error,network_error,retry_immediate,False,retry_24h,True
TXN103865,1983.46,insufficient_funds,insufficient_funds,retry_72h,True,retry_24h,True
TXN103866,435.81,network_error,network_error,retry_immediate,True,retry_24h,False
TXN103867,2974.94,fraud_false_positive,fraud_false_positive,suggest_alt_payment_method,True,retry_24h,False
TXN103868,3045.95,network_error,network_error,retry_immediate,True,retry_24h,False
TXN103869,1130.54,insufficient_funds,insufficient_funds,suggest_alt_payment_method,True,retry_24h,False
TXN103870,2510.8,bank_timeout,bank_timeout,suggest_alt_payment_method,False,retry_24h,False
TXN103871,235.78,bank_timeout,bank_timeout,retry_2h,True,retry_24h,False
TXN103872,2816.67,insufficient_funds,insufficient_funds,retry_72h,True,retry_24h,False
TXN103873,4499.64,fraud_false_positive,fraud_false_positive,suggest_alt_payment_method,False,retry_24h,False
TXN103874,2007.26,bank_timeout,bank_timeout,retry_2h,True,retry_24h,True
TXN103875,2133.16,bank_timeout,bank_timeout,retry_2h,False,retry_24h,True
TXN103876,2455.97,insufficient_funds,insufficient_funds,retry_72h,False,retry_24h,True
TXN103877,4565.98,fraud_false_positive,fraud_false_positive,suggest_alt_payment_method,True,retry_24h,True
TXN103878,11402.01,insufficient_funds,insufficient_funds,retry_72h,False,retry_24h,True
TXN103879,2137.22,network_error,network_error,retry_24h,True,retry_24h,True
TXN103880,2211.85,insufficient_funds,insufficient_funds,suggest_alt_payment_method,True,retry_24h,False
TXN103881,2342.51,bank_timeout,bank_timeout,retry_24h,False,retry_24h,True
TXN103882,4533.14,insufficient_funds,insufficient_funds,retry_72h,False,retry_24h,False
TXN103883,901.21,bank_timeout,bank_timeout,retry_2h,True,retry_24h,False
TXN103884,2644.48,fraud_false_positive,fraud_false_positive,suggest_alt_payment_method,True,retry_24h,False
TXN103885,4416.3,bank_timeout,bank_timeout,retry_2h,False,retry_24h,False
TXN103886,8458.41,fraud_false_positive,fraud_false_positive,suggest_alt_payment_method,False,retry_24h,False
TXN103887,820.39,insufficient_funds,insufficient_funds,retry_72h,False,retry_24h,False
TXN103888,3118.43,insufficient_funds,insufficient_funds,retry_72h,False,retry_24h,False
TXN103889,2413.2,bank_timeout,bank_timeout,retry_2h,False,retry_24h,False
TXN103890,1450.15,insufficient_funds,insufficient_funds,retry_72h,True,retry_24h,True
TXN103891,7110.04,insufficient_funds,insufficient_funds,suggest_alt_payment_method,False,retry_24h,False
TXN103892,2172.81,bank_timeout,bank_timeout,retry_24h,False,retry_24h,False
TXN103893,2079.25,network_error,network_error,retry_immediate,True,retry_24h,True
TXN103894,1217.36,bank_timeout,bank_timeout,retry_2h,False,retry_24h,False
TXN103895,3430.67,fraud_false_positive,fraud_false_positive,suggest_alt_payment_method,False,retry_24h,True
TXN103896,5267.83,insufficient_funds,insufficient_funds,retry_72h,False,retry_24h,False
TXN103897,1995.48,bank_timeout,bank_timeout,retry_2h,False,retry_24h,False
TXN103898,2570.5,network_error,bank_timeout,retry_2h,False,retry_24h,False
TXN103899,3240.34,network_error,network_error,retry_immediate,True,retry_24h,False
TXN103900,5200.22,insufficient_funds,insufficient_funds,retry_72h,True,retry_24h,False
TXN103901,2097.92,bank_timeout,bank_timeout,retry_2h,True,retry_24h,True
TXN103902,6476.03,insufficient_funds,insufficient_funds,retry_72h,True,retry_24h,False
TXN103903,9500.79,fraud_false_positive,fraud_false_positive,suggest_alt_payment_method,True,retry_24h,False
TXN103904,3807.79,insufficient_funds,insufficient_funds,retry_72h,False,retry_24h,False
TXN103905,6753.84,insufficient_funds,insufficient_funds,suggest_alt_payment_method,False,retry_24h,True
TXN103906,4765.32,insufficient_funds,insufficient_funds,retry_72h,False,retry_24h,False
TXN103907,1566.5,bank_timeout,bank_timeout,retry_2h,True,retry_24h,False
TXN103908,3254.42,network_error,network_error,retry_immediate,True,retry_24h,True
TXN103909,4192.04,insufficient_funds,insufficient_funds,retry_72h,False,retry_24h,False
TXN103910,1721.13,bank_timeout,bank_timeout,retry_2h,False,retry_24h,True
TXN103911,6893.98,fraud_false_positive,fraud_false_positive,suggest_alt_payment_method,False,retry_24h,True
TXN103912,4227.47,insufficient_funds,insufficient_funds,retry_72h,False,retry_24h,False
TXN103913,3269.56,insufficient_funds,insufficient_funds,retry_72h,False,retry_24h,False
TXN103914,1757.39,network_error,network_error,retry_24h,False,retry_24h,False
TXN103915,3732.52,insufficient_funds,insufficient_funds,retry_72h,True,retry_24h,False
TXN103916,728.11,fraud_false_positive,fraud_false_positive,suggest_alt_payment_method,True,retry_24h,False
TXN103917,2871.53,bank_timeout,bank_timeout,retry_2h,False,retry_24h,False
TXN103918,1483.84,network_error,network_error,retry_immediate,True,retry_24h,False
TXN103919,1043.66,network_error,network_error,retry_immediate,True,retry_24h,False
TXN103920,1534.18,insufficient_funds,insufficient_funds,retry_72h,True,retry_24h,False
TXN103921,3191.36,insufficient_funds,insufficient_funds,retry_72h,False,retry_24h,False
TXN103922,878.74,network_error,network_error,retry_24h,True,retry_24h,False
TXN103923,3046.52,network_error,bank_timeout,retry_2h,True,retry_24h,False
TXN103924,2661.91,insufficient_funds,insufficient_funds,retry_72h,False,retry_24h,False
TXN103925,3591.17,bank_timeout,bank_timeout,retry_2h,True,retry_24h,False
TXN103926,5430.57,insufficient_funds,insufficient_funds,retry_72h,False,retry_24h,False
TXN103927,3533.27,insufficient_funds,insufficient_funds,retry_72h,True,retry_24h,False
TXN103928,1099.38,network_error,network_error,retry_immediate,True,retry_24h,False
TXN103929,2530.48,network_error,network_error,retry_immediate,False,retry_24h,False
TXN103930,7332.65,insufficient_funds,insufficient_funds,retry_72h,True,retry_24h,True
TXN103931,2108.35,insufficient_funds,insufficient_funds,retry_72h,True,retry_24h,False
TXN103932,1195.94,bank_timeout,bank_timeout,retry_2h,True,retry_24h,False
TXN103933,1764.98,insufficient_funds,insufficient_funds,retry_72h,False,retry_24h,False
TXN103934,2299.51,insufficient_funds,insufficient_funds,retry_72h,True,retry_24h,False
TXN103935,1238.15,network_error,network_error,retry_immediate,True,retry_24h,True
TXN103936,3114.69,bank_timeout,bank_timeout,retry_2h,True,retry_24h,False
TXN103937,1112.42,bank_timeout,bank_timeout,retry_2h,False,retry_24h,False
TXN103938,5925.88,insufficient_funds,insufficient_funds,suggest_alt_payment_method,False,retry_24h,False
TXN103939,2709.69,fraud_false_positive,fraud_false_positive,suggest_alt_payment_method,False,retry_24h,False
TXN103940,512.37,network_error,network_error,retry_immediate,True,retry_24h,True
TXN103941,964.64,network_error,network_error,retry_immediate,True,retry_24h,False
TXN103942,2678.15,insufficient_funds,insufficient_funds,retry_72h,True,retry_24h,True
TXN103943,8368.51,insufficient_funds,insufficient_funds,retry_72h,False,retry_24h,False
TXN103944,1623.87,bank_timeout,network_error,retry_immediate,True,retry_24h,True
TXN103945,1812.81,insufficient_funds,insufficient_funds,retry_72h,False,retry_24h,True
TXN103946,2213.48,bank_timeout,bank_timeout,retry_2h,False,retry_24h,True
TXN103947,2811.76,network_error,bank_timeout,retry_24h,True,retry_24h,False
TXN103948,584.95,insufficient_funds,insufficient_funds,retry_72h,True,retry_24h,False
TXN103949,1515.79,bank_timeout,network_error,retry_immediate,False,retry_24h,True
TXN103950,748.35,bank_timeout,bank_timeout,retry_24h,True,retry_24h,True
TXN103951,115.59,network_error,bank_timeout,retry_2h,False,retry_24h,False
TXN103952,2917.2,insufficient_funds,insufficient_funds,retry_72h,True,retry_24h,True
TXN103953,3517.29,insufficient_funds,insufficient_funds,suggest_alt_payment_method,False,retry_24h,False
TXN103954,2614.28,insufficient_funds,insufficient_funds,retry_72h,False,retry_24h,False
TXN103955,912.06,insufficient_funds,insufficient_funds,retry_72h,True,retry_24h,True
TXN103956,3608.99,insufficient_funds,insufficient_funds,retry_72h,False,retry_24h,False
TXN103957,3716.94,insufficient_funds,insufficient_funds,retry_72h,False,retry_24h,True
TXN103958,6741.51,insufficient_funds,insufficient_funds,retry_72h,True,retry_24h,False
TXN103959,539.03,bank_timeout,bank_timeout,retry_2h,True,retry_24h,False
TXN103960,2168.32,fraud_false_positive,fraud_false_positive,suggest_alt_payment_method,False,retry_24h,False
TXN103961,2104.08,fraud_false_positive,fraud_false_positive,suggest_alt_payment_method,True,retry_24h,False
TXN103962,6194.4,insufficient_funds,insufficient_funds,retry_72h,False,retry_24h,False
TXN103963,2432.25,insufficient_funds,insufficient_funds,retry_72h,False,retry_24h,False
TXN103964,4363.0,fraud_false_positive,fraud_false_positive,suggest_alt_payment_method,True,retry_24h,False
TXN103965,5871.24,insufficient_funds,insufficient_funds,retry_72h,True,retry_24h,False
TXN103966,3733.49,insufficient_funds,insufficient_funds,retry_72h,False,retry_24h,True
TXN103967,2324.46,network_error,network_error,retry_immediate,False,retry_24h,True
TXN103968,4458.98,insufficient_funds,insufficient_funds,retry_72h,True,retry_24h,False
TXN103969,5930.85,insufficient_funds,insufficient_funds,retry_72h,True,retry_24h,False
TXN103970,398.97,network_error,network_error,retry_immediate,True,retry_24h,True
TXN103971,1566.8,bank_timeout,bank_timeout,retry_2h,True,retry_24h,False
TXN103972,2741.88,bank_timeout,bank_timeout,retry_2h,True,retry_24h,True
TXN103973,4087.68,insufficient_funds,insufficient_funds,retry_72h,False,retry_24h,False
TXN103974,7731.18,insufficient_funds,insufficient_funds,retry_72h,True,retry_24h,True
TXN103975,6337.11,insufficient_funds,insufficient_funds,retry_72h,True,retry_24h,False
TXN103976,984.29,bank_timeout,bank_timeout,retry_2h,False,retry_24h,False
TXN103977,1061.21,insufficient_funds,insufficient_funds,retry_72h,True,retry_24h,True
TXN103978,3790.73,network_error,network_error,retry_immediate,True,retry_24h,False
TXN103979,825.86,network_error,network_error,retry_immediate,False,retry_24h,False
TXN103980,1714.89,insufficient_funds,insufficient_funds,retry_72h,True,retry_24h,True
TXN103981,1756.26,insufficient_funds,insufficient_funds,suggest_alt_payment_method,True,retry_24h,True
TXN103982,6804.09,fraud_false_positive,fraud_false_positive,suggest_alt_payment_method,False,retry_24h,False
TXN103983,2914.5,insufficient_funds,insufficient_funds,retry_72h,False,retry_24h,False
TXN103984,2974.36,insufficient_funds,insufficient_funds,retry_72h,False,retry_24h,False
TXN103985,3301.71,insufficient_funds,insufficient_funds,retry_72h,False,retry_24h,False
TXN103986,1541.04,bank_timeout,bank_timeout,retry_2h,False,retry_24h,False
TXN103987,409.26,network_error,network_error,retry_immediate,False,retry_24h,False
TXN103988,2377.85,network_error,network_error,retry_immediate,False,retry_24h,False
TXN103989,851.39,bank_timeout,bank_timeout,retry_2h,True,retry_24h,True
TXN103990,1576.61,bank_timeout,bank_timeout,retry_2h,True,retry_24h,True
TXN103991,3538.09,fraud_false_positive,fraud_false_positive,suggest_alt_payment_method,True,retry_24h,False
TXN103992,2965.78,fraud_false_positive,fraud_false_positive,suggest_alt_payment_method,True,retry_24h,False
TXN103993,2697.33,insufficient_funds,insufficient_funds,retry_72h,True,retry_24h,False
TXN103994,471.04,bank_timeout,bank_timeout,suggest_alt_payment_method,False,retry_24h,True
TXN103995,3351.85,bank_timeout,bank_timeout,retry_2h,True,retry_24h,False
TXN103996,3269.58,bank_timeout,bank_timeout,retry_2h,True,retry_24h,True
TXN103997,7831.99,fraud_false_positive,fraud_false_positive,suggest_alt_payment_method,False,retry_24h,False
TXN103998,4624.94,bank_timeout,bank_timeout,retry_2h,False,retry_24h,True
TXN103999,1495.47,network_error,network_error,retry_immediate,True,retry_24h,True
TXN104000,2908.49,insufficient_funds,insufficient_funds,retry_72h,False,retry_24h,False
TXN104001,7284.16,insufficient_funds,insufficient_funds,retry_72h,False,retry_24h,False
TXN104002,1581.94,fraud_false_positive,fraud_false_positive,suggest_alt_payment_method,False,retry_24h,False
TXN104003,269.24,network_error,network_error,retry_immediate,True,retry_24h,False
TXN104004,958.26,network_error,network_error,retry_immediate,False,retry_24h,True
TXN104005,1985.32,bank_timeout,bank_timeout,retry_2h,False,retry_24h,False
TXN104006,3457.56,fraud_false_positive,fraud_false_positive,suggest_alt_payment_method,True,retry_24h,False
TXN104007,2690.27,fraud_false_positive,fraud_false_positive,suggest_alt_payment_method,False,retry_24h,False
TXN104008,4977.08,insufficient_funds,insufficient_funds,retry_72h,True,retry_24h,False
TXN104009,7769.05,insufficient_funds,insufficient_funds,retry_72h,False,retry_24h,False
TXN104010,3392.52,insufficient_funds,insufficient_funds,retry_72h,True,retry_24h,False
TXN104011,4149.27,insufficient_funds,insufficient_funds,retry_72h,True,retry_24h,True
TXN104012,1319.26,insufficient_funds,insufficient_funds,retry_72h,False,retry_24h,True
TXN104013,4392.75,bank_timeout,bank_timeout,retry_2h,False,retry_24h,True
TXN104014,429.1,network_error,network_error,suggest_alt_payment_method,False,retry_24h,True
TXN104015,1970.76,network_error,network_error,suggest_alt_payment_method,False,retry_24h,False
TXN104016,407.15,network_error,network_error,retry_immediate,True,retry_24h,False
TXN104017,1164.78,bank_timeout,bank_timeout,retry_2h,False,retry_24h,False
TXN104018,1326.12,fraud_false_positive,fraud_false_positive,suggest_alt_payment_method,True,retry_24h,False
TXN104019,2571.9,network_error,network_error,retry_immediate,True,retry_24h,True
TXN104020,3105.08,fraud_false_positive,fraud_false_positive,suggest_alt_payment_method,True,retry_24h,True
TXN104021,3359.88,insufficient_funds,insufficient_funds,retry_72h,True,retry_24h,False
TXN104022,1387.74,network_error,bank_timeout,retry_2h,True,retry_24h,False
TXN104023,576.37,bank_timeout,bank_timeout,retry_24h,True,retry_24h,True
TXN104024,2408.83,bank_timeout,bank_timeout,retry_2h,True,retry_24h,True
TXN104025,393.33,network_error,network_error,retry_immediate,False,retry_24h,False
TXN104026,800.92,network_error,network_error,retry_immediate,True,retry_24h,False
TXN104027,2210.9,bank_timeout,bank_timeout,retry_24h,True,retry_24h,True
TXN104028,1418.07,fraud_false_positive,fraud_false_positive,suggest_alt_payment_method,True,retry_24h,False
TXN104029,1589.9,bank_timeout,bank_timeout,retry_2h,True,retry_24h,False
TXN104030,420.85,bank_timeout,bank_timeout,retry_2h,True,retry_24h,False
TXN104031,1474.48,network_error,network_error,suggest_alt_payment_method,False,retry_24h,True
TXN104032,1848.44,insufficient_funds,insufficient_funds,retry_72h,True,retry_24h,True
TXN104033,1373.81,insufficient_funds,insufficient_funds,retry_72h,False,retry_24h,False
TXN104034,3073.11,network_error,bank_timeout,retry_2h,True,retry_24h,False
TXN104035,2009.26,insufficient_funds,insufficient_funds,suggest_alt_payment_method,False,retry_24h,False
TXN104036,3180.76,insufficient_funds,insufficient_funds,retry_72h,True,retry_24h,False
TXN104037,2465.06,insufficient_funds,insufficient_funds,retry_72h,True,retry_24h,False
TXN104038,2683.66,bank_timeout,bank_timeout,retry_2h,True,retry_24h,True
TXN104039,2638.02,network_error,network_error,retry_immediate,False,retry_24h,True
TXN104040,652.48,network_error,network_error,retry_immediate,True,retry_24h,False
TXN104041,4403.91,insufficient_funds,insufficient_funds,retry_72h,False,retry_24h,False
TXN104042,6287.73,insufficient_funds,insufficient_funds,retry_72h,False,retry_24h,False
TXN104043,915.0,insufficient_funds,insufficient_funds,retry_72h,True,retry_24h,False
TXN104044,1737.57,bank_timeout,bank_timeout,retry_2h,False,retry_24h,False
TXN104045,2461.54,network_error,network_error,retry_immediate,False,retry_24h,False
TXN104046,1812.24,network_error,network_error,retry_immediate,False,retry_24h,False
TXN104047,1036.52,bank_timeout,network_error,retry_immediate,True,retry_24h,True
TXN104048,7154.81,insufficient_funds,insufficient_funds,retry_72h,False,retry_24h,False
TXN104049,5328.31,insufficient_funds,insufficient_funds,suggest_alt_payment_method,False,retry_24h,False
TXN104050,2998.81,insufficient_funds,insufficient_funds,retry_72h,True,retry_24h,False
TXN104051,2079.14,insufficient_funds,insufficient_funds,retry_72h,False,retry_24h,False
TXN104052,2203.74,insufficient_funds,insufficient_funds,retry_72h,False,retry_24h,True
TXN104053,3918.52,insufficient_funds,insufficient_funds,suggest_alt_payment_method,False,retry_24h,True
TXN104054,5410.24,fraud_false_positive,fraud_false_positive,suggest_alt_payment_method,False,retry_24h,False
TXN104055,5057.8,insufficient_funds,insufficient_funds,retry_72h,True,retry_24h,False
TXN104056,1882.84,insufficient_funds,insufficient_funds,retry_72h,True,retry_24h,False
TXN104057,3429.78,insufficient_funds,insufficient_funds,retry_72h,True,retry_24h,False
TXN104058,149.3,insufficient_funds,insufficient_funds,suggest_alt_payment_method,False,retry_24h,False
TXN104059,1076.83,insufficient_funds,insufficient_funds,retry_72h,False,retry_24h,False
TXN104060,6079.47,insufficient_funds,insufficient_funds,retry_72h,False,retry_24h,False
TXN104061,284.71,bank_timeout,bank_timeout,retry_2h,True,retry_24h,False
TXN104062,1053.75,network_error,network_error,suggest_alt_payment_method,False,retry_24h,False
TXN104063,5812.9,insufficient_funds,insufficient_funds,retry_72h,True,retry_24h,False
TXN104064,3006.73,insufficient_funds,insufficient_funds,retry_72h,False,retry_24h,True
TXN104065,3543.47,insufficient_funds,insufficient_funds,retry_72h,False,retry_24h,False
TXN104066,4365.16,insufficient_funds,insufficient_funds,retry_72h,True,retry_24h,True
TXN104067,1447.28,network_error,network_error,retry_immediate,True,retry_24h,False
TXN104068,3278.6,insufficient_funds,insufficient_funds,retry_72h,False,retry_24h,False
TXN104069,740.58,bank_timeout,bank_timeout,retry_2h,False,retry_24h,False
TXN104070,2010.2,insufficient_funds,insufficient_funds,retry_72h,True,retry_24h,False
TXN104071,4745.53,bank_timeout,bank_timeout,retry_2h,True,retry_24h,False
TXN104072,3640.76,fraud_false_positive,fraud_false_positive,suggest_alt_payment_method,False,retry_24h,False
TXN104073,963.77,insufficient_funds,insufficient_funds,retry_72h,False,retry_24h,False
TXN104074,1904.32,insufficient_funds,insufficient_funds,retry_72h,False,retry_24h,True
TXN104075,6611.99,fraud_false_positive,fraud_false_positive,suggest_alt_payment_method,False,retry_24h,True
TXN104076,5018.92,insufficient_funds,insufficient_funds,retry_72h,False,retry_24h,False
TXN104077,941.14,network_error,bank_timeout,retry_2h,True,retry_24h,False
TXN104078,3013.15,fraud_false_positive,fraud_false_positive,suggest_alt_payment_method,False,retry_24h,False
TXN104079,1760.74,bank_timeout,network_error,retry_immediate,True,retry_24h,True
TXN104080,3036.63,bank_timeout,bank_timeout,retry_24h,True,retry_24h,False
TXN104081,1442.0,insufficient_funds,insufficient_funds,retry_72h,False,retry_24h,False
TXN104082,2160.92,bank_timeout,bank_timeout,retry_2h,True,retry_24h,False
TXN104083,4115.12,insufficient_funds,insufficient_funds,retry_72h,False,retry_24h,False
TXN104084,687.14,network_error,network_error,retry_immediate,True,retry_24h,True
TXN104085,9096.28,network_error,network_error,retry_immediate,True,retry_24h,True
TXN104086,13438.98,fraud_false_positive,fraud_false_positive,suggest_alt_payment_method,True,retry_24h,True
TXN104087,2022.32,bank_timeout,bank_timeout,retry_2h,False,retry_24h,False
TXN104088,791.28,fraud_false_positive,fraud_false_positive,suggest_alt_payment_method,False,retry_24h,False
TXN104089,3489.12,insufficient_funds,insufficient_funds,retry_72h,True,retry_24h,False
TXN104090,297.4,network_error,bank_timeout,retry_2h,True,retry_24h,False
TXN104091,3424.56,network_error,network_error,retry_immediate,False,retry_24h,False
TXN104092,686.45,insufficient_funds,insufficient_funds,retry_72h,True,retry_24h,False
TXN104093,8013.26,fraud_false_positive,fraud_false_positive,suggest_alt_payment_method,True,retry_24h,False
TXN104094,5881.45,insufficient_funds,insufficient_funds,retry_72h,False,retry_24h,True
TXN104095,3284.36,bank_timeout,bank_timeout,retry_2h,False,retry_24h,True
TXN104096,2478.84,network_error,network_error,retry_immediate,False,retry_24h,True
TXN104097,7724.97,insufficient_funds,insufficient_funds,retry_72h,False,retry_24h,False
TXN104098,640.27,network_error,network_error,retry_immediate,False,retry_24h,True
TXN104099,1500.9,insufficient_funds,insufficient_funds,retry_72h,False,retry_24h,True
TXN104100,519.15,network_error,network_error,retry_immediate,False,retry_24h,False
TXN104101,7998.42,fraud_false_positive,fraud_false_positive,suggest_alt_payment_method,False,retry_24h,False
TXN104102,3152.4,fraud_false_positive,fraud_false_positive,suggest_alt_payment_method,False,retry_24h,False
TXN104103,1997.16,bank_timeout,bank_timeout,retry_2h,True,retry_24h,False
TXN104104,2424.86,insufficient_funds,insufficient_funds,retry_72h,True,retry_24h,False
TXN104105,4696.15,fraud_false_positive,fraud_false_positive,suggest_alt_payment_method,True,retry_24h,False
TXN104106,2325.01,insufficient_funds,insufficient_funds,retry_72h,True,retry_24h,False
TXN104107,4202.87,insufficient_funds,insufficient_funds,retry_72h,False,retry_24h,True
TXN104108,2325.42,bank_timeout,bank_timeout,retry_2h,True,retry_24h,False
TXN104109,2329.02,insufficient_funds,insufficient_funds,retry_72h,False,retry_24h,False
TXN104110,541.87,bank_timeout,bank_timeout,retry_2h,True,retry_24h,True
TXN104111,2233.66,bank_timeout,bank_timeout,retry_2h,True,retry_24h,False
TXN104112,1785.06,insufficient_funds,insufficient_funds,retry_72h,False,retry_24h,False
TXN104113,4090.93,fraud_false_positive,fraud_false_positive,suggest_alt_payment_method,True,retry_24h,False
TXN104114,8987.19,insufficient_funds,insufficient_funds,retry_72h,False,retry_24h,False
TXN104115,4631.49,insufficient_funds,insufficient_funds,retry_72h,False,retry_24h,True
TXN104116,3195.5,network_error,network_error,retry_immediate,False,retry_24h,False
TXN104117,803.12,insufficient_funds,insufficient_funds,retry_72h,False,retry_24h,False
TXN104118,1023.01,network_error,network_error,retry_immediate,True,retry_24h,True
TXN104119,3700.46,insufficient_funds,insufficient_funds,retry_72h,True,retry_24h,True
TXN104120,2774.05,insufficient_funds,insufficient_funds,suggest_alt_payment_method,True,retry_24h,False
TXN104121,2491.15,network_error,network_error,retry_immediate,False,retry_24h,True
TXN104122,2779.88,bank_timeout,bank_timeout,retry_2h,True,retry_24h,False
TXN104123,1508.74,insufficient_funds,insufficient_funds,retry_72h,True,retry_24h,False
TXN104124,1028.73,network_error,network_error,retry_immediate,False,retry_24h,False
TXN104125,3366.56,bank_timeout,bank_timeout,retry_2h,True,retry_24h,False
TXN104126,1973.51,network_error,bank_timeout,retry_2h,False,retry_24h,False
TXN104127,2744.53,bank_timeout,bank_timeout,retry_2h,True,retry_24h,False
TXN104128,3665.06,insufficient_funds,insufficient_funds,retry_72h,False,retry_24h,False
TXN104129,5487.77,insufficient_funds,insufficient_funds,retry_72h,False,retry_24h,False
TXN104130,10457.48,fraud_false_positive,fraud_false_positive,suggest_alt_payment_method,False,retry_24h,True
TXN104131,1475.14,network_error,network_error,retry_immediate,True,retry_24h,False
TXN104132,2614.06,network_error,network_error,retry_immediate,True,retry_24h,False
TXN104133,1347.03,insufficient_funds,insufficient_funds,suggest_alt_payment_method,False,retry_24h,False
TXN104134,7882.07,fraud_false_positive,fraud_false_positive,suggest_alt_payment_method,False,retry_24h,False
TXN104135,32.52,insufficient_funds,insufficient_funds,retry_72h,True,retry_24h,False
TXN104136,3217.11,insufficient_funds,insufficient_funds,retry_72h,False,retry_24h,False
TXN104137,12216.12,fraud_false_positive,fraud_false_positive,suggest_alt_payment_method,False,retry_24h,True
TXN104138,1349.91,network_error,bank_timeout,retry_2h,True,retry_24h,True
TXN104139,18694.89,fraud_false_positive,fraud_false_positive,suggest_alt_payment_method,True,retry_24h,False
TXN104140,4728.34,insufficient_funds,insufficient_funds,retry_72h,False,retry_24h,False
TXN104141,209.14,bank_timeout,bank_timeout,retry_2h,False,retry_24h,True
TXN104142,2577.5,insufficient_funds,insufficient_funds,retry_72h,True,retry_24h,False
TXN104143,3995.38,network_error,network_error,suggest_alt_payment_method,True,retry_24h,False
TXN104144,3470.94,insufficient_funds,insufficient_funds,retry_72h,False,retry_24h,False
TXN104145,3079.35,fraud_false_positive,fraud_false_positive,suggest_alt_payment_method,False,retry_24h,True
TXN104146,719.46,network_error,bank_timeout,retry_24h,True,retry_24h,False
TXN104147,2306.06,insufficient_funds,insufficient_funds,retry_72h,True,retry_24h,False
TXN104148,4956.41,insufficient_funds,insufficient_funds,retry_72h,False,retry_24h,True
TXN104149,3177.89,insufficient_funds,insufficient_funds,retry_72h,False,retry_24h,False
TXN104150,1709.9,bank_timeout,bank_timeout,retry_2h,False,retry_24h,False
TXN104151,458.87,insufficient_funds,insufficient_funds,retry_72h,False,retry_24h,True
TXN104152,2813.49,bank_timeout,bank_timeout,retry_2h,False,retry_24h,True
TXN104153,1239.53,bank_timeout,bank_timeout,suggest_alt_payment_method,True,retry_24h,False
TXN104154,1879.46,bank_timeout,bank_timeout,retry_2h,True,retry_24h,True
TXN104155,4846.13,insufficient_funds,insufficient_funds,retry_72h,True,retry_24h,False
TXN104156,3501.01,insufficient_funds,insufficient_funds,retry_72h,True,retry_24h,False
TXN104157,1440.31,insufficient_funds,insufficient_funds,retry_72h,False,retry_24h,False
TXN104158,1533.65,bank_timeout,bank_timeout,retry_2h,False,retry_24h,True
TXN104159,4493.55,network_error,network_error,retry_immediate,True,retry_24h,False
TXN104160,1695.23,insufficient_funds,insufficient_funds,retry_72h,True,retry_24h,True
TXN104161,1384.05,insufficient_funds,insufficient_funds,retry_72h,False,retry_24h,True
TXN104162,7106.58,fraud_false_positive,fraud_false_positive,suggest_alt_payment_method,True,retry_24h,True
TXN104163,1134.7,network_error,network_error,retry_immediate,True,retry_24h,True
TXN104164,3453.51,network_error,network_error,retry_immediate,True,retry_24h,False
TXN104165,138.8,bank_timeout,bank_timeout,retry_2h,True,retry_24h,False
TXN104166,6202.01,insufficient_funds,insufficient_funds,retry_72h,False,retry_24h,True
TXN104167,2107.37,insufficient_funds,insufficient_funds,retry_72h,True,retry_24h,False
TXN104168,4110.12,bank_timeout,bank_timeout,retry_2h,True,retry_24h,True
TXN104169,8834.59,insufficient_funds,insufficient_funds,retry_72h,True,retry_24h,False
TXN104170,2050.35,insufficient_funds,insufficient_funds,retry_72h,False,retry_24h,False
TXN104171,2592.89,insufficient_funds,insufficient_funds,suggest_alt_payment_method,False,retry_24h,False
TXN104172,997.71,bank_timeout,bank_timeout,retry_2h,False,retry_24h,True
TXN104173,2836.96,fraud_false_positive,fraud_false_positive,suggest_alt_payment_method,True,retry_24h,False
TXN104174,6278.01,insufficient_funds,insufficient_funds,retry_72h,True,retry_24h,True
TXN104175,770.51,network_error,network_error,retry_immediate,True,retry_24h,False
TXN104176,8038.37,fraud_false_positive,fraud_false_positive,suggest_alt_payment_method,True,retry_24h,False
TXN104177,306.81,bank_timeout,bank_timeout,retry_2h,True,retry_24h,True
TXN104178,1872.19,network_error,network_error,retry_immediate,True,retry_24h,True
TXN104179,2119.8,bank_timeout,bank_timeout,retry_2h,True,retry_24h,False
TXN104180,3508.28,fraud_false_positive,fraud_false_positive,suggest_alt_payment_method,False,retry_24h,False
TXN104181,2005.17,insufficient_funds,insufficient_funds,retry_72h,True,retry_24h,False
TXN104182,7969.39,insufficient_funds,insufficient_funds,retry_72h,False,retry_24h,False
TXN104183,392.75,bank_timeout,bank_timeout,retry_2h,False,retry_24h,False
TXN104184,5488.04,network_error,bank_timeout,retry_2h,True,retry_24h,True
TXN104185,8461.3,fraud_false_positive,fraud_false_positive,suggest_alt_payment_method,False,retry_24h,False
TXN104186,3995.92,insufficient_funds,insufficient_funds,retry_72h,True,retry_24h,True
TXN104187,5639.33,insufficient_funds,insufficient_funds,retry_72h,False,retry_24h,False
TXN104188,4738.01,insufficient_funds,insufficient_funds,retry_72h,False,retry_24h,False
TXN104189,4164.07,bank_timeout,bank_timeout,retry_24h,True,retry_24h,False
TXN104190,7333.56,bank_timeout,bank_timeout,suggest_alt_payment_method,False,retry_24h,False
TXN104191,1729.17,fraud_false_positive,fraud_false_positive,suggest_alt_payment_method,True,retry_24h,False
TXN104192,550.75,insufficient_funds,insufficient_funds,retry_72h,False,retry_24h,False
TXN104193,4191.01,fraud_false_positive,fraud_false_positive,suggest_alt_payment_method,False,retry_24h,False
TXN104194,8452.79,insufficient_funds,insufficient_funds,retry_72h,True,retry_24h,False
TXN104195,5621.39,insufficient_funds,insufficient_funds,retry_72h,False,retry_24h,True
TXN104196,2670.37,network_error,network_error,retry_immediate,True,retry_24h,False
TXN104197,973.25,insufficient_funds,insufficient_funds,retry_72h,True,retry_24h,False
TXN104198,332.49,insufficient_funds,insufficient_funds,retry_72h,True,retry_24h,False
TXN104199,1686.18,insufficient_funds,insufficient_funds,suggest_alt_payment_method,True,retry_24h,False
TXN104200,2396.55,network_error,network_error,retry_immediate,False,retry_24h,True
TXN104201,10618.53,insufficient_funds,insufficient_funds,retry_72h,True,retry_24h,False
TXN104202,5039.57,network_error,network_error,retry_immediate,False,retry_24h,False
TXN104203,2387.65,insufficient_funds,insufficient_funds,retry_72h,True,retry_24h,False
TXN104204,1503.53,insufficient_funds,insufficient_funds,retry_72h,False,retry_24h,True
TXN104205,2089.72,bank_timeout,bank_timeout,retry_2h,False,retry_24h,False
TXN104206,2910.64,insufficient_funds,insufficient_funds,retry_72h,False,retry_24h,False
TXN104207,3260.56,insufficient_funds,insufficient_funds,retry_72h,True,retry_24h,True
TXN104208,3903.32,insufficient_funds,insufficient_funds,suggest_alt_payment_method,True,retry_24h,False
TXN104209,3246.37,insufficient_funds,insufficient_funds,retry_72h,False,retry_24h,False
TXN104210,724.67,bank_timeout,bank_timeout,retry_2h,True,retry_24h,False
TXN104211,9362.66,fraud_false_positive,fraud_false_positive,suggest_alt_payment_method,True,retry_24h,False
TXN104212,5409.76,network_error,network_error,retry_immediate,True,retry_24h,True
TXN104213,5685.96,network_error,network_error,retry_immediate,True,retry_24h,True
TXN104214,2388.5,bank_timeout,bank_timeout,retry_24h,True,retry_24h,True
TXN104215,7008.19,fraud_false_positive,fraud_false_positive,suggest_alt_payment_method,True,retry_24h,False
TXN104216,768.19,network_error,network_error,retry_immediate,True,retry_24h,True
TXN104217,1984.1,network_error,network_error,retry_immediate,True,retry_24h,False
TXN104218,10279.64,fraud_false_positive,fraud_false_positive,suggest_alt_payment_method,False,retry_24h,False
TXN104219,1560.81,fraud_false_positive,fraud_false_positive,suggest_alt_payment_method,True,retry_24h,False
TXN104220,1592.24,network_error,network_error,retry_24h,True,retry_24h,False
TXN104221,4955.39,fraud_false_positive,fraud_false_positive,suggest_alt_payment_method,False,retry_24h,True
TXN104222,7495.19,bank_timeout,bank_timeout,retry_24h,True,retry_24h,True
TXN104223,1116.37,insufficient_funds,insufficient_funds,retry_72h,True,retry_24h,False
TXN104224,1397.88,bank_timeout,bank_timeout,retry_2h,True,retry_24h,True
TXN104225,3118.04,bank_timeout,bank_timeout,retry_2h,False,retry_24h,False
TXN104226,3021.95,network_error,network_error,retry_immediate,True,retry_24h,False
TXN104227,10153.56,fraud_false_positive,fraud_false_positive,suggest_alt_payment_method,False,retry_24h,False
TXN104228,3488.9,network_error,network_error,retry_immediate,True,retry_24h,False
TXN104229,3185.24,insufficient_funds,insufficient_funds,suggest_alt_payment_method,False,retry_24h,False
TXN104230,2847.62,insufficient_funds,insufficient_funds,retry_72h,True,retry_24h,False
TXN104231,1851.02,network_error,network_error,retry_immediate,True,retry_24h,False
TXN104232,4012.9,network_error,network_error,retry_immediate,True,retry_24h,False
TXN104233,5763.63,insufficient_funds,insufficient_funds,retry_72h,True,retry_24h,True
TXN104234,1469.71,fraud_false_positive,fraud_false_positive,suggest_alt_payment_method,False,retry_24h,True
TXN104235,4144.6,insufficient_funds,insufficient_funds,retry_72h,False,retry_24h,True
TXN104236,2060.28,bank_timeout,bank_timeout,retry_2h,True,retry_24h,True
TXN104237,1494.41,network_error,network_error,retry_immediate,True,retry_24h,True
TXN104238,1463.08,fraud_false_positive,fraud_false_positive,suggest_alt_payment_method,False,retry_24h,False
TXN104239,4421.29,insufficient_funds,insufficient_funds,retry_72h,True,retry_24h,False
TXN104240,5709.81,insufficient_funds,insufficient_funds,retry_72h,True,retry_24h,True
TXN104241,1458.99,network_error,network_error,retry_immediate,True,retry_24h,False
TXN104242,1667.0,bank_timeout,bank_timeout,retry_24h,False,retry_24h,False
TXN104243,1985.7,bank_timeout,bank_timeout,retry_2h,False,retry_24h,True
TXN104244,4813.67,insufficient_funds,insufficient_funds,retry_72h,False,retry_24h,False
TXN104245,1297.66,network_error,network_error,retry_immediate,False,retry_24h,True
TXN104246,1736.68,bank_timeout,bank_timeout,retry_2h,False,retry_24h,False
TXN104247,411.32,network_error,network_error,retry_immediate,False,retry_24h,False
TXN104248,1920.53,insufficient_funds,insufficient_funds,retry_72h,True,retry_24h,False
TXN104249,3157.37,fraud_false_positive,fraud_false_positive,suggest_alt_payment_method,True,retry_24h,False
TXN104250,2373.5,network_error,network_error,retry_immediate,True,retry_24h,False
TXN104251,1718.03,network_error,network_error,retry_24h,True,retry_24h,True
TXN104252,553.28,network_error,network_error,retry_immediate,False,retry_24h,False
TXN104253,1559.55,network_error,bank_timeout,retry_2h,True,retry_24h,False
TXN104254,2392.01,network_error,network_error,retry_immediate,False,retry_24h,True
TXN104255,803.71,network_error,bank_timeout,retry_2h,True,retry_24h,True
TXN104256,2085.67,bank_timeout,bank_timeout,retry_2h,False,retry_24h,True
TXN104257,428.01,insufficient_funds,insufficient_funds,retry_72h,False,retry_24h,False
TXN104258,4603.72,insufficient_funds,insufficient_funds,retry_72h,False,retry_24h,False
TXN104259,6300.52,insufficient_funds,insufficient_funds,retry_72h,False,retry_24h,False
TXN104260,1641.18,network_error,network_error,retry_24h,False,retry_24h,False
TXN104261,3573.63,bank_timeout,bank_timeout,retry_2h,False,retry_24h,True
TXN104262,3008.31,network_error,network_error,retry_immediate,True,retry_24h,False
TXN104263,2141.18,network_error,network_error,retry_immediate,True,retry_24h,False
TXN104264,1599.99,bank_timeout,bank_timeout,retry_2h,True,retry_24h,False
TXN104265,1233.3,bank_timeout,bank_timeout,retry_2h,True,retry_24h,False
TXN104266,253.29,network_error,network_error,retry_immediate,True,retry_24h,False
TXN104267,1306.34,network_error,network_error,retry_immediate,True,retry_24h,False
TXN104268,6406.48,insufficient_funds,insufficient_funds,retry_72h,True,retry_24h,False
TXN104269,7775.78,insufficient_funds,insufficient_funds,retry_72h,True,retry_24h,True
TXN104270,2853.39,insufficient_funds,insufficient_funds,retry_72h,False,retry_24h,False
TXN104271,854.6,network_error,network_error,retry_immediate,True,retry_24h,True
TXN104272,4600.24,insufficient_funds,insufficient_funds,retry_72h,False,retry_24h,False
TXN104273,2696.48,insufficient_funds,insufficient_funds,retry_72h,False,retry_24h,False
TXN104274,3092.39,insufficient_funds,insufficient_funds,retry_72h,True,retry_24h,False
TXN104275,322.54,bank_timeout,bank_timeout,retry_2h,True,retry_24h,False
TXN104276,6087.97,insufficient_funds,insufficient_funds,retry_72h,False,retry_24h,False
TXN104277,1559.85,insufficient_funds,insufficient_funds,suggest_alt_payment_method,False,retry_24h,False
TXN104278,1635.74,network_error,network_error,retry_immediate,True,retry_24h,False
TXN104279,1610.25,insufficient_funds,insufficient_funds,retry_72h,False,retry_24h,False
TXN104280,99.49,network_error,network_error,retry_24h,True,retry_24h,False
TXN104281,5045.93,fraud_false_positive,fraud_false_positive,suggest_alt_payment_method,True,retry_24h,False
TXN104282,5467.97,fraud_false_positive,fraud_false_positive,suggest_alt_payment_method,True,retry_24h,False
TXN104283,820.91,network_error,network_error,retry_immediate,True,retry_24h,False
TXN104284,1820.55,insufficient_funds,insufficient_funds,suggest_alt_payment_method,False,retry_24h,False
TXN104285,1534.82,fraud_false_positive,fraud_false_positive,suggest_alt_payment_method,True,retry_24h,False
TXN104286,1271.17,bank_timeout,bank_timeout,retry_2h,True,retry_24h,False
TXN104287,736.24,bank_timeout,bank_timeout,retry_24h,False,retry_24h,False
TXN104288,1445.63,insufficient_funds,insufficient_funds,retry_72h,True,retry_24h,False
TXN104289,366.25,insufficient_funds,insufficient_funds,retry_72h,True,retry_24h,False
TXN104290,239.63,bank_timeout,bank_timeout,retry_2h,True,retry_24h,False
TXN104291,1937.74,insufficient_funds,insufficient_funds,retry_72h,True,retry_24h,False
TXN104292,1282.76,network_error,network_error,retry_immediate,True,retry_24h,True
TXN104293,4668.07,insufficient_funds,insufficient_funds,retry_72h,False,retry_24h,True
TXN104294,8285.35,fraud_false_positive,fraud_false_positive,suggest_alt_payment_method,False,retry_24h,False
TXN104295,1822.45,network_error,network_error,retry_immediate,True,retry_24h,False
TXN104296,1247.23,insufficient_funds,insufficient_funds,retry_72h,False,retry_24h,False
TXN104297,2845.52,insufficient_funds,insufficient_funds,suggest_alt_payment_method,False,retry_24h,False
TXN104298,1246.56,network_error,network_error,retry_immediate,True,retry_24h,False
TXN104299,3573.42,bank_timeout,bank_timeout,retry_2h,False,retry_24h,True
TXN104300,1761.22,fraud_false_positive,fraud_false_positive,suggest_alt_payment_method,True,retry_24h,False
TXN104301,5353.23,insufficient_funds,insufficient_funds,retry_72h,False,retry_24h,False
TXN104302,4509.82,insufficient_funds,insufficient_funds,retry_72h,False,retry_24h,False
TXN104303,776.29,bank_timeout,bank_timeout,retry_2h,True,retry_24h,True
TXN104304,630.81,insufficient_funds,insufficient_funds,retry_72h,True,retry_24h,False
TXN104305,1135.98,bank_timeout,bank_timeout,retry_2h,True,retry_24h,False
TXN104306,1342.69,insufficient_funds,insufficient_funds,retry_72h,False,retry_24h,False
TXN104307,4294.48,insufficient_funds,insufficient_funds,retry_72h,False,retry_24h,False
TXN104308,994.36,fraud_false_positive,fraud_false_positive,suggest_alt_payment_method,True,retry_24h,True
TXN104309,1055.76,bank_timeout,bank_timeout,retry_2h,False,retry_24h,True
TXN104310,6063.82,insufficient_funds,insufficient_funds,retry_72h,False,retry_24h,True
TXN104311,3868.09,insufficient_funds,insufficient_funds,suggest_alt_payment_method,False,retry_24h,False
TXN104312,2135.89,insufficient_funds,insufficient_funds,retry_72h,True,retry_24h,False
TXN104313,1772.9,network_error,bank_timeout,retry_2h,False,retry_24h,True
TXN104314,6102.73,insufficient_funds,insufficient_funds,suggest_alt_payment_method,True,retry_24h,True
TXN104315,1943.08,insufficient_funds,insufficient_funds,retry_72h,False,retry_24h,False
TXN104316,6266.03,fraud_false_positive,fraud_false_positive,suggest_alt_payment_method,False,retry_24h,False
TXN104317,3005.19,network_error,network_error,retry_immediate,True,retry_24h,True
TXN104318,2976.32,insufficient_funds,insufficient_funds,retry_72h,False,retry_24h,False
TXN104319,1564.16,insufficient_funds,insufficient_funds,suggest_alt_payment_method,True,retry_24h,False
TXN104320,1163.07,fraud_false_positive,fraud_false_positive,suggest_alt_payment_method,True,retry_24h,False
TXN104321,3424.58,bank_timeout,bank_timeout,retry_2h,True,retry_24h,False
TXN104322,3474.61,insufficient_funds,insufficient_funds,suggest_alt_payment_method,True,retry_24h,False
TXN104323,3320.6,bank_timeout,bank_timeout,retry_2h,False,retry_24h,True
TXN104324,3997.35,bank_timeout,bank_timeout,retry_2h,True,retry_24h,True
TXN104325,529.64,bank_timeout,bank_timeout,retry_2h,False,retry_24h,False
TXN104326,1145.96,network_error,network_error,retry_immediate,True,retry_24h,False
TXN104327,875.46,bank_timeout,bank_timeout,retry_2h,False,retry_24h,False
TXN104328,929.14,network_error,network_error,retry_immediate,True,retry_24h,True
TXN104329,3054.56,network_error,network_error,retry_immediate,True,retry_24h,True
TXN104330,3723.17,insufficient_funds,fraud_false_positive,suggest_alt_payment_method,False,retry_24h,False
TXN104331,1192.78,network_error,network_error,retry_immediate,False,retry_24h,False
TXN104332,844.1,bank_timeout,bank_timeout,retry_2h,True,retry_24h,True
TXN104333,874.7,bank_timeout,bank_timeout,retry_2h,True,retry_24h,False
TXN104334,761.56,bank_timeout,bank_timeout,retry_2h,False,retry_24h,True
TXN104335,4551.28,network_error,network_error,retry_immediate,True,retry_24h,True
TXN104336,270.51,bank_timeout,bank_timeout,retry_2h,False,retry_24h,False
TXN104337,4043.64,insufficient_funds,insufficient_funds,retry_72h,False,retry_24h,False
TXN104338,370.91,network_error,network_error,retry_immediate,True,retry_24h,True
TXN104339,5387.23,insufficient_funds,insufficient_funds,retry_72h,True,retry_24h,False
TXN104340,12407.87,fraud_false_positive,fraud_false_positive,suggest_alt_payment_method,True,retry_24h,False
TXN104341,1907.79,fraud_false_positive,fraud_false_positive,suggest_alt_payment_method,False,retry_24h,False
TXN104342,709.34,insufficient_funds,insufficient_funds,retry_72h,True,retry_24h,True
TXN104343,1959.24,bank_timeout,bank_timeout,retry_2h,True,retry_24h,True
TXN104344,1733.45,bank_timeout,bank_timeout,retry_2h,True,retry_24h,False
TXN104345,3090.7,insufficient_funds,insufficient_funds,suggest_alt_payment_method,False,retry_24h,False
TXN104346,2234.81,insufficient_funds,insufficient_funds,retry_72h,True,retry_24h,False
TXN104347,6119.28,insufficient_funds,insufficient_funds,retry_72h,False,retry_24h,False
TXN104348,5276.88,bank_timeout,bank_timeout,retry_2h,True,retry_24h,False
TXN104349,2262.79,insufficient_funds,insufficient_funds,retry_72h,False,retry_24h,False
TXN104350,4332.55,fraud_false_positive,fraud_false_positive,suggest_alt_payment_method,False,retry_24h,False
TXN104351,4979.92,fraud_false_positive,fraud_false_positive,suggest_alt_payment_method,False,retry_24h,False
TXN104352,1919.25,insufficient_funds,insufficient_funds,retry_72h,False,retry_24h,False
TXN104353,7814.83,insufficient_funds,insufficient_funds,retry_72h,False,retry_24h,False
TXN104354,3501.17,network_error,network_error,retry_immediate,True,retry_24h,True
TXN104355,978.66,insufficient_funds,insufficient_funds,retry_72h,False,retry_24h,False
TXN104356,978.66,network_error,network_error,retry_immediate,True,retry_24h,False
TXN104357,2968.73,network_error,network_error,retry_immediate,True,retry_24h,True
TXN104358,185.94,bank_timeout,bank_timeout,retry_2h,False,retry_24h,False
TXN104359,4809.73,insufficient_funds,insufficient_funds,retry_72h,False,retry_24h,False
TXN104360,2357.84,bank_timeout,bank_timeout,retry_2h,False,retry_24h,False
TXN104361,2444.23,insufficient_funds,insufficient_funds,retry_72h,False,retry_24h,False
TXN104362,633.59,network_error,network_error,retry_immediate,False,retry_24h,False
TXN104363,1717.43,insufficient_funds,insufficient_funds,retry_72h,False,retry_24h,True
TXN104364,1240.69,network_error,network_error,retry_immediate,False,retry_24h,True
TXN104365,879.53,insufficient_funds,insufficient_funds,retry_72h,False,retry_24h,False
TXN104366,7356.56,insufficient_funds,insufficient_funds,retry_72h,False,retry_24h,True
TXN104367,4771.89,insufficient_funds,insufficient_funds,retry_72h,False,retry_24h,True
TXN104368,5096.93,fraud_false_positive,fraud_false_positive,suggest_alt_payment_method,False,retry_24h,False
TXN104369,10503.69,fraud_false_positive,fraud_false_positive,suggest_alt_payment_method,False,retry_24h,False
TXN104370,2766.28,network_error,network_error,retry_immediate,False,retry_24h,True
TXN104371,1038.08,insufficient_funds,insufficient_funds,retry_72h,False,retry_24h,False
TXN104372,2234.66,fraud_false_positive,fraud_false_positive,suggest_alt_payment_method,True,retry_24h,True
TXN104373,3691.86,bank_timeout,bank_timeout,retry_2h,True,retry_24h,False
TXN104374,1881.39,bank_timeout,bank_timeout,retry_2h,False,retry_24h,False
TXN104375,3267.56,network_error,network_error,retry_immediate,True,retry_24h,False
TXN104376,11839.27,fraud_false_positive,fraud_false_positive,suggest_alt_payment_method,False,retry_24h,False
TXN104377,1979.67,insufficient_funds,insufficient_funds,retry_72h,True,retry_24h,True
TXN104378,3894.98,bank_timeout,bank_timeout,retry_2h,False,retry_24h,True
TXN104379,1977.48,insufficient_funds,insufficient_funds,retry_72h,True,retry_24h,False
TXN104380,929.22,bank_timeout,bank_timeout,retry_24h,False,retry_24h,False
TXN104381,4445.88,insufficient_funds,insufficient_funds,retry_72h,False,retry_24h,False
TXN104382,3631.09,insufficient_funds,insufficient_funds,retry_72h,False,retry_24h,False
TXN104383,21002.39,insufficient_funds,insufficient_funds,suggest_alt_payment_method,False,retry_24h,False
TXN104384,506.21,bank_timeout,bank_timeout,retry_2h,True,retry_24h,False
TXN104385,902.11,insufficient_funds,insufficient_funds,retry_72h,True,retry_24h,False
TXN104386,2814.33,insufficient_funds,insufficient_funds,retry_72h,True,retry_24h,False
TXN104387,14114.83,fraud_false_positive,fraud_false_positive,suggest_alt_payment_method,True,retry_24h,True
TXN104388,1367.3,bank_timeout,bank_timeout,retry_2h,True,retry_24h,True
TXN104389,313.17,bank_timeout,bank_timeout,retry_2h,True,retry_24h,False
TXN104390,1764.92,insufficient_funds,insufficient_funds,suggest_alt_payment_method,False,retry_24h,False
TXN104391,960.91,insufficient_funds,insufficient_funds,retry_72h,False,retry_24h,False
TXN104392,2271.57,insufficient_funds,insufficient_funds,retry_72h,True,retry_24h,False
TXN104393,2287.13,network_error,network_error,retry_immediate,True,retry_24h,False
TXN104394,1390.31,insufficient_funds,insufficient_funds,retry_72h,True,retry_24h,False
TXN104395,2727.12,insufficient_funds,insufficient_funds,retry_72h,True,retry_24h,True
TXN104396,1868.78,network_error,network_error,retry_immediate,False,retry_24h,False
TXN104397,851.17,bank_timeout,bank_timeout,retry_2h,False,retry_24h,True
TXN104398,10578.51,insufficient_funds,insufficient_funds,retry_72h,False,retry_24h,False
TXN104399,3018.89,insufficient_funds,insufficient_funds,suggest_alt_payment_method,False,retry_24h,False
TXN104400,711.61,bank_timeout,bank_timeout,retry_2h,False,retry_24h,True
TXN104401,5465.2,insufficient_funds,insufficient_funds,retry_72h,False,retry_24h,True
TXN104402,698.99,network_error,network_error,retry_immediate,False,retry_24h,False
TXN104403,1349.99,network_error,network_error,retry_immediate,True,retry_24h,False
TXN104404,1007.37,insufficient_funds,insufficient_funds,retry_72h,False,retry_24h,True
TXN104405,224.6,fraud_false_positive,fraud_false_positive,suggest_alt_payment_method,True,retry_24h,True
TXN104406,2107.19,bank_timeout,bank_timeout,retry_2h,True,retry_24h,False
TXN104407,3400.0,bank_timeout,bank_timeout,retry_2h,True,retry_24h,True
TXN104408,2528.2,network_error,network_error,retry_immediate,False,retry_24h,False
TXN104409,2922.17,fraud_false_positive,fraud_false_positive,suggest_alt_payment_method,False,retry_24h,False
TXN104410,2118.87,bank_timeout,bank_timeout,retry_2h,True,retry_24h,False
TXN104411,1886.71,bank_timeout,bank_timeout,retry_2h,True,retry_24h,False
TXN104412,539.6,bank_timeout,network_error,retry_immediate,True,retry_24h,True
TXN104413,3556.96,insufficient_funds,insufficient_funds,suggest_alt_payment_method,True,retry_24h,False
TXN104414,98.37,insufficient_funds,insufficient_funds,suggest_alt_payment_method,False,retry_24h,False
TXN104415,30.32,network_error,network_error,retry_immediate,False,retry_24h,False
TXN104416,1813.45,insufficient_funds,insufficient_funds,retry_72h,True,retry_24h,False
TXN104417,585.02,bank_timeout,bank_timeout,retry_2h,False,retry_24h,True
TXN104418,1265.37,fraud_false_positive,fraud_false_positive,suggest_alt_payment_method,True,retry_24h,False
TXN104419,6066.85,insufficient_funds,insufficient_funds,retry_72h,False,retry_24h,False
TXN104420,2857.49,fraud_false_positive,fraud_false_positive,suggest_alt_payment_method,True,retry_24h,False
TXN104421,735.61,bank_timeout,bank_timeout,retry_2h,False,retry_24h,True
TXN104422,3363.89,insufficient_funds,insufficient_funds,retry_72h,True,retry_24h,False
TXN104423,1175.59,network_error,network_error,retry_immediate,True,retry_24h,True
TXN104424,4552.16,fraud_false_positive,fraud_false_positive,suggest_alt_payment_method,False,retry_24h,False
TXN104425,2762.24,insufficient_funds,insufficient_funds,retry_72h,False,retry_24h,True
TXN104426,1332.97,insufficient_funds,insufficient_funds,retry_72h,True,retry_24h,False
TXN104427,1568.42,bank_timeout,bank_timeout,retry_24h,False,retry_24h,False
TXN104428,2830.44,insufficient_funds,insufficient_funds,retry_72h,True,retry_24h,False
TXN104429,12986.63,insufficient_funds,insufficient_funds,retry_72h,True,retry_24h,False
TXN104430,8178.31,fraud_false_positive,fraud_false_positive,suggest_alt_payment_method,False,retry_24h,False
TXN104431,3209.03,network_error,network_error,retry_24h,False,retry_24h,False
TXN104432,7575.66,insufficient_funds,insufficient_funds,retry_72h,True,retry_24h,True
TXN104433,1291.98,insufficient_funds,insufficient_funds,retry_72h,False,retry_24h,False
TXN104434,2066.72,network_error,network_error,retry_immediate,True,retry_24h,True
TXN104435,516.46,network_error,network_error,retry_immediate,False,retry_24h,True
TXN104436,7520.26,insufficient_funds,insufficient_funds,retry_72h,False,retry_24h,False
TXN104437,4143.6,insufficient_funds,insufficient_funds,retry_72h,False,retry_24h,False
TXN104438,2379.75,bank_timeout,bank_timeout,retry_2h,False,retry_24h,False
TXN104439,3657.61,insufficient_funds,insufficient_funds,suggest_alt_payment_method,False,retry_24h,True
TXN104440,8052.64,fraud_false_positive,fraud_false_positive,suggest_alt_payment_method,False,retry_24h,False
TXN104441,825.18,network_error,bank_timeout,retry_2h,True,retry_24h,True
TXN104442,5392.54,insufficient_funds,insufficient_funds,retry_72h,True,retry_24h,True
TXN104443,2184.32,insufficient_funds,insufficient_funds,suggest_alt_payment_method,False,retry_24h,True
TXN104444,631.02,insufficient_funds,insufficient_funds,retry_72h,False,retry_24h,True
TXN104445,4777.53,network_error,network_error,retry_immediate,True,retry_24h,False
TXN104446,3329.71,insufficient_funds,insufficient_funds,retry_72h,True,retry_24h,False
TXN104447,1908.16,insufficient_funds,insufficient_funds,retry_72h,False,retry_24h,False
TXN104448,1539.06,network_error,network_error,retry_immediate,True,retry_24h,True
TXN104449,153.47,network_error,network_error,retry_immediate,True,retry_24h,True
TXN104450,337.21,insufficient_funds,insufficient_funds,retry_72h,False,retry_24h,False
TXN104451,597.54,fraud_false_positive,fraud_false_positive,suggest_alt_payment_method,True,retry_24h,False
TXN104452,4331.5,fraud_false_positive,fraud_false_positive,suggest_alt_payment_method,False,retry_24h,True
TXN104453,745.81,insufficient_funds,insufficient_funds,retry_72h,False,retry_24h,False
TXN104454,9496.29,insufficient_funds,insufficient_funds,retry_72h,True,retry_24h,True
TXN104455,871.28,network_error,network_error,retry_immediate,True,retry_24h,False
TXN104456,2952.75,network_error,network_error,retry_immediate,True,retry_24h,False
TXN104457,2393.11,network_error,bank_timeout,retry_24h,True,retry_24h,True
TXN104458,1208.09,insufficient_funds,insufficient_funds,retry_72h,False,retry_24h,False
TXN104459,2640.93,insufficient_funds,insufficient_funds,retry_72h,True,retry_24h,True
TXN104460,748.56,bank_timeout,bank_timeout,retry_2h,False,retry_24h,False
TXN104461,1581.74,insufficient_funds,insufficient_funds,retry_72h,False,retry_24h,False
TXN104462,868.08,insufficient_funds,insufficient_funds,retry_72h,False,retry_24h,False
TXN104463,920.7,insufficient_funds,insufficient_funds,retry_72h,False,retry_24h,True
TXN104464,388.25,network_error,network_error,retry_immediate,True,retry_24h,True
TXN104465,311.31,bank_timeout,bank_timeout,retry_2h,True,retry_24h,True
TXN104466,2062.62,network_error,network_error,retry_immediate,True,retry_24h,False
TXN104467,2714.64,bank_timeout,bank_timeout,retry_2h,True,retry_24h,True
TXN104468,11905.62,insufficient_funds,insufficient_funds,retry_72h,False,retry_24h,False
TXN104469,1739.75,insufficient_funds,insufficient_funds,retry_72h,False,retry_24h,False
TXN104470,2088.06,bank_timeout,network_error,retry_immediate,False,retry_24h,True
TXN104471,592.32,insufficient_funds,insufficient_funds,suggest_alt_payment_method,True,retry_24h,False
TXN104472,461.97,bank_timeout,bank_timeout,retry_2h,True,retry_24h,True
TXN104473,1193.98,network_error,network_error,retry_immediate,True,retry_24h,True
TXN104474,1071.52,insufficient_funds,insufficient_funds,retry_72h,False,retry_24h,False
TXN104475,450.41,network_error,network_error,retry_immediate,True,retry_24h,True
TXN104476,544.58,bank_timeout,bank_timeout,retry_2h,False,retry_24h,False
TXN104477,1456.14,insufficient_funds,insufficient_funds,retry_72h,False,retry_24h,False
TXN104478,1569.69,network_error,bank_timeout,retry_2h,True,retry_24h,True
TXN104479,4963.56,insufficient_funds,insufficient_funds,retry_72h,True,retry_24h,False
TXN104480,1799.74,network_error,network_error,retry_immediate,False,retry_24h,False
TXN104481,11879.17,fraud_false_positive,fraud_false_positive,suggest_alt_payment_method,False,retry_24h,False
TXN104482,4744.44,insufficient_funds,insufficient_funds,retry_72h,True,retry_24h,False
TXN104483,2367.6,insufficient_funds,insufficient_funds,retry_72h,False,retry_24h,True
TXN104484,2521.72,network_error,network_error,retry_24h,True,retry_24h,False
TXN104485,3872.92,bank_timeout,bank_timeout,retry_2h,True,retry_24h,False
TXN104486,3689.93,fraud_false_positive,fraud_false_positive,suggest_alt_payment_method,True,retry_24h,False
TXN104487,1708.62,insufficient_funds,insufficient_funds,retry_72h,False,retry_24h,False
TXN104488,2076.42,fraud_false_positive,fraud_false_positive,suggest_alt_payment_method,False,retry_24h,False
TXN104489,1500.28,network_error,network_error,retry_immediate,False,retry_24h,True
TXN104490,944.09,bank_timeout,bank_timeout,suggest_alt_payment_method,False,retry_24h,False
TXN104491,3745.08,bank_timeout,bank_timeout,retry_2h,True,retry_24h,True
TXN104492,2347.18,network_error,network_error,retry_immediate,True,retry_24h,False
TXN104493,2225.5,insufficient_funds,fraud_false_positive,suggest_alt_payment_method,True,retry_24h,False
TXN104494,4333.11,network_error,network_error,retry_immediate,False,retry_24h,True
TXN104495,1008.51,bank_timeout,bank_timeout,retry_2h,False,retry_24h,True
TXN104496,478.52,bank_timeout,bank_timeout,retry_2h,False,retry_24h,False
TXN104497,1191.86,insufficient_funds,insufficient_funds,retry_72h,False,retry_24h,True
TXN104498,5999.79,insufficient_funds,insufficient_funds,retry_72h,False,retry_24h,False
TXN104499,4805.81,fraud_false_positive,fraud_false_positive,suggest_alt_payment_method,False,retry_24h,False
TXN104500,2103.44,network_error,network_error,retry_immediate,True,retry_24h,False
TXN104501,3050.46,insufficient_funds,insufficient_funds,retry_72h,True,retry_24h,True
TXN104502,1753.24,insufficient_funds,insufficient_funds,retry_72h,False,retry_24h,False
TXN104503,711.52,network_error,network_error,retry_24h,True,retry_24h,True
TXN104504,1212.09,insufficient_funds,insufficient_funds,retry_72h,False,retry_24h,True
TXN104505,1719.64,network_error,network_error,retry_immediate,True,retry_24h,True
TXN104506,852.36,bank_timeout,bank_timeout,retry_2h,False,retry_24h,False
TXN104507,4948.29,insufficient_funds,insufficient_funds,retry_72h,True,retry_24h,False
TXN104508,6366.6,network_error,network_error,retry_immediate,True,retry_24h,False
TXN104509,3707.86,insufficient_funds,insufficient_funds,retry_72h,False,retry_24h,False
TXN104510,2990.36,fraud_false_positive,fraud_false_positive,suggest_alt_payment_method,True,retry_24h,False
TXN104511,370.42,network_error,network_error,retry_immediate,False,retry_24h,False
TXN104512,792.22,network_error,network_error,retry_immediate,True,retry_24h,False
TXN104513,5018.81,insufficient_funds,insufficient_funds,retry_72h,True,retry_24h,False
TXN104514,2664.66,insufficient_funds,insufficient_funds,retry_72h,True,retry_24h,True
TXN104515,4682.63,insufficient_funds,insufficient_funds,retry_72h,True,retry_24h,False
TXN104516,9808.68,insufficient_funds,insufficient_funds,retry_72h,False,retry_24h,False
TXN104517,824.35,bank_timeout,bank_timeout,retry_2h,False,retry_24h,False
TXN104518,5571.97,fraud_false_positive,fraud_false_positive,suggest_alt_payment_method,False,retry_24h,False
TXN104519,3492.52,fraud_false_positive,fraud_false_positive,suggest_alt_payment_method,False,retry_24h,False
TXN104520,4768.86,fraud_false_positive,fraud_false_positive,suggest_alt_payment_method,True,retry_24h,True
TXN104521,432.05,network_error,network_error,retry_immediate,False,retry_24h,False
TXN104522,1231.46,bank_timeout,bank_timeout,retry_24h,True,retry_24h,True
TXN104523,3729.78,insufficient_funds,insufficient_funds,retry_72h,True,retry_24h,False
TXN104524,3548.78,insufficient_funds,insufficient_funds,retry_72h,False,retry_24h,False
TXN104525,6509.6,insufficient_funds,insufficient_funds,retry_72h,False,retry_24h,False
TXN104526,2745.52,bank_timeout,bank_timeout,retry_24h,True,retry_24h,True
TXN104527,845.32,network_error,network_error,retry_immediate,True,retry_24h,False
TXN104528,1443.2,bank_timeout,network_error,retry_immediate,True,retry_24h,True
TXN104529,1841.8,insufficient_funds,insufficient_funds,retry_72h,False,retry_24h,False
TXN104530,1063.56,bank_timeout,bank_timeout,retry_24h,False,retry_24h,True
TXN104531,2627.16,bank_timeout,bank_timeout,retry_2h,False,retry_24h,False
TXN104532,2763.51,bank_timeout,bank_timeout,retry_2h,True,retry_24h,False
TXN104533,2051.97,insufficient_funds,insufficient_funds,retry_72h,False,retry_24h,True
TXN104534,11786.97,insufficient_funds,insufficient_funds,retry_72h,False,retry_24h,True
TXN104535,1791.46,insufficient_funds,insufficient_funds,retry_72h,True,retry_24h,False
TXN104536,4141.31,insufficient_funds,insufficient_funds,retry_72h,True,retry_24h,True
TXN104537,396.32,network_error,network_error,retry_immediate,True,retry_24h,False
TXN104538,2561.97,bank_timeout,bank_timeout,retry_2h,True,retry_24h,True
TXN104539,2724.2,network_error,network_error,retry_immediate,True,retry_24h,True
TXN104540,2307.02,bank_timeout,bank_timeout,retry_2h,True,retry_24h,True
TXN104541,2451.78,network_error,network_error,retry_immediate,False,retry_24h,True
TXN104542,3015.67,insufficient_funds,insufficient_funds,retry_72h,True,retry_24h,False
TXN104543,5873.57,insufficient_funds,insufficient_funds,retry_72h,True,retry_24h,False
TXN104544,3404.11,bank_timeout,bank_timeout,retry_2h,True,retry_24h,False
TXN104545,6041.66,fraud_false_positive,fraud_false_positive,suggest_alt_payment_method,False,retry_24h,False
TXN104546,3335.26,insufficient_funds,insufficient_funds,suggest_alt_payment_method,False,retry_24h,False
TXN104547,951.92,bank_timeout,bank_timeout,retry_24h,False,retry_24h,True
TXN104548,7721.02,insufficient_funds,insufficient_funds,retry_72h,False,retry_24h,False
TXN104549,777.5,network_error,network_error,retry_24h,False,retry_24h,False
TXN104550,1073.49,bank_timeout,bank_timeout,retry_2h,False,retry_24h,True
TXN104551,1588.27,network_error,network_error,retry_immediate,False,retry_24h,False
TXN104552,1360.85,bank_timeout,bank_timeout,retry_2h,True,retry_24h,True
TXN104553,2662.75,bank_timeout,bank_timeout,retry_2h,False,retry_24h,False
TXN104554,855.91,fraud_false_positive,fraud_false_positive,suggest_alt_payment_method,False,retry_24h,False
TXN104555,1360.82,insufficient_funds,insufficient_funds,retry_72h,True,retry_24h,False
TXN104556,10104.07,insufficient_funds,insufficient_funds,retry_72h,False,retry_24h,False
TXN104557,589.98,network_error,network_error,retry_immediate,True,retry_24h,False
TXN104558,7178.19,insufficient_funds,insufficient_funds,retry_72h,True,retry_24h,False
TXN104559,4265.3,bank_timeout,bank_timeout,retry_2h,False,retry_24h,True
TXN104560,1848.45,fraud_false_positive,fraud_false_positive,suggest_alt_payment_method,True,retry_24h,False
TXN104561,5937.55,bank_timeout,bank_timeout,retry_2h,True,retry_24h,False
TXN104562,1557.67,bank_timeout,bank_timeout,retry_2h,True,retry_24h,False
TXN104563,2244.1,insufficient_funds,insufficient_funds,suggest_alt_payment_method,False,retry_24h,True
TXN104564,2619.67,insufficient_funds,insufficient_funds,retry_72h,True,retry_24h,False
TXN104565,1183.49,bank_timeout,bank_timeout,retry_2h,True,retry_24h,True
TXN104566,2618.57,bank_timeout,bank_timeout,retry_24h,True,retry_24h,True
TXN104567,779.11,fraud_false_positive,fraud_false_positive,suggest_alt_payment_method,False,retry_24h,False
TXN104568,2435.37,bank_timeout,bank_timeout,retry_2h,False,retry_24h,True
TXN104569,857.61,insufficient_funds,insufficient_funds,retry_72h,True,retry_24h,False
TXN104570,5466.93,insufficient_funds,insufficient_funds,suggest_alt_payment_method,False,retry_24h,False
TXN104571,2014.71,bank_timeout,bank_timeout,retry_2h,True,retry_24h,True
TXN104572,3498.46,bank_timeout,bank_timeout,retry_2h,True,retry_24h,True
TXN104573,478.47,insufficient_funds,insufficient_funds,suggest_alt_payment_method,False,retry_24h,False
TXN104574,1194.01,bank_timeout,bank_timeout,retry_2h,False,retry_24h,False
TXN104575,2748.73,insufficient_funds,insufficient_funds,retry_72h,False,retry_24h,False
TXN104576,4074.81,insufficient_funds,insufficient_funds,retry_72h,False,retry_24h,False
TXN104577,442.44,bank_timeout,bank_timeout,retry_2h,True,retry_24h,True
TXN104578,1626.53,insufficient_funds,insufficient_funds,retry_72h,False,retry_24h,False
TXN104579,1542.8,insufficient_funds,insufficient_funds,retry_72h,True,retry_24h,False
TXN104580,1957.04,insufficient_funds,insufficient_funds,retry_72h,True,retry_24h,False
TXN104581,478.34,network_error,network_error,retry_immediate,False,retry_24h,False
TXN104582,817.43,insufficient_funds,insufficient_funds,retry_72h,True,retry_24h,False
TXN104583,1091.34,bank_timeout,bank_timeout,retry_24h,True,retry_24h,True
TXN104584,1871.76,fraud_false_positive,fraud_false_positive,suggest_alt_payment_method,False,retry_24h,False
TXN104585,890.35,bank_timeout,bank_timeout,retry_2h,False,retry_24h,True
TXN104586,766.37,network_error,network_error,retry_immediate,True,retry_24h,False
TXN104587,2280.59,insufficient_funds,insufficient_funds,retry_72h,False,retry_24h,False
TXN104588,2862.44,insufficient_funds,insufficient_funds,suggest_alt_payment_method,False,retry_24h,False
TXN104589,1425.42,network_error,network_error,retry_immediate,False,retry_24h,True
TXN104590,3112.33,insufficient_funds,insufficient_funds,retry_72h,True,retry_24h,False
TXN104591,717.82,network_error,network_error,retry_immediate,True,retry_24h,False
TXN104592,4348.61,insufficient_funds,insufficient_funds,retry_72h,True,retry_24h,False
TXN104593,791.72,bank_timeout,bank_timeout,retry_2h,True,retry_24h,True
TXN104594,10342.73,fraud_false_positive,fraud_false_positive,suggest_alt_payment_method,False,retry_24h,False
TXN104595,873.82,network_error,network_error,retry_immediate,False,retry_24h,True
TXN104596,1785.73,network_error,network_error,retry_immediate,True,retry_24h,False
TXN104597,301.9,insufficient_funds,insufficient_funds,retry_72h,False,retry_24h,True
TXN104598,4954.59,network_error,network_error,retry_immediate,False,retry_24h,False
TXN104599,1439.95,insufficient_funds,insufficient_funds,retry_72h,True,retry_24h,False
TXN104600,541.95,network_error,network_error,retry_immediate,True,retry_24h,True
TXN104601,3043.73,insufficient_funds,insufficient_funds,retry_72h,False,retry_24h,False
TXN104602,397.22,fraud_false_positive,fraud_false_positive,suggest_alt_payment_method,True,retry_24h,False
TXN104603,4831.14,fraud_false_positive,fraud_false_positive,suggest_alt_payment_method,True,retry_24h,False
TXN104604,595.55,insufficient_funds,insufficient_funds,retry_72h,False,retry_24h,False
TXN104605,970.96,insufficient_funds,insufficient_funds,retry_72h,True,retry_24h,False
TXN104606,812.15,network_error,bank_timeout,retry_2h,False,retry_24h,True
TXN104607,2560.5,bank_timeout,bank_timeout,retry_2h,False,retry_24h,True
TXN104608,2233.73,network_error,bank_timeout,retry_2h,True,retry_24h,False
TXN104609,9009.17,fraud_false_positive,fraud_false_positive,suggest_alt_payment_method,True,retry_24h,False
TXN104610,2683.57,bank_timeout,bank_timeout,retry_2h,False,retry_24h,True
TXN104611,1988.08,insufficient_funds,insufficient_funds,retry_72h,True,retry_24h,False
TXN104612,1825.92,insufficient_funds,insufficient_funds,suggest_alt_payment_method,False,retry_24h,False
TXN104613,2622.18,bank_timeout,bank_timeout,retry_2h,True,retry_24h,True
TXN104614,6951.13,insufficient_funds,insufficient_funds,retry_72h,True,retry_24h,False
TXN104615,1617.72,insufficient_funds,insufficient_funds,suggest_alt_payment_method,True,retry_24h,False
TXN104616,1352.13,bank_timeout,bank_timeout,retry_2h,True,retry_24h,False
TXN104617,3281.37,fraud_false_positive,fraud_false_positive,suggest_alt_payment_method,True,retry_24h,False
TXN104618,926.78,bank_timeout,bank_timeout,retry_2h,True,retry_24h,False
TXN104619,1832.67,insufficient_funds,insufficient_funds,retry_72h,False,retry_24h,False
TXN104620,3737.97,bank_timeout,bank_timeout,retry_2h,True,retry_24h,False
TXN104621,3655.69,insufficient_funds,insufficient_funds,retry_72h,False,retry_24h,False
TXN104622,3664.51,insufficient_funds,insufficient_funds,retry_72h,False,retry_24h,False
TXN104623,2339.6,fraud_false_positive,fraud_false_positive,suggest_alt_payment_method,True,retry_24h,False
TXN104624,161.2,network_error,network_error,retry_immediate,True,retry_24h,False
TXN104625,1751.11,network_error,network_error,retry_immediate,True,retry_24h,False
TXN104626,721.74,insufficient_funds,insufficient_funds,retry_72h,False,retry_24h,False
TXN104627,3771.44,network_error,network_error,retry_immediate,False,retry_24h,False
TXN104628,764.92,bank_timeout,bank_timeout,retry_2h,False,retry_24h,False
TXN104629,6525.86,fraud_false_positive,fraud_false_positive,suggest_alt_payment_method,True,retry_24h,False
TXN104630,12193.03,insufficient_funds,insufficient_funds,retry_72h,False,retry_24h,True
TXN104631,1123.95,network_error,network_error,retry_immediate,True,retry_24h,False
TXN104632,1401.03,network_error,network_error,retry_24h,False,retry_24h,False
TXN104633,3170.71,insufficient_funds,insufficient_funds,retry_72h,True,retry_24h,True
TXN104634,2636.62,bank_timeout,bank_timeout,retry_2h,True,retry_24h,False
TXN104635,3647.01,network_error,network_error,retry_immediate,True,retry_24h,True
TXN104636,1336.06,network_error,network_error,retry_immediate,True,retry_24h,False
TXN104637,1765.04,network_error,network_error,retry_immediate,False,retry_24h,False
TXN104638,1925.92,insufficient_funds,insufficient_funds,retry_72h,True,retry_24h,False
TXN104639,1629.66,insufficient_funds,insufficient_funds,retry_72h,True,retry_24h,False
TXN104640,1175.1,insufficient_funds,insufficient_funds,retry_72h,False,retry_24h,False
TXN104641,1371.2,insufficient_funds,insufficient_funds,retry_72h,False,retry_24h,False
TXN104642,1947.77,insufficient_funds,insufficient_funds,retry_72h,True,retry_24h,True
TXN104643,2359.03,insufficient_funds,insufficient_funds,retry_72h,True,retry_24h,True
TXN104644,15602.79,fraud_false_positive,fraud_false_positive,suggest_alt_payment_method,True,retry_24h,False
TXN104645,9799.51,insufficient_funds,insufficient_funds,retry_72h,True,retry_24h,False
TXN104646,1559.1,bank_timeout,bank_timeout,retry_2h,True,retry_24h,False
TXN104647,3576.4,fraud_false_positive,fraud_false_positive,suggest_alt_payment_method,False,retry_24h,False
TXN104648,3480.69,bank_timeout,bank_timeout,retry_2h,True,retry_24h,False
TXN104649,1209.47,bank_timeout,bank_timeout,retry_2h,True,retry_24h,False
TXN104650,6576.09,insufficient_funds,insufficient_funds,retry_72h,True,retry_24h,False
TXN104651,2290.94,network_error,network_error,retry_immediate,True,retry_24h,True
TXN104652,5989.28,fraud_false_positive,fraud_false_positive,suggest_alt_payment_method,False,retry_24h,False
TXN104653,79.52,network_error,network_error,retry_immediate,True,retry_24h,False
TXN104654,891.02,bank_timeout,bank_timeout,retry_2h,True,retry_24h,True
TXN104655,2284.19,fraud_false_positive,fraud_false_positive,suggest_alt_payment_method,False,retry_24h,False
TXN104656,1757.99,network_error,network_error,retry_immediate,True,retry_24h,False
TXN104657,3034.76,insufficient_funds,insufficient_funds,retry_72h,False,retry_24h,False
TXN104658,4362.68,network_error,network_error,retry_immediate,True,retry_24h,True
TXN104659,1229.35,bank_timeout,bank_timeout,retry_2h,True,retry_24h,False
TXN104660,2315.91,network_error,network_error,retry_immediate,True,retry_24h,False
TXN104661,2437.52,insufficient_funds,insufficient_funds,retry_72h,True,retry_24h,True
TXN104662,1357.73,bank_timeout,bank_timeout,retry_2h,False,retry_24h,False
TXN104663,2754.44,insufficient_funds,insufficient_funds,retry_72h,False,retry_24h,False
TXN104664,1290.33,network_error,bank_timeout,retry_2h,False,retry_24h,True
TXN104665,1502.14,insufficient_funds,insufficient_funds,retry_72h,True,retry_24h,False
TXN104666,3667.3,bank_timeout,bank_timeout,retry_2h,False,retry_24h,True
TXN104667,4867.4,insufficient_funds,insufficient_funds,retry_72h,False,retry_24h,True
TXN104668,3369.54,insufficient_funds,insufficient_funds,retry_72h,True,retry_24h,False
TXN104669,1639.87,bank_timeout,bank_timeout,retry_2h,False,retry_24h,True
TXN104670,2440.22,fraud_false_positive,fraud_false_positive,suggest_alt_payment_method,True,retry_24h,False
TXN104671,1536.19,insufficient_funds,insufficient_funds,retry_72h,False,retry_24h,False
TXN104672,3190.48,network_error,network_error,retry_immediate,False,retry_24h,False
TXN104673,3621.61,insufficient_funds,insufficient_funds,retry_72h,False,retry_24h,True
TXN104674,1142.96,network_error,network_error,retry_immediate,True,retry_24h,False
TXN104675,1548.03,insufficient_funds,insufficient_funds,retry_72h,False,retry_24h,False
TXN104676,3267.79,bank_timeout,bank_timeout,retry_2h,True,retry_24h,False
TXN104677,2430.22,bank_timeout,bank_timeout,retry_2h,True,retry_24h,True
TXN104678,2921.65,insufficient_funds,insufficient_funds,retry_72h,True,retry_24h,False
TXN104679,2681.26,insufficient_funds,insufficient_funds,retry_72h,True,retry_24h,False
TXN104680,2372.05,insufficient_funds,insufficient_funds,retry_72h,False,retry_24h,False
TXN104681,3634.77,fraud_false_positive,fraud_false_positive,suggest_alt_payment_method,False,retry_24h,False
TXN104682,1022.88,network_error,network_error,retry_immediate,True,retry_24h,False
TXN104683,6997.04,insufficient_funds,insufficient_funds,retry_72h,True,retry_24h,False
TXN104684,4912.07,insufficient_funds,insufficient_funds,retry_72h,True,retry_24h,False
TXN104685,4151.27,insufficient_funds,insufficient_funds,retry_72h,True,retry_24h,True
TXN104686,2669.52,network_error,network_error,retry_immediate,True,retry_24h,True
TXN104687,3588.14,insufficient_funds,insufficient_funds,retry_72h,False,retry_24h,False
TXN104688,1657.6,insufficient_funds,insufficient_funds,suggest_alt_payment_method,False,retry_24h,False
TXN104689,2628.87,fraud_false_positive,fraud_false_positive,suggest_alt_payment_method,False,retry_24h,False
TXN104690,284.24,insufficient_funds,insufficient_funds,suggest_alt_payment_method,True,retry_24h,False
TXN104691,351.25,insufficient_funds,insufficient_funds,retry_72h,False,retry_24h,False
TXN104692,2609.92,insufficient_funds,insufficient_funds,retry_72h,False,retry_24h,False
TXN104693,9785.98,insufficient_funds,insufficient_funds,retry_72h,False,retry_24h,False
TXN104694,257.81,network_error,network_error,retry_immediate,True,retry_24h,False
TXN104695,1758.12,insufficient_funds,insufficient_funds,retry_72h,False,retry_24h,False
TXN104696,3339.05,network_error,network_error,retry_immediate,True,retry_24h,True
TXN104697,3835.9,fraud_false_positive,fraud_false_positive,suggest_alt_payment_method,False,retry_24h,False
TXN104698,989.81,network_error,network_error,retry_immediate,False,retry_24h,True
TXN104699,870.38,fraud_false_positive,fraud_false_positive,suggest_alt_payment_method,True,retry_24h,False
TXN104700,1751.81,network_error,network_error,suggest_alt_payment_method,False,retry_24h,False
TXN104701,4171.32,insufficient_funds,insufficient_funds,retry_72h,True,retry_24h,False
TXN104702,2258.6,network_error,network_error,retry_immediate,True,retry_24h,False
TXN104703,1385.93,network_error,network_error,retry_immediate,True,retry_24h,True
TXN104704,2829.97,bank_timeout,bank_timeout,retry_2h,True,retry_24h,False
TXN104705,984.96,bank_timeout,bank_timeout,retry_2h,False,retry_24h,True
TXN104706,2943.48,network_error,network_error,retry_immediate,True,retry_24h,False
TXN104707,1291.55,bank_timeout,bank_timeout,suggest_alt_payment_method,False,retry_24h,False
TXN104708,1528.02,network_error,network_error,retry_immediate,True,retry_24h,True
TXN104709,4489.39,insufficient_funds,insufficient_funds,retry_72h,False,retry_24h,False
TXN104710,1190.98,insufficient_funds,insufficient_funds,retry_72h,False,retry_24h,False
TXN104711,533.73,network_error,bank_timeout,retry_2h,True,retry_24h,False
TXN104712,2219.42,fraud_false_positive,fraud_false_positive,suggest_alt_payment_method,False,retry_24h,False
TXN104713,2612.05,network_error,network_error,retry_immediate,True,retry_24h,True
TXN104714,3029.67,bank_timeout,bank_timeout,retry_2h,True,retry_24h,True
TXN104715,652.03,network_error,network_error,retry_immediate,False,retry_24h,True
TXN104716,2851.93,insufficient_funds,insufficient_funds,retry_72h,False,retry_24h,False
TXN104717,1620.29,fraud_false_positive,fraud_false_positive,suggest_alt_payment_method,True,retry_24h,False
TXN104718,6686.11,insufficient_funds,insufficient_funds,retry_72h,False,retry_24h,False
TXN104719,5585.39,insufficient_funds,insufficient_funds,suggest_alt_payment_method,False,retry_24h,True
TXN104720,2189.23,insufficient_funds,insufficient_funds,retry_72h,False,retry_24h,True
TXN104721,2623.95,network_error,network_error,retry_immediate,True,retry_24h,True
TXN104722,3070.16,insufficient_funds,insufficient_funds,retry_72h,False,retry_24h,False
TXN104723,2350.56,network_error,network_error,retry_immediate,False,retry_24h,False
TXN104724,6794.58,insufficient_funds,insufficient_funds,retry_72h,False,retry_24h,False
TXN104725,2770.89,insufficient_funds,insufficient_funds,retry_72h,True,retry_24h,False
TXN104726,1751.47,network_error,network_error,retry_immediate,True,retry_24h,True
TXN104727,2326.81,insufficient_funds,insufficient_funds,retry_72h,False,retry_24h,False
TXN104728,983.18,network_error,network_error,retry_immediate,True,retry_24h,False
TXN104729,3798.82,fraud_false_positive,fraud_false_positive,suggest_alt_payment_method,True,retry_24h,False
TXN104730,2899.51,insufficient_funds,insufficient_funds,retry_72h,False,retry_24h,False
TXN104731,715.45,insufficient_funds,insufficient_funds,retry_72h,True,retry_24h,False
TXN104732,2945.09,insufficient_funds,insufficient_funds,retry_72h,False,retry_24h,False
TXN104733,1450.31,network_error,network_error,retry_immediate,True,retry_24h,False
TXN104734,327.34,bank_timeout,bank_timeout,retry_24h,True,retry_24h,True
TXN104735,2784.64,insufficient_funds,insufficient_funds,retry_72h,False,retry_24h,False
TXN104736,4501.8,insufficient_funds,insufficient_funds,retry_72h,False,retry_24h,True
TXN104737,1970.42,bank_timeout,bank_timeout,retry_2h,True,retry_24h,False
TXN104738,2049.99,insufficient_funds,insufficient_funds,retry_72h,False,retry_24h,True
TXN104739,2255.72,bank_timeout,bank_timeout,retry_2h,False,retry_24h,False
TXN104740,283.99,insufficient_funds,insufficient_funds,retry_72h,True,retry_24h,False
TXN104741,1750.6,network_error,network_error,retry_immediate,True,retry_24h,True
TXN104742,3305.07,insufficient_funds,insufficient_funds,retry_72h,False,retry_24h,False
TXN104743,2351.61,fraud_false_positive,fraud_false_positive,suggest_alt_payment_method,False,retry_24h,False
TXN104744,1986.3,fraud_false_positive,fraud_false_positive,suggest_alt_payment_method,True,retry_24h,False
TXN104745,5331.83,bank_timeout,bank_timeout,retry_2h,True,retry_24h,True
TXN104746,2457.31,network_error,network_error,retry_immediate,True,retry_24h,False
TXN104747,241.73,insufficient_funds,insufficient_funds,retry_72h,True,retry_24h,False
TXN104748,938.75,bank_timeout,bank_timeout,retry_2h,True,retry_24h,True
TXN104749,922.71,insufficient_funds,insufficient_funds,retry_72h,True,retry_24h,False
TXN104750,1680.44,bank_timeout,bank_timeout,retry_2h,True,retry_24h,False
TXN104751,6818.8,insufficient_funds,insufficient_funds,retry_72h,True,retry_24h,False
TXN104752,310.63,network_error,network_error,retry_immediate,False,retry_24h,True
TXN104753,6778.58,bank_timeout,bank_timeout,retry_2h,True,retry_24h,False
TXN104754,281.82,bank_timeout,bank_timeout,retry_2h,False,retry_24h,True
TXN104755,819.07,bank_timeout,bank_timeout,retry_2h,False,retry_24h,False
TXN104756,3124.65,insufficient_funds,insufficient_funds,retry_72h,False,retry_24h,False
TXN104757,3598.07,insufficient_funds,insufficient_funds,retry_72h,True,retry_24h,True
TXN104758,1909.92,insufficient_funds,insufficient_funds,retry_72h,False,retry_24h,False
TXN104759,1301.53,bank_timeout,bank_timeout,retry_2h,True,retry_24h,True
TXN104760,4686.44,insufficient_funds,insufficient_funds,retry_72h,False,retry_24h,False
TXN104761,2822.96,bank_timeout,bank_timeout,retry_2h,True,retry_24h,False
TXN104762,2144.69,network_error,network_error,retry_immediate,True,retry_24h,True
TXN104763,3527.24,bank_timeout,bank_timeout,retry_2h,True,retry_24h,False
TXN104764,7197.51,insufficient_funds,insufficient_funds,retry_72h,False,retry_24h,True
TXN104765,4107.58,network_error,network_error,retry_immediate,True,retry_24h,False
TXN104766,1912.57,insufficient_funds,insufficient_funds,retry_72h,False,retry_24h,True
TXN104767,1818.45,insufficient_funds,insufficient_funds,retry_72h,False,retry_24h,False
TXN104768,1331.78,insufficient_funds,insufficient_funds,retry_72h,False,retry_24h,True
TXN104769,2642.73,fraud_false_positive,fraud_false_positive,suggest_alt_payment_method,True,retry_24h,False
TXN104770,866.73,insufficient_funds,insufficient_funds,retry_72h,True,retry_24h,False
TXN104771,663.16,bank_timeout,bank_timeout,retry_2h,False,retry_24h,False
TXN104772,458.19,bank_timeout,bank_timeout,retry_2h,True,retry_24h,True
TXN104773,1611.99,insufficient_funds,insufficient_funds,retry_72h,False,retry_24h,True
TXN104774,3998.25,insufficient_funds,insufficient_funds,retry_72h,False,retry_24h,False
TXN104775,7447.3,insufficient_funds,insufficient_funds,retry_72h,False,retry_24h,False
TXN104776,7595.5,insufficient_funds,insufficient_funds,retry_72h,False,retry_24h,False
TXN104777,1456.88,network_error,bank_timeout,retry_2h,True,retry_24h,True
TXN104778,2639.91,network_error,network_error,retry_immediate,True,retry_24h,False
TXN104779,2273.13,network_error,network_error,retry_immediate,False,retry_24h,True
TXN104780,9129.32,fraud_false_positive,fraud_false_positive,suggest_alt_payment_method,False,retry_24h,False
TXN104781,2591.58,network_error,network_error,retry_immediate,True,retry_24h,True
TXN104782,4421.14,fraud_false_positive,fraud_false_positive,suggest_alt_payment_method,True,retry_24h,False
TXN104783,9526.79,insufficient_funds,insufficient_funds,retry_72h,False,retry_24h,False
TXN104784,4621.9,network_error,network_error,retry_immediate,False,retry_24h,True
TXN104785,3467.44,insufficient_funds,insufficient_funds,retry_72h,True,retry_24h,False
TXN104786,129.11,network_error,network_error,retry_immediate,False,retry_24h,False
TXN104787,1563.49,bank_timeout,bank_timeout,retry_2h,False,retry_24h,False
TXN104788,3939.23,fraud_false_positive,fraud_false_positive,suggest_alt_payment_method,False,retry_24h,True
TXN104789,1251.34,insufficient_funds,insufficient_funds,retry_72h,False,retry_24h,True
TXN104790,3450.85,insufficient_funds,insufficient_funds,retry_72h,False,retry_24h,False
TXN104791,1404.28,bank_timeout,bank_timeout,retry_2h,True,retry_24h,False
TXN104792,8510.27,insufficient_funds,insufficient_funds,retry_72h,False,retry_24h,True
TXN104793,7340.92,fraud_false_positive,fraud_false_positive,suggest_alt_payment_method,False,retry_24h,False
TXN104794,2814.27,insufficient_funds,insufficient_funds,suggest_alt_payment_method,False,retry_24h,False
TXN104795,2586.79,insufficient_funds,insufficient_funds,retry_72h,False,retry_24h,False
TXN104796,2517.15,bank_timeout,bank_timeout,retry_2h,True,retry_24h,False
TXN104797,1047.51,network_error,network_error,retry_immediate,True,retry_24h,True
TXN104798,3555.65,network_error,network_error,retry_immediate,True,retry_24h,True
TXN104799,2865.52,bank_timeout,bank_timeout,retry_2h,False,retry_24h,False
TXN104800,3593.47,insufficient_funds,insufficient_funds,retry_72h,False,retry_24h,False
TXN104801,1127.96,network_error,network_error,retry_immediate,True,retry_24h,True
TXN104802,2533.21,network_error,network_error,retry_immediate,True,retry_24h,True
TXN104803,2963.35,insufficient_funds,insufficient_funds,retry_72h,False,retry_24h,True
TXN104804,5829.13,insufficient_funds,insufficient_funds,retry_72h,True,retry_24h,False
TXN104805,1416.28,bank_timeout,network_error,retry_immediate,True,retry_24h,False
TXN104806,4617.65,fraud_false_positive,fraud_false_positive,suggest_alt_payment_method,True,retry_24h,True
TXN104807,2521.15,network_error,network_error,retry_immediate,True,retry_24h,True
TXN104808,1184.46,network_error,network_error,retry_immediate,True,retry_24h,True
TXN104809,2211.0,bank_timeout,bank_timeout,retry_2h,False,retry_24h,True
TXN104810,7175.73,insufficient_funds,insufficient_funds,retry_72h,False,retry_24h,True
TXN104811,959.11,bank_timeout,bank_timeout,retry_2h,False,retry_24h,True
TXN104812,2276.02,network_error,bank_timeout,retry_2h,False,retry_24h,False
TXN104813,5337.33,insufficient_funds,insufficient_funds,suggest_alt_payment_method,True,retry_24h,True
TXN104814,4251.78,insufficient_funds,insufficient_funds,suggest_alt_payment_method,True,retry_24h,False
TXN104815,1539.7,bank_timeout,bank_timeout,retry_2h,True,retry_24h,False
TXN104816,2931.83,insufficient_funds,insufficient_funds,retry_72h,False,retry_24h,False
TXN104817,1098.03,network_error,network_error,retry_immediate,True,retry_24h,False
TXN104818,3091.16,network_error,network_error,retry_immediate,True,retry_24h,False
TXN104819,2074.29,fraud_false_positive,fraud_false_positive,suggest_alt_payment_method,False,retry_24h,False
TXN104820,2035.06,insufficient_funds,insufficient_funds,retry_72h,False,retry_24h,False
TXN104821,566.1,bank_timeout,bank_timeout,retry_2h,False,retry_24h,True
TXN104822,2334.56,network_error,network_error,retry_immediate,False,retry_24h,False
TXN104823,2228.69,bank_timeout,bank_timeout,retry_2h,False,retry_24h,False
TXN104824,2409.41,insufficient_funds,insufficient_funds,retry_72h,False,retry_24h,False
TXN104825,977.47,insufficient_funds,insufficient_funds,retry_72h,True,retry_24h,False
TXN104826,1010.52,bank_timeout,bank_timeout,retry_2h,False,retry_24h,False
TXN104827,6139.56,insufficient_funds,insufficient_funds,suggest_alt_payment_method,False,retry_24h,False
TXN104828,721.52,network_error,bank_timeout,retry_2h,True,retry_24h,True
TXN104829,2738.18,insufficient_funds,insufficient_funds,retry_72h,False,retry_24h,False
TXN104830,3174.95,network_error,network_error,retry_immediate,True,retry_24h,False
TXN104831,1192.39,insufficient_funds,insufficient_funds,retry_72h,False,retry_24h,True
TXN104832,686.8,insufficient_funds,insufficient_funds,retry_72h,True,retry_24h,True
TXN104833,1991.8,insufficient_funds,insufficient_funds,retry_72h,False,retry_24h,False
TXN104834,5609.57,network_error,network_error,retry_immediate,False,retry_24h,True
TXN104835,6653.82,insufficient_funds,insufficient_funds,suggest_alt_payment_method,False,retry_24h,False
TXN104836,2949.56,insufficient_funds,insufficient_funds,suggest_alt_payment_method,True,retry_24h,False
TXN104837,4748.61,insufficient_funds,insufficient_funds,retry_72h,True,retry_24h,False
TXN104838,1345.24,insufficient_funds,insufficient_funds,retry_72h,True,retry_24h,False
TXN104839,1099.44,insufficient_funds,insufficient_funds,retry_72h,True,retry_24h,False
TXN104840,3096.35,insufficient_funds,insufficient_funds,retry_72h,True,retry_24h,False
TXN104841,733.68,insufficient_funds,insufficient_funds,retry_72h,False,retry_24h,True
TXN104842,863.42,insufficient_funds,insufficient_funds,retry_72h,False,retry_24h,True
TXN104843,6223.63,network_error,bank_timeout,retry_2h,True,retry_24h,False
TXN104844,2337.96,fraud_false_positive,fraud_false_positive,suggest_alt_payment_method,False,retry_24h,False
TXN104845,291.39,bank_timeout,network_error,retry_immediate,False,retry_24h,True
TXN104846,5060.46,insufficient_funds,insufficient_funds,retry_72h,False,retry_24h,False
TXN104847,1420.82,bank_timeout,bank_timeout,retry_24h,True,retry_24h,False
TXN104848,9696.69,fraud_false_positive,fraud_false_positive,suggest_alt_payment_method,True,retry_24h,False
TXN104849,2699.81,insufficient_funds,insufficient_funds,retry_72h,True,retry_24h,False
TXN104850,5099.57,fraud_false_positive,fraud_false_positive,suggest_alt_payment_method,False,retry_24h,False
TXN104851,1637.23,fraud_false_positive,fraud_false_positive,suggest_alt_payment_method,False,retry_24h,False
TXN104852,1197.76,bank_timeout,bank_timeout,retry_2h,False,retry_24h,False
TXN104853,697.05,bank_timeout,bank_timeout,retry_2h,True,retry_24h,True
TXN104854,898.41,bank_timeout,bank_timeout,retry_24h,False,retry_24h,False
TXN104855,2452.12,bank_timeout,bank_timeout,retry_2h,False,retry_24h,False
TXN104856,6381.13,fraud_false_positive,fraud_false_positive,suggest_alt_payment_method,True,retry_24h,True
TXN104857,8853.93,fraud_false_positive,fraud_false_positive,suggest_alt_payment_method,False,retry_24h,False
TXN104858,2554.7,network_error,network_error,retry_immediate,True,retry_24h,True
TXN104859,1572.01,bank_timeout,bank_timeout,retry_2h,True,retry_24h,True
TXN104860,1053.74,fraud_false_positive,fraud_false_positive,suggest_alt_payment_method,True,retry_24h,False
TXN104861,7783.73,insufficient_funds,insufficient_funds,retry_72h,True,retry_24h,True
TXN104862,2938.92,bank_timeout,bank_timeout,retry_24h,True,retry_24h,False
TXN104863,902.82,network_error,network_error,retry_immediate,True,retry_24h,True
TXN104864,7220.34,insufficient_funds,insufficient_funds,retry_72h,False,retry_24h,False
TXN104865,5603.91,fraud_false_positive,fraud_false_positive,suggest_alt_payment_method,False,retry_24h,False
TXN104866,1967.06,insufficient_funds,insufficient_funds,suggest_alt_payment_method,False,retry_24h,False
TXN104867,1261.64,fraud_false_positive,fraud_false_positive,suggest_alt_payment_method,True,retry_24h,False
TXN104868,201.88,network_error,network_error,retry_immediate,False,retry_24h,True
TXN104869,1052.64,insufficient_funds,insufficient_funds,retry_72h,False,retry_24h,True
TXN104870,5103.93,bank_timeout,bank_timeout,retry_2h,False,retry_24h,False
TXN104871,248.9,bank_timeout,bank_timeout,retry_2h,True,retry_24h,False
TXN104872,8999.73,fraud_false_positive,fraud_false_positive,suggest_alt_payment_method,False,retry_24h,False
TXN104873,3272.03,network_error,network_error,retry_immediate,False,retry_24h,True
TXN104874,12137.63,fraud_false_positive,fraud_false_positive,suggest_alt_payment_method,False,retry_24h,False
TXN104875,1838.68,insufficient_funds,insufficient_funds,retry_72h,False,retry_24h,False
TXN104876,578.02,bank_timeout,bank_timeout,retry_2h,True,retry_24h,False
TXN104877,4700.62,network_error,network_error,retry_immediate,False,retry_24h,True
TXN104878,1974.23,fraud_false_positive,fraud_false_positive,suggest_alt_payment_method,True,retry_24h,False
TXN104879,5269.0,insufficient_funds,insufficient_funds,retry_72h,False,retry_24h,True
TXN104880,1296.77,insufficient_funds,insufficient_funds,retry_72h,False,retry_24h,False
TXN104881,2553.32,network_error,network_error,retry_immediate,False,retry_24h,False
TXN104882,1281.31,insufficient_funds,insufficient_funds,retry_72h,False,retry_24h,False
TXN104883,1081.85,bank_timeout,bank_timeout,retry_2h,False,retry_24h,True
TXN104884,3739.33,fraud_false_positive,fraud_false_positive,suggest_alt_payment_method,False,retry_24h,False
TXN104885,3766.2,fraud_false_positive,fraud_false_positive,suggest_alt_payment_method,False,retry_24h,True
TXN104886,1153.89,network_error,network_error,retry_immediate,True,retry_24h,False
TXN104887,2386.06,fraud_false_positive,fraud_false_positive,suggest_alt_payment_method,True,retry_24h,False
TXN104888,234.12,bank_timeout,network_error,retry_immediate,True,retry_24h,True
TXN104889,1002.08,insufficient_funds,insufficient_funds,retry_72h,False,retry_24h,False
TXN104890,1146.97,insufficient_funds,insufficient_funds,retry_72h,True,retry_24h,False
TXN104891,3413.54,fraud_false_positive,fraud_false_positive,suggest_alt_payment_method,False,retry_24h,False
TXN104892,118.31,network_error,network_error,retry_immediate,False,retry_24h,True
TXN104893,1515.79,bank_timeout,bank_timeout,retry_2h,True,retry_24h,False
TXN104894,3516.11,fraud_false_positive,fraud_false_positive,suggest_alt_payment_method,True,retry_24h,False
TXN104895,10701.13,insufficient_funds,insufficient_funds,retry_72h,False,retry_24h,True
TXN104896,6370.28,insufficient_funds,insufficient_funds,retry_72h,True,retry_24h,True
TXN104897,855.13,bank_timeout,bank_timeout,retry_24h,False,retry_24h,True
TXN104898,1402.36,bank_timeout,bank_timeout,retry_2h,False,retry_24h,False
TXN104899,864.75,network_error,network_error,retry_24h,True,retry_24h,False
TXN104900,2693.96,insufficient_funds,insufficient_funds,retry_72h,False,retry_24h,False
TXN104901,5682.97,insufficient_funds,insufficient_funds,retry_72h,False,retry_24h,True
TXN104902,1356.29,network_error,network_error,retry_immediate,True,retry_24h,False
TXN104903,452.86,bank_timeout,bank_timeout,retry_2h,False,retry_24h,True
TXN104904,1676.66,network_error,network_error,retry_immediate,True,retry_24h,False
TXN104905,1689.94,bank_timeout,bank_timeout,retry_2h,True,retry_24h,False
TXN104906,1104.77,insufficient_funds,insufficient_funds,retry_72h,False,retry_24h,False
TXN104907,1723.04,network_error,network_error,retry_immediate,False,retry_24h,False
TXN104908,2004.9,fraud_false_positive,fraud_false_positive,suggest_alt_payment_method,True,retry_24h,False
TXN104909,4218.23,network_error,network_error,retry_immediate,False,retry_24h,False
TXN104910,675.85,network_error,network_error,retry_immediate,False,retry_24h,False
TXN104911,6892.01,insufficient_funds,insufficient_funds,retry_72h,False,retry_24h,True
TXN104912,1453.32,bank_timeout,bank_timeout,retry_2h,True,retry_24h,False
TXN104913,2813.04,network_error,bank_timeout,retry_2h,True,retry_24h,True
TXN104914,1306.76,insufficient_funds,insufficient_funds,suggest_alt_payment_method,True,retry_24h,True
TXN104915,639.5,network_error,network_error,retry_immediate,False,retry_24h,False
TXN104916,2835.38,network_error,network_error,retry_immediate,True,retry_24h,False
TXN104917,4136.64,bank_timeout,bank_timeout,retry_2h,True,retry_24h,True
TXN104918,1556.17,network_error,network_error,retry_immediate,False,retry_24h,False
TXN104919,1175.76,insufficient_funds,insufficient_funds,retry_72h,False,retry_24h,True
TXN104920,2407.97,fraud_false_positive,fraud_false_positive,suggest_alt_payment_method,True,retry_24h,False
TXN104921,3919.03,network_error,network_error,retry_immediate,False,retry_24h,False
TXN104922,941.23,insufficient_funds,insufficient_funds,suggest_alt_payment_method,False,retry_24h,True
TXN104923,4056.08,insufficient_funds,insufficient_funds,suggest_alt_payment_method,True,retry_24h,False
TXN104924,3229.0,network_error,network_error,retry_immediate,True,retry_24h,False
TXN104925,1377.04,insufficient_funds,insufficient_funds,retry_72h,False,retry_24h,False
TXN104926,3924.68,insufficient_funds,insufficient_funds,retry_72h,False,retry_24h,True
TXN104927,4686.03,insufficient_funds,insufficient_funds,suggest_alt_payment_method,True,retry_24h,False
TXN104928,2342.94,bank_timeout,bank_timeout,retry_2h,False,retry_24h,True
TXN104929,2156.68,insufficient_funds,insufficient_funds,retry_72h,False,retry_24h,False
TXN104930,1731.27,insufficient_funds,insufficient_funds,retry_72h,True,retry_24h,False
TXN104931,6549.66,insufficient_funds,insufficient_funds,retry_72h,True,retry_24h,False
TXN104932,537.27,network_error,network_error,retry_immediate,True,retry_24h,True
TXN104933,3960.1,bank_timeout,bank_timeout,retry_2h,True,retry_24h,False
TXN104934,3208.02,insufficient_funds,insufficient_funds,retry_72h,False,retry_24h,False
TXN104935,14669.87,fraud_false_positive,fraud_false_positive,suggest_alt_payment_method,True,retry_24h,True
TXN104936,1592.8,bank_timeout,bank_timeout,retry_2h,False,retry_24h,False
TXN104937,3860.82,fraud_false_positive,fraud_false_positive,suggest_alt_payment_method,False,retry_24h,False
TXN104938,1506.58,insufficient_funds,insufficient_funds,retry_72h,False,retry_24h,True
TXN104939,3003.84,fraud_false_positive,fraud_false_positive,suggest_alt_payment_method,False,retry_24h,False
TXN104940,3671.92,insufficient_funds,insufficient_funds,retry_72h,True,retry_24h,False
TXN104941,861.25,bank_timeout,bank_timeout,retry_24h,True,retry_24h,False
TXN104942,1037.19,network_error,network_error,retry_immediate,True,retry_24h,True
TXN104943,1130.59,network_error,bank_timeout,retry_2h,True,retry_24h,True
TXN104944,1257.67,network_error,network_error,retry_immediate,True,retry_24h,False
TXN104945,1903.99,insufficient_funds,insufficient_funds,retry_72h,True,retry_24h,True
TXN104946,66.21,network_error,network_error,retry_immediate,True,retry_24h,False
TXN104947,9195.36,insufficient_funds,insufficient_funds,retry_72h,False,retry_24h,False
TXN104948,1724.08,bank_timeout,bank_timeout,retry_2h,True,retry_24h,False
TXN104949,6301.56,insufficient_funds,insufficient_funds,retry_72h,False,retry_24h,False
TXN104950,4078.24,fraud_false_positive,fraud_false_positive,suggest_alt_payment_method,False,retry_24h,False
TXN104951,2882.64,insufficient_funds,insufficient_funds,retry_72h,False,retry_24h,False
TXN104952,5502.55,insufficient_funds,insufficient_funds,retry_72h,True,retry_24h,False
TXN104953,2198.32,network_error,network_error,retry_immediate,True,retry_24h,False
TXN104954,4091.69,insufficient_funds,insufficient_funds,retry_72h,True,retry_24h,False
TXN104955,1816.63,bank_timeout,bank_timeout,retry_2h,True,retry_24h,False
TXN104956,1521.84,network_error,network_error,retry_immediate,True,retry_24h,True
TXN104957,1582.24,network_error,network_error,retry_immediate,False,retry_24h,True
TXN104958,9767.25,fraud_false_positive,fraud_false_positive,suggest_alt_payment_method,True,retry_24h,False
TXN104959,1884.01,network_error,network_error,retry_immediate,False,retry_24h,True
TXN104960,2087.83,bank_timeout,bank_timeout,retry_2h,True,retry_24h,True
TXN104961,2450.65,insufficient_funds,insufficient_funds,retry_72h,True,retry_24h,False
TXN104962,3364.86,network_error,network_error,retry_immediate,False,retry_24h,False
TXN104963,1868.62,bank_timeout,bank_timeout,retry_2h,True,retry_24h,True
TXN104964,864.35,network_error,network_error,retry_immediate,True,retry_24h,False
TXN104965,537.27,network_error,network_error,retry_immediate,True,retry_24h,False
TXN104966,10916.34,insufficient_funds,insufficient_funds,retry_72h,True,retry_24h,False
TXN104967,3201.74,network_error,network_error,retry_immediate,False,retry_24h,False
TXN104968,2493.36,insufficient_funds,insufficient_funds,retry_72h,False,retry_24h,False
TXN104969,6024.95,insufficient_funds,insufficient_funds,retry_72h,False,retry_24h,False
TXN104970,4351.39,insufficient_funds,insufficient_funds,retry_72h,False,retry_24h,True
TXN104971,8997.05,insufficient_funds,insufficient_funds,retry_72h,False,retry_24h,False
TXN104972,3883.66,fraud_false_positive,fraud_false_positive,suggest_alt_payment_method,False,retry_24h,False
TXN104973,1973.17,insufficient_funds,insufficient_funds,retry_72h,False,retry_24h,False
TXN104974,2318.21,network_error,network_error,retry_immediate,False,retry_24h,True
TXN104975,882.9,bank_timeout,bank_timeout,retry_2h,True,retry_24h,True
TXN104976,3440.22,network_error,network_error,retry_immediate,True,retry_24h,False
TXN104977,2545.32,insufficient_funds,insufficient_funds,retry_72h,False,retry_24h,True
TXN104978,3749.89,insufficient_funds,insufficient_funds,retry_72h,False,retry_24h,True
TXN104979,4598.85,fraud_false_positive,fraud_false_positive,suggest_alt_payment_method,True,retry_24h,False
TXN104980,1609.04,insufficient_funds,insufficient_funds,retry_72h,False,retry_24h,False
TXN104981,2170.46,bank_timeout,bank_timeout,retry_2h,True,retry_24h,False
TXN104982,4020.87,insufficient_funds,insufficient_funds,suggest_alt_payment_method,False,retry_24h,False
TXN104983,1982.24,insufficient_funds,insufficient_funds,retry_72h,True,retry_24h,False
TXN104984,2446.82,insufficient_funds,insufficient_funds,retry_72h,True,retry_24h,True
TXN104985,2060.69,insufficient_funds,insufficient_funds,retry_72h,False,retry_24h,True
TXN104986,378.01,network_error,network_error,retry_immediate,False,retry_24h,True
TXN104987,2876.69,bank_timeout,bank_timeout,retry_2h,False,retry_24h,True
TXN104988,2691.08,insufficient_funds,insufficient_funds,retry_72h,True,retry_24h,True
TXN104989,4991.57,insufficient_funds,insufficient_funds,retry_72h,True,retry_24h,False
TXN104990,61.51,network_error,network_error,retry_immediate,True,retry_24h,True
TXN104991,3364.73,fraud_false_positive,fraud_false_positive,suggest_alt_payment_method,True,retry_24h,False
TXN104992,6735.65,fraud_false_positive,fraud_false_positive,suggest_alt_payment_method,False,retry_24h,True
TXN104993,2146.44,bank_timeout,bank_timeout,retry_24h,False,retry_24h,False
TXN104994,6136.5,insufficient_funds,insufficient_funds,retry_72h,False,retry_24h,False
TXN104995,3469.83,insufficient_funds,insufficient_funds,retry_72h,False,retry_24h,False
TXN104996,531.52,insufficient_funds,insufficient_funds,retry_72h,True,retry_24h,False
TXN104997,1482.42,bank_timeout,bank_timeout,retry_2h,True,retry_24h,True
TXN104998,446.94,insufficient_funds,insufficient_funds,retry_72h,False,retry_24h,False
TXN104999,1770.36,bank_timeout,bank_timeout,retry_24h,False,retry_24h,True
TXN105000,4789.86,insufficient_funds,insufficient_funds,retry_72h,False,retry_24h,True
TXN105001,1977.15,bank_timeout,bank_timeout,retry_2h,False,retry_24h,False
TXN105002,3295.53,bank_timeout,bank_timeout,retry_2h,False,retry_24h,True
TXN105003,2211.11,bank_timeout,network_error,retry_immediate,False,retry_24h,True
TXN105004,1966.46,insufficient_funds,insufficient_funds,retry_72h,False,retry_24h,False
TXN105005,4159.01,bank_timeout,bank_timeout,retry_2h,False,retry_24h,False
TXN105006,2820.77,insufficient_funds,insufficient_funds,retry_72h,True,retry_24h,False
TXN105007,8070.18,bank_timeout,bank_timeout,retry_2h,False,retry_24h,False
TXN105008,3804.86,insufficient_funds,insufficient_funds,retry_72h,False,retry_24h,False
TXN105009,1951.36,insufficient_funds,insufficient_funds,retry_72h,False,retry_24h,False
TXN105010,2357.84,insufficient_funds,insufficient_funds,retry_72h,False,retry_24h,True
TXN105011,216.01,network_error,network_error,retry_immediate,True,retry_24h,True
TXN105012,231.06,network_error,network_error,retry_immediate,True,retry_24h,False
TXN105013,5928.52,network_error,network_error,retry_immediate,True,retry_24h,True
TXN105014,4278.18,insufficient_funds,insufficient_funds,retry_72h,False,retry_24h,True
TXN105015,1888.84,bank_timeout,bank_timeout,retry_2h,True,retry_24h,False
TXN105016,475.66,network_error,network_error,retry_immediate,True,retry_24h,True
TXN105017,3452.72,insufficient_funds,insufficient_funds,retry_72h,True,retry_24h,True
TXN105018,1303.11,network_error,network_error,retry_immediate,True,retry_24h,False
TXN105019,1459.88,bank_timeout,bank_timeout,retry_2h,False,retry_24h,False
TXN105020,1455.48,insufficient_funds,insufficient_funds,retry_72h,False,retry_24h,False
TXN105021,2142.72,bank_timeout,bank_timeout,retry_24h,False,retry_24h,False
TXN105022,1766.68,insufficient_funds,insufficient_funds,retry_72h,True,retry_24h,False
TXN105023,6689.97,insufficient_funds,insufficient_funds,retry_72h,False,retry_24h,False
TXN105024,3963.39,insufficient_funds,insufficient_funds,retry_72h,False,retry_24h,False
TXN105025,1556.86,bank_timeout,bank_timeout,retry_2h,True,retry_24h,False
TXN105026,851.46,insufficient_funds,insufficient_funds,retry_72h,True,retry_24h,False
TXN105027,1088.57,bank_timeout,bank_timeout,retry_2h,True,retry_24h,True
TXN105028,1113.94,bank_timeout,bank_timeout,retry_2h,True,retry_24h,False
TXN105029,2704.28,bank_timeout,bank_timeout,retry_2h,False,retry_24h,False
TXN105030,2110.63,insufficient_funds,insufficient_funds,retry_72h,True,retry_24h,False
TXN105031,5045.65,insufficient_funds,insufficient_funds,retry_72h,False,retry_24h,False
TXN105032,3599.63,bank_timeout,bank_timeout,retry_2h,False,retry_24h,False
TXN105033,1847.79,network_error,network_error,retry_immediate,True,retry_24h,False
TXN105034,4130.92,insufficient_funds,insufficient_funds,retry_72h,False,retry_24h,False
TXN105035,5189.71,bank_timeout,bank_timeout,retry_2h,True,retry_24h,False
TXN105036,2083.99,insufficient_funds,insufficient_funds,retry_72h,False,retry_24h,True
TXN105037,3272.57,fraud_false_positive,fraud_false_positive,suggest_alt_payment_method,True,retry_24h,False
TXN105038,1901.33,insufficient_funds,insufficient_funds,retry_72h,False,retry_24h,False
TXN105039,3411.21,bank_timeout,bank_timeout,retry_2h,True,retry_24h,False
TXN105040,2751.71,insufficient_funds,insufficient_funds,retry_72h,True,retry_24h,True
TXN105041,2058.6,network_error,network_error,retry_immediate,False,retry_24h,False
TXN105042,2235.61,fraud_false_positive,fraud_false_positive,suggest_alt_payment_method,False,retry_24h,False
TXN105043,733.26,network_error,network_error,retry_immediate,False,retry_24h,False
TXN105044,504.23,insufficient_funds,insufficient_funds,retry_72h,False,retry_24h,False
TXN105045,1864.68,bank_timeout,bank_timeout,retry_2h,False,retry_24h,True
TXN105046,6571.2,insufficient_funds,insufficient_funds,retry_72h,False,retry_24h,False
TXN105047,1942.82,bank_timeout,bank_timeout,retry_2h,True,retry_24h,False
TXN105048,510.27,bank_timeout,bank_timeout,retry_2h,False,retry_24h,True
TXN105049,5045.09,fraud_false_positive,fraud_false_positive,suggest_alt_payment_method,True,retry_24h,False
TXN105050,3118.75,bank_timeout,bank_timeout,retry_2h,True,retry_24h,True
TXN105051,4542.51,bank_timeout,bank_timeout,retry_2h,True,retry_24h,False
TXN105052,621.7,bank_timeout,bank_timeout,retry_2h,False,retry_24h,False
TXN105053,2337.7,network_error,network_error,retry_immediate,True,retry_24h,True
TXN105054,1658.37,bank_timeout,bank_timeout,retry_2h,True,retry_24h,False
TXN105055,2534.46,insufficient_funds,insufficient_funds,retry_72h,True,retry_24h,False
TXN105056,622.03,network_error,network_error,retry_immediate,True,retry_24h,False
TXN105057,2824.97,network_error,bank_timeout,retry_2h,False,retry_24h,False
TXN105058,688.09,network_error,network_error,retry_immediate,True,retry_24h,False
TXN105059,191.51,fraud_false_positive,fraud_false_positive,suggest_alt_payment_method,False,retry_24h,False
TXN105060,5526.36,fraud_false_positive,fraud_false_positive,suggest_alt_payment_method,False,retry_24h,False
TXN105061,473.92,bank_timeout,bank_timeout,retry_2h,False,retry_24h,False
TXN105062,2412.92,insufficient_funds,insufficient_funds,retry_72h,False,retry_24h,False
TXN105063,1343.18,bank_timeout,bank_timeout,retry_2h,True,retry_24h,True
TXN105064,1663.48,network_error,network_error,retry_immediate,False,retry_24h,False
TXN105065,958.34,network_error,network_error,retry_immediate,False,retry_24h,True
TXN105066,6347.2,insufficient_funds,insufficient_funds,retry_72h,False,retry_24h,True
TXN105067,2451.36,network_error,network_error,retry_immediate,False,retry_24h,False
TXN105068,2864.73,insufficient_funds,insufficient_funds,retry_72h,True,retry_24h,True
TXN105069,1245.98,bank_timeout,bank_timeout,retry_2h,True,retry_24h,False
TXN105070,803.97,fraud_false_positive,fraud_false_positive,suggest_alt_payment_method,True,retry_24h,False
TXN105071,3658.7,bank_timeout,bank_timeout,retry_2h,True,retry_24h,True
TXN105072,1827.48,fraud_false_positive,fraud_false_positive,suggest_alt_payment_method,True,retry_24h,True
TXN105073,7254.58,fraud_false_positive,fraud_false_positive,suggest_alt_payment_method,False,retry_24h,True
TXN105074,1645.52,network_error,network_error,retry_immediate,False,retry_24h,False
TXN105075,3072.17,insufficient_funds,insufficient_funds,retry_72h,True,retry_24h,True
TXN105076,1209.51,insufficient_funds,insufficient_funds,suggest_alt_payment_method,False,retry_24h,True
TXN105077,5406.53,network_error,network_error,retry_immediate,True,retry_24h,True
TXN105078,4244.17,insufficient_funds,insufficient_funds,retry_72h,False,retry_24h,False
TXN105079,9189.14,fraud_false_positive,fraud_false_positive,suggest_alt_payment_method,True,retry_24h,False
TXN105080,2579.89,insufficient_funds,insufficient_funds,retry_72h,False,retry_24h,False
TXN105081,165.33,fraud_false_positive,fraud_false_positive,suggest_alt_payment_method,True,retry_24h,False
TXN105082,2398.57,insufficient_funds,insufficient_funds,retry_72h,False,retry_24h,True
TXN105083,2511.61,network_error,network_error,retry_immediate,True,retry_24h,False
TXN105084,481.01,insufficient_funds,insufficient_funds,retry_72h,False,retry_24h,False
TXN105085,943.8,bank_timeout,bank_timeout,retry_2h,True,retry_24h,False
TXN105086,3708.72,insufficient_funds,insufficient_funds,retry_72h,True,retry_24h,False
TXN105087,1885.98,bank_timeout,bank_timeout,retry_2h,True,retry_24h,False
TXN105088,4873.41,insufficient_funds,insufficient_funds,retry_72h,False,retry_24h,True
TXN105089,3899.65,insufficient_funds,insufficient_funds,retry_72h,True,retry_24h,True
TXN105090,1020.8,insufficient_funds,insufficient_funds,retry_72h,False,retry_24h,True
TXN105091,882.08,insufficient_funds,insufficient_funds,retry_72h,True,retry_24h,False
TXN105092,1731.98,bank_timeout,bank_timeout,retry_2h,False,retry_24h,True
TXN105093,518.26,bank_timeout,bank_timeout,retry_2h,False,retry_24h,True
TXN105094,2794.25,insufficient_funds,insufficient_funds,retry_72h,True,retry_24h,True
TXN105095,4304.13,fraud_false_positive,fraud_false_positive,suggest_alt_payment_method,True,retry_24h,True
TXN105096,6365.61,fraud_false_positive,fraud_false_positive,suggest_alt_payment_method,False,retry_24h,False
TXN105097,6816.25,insufficient_funds,insufficient_funds,retry_72h,False,retry_24h,True
TXN105098,3633.04,insufficient_funds,insufficient_funds,retry_72h,False,retry_24h,False
TXN105099,1670.36,insufficient_funds,insufficient_funds,retry_72h,True,retry_24h,False
TXN105100,1029.89,network_error,network_error,retry_immediate,True,retry_24h,False
TXN105101,892.79,bank_timeout,bank_timeout,retry_2h,True,retry_24h,False
TXN105102,6103.08,bank_timeout,bank_timeout,retry_2h,False,retry_24h,False
TXN105103,925.17,network_error,network_error,retry_immediate,True,retry_24h,True
TXN105104,3963.13,insufficient_funds,insufficient_funds,retry_72h,False,retry_24h,False
TXN105105,2070.95,insufficient_funds,insufficient_funds,retry_72h,False,retry_24h,False
TXN105106,8717.65,fraud_false_positive,fraud_false_positive,suggest_alt_payment_method,False,retry_24h,False
TXN105107,6968.51,insufficient_funds,insufficient_funds,retry_72h,False,retry_24h,False
TXN105108,4483.9,insufficient_funds,insufficient_funds,retry_72h,False,retry_24h,True
TXN105109,1261.7,bank_timeout,bank_timeout,retry_2h,True,retry_24h,False
TXN105110,702.66,network_error,network_error,retry_immediate,True,retry_24h,True
TXN105111,2717.54,fraud_false_positive,fraud_false_positive,suggest_alt_payment_method,False,retry_24h,False
TXN105112,2202.76,fraud_false_positive,fraud_false_positive,suggest_alt_payment_method,False,retry_24h,False
TXN105113,1217.49,fraud_false_positive,fraud_false_positive,suggest_alt_payment_method,False,retry_24h,False
TXN105114,4304.82,insufficient_funds,insufficient_funds,retry_72h,True,retry_24h,False
TXN105115,914.83,bank_timeout,bank_timeout,retry_2h,True,retry_24h,False
TXN105116,2810.83,bank_timeout,bank_timeout,retry_24h,True,retry_24h,True
TXN105117,1620.09,insufficient_funds,insufficient_funds,retry_72h,False,retry_24h,False
TXN105118,6051.84,insufficient_funds,insufficient_funds,retry_72h,False,retry_24h,True
TXN105119,860.43,insufficient_funds,insufficient_funds,retry_72h,False,retry_24h,False
TXN105120,16176.18,fraud_false_positive,fraud_false_positive,suggest_alt_payment_method,True,retry_24h,False
TXN105121,2923.36,network_error,bank_timeout,retry_2h,False,retry_24h,True
TXN105122,3645.52,insufficient_funds,insufficient_funds,retry_72h,True,retry_24h,False
TXN105123,4324.31,insufficient_funds,insufficient_funds,suggest_alt_payment_method,True,retry_24h,False
TXN105124,1462.13,insufficient_funds,insufficient_funds,retry_72h,True,retry_24h,True
TXN105125,936.17,bank_timeout,bank_timeout,retry_2h,False,retry_24h,True
TXN105126,2633.65,insufficient_funds,insufficient_funds,retry_72h,False,retry_24h,False
TXN105127,2090.24,bank_timeout,bank_timeout,retry_2h,False,retry_24h,True
TXN105128,4391.23,insufficient_funds,insufficient_funds,retry_72h,True,retry_24h,False
TXN105129,2843.46,fraud_false_positive,fraud_false_positive,suggest_alt_payment_method,True,retry_24h,False
TXN105130,610.18,bank_timeout,bank_timeout,retry_2h,False,retry_24h,True
TXN105131,330.3,bank_timeout,bank_timeout,retry_2h,True,retry_24h,False
TXN105132,3574.98,insufficient_funds,insufficient_funds,retry_72h,False,retry_24h,False
TXN105133,13615.24,insufficient_funds,insufficient_funds,retry_72h,True,retry_24h,False
TXN105134,2047.62,insufficient_funds,insufficient_funds,retry_72h,False,retry_24h,True
TXN105135,2118.4,network_error,network_error,retry_immediate,True,retry_24h,False
TXN105136,1739.34,bank_timeout,bank_timeout,retry_2h,False,retry_24h,True
TXN105137,629.3,network_error,network_error,retry_immediate,True,retry_24h,True
TXN105138,6630.52,insufficient_funds,insufficient_funds,retry_72h,False,retry_24h,True
TXN105139,9287.17,fraud_false_positive,fraud_false_positive,suggest_alt_payment_method,True,retry_24h,False
TXN105140,2102.1,fraud_false_positive,fraud_false_positive,suggest_alt_payment_method,True,retry_24h,False
TXN105141,9776.86,insufficient_funds,insufficient_funds,retry_72h,True,retry_24h,True
TXN105142,13019.29,fraud_false_positive,fraud_false_positive,suggest_alt_payment_method,True,retry_24h,False
TXN105143,6039.38,network_error,network_error,retry_immediate,True,retry_24h,True
TXN105144,1913.67,insufficient_funds,insufficient_funds,retry_72h,False,retry_24h,True
TXN105145,6405.75,insufficient_funds,insufficient_funds,suggest_alt_payment_method,True,retry_24h,False
TXN105146,441.24,network_error,network_error,retry_immediate,True,retry_24h,False
TXN105147,3519.19,fraud_false_positive,fraud_false_positive,suggest_alt_payment_method,False,retry_24h,False
TXN105148,2459.63,insufficient_funds,insufficient_funds,retry_72h,True,retry_24h,False
TXN105149,2002.19,bank_timeout,bank_timeout,retry_24h,False,retry_24h,False
TXN105150,5395.75,insufficient_funds,insufficient_funds,retry_72h,True,retry_24h,False
TXN105151,984.94,insufficient_funds,insufficient_funds,retry_72h,False,retry_24h,True
TXN105152,3275.99,fraud_false_positive,fraud_false_positive,suggest_alt_payment_method,True,retry_24h,True
TXN105153,2153.99,network_error,network_error,retry_immediate,False,retry_24h,False
TXN105154,2397.3,insufficient_funds,insufficient_funds,retry_72h,True,retry_24h,False
TXN105155,788.65,fraud_false_positive,fraud_false_positive,suggest_alt_payment_method,False,retry_24h,True
TXN105156,3246.99,insufficient_funds,insufficient_funds,retry_72h,False,retry_24h,False
TXN105157,1789.33,bank_timeout,bank_timeout,suggest_alt_payment_method,False,retry_24h,True
TXN105158,658.28,bank_timeout,bank_timeout,retry_2h,False,retry_24h,True
TXN105159,1206.82,insufficient_funds,insufficient_funds,retry_72h,False,retry_24h,False
TXN105160,1753.27,network_error,network_error,retry_immediate,False,retry_24h,False
TXN105161,4296.26,fraud_false_positive,fraud_false_positive,suggest_alt_payment_method,True,retry_24h,False
TXN105162,3447.79,insufficient_funds,insufficient_funds,retry_72h,True,retry_24h,False
TXN105163,4841.03,fraud_false_positive,fraud_false_positive,suggest_alt_payment_method,True,retry_24h,False
TXN105164,2023.95,network_error,network_error,retry_immediate,False,retry_24h,True
TXN105165,3666.25,insufficient_funds,insufficient_funds,retry_72h,True,retry_24h,False
TXN105166,2468.36,insufficient_funds,insufficient_funds,retry_72h,False,retry_24h,False
TXN105167,11893.25,fraud_false_positive,fraud_false_positive,suggest_alt_payment_method,False,retry_24h,False
TXN105168,8496.94,fraud_false_positive,fraud_false_positive,suggest_alt_payment_method,False,retry_24h,False
TXN105169,4138.17,insufficient_funds,insufficient_funds,retry_72h,False,retry_24h,False
TXN105170,804.7,network_error,network_error,retry_immediate,True,retry_24h,True
TXN105171,4577.05,insufficient_funds,insufficient_funds,retry_72h,False,retry_24h,False
TXN105172,978.7,bank_timeout,bank_timeout,retry_24h,True,retry_24h,False
TXN105173,4750.96,insufficient_funds,insufficient_funds,suggest_alt_payment_method,True,retry_24h,False
TXN105174,3157.42,network_error,bank_timeout,retry_2h,True,retry_24h,False
TXN105175,1571.92,insufficient_funds,insufficient_funds,retry_72h,False,retry_24h,False
TXN105176,1069.09,network_error,network_error,retry_immediate,False,retry_24h,False
TXN105177,5242.45,insufficient_funds,insufficient_funds,retry_72h,True,retry_24h,True
TXN105178,2470.22,bank_timeout,bank_timeout,retry_24h,False,retry_24h,True
TXN105179,485.61,network_error,network_error,retry_immediate,False,retry_24h,False
TXN105180,4809.01,fraud_false_positive,fraud_false_positive,suggest_alt_payment_method,True,retry_24h,False
TXN105181,1257.66,network_error,network_error,retry_immediate,False,retry_24h,False
TXN105182,8563.22,insufficient_funds,insufficient_funds,retry_72h,False,retry_24h,False
TXN105183,2966.48,insufficient_funds,insufficient_funds,retry_72h,False,retry_24h,False
TXN105184,2206.26,insufficient_funds,insufficient_funds,retry_72h,False,retry_24h,True
TXN105185,821.16,network_error,network_error,retry_immediate,False,retry_24h,False
TXN105186,471.63,bank_timeout,bank_timeout,retry_2h,True,retry_24h,True
TXN105187,1773.0,network_error,network_error,retry_immediate,True,retry_24h,False
TXN105188,3564.2,insufficient_funds,insufficient_funds,retry_72h,False,retry_24h,False
TXN105189,1890.93,network_error,network_error,retry_24h,True,retry_24h,False
TXN105190,1157.99,bank_timeout,network_error,suggest_alt_payment_method,False,retry_24h,True
TXN105191,7910.26,insufficient_funds,insufficient_funds,suggest_alt_payment_method,False,retry_24h,True
TXN105192,1062.35,network_error,network_error,retry_immediate,True,retry_24h,False
TXN105193,2450.03,bank_timeout,bank_timeout,retry_2h,False,retry_24h,False
TXN105194,4134.53,insufficient_funds,insufficient_funds,retry_72h,True,retry_24h,True
TXN105195,2425.56,network_error,network_error,retry_immediate,True,retry_24h,False
TXN105196,1016.38,bank_timeout,bank_timeout,retry_2h,False,retry_24h,True
TXN105197,5625.71,insufficient_funds,insufficient_funds,retry_72h,True,retry_24h,False
TXN105198,740.99,bank_timeout,bank_timeout,retry_2h,True,retry_24h,True
TXN105199,1320.1,insufficient_funds,insufficient_funds,retry_72h,False,retry_24h,True
TXN105200,1043.01,network_error,bank_timeout,retry_2h,True,retry_24h,False
TXN105201,2143.03,network_error,network_error,retry_immediate,True,retry_24h,False
TXN105202,6796.92,insufficient_funds,insufficient_funds,retry_72h,False,retry_24h,False
TXN105203,1767.55,fraud_false_positive,fraud_false_positive,suggest_alt_payment_method,False,retry_24h,False
TXN105204,3270.41,fraud_false_positive,fraud_false_positive,suggest_alt_payment_method,False,retry_24h,False
TXN105205,809.95,insufficient_funds,insufficient_funds,retry_72h,False,retry_24h,False
TXN105206,3722.56,fraud_false_positive,fraud_false_positive,suggest_alt_payment_method,False,retry_24h,False
TXN105207,1385.26,network_error,network_error,retry_immediate,False,retry_24h,True
TXN105208,4586.62,fraud_false_positive,fraud_false_positive,suggest_alt_payment_method,False,retry_24h,False
TXN105209,3184.77,bank_timeout,bank_timeout,suggest_alt_payment_method,False,retry_24h,True
TXN105210,1140.09,bank_timeout,bank_timeout,retry_2h,False,retry_24h,False
TXN105211,2599.93,bank_timeout,bank_timeout,retry_24h,True,retry_24h,False
TXN105212,6166.02,insufficient_funds,insufficient_funds,retry_72h,False,retry_24h,False
TXN105213,10766.17,fraud_false_positive,fraud_false_positive,suggest_alt_payment_method,True,retry_24h,False
TXN105214,1084.82,insufficient_funds,insufficient_funds,retry_72h,False,retry_24h,True
TXN105215,4569.73,fraud_false_positive,fraud_false_positive,suggest_alt_payment_method,False,retry_24h,False
TXN105216,2370.14,bank_timeout,bank_timeout,retry_2h,False,retry_24h,True
TXN105217,1227.68,network_error,network_error,retry_immediate,True,retry_24h,True
TXN105218,4880.66,insufficient_funds,insufficient_funds,retry_72h,False,retry_24h,False
TXN105219,980.28,bank_timeout,bank_timeout,retry_2h,False,retry_24h,False
TXN105220,2105.8,insufficient_funds,insufficient_funds,retry_72h,True,retry_24h,True
TXN105221,2478.75,insufficient_funds,insufficient_funds,retry_72h,False,retry_24h,False
TXN105222,218.65,network_error,network_error,retry_immediate,True,retry_24h,True
TXN105223,8971.54,fraud_false_positive,fraud_false_positive,suggest_alt_payment_method,False,retry_24h,False
TXN105224,1449.03,insufficient_funds,insufficient_funds,retry_72h,False,retry_24h,False
TXN105225,1698.37,insufficient_funds,insufficient_funds,retry_72h,True,retry_24h,True
TXN105226,1572.7,bank_timeout,bank_timeout,retry_2h,False,retry_24h,False
TXN105227,8308.47,fraud_false_positive,fraud_false_positive,suggest_alt_payment_method,False,retry_24h,False
TXN105228,3620.36,insufficient_funds,insufficient_funds,retry_72h,True,retry_24h,False
TXN105229,4545.35,fraud_false_positive,fraud_false_positive,suggest_alt_payment_method,False,retry_24h,False
TXN105230,852.36,bank_timeout,bank_timeout,retry_2h,True,retry_24h,False
TXN105231,2873.98,network_error,network_error,retry_immediate,True,retry_24h,False
TXN105232,1573.96,insufficient_funds,insufficient_funds,retry_72h,False,retry_24h,False
TXN105233,1196.01,bank_timeout,bank_timeout,retry_2h,True,retry_24h,False
TXN105234,164.33,bank_timeout,bank_timeout,retry_2h,False,retry_24h,False
TXN105235,1283.69,network_error,network_error,retry_immediate,True,retry_24h,True
TXN105236,689.37,network_error,network_error,retry_immediate,False,retry_24h,True
TXN105237,581.03,bank_timeout,bank_timeout,retry_2h,True,retry_24h,False
TXN105238,2894.81,network_error,network_error,retry_immediate,True,retry_24h,False
TXN105239,2785.26,bank_timeout,network_error,retry_immediate,True,retry_24h,True
TXN105240,2153.29,insufficient_funds,insufficient_funds,retry_72h,False,retry_24h,False
TXN105241,1358.31,bank_timeout,bank_timeout,retry_2h,True,retry_24h,True
TXN105242,3890.2,insufficient_funds,insufficient_funds,retry_72h,False,retry_24h,False
TXN105243,5906.92,fraud_false_positive,fraud_false_positive,suggest_alt_payment_method,True,retry_24h,False
TXN105244,8722.6,fraud_false_positive,fraud_false_positive,suggest_alt_payment_method,False,retry_24h,False
TXN105245,645.7,bank_timeout,bank_timeout,retry_2h,True,retry_24h,False
TXN105246,3009.02,insufficient_funds,insufficient_funds,retry_72h,False,retry_24h,False
TXN105247,4918.01,insufficient_funds,insufficient_funds,retry_72h,True,retry_24h,True
TXN105248,8680.64,fraud_false_positive,fraud_false_positive,suggest_alt_payment_method,True,retry_24h,False
TXN105249,742.38,network_error,network_error,retry_immediate,False,retry_24h,False
TXN105250,569.69,bank_timeout,bank_timeout,retry_2h,False,retry_24h,False
TXN105251,3716.92,fraud_false_positive,fraud_false_positive,suggest_alt_payment_method,False,retry_24h,False
TXN105252,2806.6,network_error,network_error,retry_immediate,False,retry_24h,True
TXN105253,3620.25,network_error,network_error,retry_immediate,False,retry_24h,False
TXN105254,3377.48,bank_timeout,bank_timeout,retry_2h,False,retry_24h,True
TXN105255,3193.4,insufficient_funds,insufficient_funds,suggest_alt_payment_method,False,retry_24h,False
TXN105256,2389.12,network_error,network_error,retry_immediate,True,retry_24h,False
TXN105257,1791.29,network_error,network_error,retry_immediate,True,retry_24h,True
TXN105258,4764.63,insufficient_funds,insufficient_funds,suggest_alt_payment_method,False,retry_24h,False
TXN105259,9402.46,fraud_false_positive,fraud_false_positive,suggest_alt_payment_method,False,retry_24h,False
TXN105260,2453.99,network_error,network_error,retry_immediate,True,retry_24h,False
TXN105261,271.27,network_error,network_error,retry_24h,True,retry_24h,True
TXN105262,9653.81,insufficient_funds,insufficient_funds,retry_72h,False,retry_24h,False
TXN105263,819.16,insufficient_funds,insufficient_funds,retry_72h,False,retry_24h,True
TXN105264,2528.99,network_error,network_error,retry_immediate,False,retry_24h,False
TXN105265,873.08,network_error,network_error,retry_immediate,True,retry_24h,False
TXN105266,3584.34,insufficient_funds,insufficient_funds,retry_72h,False,retry_24h,False
TXN105267,2236.26,fraud_false_positive,fraud_false_positive,suggest_alt_payment_method,True,retry_24h,False
TXN105268,3689.5,insufficient_funds,insufficient_funds,retry_72h,False,retry_24h,False
TXN105269,4231.32,bank_timeout,bank_timeout,retry_24h,False,retry_24h,False
TXN105270,2162.29,insufficient_funds,insufficient_funds,retry_72h,False,retry_24h,False
TXN105271,11712.58,fraud_false_positive,fraud_false_positive,suggest_alt_payment_method,True,retry_24h,True
TXN105272,2365.01,insufficient_funds,insufficient_funds,retry_72h,True,retry_24h,False
TXN105273,6468.51,insufficient_funds,insufficient_funds,retry_72h,True,retry_24h,True
TXN105274,2174.38,insufficient_funds,insufficient_funds,retry_72h,True,retry_24h,False
TXN105275,2795.42,fraud_false_positive,fraud_false_positive,suggest_alt_payment_method,True,retry_24h,False
TXN105276,642.4,insufficient_funds,insufficient_funds,retry_72h,False,retry_24h,False
TXN105277,1278.09,network_error,network_error,retry_immediate,False,retry_24h,True
TXN105278,5476.73,network_error,network_error,retry_immediate,True,retry_24h,False
TXN105279,2197.91,insufficient_funds,insufficient_funds,retry_72h,False,retry_24h,False
TXN105280,1209.31,bank_timeout,bank_timeout,retry_2h,False,retry_24h,True
TXN105281,2252.8,bank_timeout,bank_timeout,retry_2h,True,retry_24h,False
TXN105282,668.29,network_error,network_error,retry_immediate,True,retry_24h,False
TXN105283,4166.38,insufficient_funds,insufficient_funds,retry_72h,False,retry_24h,False
TXN105284,12172.88,fraud_false_positive,fraud_false_positive,suggest_alt_payment_method,False,retry_24h,False
TXN105285,1705.18,fraud_false_positive,fraud_false_positive,suggest_alt_payment_method,False,retry_24h,False
TXN105286,1949.74,network_error,network_error,retry_immediate,False,retry_24h,False
TXN105287,1085.29,insufficient_funds,insufficient_funds,retry_72h,False,retry_24h,False
TXN105288,3739.99,network_error,network_error,retry_immediate,True,retry_24h,True
TXN105289,1203.59,network_error,network_error,retry_immediate,True,retry_24h,False
TXN105290,4971.77,bank_timeout,bank_timeout,retry_2h,False,retry_24h,False
TXN105291,404.88,insufficient_funds,insufficient_funds,retry_72h,True,retry_24h,False
TXN105292,1640.17,insufficient_funds,insufficient_funds,retry_72h,True,retry_24h,True
TXN105293,1901.77,bank_timeout,bank_timeout,suggest_alt_payment_method,False,retry_24h,False
TXN105294,3259.09,insufficient_funds,insufficient_funds,retry_72h,False,retry_24h,True
TXN105295,2093.89,insufficient_funds,insufficient_funds,retry_72h,False,retry_24h,False
TXN105296,6181.11,insufficient_funds,insufficient_funds,retry_72h,False,retry_24h,False
TXN105297,319.73,insufficient_funds,insufficient_funds,retry_72h,True,retry_24h,False
TXN105298,1487.22,insufficient_funds,insufficient_funds,retry_72h,True,retry_24h,False
TXN105299,916.24,insufficient_funds,insufficient_funds,suggest_alt_payment_method,False,retry_24h,False
TXN105300,1055.12,bank_timeout,bank_timeout,retry_2h,True,retry_24h,False
TXN105301,7101.05,bank_timeout,bank_timeout,retry_2h,False,retry_24h,False
TXN105302,1177.82,network_error,bank_timeout,retry_2h,False,retry_24h,True
TXN105303,1034.04,network_error,network_error,retry_immediate,False,retry_24h,True
TXN105304,6690.83,insufficient_funds,insufficient_funds,retry_72h,True,retry_24h,False
TXN105305,996.04,bank_timeout,bank_timeout,retry_2h,True,retry_24h,True
TXN105306,2625.6,insufficient_funds,insufficient_funds,retry_72h,False,retry_24h,True
TXN105307,1857.32,bank_timeout,bank_timeout,retry_2h,True,retry_24h,True
TXN105308,5337.64,fraud_false_positive,fraud_false_positive,suggest_alt_payment_method,False,retry_24h,False
TXN105309,888.08,network_error,network_error,retry_immediate,True,retry_24h,False
TXN105310,12284.53,fraud_false_positive,fraud_false_positive,suggest_alt_payment_method,True,retry_24h,False
TXN105311,3689.45,bank_timeout,bank_timeout,suggest_alt_payment_method,False,retry_24h,True
TXN105312,3667.97,insufficient_funds,insufficient_funds,retry_72h,True,retry_24h,False
TXN105313,3542.47,bank_timeout,bank_timeout,suggest_alt_payment_method,True,retry_24h,False
TXN105314,2110.0,fraud_false_positive,fraud_false_positive,suggest_alt_payment_method,True,retry_24h,False
TXN105315,3067.11,insufficient_funds,insufficient_funds,retry_72h,True,retry_24h,False
TXN105316,6159.41,network_error,bank_timeout,suggest_alt_payment_method,False,retry_24h,False
TXN105317,979.77,insufficient_funds,insufficient_funds,retry_72h,False,retry_24h,False
TXN105318,1905.98,insufficient_funds,insufficient_funds,retry_72h,False,retry_24h,False
TXN105319,1904.05,fraud_false_positive,fraud_false_positive,suggest_alt_payment_method,False,retry_24h,False
TXN105320,6472.32,fraud_false_positive,fraud_false_positive,suggest_alt_payment_method,True,retry_24h,False
TXN105321,167.08,bank_timeout,bank_timeout,retry_2h,False,retry_24h,True
TXN105322,2029.05,bank_timeout,bank_timeout,retry_2h,True,retry_24h,False
TXN105323,1686.62,fraud_false_positive,fraud_false_positive,suggest_alt_payment_method,False,retry_24h,False
TXN105324,2517.5,insufficient_funds,insufficient_funds,retry_72h,False,retry_24h,False
TXN105325,5792.57,insufficient_funds,insufficient_funds,retry_72h,False,retry_24h,True
TXN105326,845.22,network_error,network_error,retry_immediate,True,retry_24h,True
TXN105327,554.47,bank_timeout,bank_timeout,retry_2h,False,retry_24h,True
TXN105328,3076.06,network_error,network_error,retry_immediate,True,retry_24h,True
TXN105329,1407.59,network_error,network_error,retry_immediate,True,retry_24h,False
TXN105330,2034.69,insufficient_funds,insufficient_funds,retry_72h,False,retry_24h,False
TXN105331,94.71,bank_timeout,bank_timeout,retry_2h,True,retry_24h,False
TXN105332,5138.18,network_error,bank_timeout,retry_2h,True,retry_24h,False
TXN105333,377.27,fraud_false_positive,fraud_false_positive,suggest_alt_payment_method,True,retry_24h,False
TXN105334,1240.96,bank_timeout,network_error,retry_immediate,False,retry_24h,True
TXN105335,2679.68,bank_timeout,bank_timeout,retry_2h,True,retry_24h,True
TXN105336,3187.29,insufficient_funds,insufficient_funds,retry_72h,False,retry_24h,False
TXN105337,10631.99,insufficient_funds,insufficient_funds,retry_72h,False,retry_24h,False
TXN105338,5137.89,insufficient_funds,insufficient_funds,retry_72h,True,retry_24h,False
TXN105339,2938.98,fraud_false_positive,fraud_false_positive,suggest_alt_payment_method,True,retry_24h,False
TXN105340,796.94,network_error,network_error,retry_immediate,True,retry_24h,False
TXN105341,1826.06,network_error,network_error,retry_immediate,True,retry_24h,False
TXN105342,1804.97,insufficient_funds,insufficient_funds,retry_72h,True,retry_24h,False
TXN105343,917.01,fraud_false_positive,fraud_false_positive,suggest_alt_payment_method,True,retry_24h,True
TXN105344,4353.12,network_error,network_error,retry_immediate,False,retry_24h,False
TXN105345,1040.91,insufficient_funds,insufficient_funds,retry_72h,False,retry_24h,False
TXN105346,1759.17,network_error,network_error,suggest_alt_payment_method,False,retry_24h,True
TXN105347,2024.92,insufficient_funds,insufficient_funds,retry_72h,True,retry_24h,True
TXN105348,1478.2,fraud_false_positive,fraud_false_positive,suggest_alt_payment_method,True,retry_24h,False
TXN105349,2577.18,fraud_false_positive,fraud_false_positive,suggest_alt_payment_method,True,retry_24h,False
TXN105350,6110.63,insufficient_funds,insufficient_funds,retry_72h,True,retry_24h,False
TXN105351,1419.36,bank_timeout,bank_timeout,retry_2h,True,retry_24h,False
TXN105352,936.31,network_error,network_error,retry_immediate,True,retry_24h,True
TXN105353,250.75,network_error,network_error,retry_immediate,True,retry_24h,True
TXN105354,5766.32,bank_timeout,bank_timeout,retry_2h,False,retry_24h,False
TXN105355,1838.68,insufficient_funds,insufficient_funds,retry_72h,True,retry_24h,False
TXN105356,2361.22,fraud_false_positive,fraud_false_positive,suggest_alt_payment_method,True,retry_24h,False
TXN105357,432.56,insufficient_funds,insufficient_funds,retry_72h,True,retry_24h,True
TXN105358,8100.53,fraud_false_positive,fraud_false_positive,suggest_alt_payment_method,True,retry_24h,False
TXN105359,3884.13,insufficient_funds,insufficient_funds,retry_72h,False,retry_24h,True
TXN105360,565.6,network_error,network_error,retry_immediate,False,retry_24h,False
TXN105361,2016.49,bank_timeout,bank_timeout,retry_24h,True,retry_24h,True
TXN105362,2130.5,bank_timeout,bank_timeout,retry_2h,False,retry_24h,False
TXN105363,2022.14,bank_timeout,bank_timeout,retry_2h,False,retry_24h,False
TXN105364,3227.52,insufficient_funds,insufficient_funds,retry_72h,True,retry_24h,False
TXN105365,3546.61,insufficient_funds,insufficient_funds,retry_72h,True,retry_24h,False
TXN105366,3880.54,fraud_false_positive,fraud_false_positive,suggest_alt_payment_method,True,retry_24h,False
TXN105367,2298.13,insufficient_funds,insufficient_funds,retry_72h,True,retry_24h,False
TXN105368,5744.22,insufficient_funds,insufficient_funds,retry_72h,False,retry_24h,False
TXN105369,3418.27,network_error,network_error,retry_immediate,True,retry_24h,True
TXN105370,2197.38,insufficient_funds,insufficient_funds,retry_72h,True,retry_24h,False
TXN105371,10695.0,fraud_false_positive,fraud_false_positive,suggest_alt_payment_method,False,retry_24h,False
TXN105372,8240.2,fraud_false_positive,fraud_false_positive,suggest_alt_payment_method,False,retry_24h,False
TXN105373,4469.92,insufficient_funds,insufficient_funds,retry_72h,True,retry_24h,False
TXN105374,1627.58,fraud_false_positive,fraud_false_positive,suggest_alt_payment_method,True,retry_24h,False
TXN105375,6443.48,fraud_false_positive,fraud_false_positive,suggest_alt_payment_method,True,retry_24h,False
TXN105376,2829.6,insufficient_funds,insufficient_funds,suggest_alt_payment_method,True,retry_24h,True
TXN105377,1563.06,bank_timeout,bank_timeout,retry_2h,False,retry_24h,False
TXN105378,4085.01,insufficient_funds,insufficient_funds,retry_72h,False,retry_24h,True
TXN105379,1457.0,network_error,network_error,retry_immediate,True,retry_24h,True
TXN105380,3497.61,fraud_false_positive,fraud_false_positive,suggest_alt_payment_method,True,retry_24h,False
TXN105381,2158.12,bank_timeout,bank_timeout,retry_2h,False,retry_24h,False
TXN105382,1553.94,insufficient_funds,insufficient_funds,retry_72h,True,retry_24h,False
TXN105383,935.05,network_error,network_error,retry_immediate,True,retry_24h,False
TXN105384,8259.96,insufficient_funds,insufficient_funds,retry_72h,True,retry_24h,False
TXN105385,3694.85,insufficient_funds,insufficient_funds,retry_72h,True,retry_24h,False
TXN105386,11256.42,fraud_false_positive,fraud_false_positive,suggest_alt_payment_method,True,retry_24h,False
TXN105387,414.78,bank_timeout,bank_timeout,retry_2h,True,retry_24h,True
TXN105388,177.03,bank_timeout,bank_timeout,retry_2h,False,retry_24h,False
TXN105389,1551.97,insufficient_funds,insufficient_funds,retry_72h,False,retry_24h,False
TXN105390,5190.92,insufficient_funds,insufficient_funds,retry_72h,True,retry_24h,False
TXN105391,1350.29,network_error,network_error,retry_immediate,True,retry_24h,False
TXN105392,1537.24,network_error,network_error,retry_immediate,True,retry_24h,True
TXN105393,2857.08,insufficient_funds,insufficient_funds,retry_72h,False,retry_24h,False
TXN105394,1214.6,network_error,network_error,retry_immediate,True,retry_24h,False
TXN105395,3205.8,bank_timeout,bank_timeout,retry_2h,False,retry_24h,False
TXN105396,11796.84,insufficient_funds,insufficient_funds,retry_72h,True,retry_24h,True
TXN105397,4333.62,insufficient_funds,insufficient_funds,retry_72h,False,retry_24h,True
TXN105398,750.33,network_error,network_error,retry_immediate,True,retry_24h,False
TXN105399,1173.07,network_error,network_error,retry_immediate,False,retry_24h,False
TXN105400,362.05,bank_timeout,bank_timeout,retry_24h,False,retry_24h,True
TXN105401,3365.91,network_error,network_error,retry_immediate,True,retry_24h,False
TXN105402,581.55,insufficient_funds,insufficient_funds,retry_72h,False,retry_24h,True
TXN105403,5688.62,bank_timeout,bank_timeout,retry_2h,True,retry_24h,True
TXN105404,1130.61,network_error,bank_timeout,retry_2h,True,retry_24h,False
TXN105405,418.22,network_error,network_error,retry_immediate,True,retry_24h,False
TXN105406,1450.42,network_error,network_error,retry_immediate,True,retry_24h,True
TXN105407,1575.24,insufficient_funds,insufficient_funds,retry_72h,True,retry_24h,False
TXN105408,6916.22,insufficient_funds,insufficient_funds,retry_72h,False,retry_24h,True
TXN105409,1339.56,fraud_false_positive,fraud_false_positive,suggest_alt_payment_method,True,retry_24h,False
TXN105410,2435.31,fraud_false_positive,fraud_false_positive,suggest_alt_payment_method,False,retry_24h,True
TXN105411,7009.25,insufficient_funds,insufficient_funds,retry_72h,False,retry_24h,False
TXN105412,421.07,insufficient_funds,insufficient_funds,retry_72h,False,retry_24h,False
TXN105413,1510.88,fraud_false_positive,fraud_false_positive,suggest_alt_payment_method,False,retry_24h,False
TXN105414,1380.9,insufficient_funds,insufficient_funds,retry_72h,True,retry_24h,False
TXN105415,853.3,insufficient_funds,insufficient_funds,retry_72h,True,retry_24h,True
TXN105416,2666.73,insufficient_funds,insufficient_funds,retry_72h,True,retry_24h,False
TXN105417,251.14,network_error,network_error,retry_immediate,False,retry_24h,False
TXN105418,2085.73,insufficient_funds,insufficient_funds,retry_72h,False,retry_24h,False
TXN105419,9593.21,fraud_false_positive,fraud_false_positive,suggest_alt_payment_method,False,retry_24h,False
TXN105420,2247.94,insufficient_funds,insufficient_funds,retry_72h,True,retry_24h,True
TXN105421,958.18,network_error,network_error,retry_immediate,True,retry_24h,True
TXN105422,13519.48,fraud_false_positive,fraud_false_positive,suggest_alt_payment_method,False,retry_24h,False
TXN105423,535.15,bank_timeout,bank_timeout,retry_2h,True,retry_24h,False
TXN105424,2902.65,network_error,network_error,retry_immediate,True,retry_24h,True
TXN105425,1525.97,insufficient_funds,insufficient_funds,retry_72h,False,retry_24h,False
TXN105426,4010.94,insufficient_funds,insufficient_funds,retry_72h,True,retry_24h,False
TXN105427,9743.75,insufficient_funds,insufficient_funds,retry_72h,False,retry_24h,True
TXN105428,1941.4,fraud_false_positive,fraud_false_positive,suggest_alt_payment_method,True,retry_24h,False
TXN105429,4886.62,bank_timeout,bank_timeout,retry_2h,True,retry_24h,False
TXN105430,2305.59,fraud_false_positive,fraud_false_positive,suggest_alt_payment_method,True,retry_24h,False
TXN105431,648.34,network_error,bank_timeout,retry_2h,True,retry_24h,False
TXN105432,2614.14,bank_timeout,bank_timeout,retry_2h,False,retry_24h,True
TXN105433,2294.71,insufficient_funds,insufficient_funds,retry_72h,False,retry_24h,False
TXN105434,198.12,insufficient_funds,insufficient_funds,retry_72h,True,retry_24h,False
TXN105435,1596.26,bank_timeout,bank_timeout,retry_2h,False,retry_24h,True
TXN105436,1060.67,network_error,network_error,retry_immediate,False,retry_24h,False
TXN105437,6424.13,insufficient_funds,insufficient_funds,retry_72h,True,retry_24h,True
TXN105438,9015.82,fraud_false_positive,fraud_false_positive,suggest_alt_payment_method,True,retry_24h,True
TXN105439,3143.69,fraud_false_positive,fraud_false_positive,suggest_alt_payment_method,True,retry_24h,False
TXN105440,3668.65,insufficient_funds,insufficient_funds,retry_72h,True,retry_24h,False
TXN105441,3471.12,bank_timeout,bank_timeout,retry_2h,False,retry_24h,True
TXN105442,487.42,bank_timeout,bank_timeout,retry_2h,False,retry_24h,False
TXN105443,5632.75,bank_timeout,bank_timeout,retry_2h,False,retry_24h,False
TXN105444,3205.46,insufficient_funds,insufficient_funds,retry_72h,False,retry_24h,False
TXN105445,422.18,insufficient_funds,insufficient_funds,suggest_alt_payment_method,True,retry_24h,False
TXN105446,850.09,network_error,network_error,retry_immediate,False,retry_24h,True
TXN105447,5396.54,insufficient_funds,insufficient_funds,retry_72h,True,retry_24h,False
TXN105448,2035.87,bank_timeout,bank_timeout,retry_2h,True,retry_24h,False
TXN105449,1532.21,network_error,network_error,retry_immediate,True,retry_24h,True
TXN105450,1538.73,bank_timeout,bank_timeout,retry_2h,False,retry_24h,True
TXN105451,3962.05,fraud_false_positive,fraud_false_positive,suggest_alt_payment_method,True,retry_24h,False
TXN105452,925.13,bank_timeout,bank_timeout,retry_2h,True,retry_24h,True
TXN105453,2202.63,bank_timeout,bank_timeout,retry_2h,True,retry_24h,True
TXN105454,5785.6,insufficient_funds,insufficient_funds,retry_72h,False,retry_24h,False
TXN105455,2778.75,network_error,network_error,retry_immediate,False,retry_24h,True
TXN105456,2642.81,network_error,bank_timeout,retry_2h,True,retry_24h,True
TXN105457,2908.75,fraud_false_positive,fraud_false_positive,suggest_alt_payment_method,True,retry_24h,False
TXN105458,973.0,network_error,network_error,retry_immediate,True,retry_24h,True
TXN105459,188.02,network_error,network_error,retry_24h,False,retry_24h,False
TXN105460,1787.31,insufficient_funds,insufficient_funds,retry_72h,False,retry_24h,False
TXN105461,3965.0,bank_timeout,bank_timeout,retry_2h,True,retry_24h,False
TXN105462,2429.73,bank_timeout,bank_timeout,retry_2h,True,retry_24h,False
TXN105463,1421.15,insufficient_funds,insufficient_funds,retry_72h,True,retry_24h,False
TXN105464,2020.59,bank_timeout,bank_timeout,retry_24h,True,retry_24h,False
TXN105465,6937.93,fraud_false_positive,fraud_false_positive,suggest_alt_payment_method,False,retry_24h,False
TXN105466,2389.7,bank_timeout,bank_timeout,retry_2h,True,retry_24h,True
TXN105467,1397.88,bank_timeout,bank_timeout,retry_2h,False,retry_24h,True
TXN105468,5088.27,fraud_false_positive,fraud_false_positive,suggest_alt_payment_method,True,retry_24h,True
TXN105469,7866.33,fraud_false_positive,fraud_false_positive,suggest_alt_payment_method,True,retry_24h,True
TXN105470,326.32,bank_timeout,bank_timeout,retry_2h,True,retry_24h,False
TXN105471,2714.47,network_error,network_error,retry_immediate,True,retry_24h,True
TXN105472,6380.66,fraud_false_positive,fraud_false_positive,suggest_alt_payment_method,True,retry_24h,True
TXN105473,463.33,network_error,network_error,retry_immediate,False,retry_24h,False
TXN105474,1800.46,network_error,network_error,retry_immediate,True,retry_24h,True
TXN105475,1025.44,bank_timeout,bank_timeout,retry_2h,True,retry_24h,False
TXN105476,1843.52,bank_timeout,bank_timeout,retry_2h,True,retry_24h,False
TXN105477,11949.02,insufficient_funds,insufficient_funds,retry_72h,True,retry_24h,False
TXN105478,1428.34,network_error,network_error,retry_immediate,True,retry_24h,False
TXN105479,2878.49,fraud_false_positive,fraud_false_positive,suggest_alt_payment_method,False,retry_24h,False
TXN105480,4807.32,fraud_false_positive,fraud_false_positive,suggest_alt_payment_method,False,retry_24h,False
TXN105481,3642.05,insufficient_funds,insufficient_funds,retry_72h,False,retry_24h,True
TXN105482,1701.23,insufficient_funds,insufficient_funds,retry_72h,False,retry_24h,False
TXN105483,1659.19,insufficient_funds,insufficient_funds,retry_72h,False,retry_24h,False
TXN105484,4726.2,insufficient_funds,insufficient_funds,suggest_alt_payment_method,True,retry_24h,False
TXN105485,5194.15,insufficient_funds,insufficient_funds,retry_72h,True,retry_24h,False
TXN105486,2703.24,insufficient_funds,insufficient_funds,retry_72h,True,retry_24h,False
TXN105487,313.4,bank_timeout,bank_timeout,retry_2h,True,retry_24h,False
TXN105488,1912.52,bank_timeout,bank_timeout,retry_24h,True,retry_24h,False
TXN105489,2498.8,fraud_false_positive,fraud_false_positive,suggest_alt_payment_method,False,retry_24h,False
TXN105490,3127.24,insufficient_funds,insufficient_funds,retry_72h,True,retry_24h,False
TXN105491,2243.48,insufficient_funds,insufficient_funds,retry_72h,True,retry_24h,False
TXN105492,3722.5,insufficient_funds,insufficient_funds,retry_72h,True,retry_24h,False
TXN105493,1662.69,network_error,network_error,retry_immediate,True,retry_24h,False
TXN105494,5988.36,bank_timeout,bank_timeout,retry_2h,False,retry_24h,True
TXN105495,2086.67,insufficient_funds,insufficient_funds,retry_72h,True,retry_24h,False
TXN105496,4436.0,insufficient_funds,insufficient_funds,retry_72h,False,retry_24h,False
TXN105497,2151.78,insufficient_funds,insufficient_funds,retry_72h,False,retry_24h,False
TXN105498,1575.95,network_error,network_error,retry_immediate,True,retry_24h,False
TXN105499,2359.56,insufficient_funds,insufficient_funds,retry_72h,False,retry_24h,False
TXN105500,5973.79,insufficient_funds,insufficient_funds,suggest_alt_payment_method,False,retry_24h,False
TXN105501,317.59,network_error,bank_timeout,retry_2h,True,retry_24h,False
TXN105502,1908.24,bank_timeout,bank_timeout,retry_2h,False,retry_24h,False
TXN105503,1493.85,fraud_false_positive,fraud_false_positive,suggest_alt_payment_method,False,retry_24h,False
TXN105504,6088.81,insufficient_funds,insufficient_funds,retry_72h,False,retry_24h,True
TXN105505,5747.07,insufficient_funds,insufficient_funds,retry_72h,False,retry_24h,False
TXN105506,1546.67,network_error,network_error,retry_immediate,True,retry_24h,True
TXN105507,3390.27,insufficient_funds,insufficient_funds,retry_72h,True,retry_24h,True
TXN105508,3239.29,insufficient_funds,insufficient_funds,retry_72h,True,retry_24h,True
TXN105509,3317.93,insufficient_funds,insufficient_funds,retry_72h,False,retry_24h,False
TXN105510,1257.27,insufficient_funds,insufficient_funds,retry_72h,False,retry_24h,True
TXN105511,2861.09,bank_timeout,network_error,retry_immediate,False,retry_24h,True
TXN105512,5599.87,insufficient_funds,insufficient_funds,retry_72h,True,retry_24h,False
TXN105513,459.01,insufficient_funds,insufficient_funds,retry_72h,False,retry_24h,True
TXN105514,3270.67,network_error,network_error,retry_immediate,True,retry_24h,True
TXN105515,844.87,network_error,network_error,retry_24h,False,retry_24h,False
TXN105516,872.64,network_error,bank_timeout,suggest_alt_payment_method,False,retry_24h,False
TXN105517,1224.7,insufficient_funds,insufficient_funds,retry_72h,True,retry_24h,False
TXN105518,2810.86,fraud_false_positive,fraud_false_positive,suggest_alt_payment_method,False,retry_24h,False
TXN105519,8847.93,insufficient_funds,insufficient_funds,retry_72h,False,retry_24h,False
TXN105520,4196.98,network_error,network_error,retry_immediate,True,retry_24h,True
TXN105521,1799.57,insufficient_funds,insufficient_funds,retry_72h,False,retry_24h,False
TXN105522,1309.14,network_error,network_error,retry_immediate,True,retry_24h,False
TXN105523,1179.9,bank_timeout,bank_timeout,retry_2h,True,retry_24h,True
TXN105524,2291.03,insufficient_funds,insufficient_funds,retry_72h,True,retry_24h,False
TXN105525,1312.67,network_error,network_error,retry_immediate,True,retry_24h,False
TXN105526,1267.91,insufficient_funds,insufficient_funds,retry_72h,True,retry_24h,False
TXN105527,5340.7,bank_timeout,bank_timeout,retry_2h,True,retry_24h,True
TXN105528,1051.19,bank_timeout,bank_timeout,retry_2h,True,retry_24h,False
TXN105529,1719.69,network_error,network_error,retry_immediate,False,retry_24h,False
TXN105530,1064.84,bank_timeout,bank_timeout,retry_2h,True,retry_24h,False
TXN105531,11433.0,insufficient_funds,insufficient_funds,retry_72h,False,retry_24h,False
TXN105532,7745.46,fraud_false_positive,fraud_false_positive,suggest_alt_payment_method,True,retry_24h,False
TXN105533,2492.92,insufficient_funds,insufficient_funds,retry_72h,True,retry_24h,False
TXN105534,725.27,network_error,bank_timeout,retry_2h,True,retry_24h,False
TXN105535,1532.86,network_error,network_error,retry_immediate,False,retry_24h,True
TXN105536,1074.82,bank_timeout,bank_timeout,retry_24h,False,retry_24h,True
TXN105537,355.65,network_error,network_error,retry_immediate,False,retry_24h,True
TXN105538,179.28,network_error,network_error,retry_immediate,True,retry_24h,False
TXN105539,5809.61,network_error,network_error,retry_immediate,True,retry_24h,True
TXN105540,878.01,insufficient_funds,insufficient_funds,retry_72h,False,retry_24h,False
TXN105541,3278.89,network_error,network_error,retry_immediate,True,retry_24h,False
TXN105542,1286.2,bank_timeout,bank_timeout,retry_24h,False,retry_24h,True
TXN105543,1685.22,network_error,network_error,suggest_alt_payment_method,False,retry_24h,True
TXN105544,4526.13,network_error,network_error,retry_immediate,False,retry_24h,True
TXN105545,2497.78,bank_timeout,bank_timeout,retry_24h,False,retry_24h,False
TXN105546,6023.86,fraud_false_positive,fraud_false_positive,suggest_alt_payment_method,True,retry_24h,False
TXN105547,6243.93,fraud_false_positive,fraud_false_positive,suggest_alt_payment_method,True,retry_24h,True
TXN105548,3622.59,fraud_false_positive,fraud_false_positive,suggest_alt_payment_method,True,retry_24h,True
TXN105549,2090.5,bank_timeout,bank_timeout,retry_2h,True,retry_24h,False
TXN105550,2891.7,insufficient_funds,insufficient_funds,retry_72h,False,retry_24h,False
TXN105551,1692.41,network_error,network_error,retry_immediate,True,retry_24h,False
TXN105552,459.62,network_error,network_error,retry_immediate,False,retry_24h,True
TXN105553,380.4,bank_timeout,bank_timeout,retry_2h,False,retry_24h,False
TXN105554,1105.7,insufficient_funds,insufficient_funds,retry_72h,False,retry_24h,False
TXN105555,2619.93,network_error,network_error,retry_immediate,True,retry_24h,True
TXN105556,1943.51,bank_timeout,bank_timeout,retry_2h,False,retry_24h,False
TXN105557,2827.85,insufficient_funds,insufficient_funds,suggest_alt_payment_method,False,retry_24h,True
TXN105558,3060.17,network_error,network_error,suggest_alt_payment_method,False,retry_24h,False
TXN105559,1636.08,insufficient_funds,insufficient_funds,retry_72h,False,retry_24h,False
TXN105560,2358.08,bank_timeout,bank_timeout,retry_2h,False,retry_24h,False
TXN105561,2329.15,insufficient_funds,insufficient_funds,suggest_alt_payment_method,False,retry_24h,False
TXN105562,3957.21,insufficient_funds,insufficient_funds,suggest_alt_payment_method,False,retry_24h,False
TXN105563,961.53,insufficient_funds,insufficient_funds,retry_72h,False,retry_24h,False
TXN105564,3716.81,insufficient_funds,insufficient_funds,retry_72h,False,retry_24h,False
TXN105565,1833.19,insufficient_funds,insufficient_funds,retry_72h,False,retry_24h,True
TXN105566,10444.8,insufficient_funds,insufficient_funds,retry_72h,False,retry_24h,False
TXN105567,2887.22,insufficient_funds,insufficient_funds,retry_72h,False,retry_24h,False
TXN105568,618.71,network_error,network_error,retry_immediate,False,retry_24h,False
TXN105569,2795.74,insufficient_funds,insufficient_funds,retry_72h,True,retry_24h,True
TXN105570,1596.08,network_error,network_error,retry_immediate,False,retry_24h,False
TXN105571,5476.34,fraud_false_positive,fraud_false_positive,suggest_alt_payment_method,True,retry_24h,False
TXN105572,4115.45,bank_timeout,bank_timeout,retry_24h,False,retry_24h,False
TXN105573,2488.25,insufficient_funds,insufficient_funds,retry_72h,False,retry_24h,False
TXN105574,2363.61,insufficient_funds,insufficient_funds,retry_72h,False,retry_24h,False
TXN105575,1981.18,fraud_false_positive,fraud_false_positive,suggest_alt_payment_method,True,retry_24h,True
TXN105576,843.19,network_error,network_error,retry_immediate,False,retry_24h,False
TXN105577,3803.12,fraud_false_positive,fraud_false_positive,suggest_alt_payment_method,False,retry_24h,False
TXN105578,1664.01,insufficient_funds,insufficient_funds,retry_72h,True,retry_24h,False
TXN105579,3827.91,insufficient_funds,insufficient_funds,retry_72h,False,retry_24h,False
TXN105580,161.1,bank_timeout,bank_timeout,retry_2h,True,retry_24h,False
TXN105581,2244.95,fraud_false_positive,fraud_false_positive,suggest_alt_payment_method,False,retry_24h,False
TXN105582,10889.01,insufficient_funds,insufficient_funds,retry_72h,True,retry_24h,False
TXN105583,791.77,fraud_false_positive,fraud_false_positive,suggest_alt_payment_method,True,retry_24h,False
TXN105584,2294.26,insufficient_funds,insufficient_funds,retry_72h,False,retry_24h,False
TXN105585,1838.72,bank_timeout,bank_timeout,retry_24h,False,retry_24h,False
TXN105586,195.13,network_error,network_error,retry_immediate,True,retry_24h,False
TXN105587,5861.1,insufficient_funds,insufficient_funds,retry_72h,False,retry_24h,False
TXN105588,1481.26,network_error,bank_timeout,retry_2h,True,retry_24h,True
TXN105589,3119.91,insufficient_funds,insufficient_funds,retry_72h,False,retry_24h,False
TXN105590,2275.12,insufficient_funds,insufficient_funds,retry_72h,False,retry_24h,True
TXN105591,3249.36,fraud_false_positive,fraud_false_positive,suggest_alt_payment_method,False,retry_24h,False
TXN105592,2807.98,bank_timeout,bank_timeout,retry_2h,True,retry_24h,False
TXN105593,668.29,bank_timeout,bank_timeout,retry_2h,False,retry_24h,False
TXN105594,731.14,insufficient_funds,insufficient_funds,retry_72h,False,retry_24h,False
TXN105595,4343.11,bank_timeout,bank_timeout,retry_2h,True,retry_24h,True
TXN105596,4899.8,insufficient_funds,insufficient_funds,retry_72h,False,retry_24h,False
TXN105597,1681.0,fraud_false_positive,fraud_false_positive,suggest_alt_payment_method,True,retry_24h,False
TXN105598,2828.64,insufficient_funds,insufficient_funds,retry_72h,False,retry_24h,False
TXN105599,9790.91,fraud_false_positive,fraud_false_positive,suggest_alt_payment_method,False,retry_24h,True
TXN105600,433.81,bank_timeout,bank_timeout,retry_2h,True,retry_24h,False
TXN105601,1042.0,insufficient_funds,insufficient_funds,retry_72h,False,retry_24h,True
TXN105602,3712.91,insufficient_funds,insufficient_funds,retry_72h,False,retry_24h,False
TXN105603,2205.76,insufficient_funds,insufficient_funds,retry_72h,True,retry_24h,False
TXN105604,1715.33,network_error,network_error,retry_immediate,True,retry_24h,True
TXN105605,4179.11,network_error,network_error,suggest_alt_payment_method,True,retry_24h,True
TXN105606,1749.99,fraud_false_positive,fraud_false_positive,suggest_alt_payment_method,False,retry_24h,False
TXN105607,1158.8,bank_timeout,bank_timeout,retry_2h,True,retry_24h,False
TXN105608,815.9,insufficient_funds,insufficient_funds,retry_72h,True,retry_24h,False
TXN105609,835.85,insufficient_funds,insufficient_funds,retry_72h,True,retry_24h,False
TXN105610,1519.78,network_error,network_error,retry_immediate,False,retry_24h,False
TXN105611,2268.51,insufficient_funds,insufficient_funds,suggest_alt_payment_method,False,retry_24h,False
TXN105612,5373.4,insufficient_funds,insufficient_funds,retry_72h,False,retry_24h,False
TXN105613,3939.85,bank_timeout,bank_timeout,retry_2h,False,retry_24h,True
TXN105614,971.26,fraud_false_positive,fraud_false_positive,suggest_alt_payment_method,True,retry_24h,False
TXN105615,2422.89,bank_timeout,bank_timeout,retry_2h,False,retry_24h,True
TXN105616,2619.21,insufficient_funds,insufficient_funds,retry_72h,False,retry_24h,False
TXN105617,1510.74,insufficient_funds,insufficient_funds,retry_72h,False,retry_24h,False
TXN105618,3050.53,insufficient_funds,insufficient_funds,retry_72h,False,retry_24h,True
TXN105619,4232.84,insufficient_funds,insufficient_funds,retry_72h,True,retry_24h,False
TXN105620,8928.63,fraud_false_positive,fraud_false_positive,suggest_alt_payment_method,True,retry_24h,True
TXN105621,1345.57,insufficient_funds,insufficient_funds,retry_72h,True,retry_24h,False
TXN105622,3545.27,bank_timeout,bank_timeout,retry_24h,True,retry_24h,True
TXN105623,3981.35,bank_timeout,bank_timeout,retry_2h,True,retry_24h,True
TXN105624,3678.9,bank_timeout,bank_timeout,retry_2h,True,retry_24h,True
TXN105625,1505.04,network_error,network_error,retry_immediate,False,retry_24h,False
TXN105626,3201.41,insufficient_funds,insufficient_funds,retry_72h,False,retry_24h,False
TXN105627,2016.28,fraud_false_positive,fraud_false_positive,suggest_alt_payment_method,True,retry_24h,False
TXN105628,255.01,network_error,network_error,retry_immediate,False,retry_24h,False
TXN105629,1025.14,network_error,network_error,retry_immediate,False,retry_24h,True
TXN105630,4678.07,insufficient_funds,insufficient_funds,retry_72h,True,retry_24h,True
TXN105631,1669.01,bank_timeout,bank_timeout,retry_2h,False,retry_24h,True
TXN105632,1228.89,bank_timeout,bank_timeout,retry_2h,False,retry_24h,False
TXN105633,3728.75,insufficient_funds,insufficient_funds,suggest_alt_payment_method,False,retry_24h,False
TXN105634,5669.07,insufficient_funds,insufficient_funds,retry_72h,False,retry_24h,False
TXN105635,4573.61,insufficient_funds,insufficient_funds,retry_72h,False,retry_24h,False
TXN105636,1448.01,network_error,network_error,retry_immediate,True,retry_24h,False
TXN105637,879.14,bank_timeout,bank_timeout,retry_24h,True,retry_24h,True
TXN105638,1430.52,insufficient_funds,insufficient_funds,retry_72h,False,retry_24h,True
TXN105639,830.34,network_error,network_error,retry_immediate,True,retry_24h,False
TXN105640,1407.02,network_error,network_error,retry_immediate,True,retry_24h,True
TXN105641,3260.17,insufficient_funds,insufficient_funds,retry_72h,True,retry_24h,False
TXN105642,1043.9,fraud_false_positive,fraud_false_positive,suggest_alt_payment_method,False,retry_24h,False
TXN105643,4850.95,bank_timeout,bank_timeout,retry_2h,True,retry_24h,False
TXN105644,3533.5,insufficient_funds,insufficient_funds,retry_72h,False,retry_24h,False
TXN105645,6398.53,fraud_false_positive,fraud_false_positive,suggest_alt_payment_method,True,retry_24h,False
TXN105646,2372.1,network_error,bank_timeout,retry_2h,True,retry_24h,False
TXN105647,2971.56,insufficient_funds,insufficient_funds,retry_72h,False,retry_24h,False
TXN105648,3201.04,insufficient_funds,insufficient_funds,retry_72h,False,retry_24h,False
TXN105649,495.61,insufficient_funds,insufficient_funds,suggest_alt_payment_method,False,retry_24h,False
TXN105650,409.51,insufficient_funds,insufficient_funds,retry_72h,True,retry_24h,False
TXN105651,1792.83,network_error,network_error,retry_24h,True,retry_24h,True
TXN105652,64.34,bank_timeout,bank_timeout,retry_2h,True,retry_24h,True
TXN105653,1565.1,insufficient_funds,insufficient_funds,retry_72h,False,retry_24h,False
TXN105654,1423.48,network_error,network_error,retry_immediate,False,retry_24h,False
TXN105655,4951.93,insufficient_funds,insufficient_funds,retry_72h,False,retry_24h,False
TXN105656,9397.17,fraud_false_positive,fraud_false_positive,suggest_alt_payment_method,False,retry_24h,False
TXN105657,5630.92,insufficient_funds,insufficient_funds,suggest_alt_payment_method,False,retry_24h,False
TXN105658,5835.4,fraud_false_positive,fraud_false_positive,suggest_alt_payment_method,False,retry_24h,False
TXN105659,652.65,network_error,network_error,retry_immediate,True,retry_24h,True
TXN105660,662.95,insufficient_funds,insufficient_funds,retry_72h,False,retry_24h,False
TXN105661,1428.56,fraud_false_positive,fraud_false_positive,suggest_alt_payment_method,False,retry_24h,False
TXN105662,4157.26,insufficient_funds,insufficient_funds,retry_72h,True,retry_24h,False
TXN105663,912.68,insufficient_funds,insufficient_funds,retry_72h,False,retry_24h,True
TXN105664,1383.58,bank_timeout,bank_timeout,suggest_alt_payment_method,False,retry_24h,False
TXN105665,5951.01,insufficient_funds,insufficient_funds,retry_72h,True,retry_24h,False
TXN105666,1553.91,network_error,network_error,retry_immediate,False,retry_24h,True
TXN105667,1056.35,network_error,network_error,retry_immediate,True,retry_24h,False
TXN105668,2494.11,network_error,network_error,retry_immediate,True,retry_24h,True
TXN105669,2943.82,bank_timeout,bank_timeout,retry_2h,True,retry_24h,True
TXN105670,8250.56,bank_timeout,bank_timeout,retry_2h,True,retry_24h,True
TXN105671,5536.53,insufficient_funds,insufficient_funds,retry_72h,False,retry_24h,False
TXN105672,2343.44,bank_timeout,bank_timeout,retry_2h,True,retry_24h,True
TXN105673,3892.15,bank_timeout,bank_timeout,retry_2h,True,retry_24h,False
TXN105674,10849.68,fraud_false_positive,fraud_false_positive,suggest_alt_payment_method,False,retry_24h,True
TXN105675,2638.38,insufficient_funds,insufficient_funds,retry_72h,True,retry_24h,False
TXN105676,3554.56,network_error,network_error,retry_immediate,True,retry_24h,True
TXN105677,2772.96,insufficient_funds,insufficient_funds,retry_72h,False,retry_24h,False
TXN105678,1933.22,insufficient_funds,insufficient_funds,retry_72h,False,retry_24h,False
TXN105679,4174.78,network_error,network_error,retry_immediate,True,retry_24h,False
TXN105680,1879.86,fraud_false_positive,fraud_false_positive,suggest_alt_payment_method,True,retry_24h,False
TXN105681,3010.67,bank_timeout,bank_timeout,retry_2h,True,retry_24h,True
TXN105682,6031.36,insufficient_funds,insufficient_funds,suggest_alt_payment_method,False,retry_24h,False
TXN105683,164.61,bank_timeout,bank_timeout,retry_2h,False,retry_24h,False
TXN105684,1989.11,bank_timeout,bank_timeout,retry_2h,True,retry_24h,False
TXN105685,3061.73,network_error,network_error,retry_immediate,False,retry_24h,False
TXN105686,4509.58,insufficient_funds,insufficient_funds,retry_72h,False,retry_24h,False
TXN105687,2335.3,fraud_false_positive,fraud_false_positive,suggest_alt_payment_method,True,retry_24h,False
TXN105688,1872.06,fraud_false_positive,fraud_false_positive,suggest_alt_payment_method,True,retry_24h,False
TXN105689,10806.56,insufficient_funds,insufficient_funds,retry_72h,False,retry_24h,False
TXN105690,1445.74,network_error,network_error,retry_immediate,True,retry_24h,True
TXN105691,3217.23,fraud_false_positive,fraud_false_positive,suggest_alt_payment_method,True,retry_24h,False
TXN105692,1015.53,network_error,network_error,retry_immediate,False,retry_24h,True
TXN105693,8051.01,fraud_false_positive,fraud_false_positive,suggest_alt_payment_method,False,retry_24h,False
TXN105694,8027.32,insufficient_funds,insufficient_funds,suggest_alt_payment_method,True,retry_24h,False
TXN105695,1759.12,bank_timeout,bank_timeout,retry_2h,False,retry_24h,True
TXN105696,665.03,network_error,network_error,retry_immediate,True,retry_24h,True
TXN105697,2002.43,bank_timeout,bank_timeout,retry_2h,True,retry_24h,True
TXN105698,750.34,insufficient_funds,insufficient_funds,retry_72h,False,retry_24h,False
TXN105699,2524.7,bank_timeout,bank_timeout,retry_2h,False,retry_24h,True
TXN105700,8718.35,insufficient_funds,insufficient_funds,retry_72h,True,retry_24h,True
TXN105701,1704.93,insufficient_funds,insufficient_funds,retry_72h,True,retry_24h,True
TXN105702,6135.6,fraud_false_positive,fraud_false_positive,suggest_alt_payment_method,True,retry_24h,False
TXN105703,12121.38,insufficient_funds,insufficient_funds,retry_72h,False,retry_24h,False
TXN105704,475.25,network_error,network_error,retry_immediate,False,retry_24h,False
TXN105705,1442.48,network_error,network_error,retry_immediate,True,retry_24h,False
TXN105706,891.44,network_error,network_error,retry_immediate,True,retry_24h,False
TXN105707,299.13,bank_timeout,bank_timeout,retry_2h,False,retry_24h,False
TXN105708,741.11,insufficient_funds,insufficient_funds,retry_72h,True,retry_24h,True
TXN105709,3004.76,insufficient_funds,insufficient_funds,retry_72h,False,retry_24h,False
TXN105710,936.02,network_error,bank_timeout,retry_24h,False,retry_24h,False
TXN105711,5997.69,fraud_false_positive,fraud_false_positive,suggest_alt_payment_method,True,retry_24h,True
TXN105712,10724.06,insufficient_funds,insufficient_funds,retry_72h,False,retry_24h,False
TXN105713,3918.65,insufficient_funds,insufficient_funds,retry_72h,True,retry_24h,True
TXN105714,4575.62,fraud_false_positive,fraud_false_positive,suggest_alt_payment_method,False,retry_24h,True
TXN105715,10260.23,insufficient_funds,insufficient_funds,suggest_alt_payment_method,False,retry_24h,True
TXN105716,3989.78,insufficient_funds,insufficient_funds,retry_72h,True,retry_24h,True
TXN105717,2576.1,network_error,network_error,retry_immediate,True,retry_24h,True
TXN105718,2231.48,bank_timeout,bank_timeout,retry_24h,False,retry_24h,False
TXN105719,5194.17,insufficient_funds,insufficient_funds,retry_72h,False,retry_24h,False
TXN105720,2493.32,insufficient_funds,insufficient_funds,retry_72h,False,retry_24h,False
TXN105721,4619.95,insufficient_funds,insufficient_funds,retry_72h,True,retry_24h,False
TXN105722,2790.61,insufficient_funds,insufficient_funds,retry_72h,True,retry_24h,False
TXN105723,2009.55,bank_timeout,bank_timeout,retry_2h,True,retry_24h,True
TXN105724,2992.7,network_error,network_error,retry_immediate,True,retry_24h,True
TXN105725,521.12,network_error,network_error,retry_immediate,False,retry_24h,False
TXN105726,1863.81,insufficient_funds,insufficient_funds,retry_72h,True,retry_24h,False
TXN105727,3267.43,network_error,network_error,retry_immediate,False,retry_24h,False
TXN105728,5399.67,insufficient_funds,insufficient_funds,retry_72h,True,retry_24h,False
TXN105729,3602.15,fraud_false_positive,fraud_false_positive,suggest_alt_payment_method,True,retry_24h,False
TXN105730,2571.51,insufficient_funds,insufficient_funds,suggest_alt_payment_method,False,retry_24h,False
TXN105731,2265.35,insufficient_funds,insufficient_funds,retry_72h,False,retry_24h,True
TXN105732,348.67,bank_timeout,bank_timeout,suggest_alt_payment_method,True,retry_24h,False
TXN105733,157.48,network_error,network_error,retry_immediate,True,retry_24h,False
TXN105734,3107.54,fraud_false_positive,fraud_false_positive,suggest_alt_payment_method,True,retry_24h,False
TXN105735,2737.17,network_error,network_error,retry_immediate,True,retry_24h,False
TXN105736,526.63,insufficient_funds,insufficient_funds,suggest_alt_payment_method,False,retry_24h,False
TXN105737,3484.77,insufficient_funds,insufficient_funds,retry_72h,True,retry_24h,False
TXN105738,2985.12,bank_timeout,bank_timeout,retry_2h,True,retry_24h,False
TXN105739,2626.92,network_error,network_error,retry_immediate,True,retry_24h,False
TXN105740,10232.88,fraud_false_positive,fraud_false_positive,suggest_alt_payment_method,False,retry_24h,False
TXN105741,2878.82,network_error,bank_timeout,retry_2h,True,retry_24h,True
TXN105742,7341.98,insufficient_funds,insufficient_funds,retry_72h,False,retry_24h,False
TXN105743,1368.02,bank_timeout,bank_timeout,suggest_alt_payment_method,False,retry_24h,False
TXN105744,1674.47,bank_timeout,bank_timeout,retry_2h,False,retry_24h,False
TXN105745,1756.07,insufficient_funds,insufficient_funds,retry_72h,False,retry_24h,False
TXN105746,2441.3,insufficient_funds,insufficient_funds,retry_72h,True,retry_24h,False
TXN105747,4241.42,insufficient_funds,insufficient_funds,retry_72h,False,retry_24h,False
TXN105748,770.53,insufficient_funds,insufficient_funds,retry_72h,False,retry_24h,False
TXN105749,3184.35,fraud_false_positive,fraud_false_positive,suggest_alt_payment_method,False,retry_24h,False
TXN105750,1886.16,fraud_false_positive,fraud_false_positive,suggest_alt_payment_method,False,retry_24h,True
TXN105751,2404.98,bank_timeout,bank_timeout,retry_2h,False,retry_24h,False
TXN105752,1064.49,bank_timeout,bank_timeout,retry_24h,False,retry_24h,False
TXN105753,1708.26,insufficient_funds,insufficient_funds,retry_72h,False,retry_24h,False
TXN105754,1282.94,bank_timeout,bank_timeout,retry_2h,True,retry_24h,False
TXN105755,4717.33,fraud_false_positive,fraud_false_positive,suggest_alt_payment_method,True,retry_24h,False
TXN105756,589.85,network_error,network_error,retry_immediate,True,retry_24h,False
TXN105757,536.16,network_error,network_error,retry_immediate,False,retry_24h,True
TXN105758,2974.57,insufficient_funds,insufficient_funds,retry_72h,False,retry_24h,False
TXN105759,5058.93,insufficient_funds,insufficient_funds,retry_72h,False,retry_24h,False
TXN105760,1572.05,network_error,network_error,retry_immediate,False,retry_24h,False
TXN105761,1070.01,insufficient_funds,insufficient_funds,retry_72h,False,retry_24h,True
TXN105762,2647.67,fraud_false_positive,fraud_false_positive,suggest_alt_payment_method,False,retry_24h,False
TXN105763,1395.91,insufficient_funds,insufficient_funds,retry_72h,False,retry_24h,True
TXN105764,749.42,bank_timeout,bank_timeout,retry_2h,True,retry_24h,False
TXN105765,1375.81,network_error,network_error,retry_24h,True,retry_24h,False
TXN105766,469.46,network_error,network_error,retry_immediate,True,retry_24h,True
TXN105767,764.2,insufficient_funds,insufficient_funds,retry_72h,True,retry_24h,False
TXN105768,1029.52,network_error,network_error,retry_immediate,True,retry_24h,True
TXN105769,1081.29,network_error,network_error,retry_immediate,True,retry_24h,True
TXN105770,2106.94,insufficient_funds,insufficient_funds,retry_72h,False,retry_24h,False
TXN105771,1216.08,network_error,network_error,retry_immediate,True,retry_24h,False
TXN105772,344.36,bank_timeout,network_error,retry_24h,False,retry_24h,True
TXN105773,627.02,bank_timeout,bank_timeout,retry_2h,True,retry_24h,False
TXN105774,3273.23,fraud_false_positive,fraud_false_positive,suggest_alt_payment_method,False,retry_24h,False
TXN105775,3442.35,fraud_false_positive,fraud_false_positive,suggest_alt_payment_method,True,retry_24h,True
TXN105776,2363.98,bank_timeout,bank_timeout,retry_2h,True,retry_24h,True
TXN105777,254.4,network_error,network_error,retry_immediate,True,retry_24h,True
TXN105778,361.48,bank_timeout,bank_timeout,retry_2h,True,retry_24h,True
TXN105779,1790.85,insufficient_funds,insufficient_funds,retry_72h,False,retry_24h,False
TXN105780,3443.89,insufficient_funds,insufficient_funds,retry_72h,False,retry_24h,False
TXN105781,1133.33,bank_timeout,network_error,retry_immediate,False,retry_24h,False
TXN105782,624.7,bank_timeout,bank_timeout,retry_2h,True,retry_24h,True
TXN105783,1829.07,network_error,network_error,retry_immediate,True,retry_24h,True
TXN105784,1993.79,network_error,network_error,retry_immediate,False,retry_24h,False
TXN105785,3090.52,bank_timeout,bank_timeout,suggest_alt_payment_method,False,retry_24h,False
TXN105786,2313.8,bank_timeout,bank_timeout,retry_2h,False,retry_24h,False
TXN105787,2013.94,insufficient_funds,insufficient_funds,retry_72h,True,retry_24h,False
TXN105788,3374.07,network_error,network_error,retry_immediate,True,retry_24h,False
TXN105789,1194.86,bank_timeout,bank_timeout,retry_2h,True,retry_24h,True
TXN105790,831.05,network_error,network_error,retry_immediate,True,retry_24h,True
TXN105791,1119.97,network_error,network_error,retry_immediate,False,retry_24h,False
TXN105792,919.81,network_error,network_error,retry_immediate,True,retry_24h,False
TXN105793,4901.0,insufficient_funds,insufficient_funds,retry_72h,True,retry_24h,False
TXN105794,2519.83,insufficient_funds,insufficient_funds,retry_72h,False,retry_24h,False
TXN105795,1323.92,insufficient_funds,insufficient_funds,retry_72h,False,retry_24h,False
TXN105796,973.01,bank_timeout,bank_timeout,retry_2h,True,retry_24h,True
TXN105797,816.51,network_error,network_error,retry_immediate,True,retry_24h,True
TXN105798,6869.48,insufficient_funds,insufficient_funds,retry_72h,False,retry_24h,False
TXN105799,7355.3,fraud_false_positive,fraud_false_positive,suggest_alt_payment_method,False,retry_24h,False
TXN105800,1495.83,fraud_false_positive,fraud_false_positive,suggest_alt_payment_method,True,retry_24h,False
TXN105801,1691.98,fraud_false_positive,fraud_false_positive,suggest_alt_payment_method,True,retry_24h,False
TXN105802,750.93,insufficient_funds,insufficient_funds,suggest_alt_payment_method,False,retry_24h,False
TXN105803,1732.98,network_error,bank_timeout,retry_2h,False,retry_24h,False
TXN105804,2275.73,fraud_false_positive,fraud_false_positive,suggest_alt_payment_method,True,retry_24h,False
TXN105805,1515.24,network_error,network_error,retry_immediate,False,retry_24h,False
TXN105806,2284.47,insufficient_funds,insufficient_funds,retry_72h,False,retry_24h,True
TXN105807,1272.31,fraud_false_positive,fraud_false_positive,suggest_alt_payment_method,False,retry_24h,False
TXN105808,3635.56,insufficient_funds,insufficient_funds,retry_72h,True,retry_24h,True
TXN105809,4391.49,insufficient_funds,insufficient_funds,retry_72h,False,retry_24h,False
TXN105810,2350.1,insufficient_funds,insufficient_funds,retry_72h,True,retry_24h,False
TXN105811,2210.51,bank_timeout,bank_timeout,retry_2h,False,retry_24h,False
TXN105812,4557.05,insufficient_funds,insufficient_funds,retry_72h,False,retry_24h,True
TXN105813,4490.22,fraud_false_positive,fraud_false_positive,suggest_alt_payment_method,True,retry_24h,False
TXN105814,2183.49,fraud_false_positive,fraud_false_positive,suggest_alt_payment_method,False,retry_24h,False
TXN105815,3691.77,insufficient_funds,insufficient_funds,retry_72h,True,retry_24h,False
TXN105816,3379.89,bank_timeout,bank_timeout,retry_2h,True,retry_24h,True
TXN105817,8665.89,insufficient_funds,insufficient_funds,retry_72h,False,retry_24h,False
TXN105818,3409.83,insufficient_funds,insufficient_funds,retry_72h,True,retry_24h,False
TXN105819,462.26,fraud_false_positive,fraud_false_positive,suggest_alt_payment_method,True,retry_24h,False
TXN105820,2787.73,insufficient_funds,insufficient_funds,retry_72h,False,retry_24h,False
TXN105821,561.72,insufficient_funds,insufficient_funds,retry_72h,False,retry_24h,False
TXN105822,1899.97,insufficient_funds,insufficient_funds,retry_72h,False,retry_24h,False
TXN105823,736.37,network_error,network_error,retry_immediate,False,retry_24h,False
TXN105824,3013.15,network_error,network_error,retry_immediate,True,retry_24h,True
TXN105825,3602.41,network_error,network_error,retry_immediate,True,retry_24h,False
TXN105826,874.73,insufficient_funds,insufficient_funds,retry_72h,False,retry_24h,False
TXN105827,6837.17,fraud_false_positive,fraud_false_positive,suggest_alt_payment_method,True,retry_24h,False
TXN105828,895.42,network_error,network_error,retry_immediate,True,retry_24h,True
TXN105829,2948.43,network_error,bank_timeout,retry_2h,True,retry_24h,True
TXN105830,776.34,network_error,network_error,retry_immediate,True,retry_24h,True
TXN105831,2725.53,insufficient_funds,insufficient_funds,retry_72h,False,retry_24h,False
TXN105832,4647.71,network_error,network_error,retry_immediate,False,retry_24h,False
TXN105833,3856.42,insufficient_funds,insufficient_funds,retry_72h,True,retry_24h,True
TXN105834,7353.62,insufficient_funds,insufficient_funds,retry_72h,False,retry_24h,False
TXN105835,1416.08,insufficient_funds,insufficient_funds,retry_72h,False,retry_24h,False
TXN105836,4746.85,insufficient_funds,insufficient_funds,retry_72h,False,retry_24h,False
TXN105837,2545.22,network_error,network_error,retry_immediate,True,retry_24h,False
TXN105838,4818.59,bank_timeout,bank_timeout,retry_2h,True,retry_24h,False
TXN105839,2066.63,insufficient_funds,insufficient_funds,retry_72h,False,retry_24h,True
TXN105840,2586.48,bank_timeout,bank_timeout,retry_2h,True,retry_24h,False
TXN105841,2828.73,bank_timeout,bank_timeout,retry_2h,True,retry_24h,False
TXN105842,1576.62,fraud_false_positive,fraud_false_positive,suggest_alt_payment_method,False,retry_24h,False
TXN105843,4193.11,bank_timeout,bank_timeout,retry_24h,False,retry_24h,False
TXN105844,298.99,bank_timeout,network_error,retry_immediate,False,retry_24h,False
TXN105845,2904.66,network_error,network_error,retry_immediate,False,retry_24h,False
TXN105846,4519.84,fraud_false_positive,fraud_false_positive,suggest_alt_payment_method,False,retry_24h,False
TXN105847,1831.45,insufficient_funds,insufficient_funds,retry_72h,False,retry_24h,False
TXN105848,3021.66,insufficient_funds,insufficient_funds,retry_72h,True,retry_24h,False
TXN105849,10972.22,fraud_false_positive,fraud_false_positive,suggest_alt_payment_method,True,retry_24h,False
TXN105850,251.77,insufficient_funds,insufficient_funds,retry_72h,True,retry_24h,False
TXN105851,334.72,network_error,network_error,retry_immediate,True,retry_24h,False
TXN105852,4109.68,network_error,bank_timeout,retry_2h,False,retry_24h,False
TXN105853,816.07,network_error,network_error,retry_immediate,True,retry_24h,True
TXN105854,2939.59,bank_timeout,bank_timeout,retry_24h,False,retry_24h,False
TXN105855,6071.86,fraud_false_positive,fraud_false_positive,suggest_alt_payment_method,True,retry_24h,False
TXN105856,621.94,network_error,network_error,retry_immediate,True,retry_24h,True
TXN105857,532.54,fraud_false_positive,fraud_false_positive,suggest_alt_payment_method,True,retry_24h,False
TXN105858,1489.41,fraud_false_positive,fraud_false_positive,suggest_alt_payment_method,True,retry_24h,False
TXN105859,1230.38,network_error,network_error,retry_immediate,True,retry_24h,False
TXN105860,5541.3,fraud_false_positive,fraud_false_positive,suggest_alt_payment_method,False,retry_24h,False
TXN105861,8774.0,insufficient_funds,insufficient_funds,retry_72h,True,retry_24h,True
TXN105862,1807.15,insufficient_funds,insufficient_funds,retry_72h,True,retry_24h,False
TXN105863,902.83,insufficient_funds,insufficient_funds,retry_72h,True,retry_24h,True
TXN105864,2281.52,bank_timeout,bank_timeout,retry_2h,True,retry_24h,True
TXN105865,1980.7,insufficient_funds,insufficient_funds,retry_72h,False,retry_24h,False
TXN105866,1486.29,insufficient_funds,insufficient_funds,retry_72h,False,retry_24h,False
TXN105867,199.3,network_error,network_error,retry_immediate,False,retry_24h,True
TXN105868,4082.28,bank_timeout,bank_timeout,retry_2h,False,retry_24h,True
TXN105869,624.32,network_error,network_error,retry_immediate,False,retry_24h,False
TXN105870,471.91,network_error,network_error,retry_immediate,True,retry_24h,False
TXN105871,3351.57,bank_timeout,bank_timeout,retry_2h,True,retry_24h,True
TXN105872,1328.13,bank_timeout,bank_timeout,retry_2h,True,retry_24h,False
TXN105873,5863.38,insufficient_funds,insufficient_funds,retry_72h,False,retry_24h,False
TXN105874,734.72,network_error,network_error,retry_immediate,True,retry_24h,False
TXN105875,1525.17,insufficient_funds,insufficient_funds,retry_72h,True,retry_24h,False
TXN105876,1091.12,bank_timeout,bank_timeout,retry_2h,True,retry_24h,True
TXN105877,5081.66,insufficient_funds,insufficient_funds,retry_72h,False,retry_24h,False
TXN105878,4226.35,insufficient_funds,insufficient_funds,retry_72h,True,retry_24h,False
TXN105879,1594.9,network_error,network_error,retry_immediate,False,retry_24h,True
TXN105880,1125.73,insufficient_funds,insufficient_funds,retry_72h,True,retry_24h,False
TXN105881,922.05,network_error,network_error,retry_immediate,True,retry_24h,False
TXN105882,1008.11,bank_timeout,bank_timeout,retry_2h,True,retry_24h,False
TXN105883,956.31,network_error,network_error,retry_immediate,True,retry_24h,True
TXN105884,1825.56,network_error,network_error,retry_immediate,False,retry_24h,False
TXN105885,993.95,insufficient_funds,insufficient_funds,retry_72h,False,retry_24h,True
TXN105886,4809.76,insufficient_funds,insufficient_funds,retry_72h,False,retry_24h,False
TXN105887,1405.22,network_error,bank_timeout,suggest_alt_payment_method,True,retry_24h,False
TXN105888,3667.65,insufficient_funds,insufficient_funds,retry_72h,False,retry_24h,False
TXN105889,12256.31,insufficient_funds,insufficient_funds,retry_72h,True,retry_24h,False
TXN105890,1874.58,bank_timeout,bank_timeout,retry_2h,False,retry_24h,False
TXN105891,7672.26,fraud_false_positive,fraud_false_positive,suggest_alt_payment_method,False,retry_24h,True
TXN105892,2334.97,insufficient_funds,insufficient_funds,retry_72h,True,retry_24h,True
TXN105893,6619.57,fraud_false_positive,fraud_false_positive,suggest_alt_payment_method,True,retry_24h,False
TXN105894,3975.9,bank_timeout,bank_timeout,suggest_alt_payment_method,False,retry_24h,False
TXN105895,4238.58,insufficient_funds,insufficient_funds,retry_72h,True,retry_24h,False
TXN105896,6411.64,insufficient_funds,insufficient_funds,retry_72h,False,retry_24h,False
TXN105897,4661.9,fraud_false_positive,fraud_false_positive,suggest_alt_payment_method,False,retry_24h,True
TXN105898,3286.09,network_error,network_error,retry_immediate,True,retry_24h,False
TXN105899,1245.64,bank_timeout,bank_timeout,retry_2h,True,retry_24h,False
TXN105900,14548.73,fraud_false_positive,fraud_false_positive,suggest_alt_payment_method,False,retry_24h,False
TXN105901,943.68,insufficient_funds,insufficient_funds,retry_72h,True,retry_24h,True
TXN105902,2912.6,insufficient_funds,insufficient_funds,retry_72h,True,retry_24h,True
TXN105903,684.87,insufficient_funds,insufficient_funds,retry_72h,True,retry_24h,False
TXN105904,9150.01,insufficient_funds,insufficient_funds,retry_72h,True,retry_24h,True
TXN105905,231.68,insufficient_funds,insufficient_funds,suggest_alt_payment_method,False,retry_24h,True
TXN105906,5588.94,bank_timeout,bank_timeout,retry_2h,False,retry_24h,False
TXN105907,761.54,insufficient_funds,insufficient_funds,retry_72h,True,retry_24h,False
TXN105908,8176.68,insufficient_funds,insufficient_funds,suggest_alt_payment_method,False,retry_24h,False
TXN105909,5556.98,insufficient_funds,insufficient_funds,retry_72h,False,retry_24h,False
TXN105910,3343.52,insufficient_funds,insufficient_funds,retry_72h,True,retry_24h,False
TXN105911,1509.84,insufficient_funds,insufficient_funds,retry_72h,False,retry_24h,False
TXN105912,8725.81,fraud_false_positive,fraud_false_positive,suggest_alt_payment_method,False,retry_24h,False
TXN105913,4571.7,insufficient_funds,insufficient_funds,retry_72h,False,retry_24h,False
TXN105914,7273.73,fraud_false_positive,fraud_false_positive,suggest_alt_payment_method,True,retry_24h,False
TXN105915,1219.12,bank_timeout,bank_timeout,suggest_alt_payment_method,True,retry_24h,False
TXN105916,5323.04,insufficient_funds,insufficient_funds,retry_72h,True,retry_24h,False
TXN105917,3115.01,insufficient_funds,insufficient_funds,suggest_alt_payment_method,True,retry_24h,False
TXN105918,1011.86,bank_timeout,bank_timeout,retry_2h,False,retry_24h,True
TXN105919,9419.9,insufficient_funds,insufficient_funds,retry_72h,True,retry_24h,False
TXN105920,214.95,insufficient_funds,insufficient_funds,retry_72h,True,retry_24h,True
TXN105921,1237.53,insufficient_funds,insufficient_funds,suggest_alt_payment_method,False,retry_24h,False
TXN105922,4079.53,insufficient_funds,insufficient_funds,retry_72h,True,retry_24h,False
TXN105923,10179.54,insufficient_funds,insufficient_funds,retry_72h,False,retry_24h,True
TXN105924,2551.52,network_error,network_error,retry_immediate,False,retry_24h,True
TXN105925,2538.08,insufficient_funds,insufficient_funds,retry_72h,False,retry_24h,False
TXN105926,3856.38,insufficient_funds,insufficient_funds,retry_72h,True,retry_24h,False
TXN105927,9577.19,insufficient_funds,insufficient_funds,retry_72h,True,retry_24h,False
TXN105928,3767.78,insufficient_funds,insufficient_funds,retry_72h,False,retry_24h,False
TXN105929,2552.31,insufficient_funds,insufficient_funds,retry_72h,True,retry_24h,False
TXN105930,4441.04,network_error,network_error,retry_immediate,True,retry_24h,True
TXN105931,5781.21,insufficient_funds,insufficient_funds,retry_72h,True,retry_24h,False
TXN105932,5354.98,fraud_false_positive,fraud_false_positive,suggest_alt_payment_method,False,retry_24h,False
TXN105933,3390.53,insufficient_funds,insufficient_funds,retry_72h,True,retry_24h,False
TXN105934,1477.56,network_error,network_error,retry_immediate,False,retry_24h,True
TXN105935,2758.84,insufficient_funds,insufficient_funds,retry_72h,True,retry_24h,False
TXN105936,1480.72,insufficient_funds,insufficient_funds,retry_72h,False,retry_24h,True
TXN105937,2079.5,insufficient_funds,insufficient_funds,retry_72h,True,retry_24h,True
TXN105938,1754.37,bank_timeout,bank_timeout,retry_2h,True,retry_24h,True
TXN105939,684.53,bank_timeout,bank_timeout,retry_2h,True,retry_24h,False
TXN105940,2964.11,fraud_false_positive,fraud_false_positive,suggest_alt_payment_method,True,retry_24h,False
TXN105941,3862.06,insufficient_funds,insufficient_funds,suggest_alt_payment_method,False,retry_24h,True
TXN105942,1305.67,insufficient_funds,insufficient_funds,retry_72h,False,retry_24h,False
TXN105943,1772.48,network_error,network_error,retry_immediate,False,retry_24h,False
TXN105944,1089.41,network_error,network_error,retry_immediate,False,retry_24h,False
TXN105945,1152.12,bank_timeout,bank_timeout,retry_2h,True,retry_24h,True
TXN105946,1671.02,bank_timeout,bank_timeout,retry_2h,True,retry_24h,True
TXN105947,1217.87,network_error,network_error,retry_immediate,False,retry_24h,False
TXN105948,2485.37,insufficient_funds,insufficient_funds,retry_72h,False,retry_24h,False
TXN105949,1541.44,bank_timeout,bank_timeout,retry_2h,False,retry_24h,False
TXN105950,4256.6,insufficient_funds,insufficient_funds,retry_72h,True,retry_24h,False
TXN105951,839.36,fraud_false_positive,fraud_false_positive,suggest_alt_payment_method,False,retry_24h,False
TXN105952,713.19,network_error,network_error,retry_immediate,False,retry_24h,False
TXN105953,3802.54,insufficient_funds,insufficient_funds,retry_72h,False,retry_24h,False
TXN105954,1665.45,insufficient_funds,insufficient_funds,retry_72h,False,retry_24h,False
TXN105955,820.66,network_error,bank_timeout,retry_2h,True,retry_24h,False
TXN105956,1921.31,insufficient_funds,insufficient_funds,retry_72h,True,retry_24h,False
TXN105957,2744.81,network_error,network_error,retry_immediate,True,retry_24h,False
TXN105958,1643.02,network_error,bank_timeout,retry_2h,True,retry_24h,False
TXN105959,994.2,network_error,network_error,retry_immediate,True,retry_24h,True
TXN105960,3837.09,insufficient_funds,insufficient_funds,retry_72h,True,retry_24h,False
TXN105961,5482.48,fraud_false_positive,fraud_false_positive,suggest_alt_payment_method,False,retry_24h,False
TXN105962,3703.56,fraud_false_positive,fraud_false_positive,suggest_alt_payment_method,True,retry_24h,False
TXN105963,2726.41,fraud_false_positive,fraud_false_positive,suggest_alt_payment_method,False,retry_24h,False
TXN105964,3134.64,insufficient_funds,insufficient_funds,retry_72h,False,retry_24h,False
TXN105965,3133.58,insufficient_funds,insufficient_funds,retry_72h,False,retry_24h,False
TXN105966,1127.56,fraud_false_positive,fraud_false_positive,suggest_alt_payment_method,True,retry_24h,False
TXN105967,2590.75,network_error,network_error,retry_immediate,False,retry_24h,True
TXN105968,1484.04,network_error,network_error,retry_immediate,True,retry_24h,False
TXN105969,683.09,network_error,bank_timeout,retry_2h,False,retry_24h,False
TXN105970,451.51,bank_timeout,bank_timeout,retry_2h,False,retry_24h,False
TXN105971,4342.59,network_error,network_error,retry_immediate,True,retry_24h,False
TXN105972,4000.53,fraud_false_positive,fraud_false_positive,suggest_alt_payment_method,False,retry_24h,False
TXN105973,1403.26,network_error,network_error,retry_immediate,False,retry_24h,True
TXN105974,2999.94,network_error,network_error,retry_immediate,True,retry_24h,False
TXN105975,5203.24,insufficient_funds,insufficient_funds,retry_72h,True,retry_24h,True
TXN105976,110.63,insufficient_funds,insufficient_funds,retry_72h,True,retry_24h,True
TXN105977,670.94,bank_timeout,bank_timeout,retry_2h,False,retry_24h,False
TXN105978,3118.71,network_error,network_error,retry_immediate,True,retry_24h,False
TXN105979,2740.04,insufficient_funds,insufficient_funds,retry_72h,False,retry_24h,False
TXN105980,2437.44,network_error,network_error,retry_immediate,True,retry_24h,True
TXN105981,2890.61,bank_timeout,bank_timeout,retry_2h,True,retry_24h,True
TXN105982,2881.81,insufficient_funds,insufficient_funds,retry_72h,False,retry_24h,True
TXN105983,2068.82,network_error,network_error,retry_immediate,True,retry_24h,True
TXN105984,3692.07,fraud_false_positive,fraud_false_positive,suggest_alt_payment_method,True,retry_24h,False
TXN105985,2379.44,network_error,network_error,retry_immediate,True,retry_24h,True
TXN105986,1218.41,insufficient_funds,insufficient_funds,retry_72h,True,retry_24h,False
TXN105987,993.68,network_error,network_error,retry_immediate,True,retry_24h,False
TXN105988,1504.98,bank_timeout,bank_timeout,retry_2h,False,retry_24h,True
TXN105989,5161.49,fraud_false_positive,fraud_false_positive,suggest_alt_payment_method,True,retry_24h,False
TXN105990,4145.43,insufficient_funds,insufficient_funds,retry_72h,True,retry_24h,False
TXN105991,406.64,network_error,network_error,retry_immediate,True,retry_24h,False
TXN105992,5034.53,insufficient_funds,insufficient_funds,retry_72h,False,retry_24h,False
TXN105993,5072.19,insufficient_funds,insufficient_funds,retry_72h,False,retry_24h,False
TXN105994,2035.72,bank_timeout,bank_timeout,retry_2h,True,retry_24h,False
TXN105995,3190.0,bank_timeout,bank_timeout,retry_24h,False,retry_24h,False
TXN105996,1373.22,bank_timeout,network_error,retry_immediate,False,retry_24h,False
TXN105997,5900.47,insufficient_funds,insufficient_funds,retry_72h,True,retry_24h,False
TXN105998,2529.94,network_error,network_error,retry_immediate,True,retry_24h,True
TXN105999,3324.0,bank_timeout,bank_timeout,retry_2h,False,retry_24h,True
TXN106000,2663.59,network_error,network_error,retry_immediate,False,retry_24h,False
TXN106001,2452.18,insufficient_funds,insufficient_funds,retry_72h,True,retry_24h,False
TXN106002,3218.74,insufficient_funds,insufficient_funds,retry_72h,False,retry_24h,False
TXN106003,1177.01,bank_timeout,bank_timeout,retry_2h,False,retry_24h,True
TXN106004,6006.6,fraud_false_positive,fraud_false_positive,suggest_alt_payment_method,True,retry_24h,False
TXN106005,5729.03,fraud_false_positive,fraud_false_positive,suggest_alt_payment_method,False,retry_24h,False
TXN106006,8749.75,fraud_false_positive,fraud_false_positive,suggest_alt_payment_method,True,retry_24h,True
TXN106007,1748.76,insufficient_funds,insufficient_funds,suggest_alt_payment_method,True,retry_24h,False
TXN106008,1733.59,bank_timeout,network_error,retry_immediate,False,retry_24h,False
TXN106009,2381.1,network_error,network_error,retry_immediate,True,retry_24h,False
TXN106010,235.65,bank_timeout,bank_timeout,retry_2h,False,retry_24h,True
TXN106011,2199.06,insufficient_funds,insufficient_funds,suggest_alt_payment_method,False,retry_24h,False
TXN106012,3585.32,insufficient_funds,insufficient_funds,retry_72h,False,retry_24h,True
TXN106013,796.04,bank_timeout,bank_timeout,retry_2h,True,retry_24h,True
TXN106014,905.34,bank_timeout,bank_timeout,retry_2h,False,retry_24h,False
TXN106015,2856.45,fraud_false_positive,fraud_false_positive,suggest_alt_payment_method,True,retry_24h,False
TXN106016,9056.22,insufficient_funds,insufficient_funds,retry_72h,False,retry_24h,True
TXN106017,8753.51,insufficient_funds,insufficient_funds,retry_72h,False,retry_24h,False
TXN106018,9958.03,insufficient_funds,insufficient_funds,suggest_alt_payment_method,False,retry_24h,True
TXN106019,789.36,network_error,network_error,retry_immediate,False,retry_24h,False
TXN106020,1250.63,network_error,network_error,retry_immediate,True,retry_24h,False
TXN106021,1909.93,insufficient_funds,insufficient_funds,suggest_alt_payment_method,False,retry_24h,False
TXN106022,1263.08,insufficient_funds,insufficient_funds,retry_72h,False,retry_24h,False
TXN106023,1847.39,network_error,network_error,retry_immediate,False,retry_24h,False
TXN106024,1027.19,network_error,network_error,retry_immediate,True,retry_24h,False
TXN106025,2051.53,insufficient_funds,insufficient_funds,retry_72h,False,retry_24h,False
TXN106026,1547.01,bank_timeout,network_error,retry_immediate,False,retry_24h,True
TXN106027,2093.28,insufficient_funds,insufficient_funds,retry_72h,False,retry_24h,False
TXN106028,1292.28,network_error,network_error,retry_immediate,True,retry_24h,True
TXN106029,9324.2,insufficient_funds,insufficient_funds,retry_72h,True,retry_24h,False
TXN106030,2148.65,bank_timeout,bank_timeout,retry_24h,False,retry_24h,True
TXN106031,2475.04,insufficient_funds,insufficient_funds,suggest_alt_payment_method,True,retry_24h,False
TXN106032,788.95,network_error,network_error,retry_24h,False,retry_24h,False
TXN106033,794.22,network_error,network_error,retry_immediate,True,retry_24h,False
TXN106034,1407.66,bank_timeout,bank_timeout,retry_2h,True,retry_24h,False
TXN106035,3106.73,insufficient_funds,insufficient_funds,retry_72h,True,retry_24h,True
TXN106036,3209.18,network_error,network_error,retry_immediate,True,retry_24h,False
TXN106037,8999.87,insufficient_funds,insufficient_funds,retry_72h,False,retry_24h,True
TXN106038,985.41,fraud_false_positive,fraud_false_positive,suggest_alt_payment_method,True,retry_24h,False
TXN106039,1766.15,network_error,network_error,retry_immediate,True,retry_24h,False
TXN106040,5048.07,network_error,network_error,retry_immediate,False,retry_24h,True
TXN106041,8727.81,fraud_false_positive,fraud_false_positive,suggest_alt_payment_method,False,retry_24h,False
TXN106042,3741.27,insufficient_funds,insufficient_funds,retry_72h,False,retry_24h,False
TXN106043,3142.89,insufficient_funds,insufficient_funds,retry_72h,True,retry_24h,True
TXN106044,2515.79,insufficient_funds,insufficient_funds,retry_72h,False,retry_24h,False
TXN106045,826.64,bank_timeout,bank_timeout,retry_2h,True,retry_24h,True
TXN106046,1294.14,network_error,network_error,retry_immediate,True,retry_24h,True
TXN106047,4562.0,network_error,network_error,retry_24h,True,retry_24h,False
TXN106048,2749.69,network_error,network_error,retry_immediate,False,retry_24h,False
TXN106049,5122.39,fraud_false_positive,fraud_false_positive,suggest_alt_payment_method,True,retry_24h,False
TXN106050,3955.72,insufficient_funds,insufficient_funds,suggest_alt_payment_method,False,retry_24h,False
TXN106051,1907.77,bank_timeout,bank_timeout,retry_2h,False,retry_24h,True
TXN106052,14566.58,fraud_false_positive,fraud_false_positive,suggest_alt_payment_method,False,retry_24h,False
TXN106053,3074.82,fraud_false_positive,fraud_false_positive,suggest_alt_payment_method,False,retry_24h,False
TXN106054,2558.61,bank_timeout,bank_timeout,retry_2h,False,retry_24h,False
TXN106055,3985.07,insufficient_funds,insufficient_funds,retry_72h,False,retry_24h,False
TXN106056,723.68,bank_timeout,bank_timeout,retry_2h,False,retry_24h,True
TXN106057,6312.08,fraud_false_positive,fraud_false_positive,suggest_alt_payment_method,True,retry_24h,True
TXN106058,1510.29,insufficient_funds,insufficient_funds,retry_72h,False,retry_24h,False
TXN106059,324.49,insufficient_funds,insufficient_funds,retry_72h,False,retry_24h,False
TXN106060,1903.35,insufficient_funds,insufficient_funds,retry_72h,True,retry_24h,False
TXN106061,6203.63,network_error,network_error,retry_immediate,True,retry_24h,False
TXN106062,3732.08,fraud_false_positive,fraud_false_positive,suggest_alt_payment_method,True,retry_24h,False
TXN106063,655.78,network_error,network_error,retry_immediate,False,retry_24h,True
TXN106064,219.65,bank_timeout,bank_timeout,retry_2h,False,retry_24h,False
TXN106065,3795.89,network_error,network_error,retry_immediate,False,retry_24h,True
TXN106066,255.7,bank_timeout,bank_timeout,retry_24h,True,retry_24h,True
TXN106067,513.25,bank_timeout,bank_timeout,retry_2h,False,retry_24h,False
TXN106068,1659.5,bank_timeout,bank_timeout,retry_2h,True,retry_24h,True
TXN106069,5373.48,insufficient_funds,insufficient_funds,retry_72h,False,retry_24h,False
TXN106070,3290.66,network_error,network_error,retry_immediate,True,retry_24h,False
TXN106071,1554.91,bank_timeout,bank_timeout,retry_2h,True,retry_24h,False
TXN106072,200.92,bank_timeout,bank_timeout,retry_2h,True,retry_24h,False
TXN106073,1660.08,fraud_false_positive,fraud_false_positive,suggest_alt_payment_method,False,retry_24h,False
TXN106074,801.26,insufficient_funds,insufficient_funds,retry_72h,True,retry_24h,False
TXN106075,1141.92,network_error,network_error,retry_immediate,True,retry_24h,False
TXN106076,216.1,insufficient_funds,insufficient_funds,retry_72h,False,retry_24h,False
TXN106077,10424.08,fraud_false_positive,fraud_false_positive,suggest_alt_payment_method,True,retry_24h,True
TXN106078,5880.85,fraud_false_positive,fraud_false_positive,suggest_alt_payment_method,True,retry_24h,True
TXN106079,161.13,network_error,network_error,retry_immediate,True,retry_24h,False
TXN106080,3853.65,insufficient_funds,insufficient_funds,retry_72h,True,retry_24h,True
TXN106081,4178.99,insufficient_funds,insufficient_funds,retry_72h,False,retry_24h,False
TXN106082,778.43,bank_timeout,bank_timeout,retry_2h,True,retry_24h,False
TXN106083,3085.74,bank_timeout,network_error,retry_immediate,True,retry_24h,False
TXN106084,10012.3,insufficient_funds,insufficient_funds,retry_72h,True,retry_24h,False
TXN106085,3041.36,network_error,network_error,retry_immediate,False,retry_24h,False
TXN106086,4173.47,network_error,network_error,retry_immediate,True,retry_24h,False
TXN106087,421.74,insufficient_funds,insufficient_funds,retry_72h,False,retry_24h,False
TXN106088,402.51,insufficient_funds,insufficient_funds,retry_72h,False,retry_24h,False
TXN106089,420.06,insufficient_funds,insufficient_funds,retry_72h,False,retry_24h,False
TXN106090,1520.85,network_error,network_error,retry_immediate,False,retry_24h,True
TXN106091,1206.39,bank_timeout,bank_timeout,retry_2h,False,retry_24h,False
TXN106092,4738.96,insufficient_funds,insufficient_funds,retry_72h,False,retry_24h,False
TXN106093,932.52,network_error,network_error,retry_immediate,True,retry_24h,False
TXN106094,1608.16,insufficient_funds,insufficient_funds,retry_72h,False,retry_24h,True
TXN106095,1894.62,insufficient_funds,insufficient_funds,suggest_alt_payment_method,False,retry_24h,False
TXN106096,2015.3,insufficient_funds,insufficient_funds,retry_72h,False,retry_24h,False
TXN106097,1424.08,network_error,bank_timeout,retry_2h,False,retry_24h,False
TXN106098,338.21,insufficient_funds,insufficient_funds,retry_72h,True,retry_24h,False
TXN106099,4316.54,insufficient_funds,insufficient_funds,retry_72h,False,retry_24h,False
TXN106100,5775.13,insufficient_funds,insufficient_funds,retry_72h,False,retry_24h,False
TXN106101,5395.89,bank_timeout,bank_timeout,retry_2h,False,retry_24h,False
TXN106102,250.81,network_error,network_error,retry_immediate,True,retry_24h,True
TXN106103,3402.25,network_error,network_error,retry_immediate,True,retry_24h,True
TXN106104,1794.79,insufficient_funds,insufficient_funds,retry_72h,False,retry_24h,False
TXN106105,3369.89,fraud_false_positive,fraud_false_positive,suggest_alt_payment_method,True,retry_24h,True
TXN106106,600.67,bank_timeout,bank_timeout,retry_24h,False,retry_24h,False
TXN106107,1727.86,bank_timeout,bank_timeout,retry_2h,True,retry_24h,True
TXN106108,2424.33,insufficient_funds,insufficient_funds,suggest_alt_payment_method,False,retry_24h,False
TXN106109,2164.02,bank_timeout,bank_timeout,retry_2h,True,retry_24h,True
TXN106110,1676.34,bank_timeout,bank_timeout,retry_2h,True,retry_24h,False
TXN106111,1109.99,bank_timeout,bank_timeout,retry_2h,True,retry_24h,False
TXN106112,792.55,bank_timeout,bank_timeout,retry_2h,True,retry_24h,False
TXN106113,2147.87,insufficient_funds,insufficient_funds,suggest_alt_payment_method,False,retry_24h,False
TXN106114,3144.09,bank_timeout,bank_timeout,retry_24h,True,retry_24h,False
TXN106115,2833.95,fraud_false_positive,fraud_false_positive,suggest_alt_payment_method,True,retry_24h,False
TXN106116,5190.21,fraud_false_positive,fraud_false_positive,suggest_alt_payment_method,True,retry_24h,False
TXN106117,1960.07,network_error,network_error,retry_immediate,True,retry_24h,False
TXN106118,1343.31,network_error,network_error,retry_immediate,True,retry_24h,False
TXN106119,3736.29,fraud_false_positive,fraud_false_positive,suggest_alt_payment_method,True,retry_24h,False
TXN106120,332.24,bank_timeout,bank_timeout,retry_2h,True,retry_24h,True
TXN106121,2201.48,insufficient_funds,insufficient_funds,suggest_alt_payment_method,False,retry_24h,True
TXN106122,1350.05,network_error,network_error,retry_immediate,False,retry_24h,True
TXN106123,908.04,fraud_false_positive,fraud_false_positive,suggest_alt_payment_method,True,retry_24h,False
TXN106124,639.32,network_error,network_error,retry_immediate,True,retry_24h,False
TXN106125,3970.07,insufficient_funds,insufficient_funds,retry_72h,True,retry_24h,True
TXN106126,813.28,insufficient_funds,insufficient_funds,suggest_alt_payment_method,True,retry_24h,False
TXN106127,1550.58,insufficient_funds,insufficient_funds,retry_72h,False,retry_24h,False
TXN106128,713.89,insufficient_funds,insufficient_funds,retry_72h,False,retry_24h,True
TXN106129,3875.87,bank_timeout,bank_timeout,retry_24h,True,retry_24h,False
TXN106130,1767.45,insufficient_funds,insufficient_funds,retry_72h,False,retry_24h,False
TXN106131,1164.81,network_error,network_error,retry_immediate,False,retry_24h,False
TXN106132,2971.1,insufficient_funds,insufficient_funds,retry_72h,True,retry_24h,True
TXN106133,1248.12,bank_timeout,bank_timeout,retry_2h,False,retry_24h,True
TXN106134,3776.44,insufficient_funds,insufficient_funds,retry_72h,True,retry_24h,False
TXN106135,2332.21,bank_timeout,bank_timeout,retry_2h,True,retry_24h,True
TXN106136,2868.12,network_error,network_error,retry_immediate,False,retry_24h,False
TXN106137,9977.12,fraud_false_positive,fraud_false_positive,suggest_alt_payment_method,True,retry_24h,True
TXN106138,1493.12,insufficient_funds,insufficient_funds,retry_72h,False,retry_24h,False
TXN106139,2834.16,fraud_false_positive,fraud_false_positive,suggest_alt_payment_method,True,retry_24h,False
TXN106140,5813.67,bank_timeout,bank_timeout,retry_2h,True,retry_24h,True
TXN106141,8512.99,fraud_false_positive,fraud_false_positive,suggest_alt_payment_method,True,retry_24h,False
TXN106142,1581.24,insufficient_funds,insufficient_funds,suggest_alt_payment_method,False,retry_24h,False
TXN106143,8893.79,insufficient_funds,insufficient_funds,retry_72h,False,retry_24h,False
TXN106144,913.57,bank_timeout,bank_timeout,retry_2h,False,retry_24h,True
TXN106145,1758.74,insufficient_funds,insufficient_funds,retry_72h,False,retry_24h,True
TXN106146,9318.21,insufficient_funds,insufficient_funds,retry_72h,True,retry_24h,True
TXN106147,1419.24,network_error,network_error,retry_immediate,False,retry_24h,True
TXN106148,3144.08,insufficient_funds,insufficient_funds,retry_72h,False,retry_24h,False
TXN106149,2660.54,network_error,network_error,retry_immediate,False,retry_24h,False
TXN106150,1306.57,insufficient_funds,insufficient_funds,retry_72h,True,retry_24h,True
TXN106151,4490.8,insufficient_funds,insufficient_funds,suggest_alt_payment_method,False,retry_24h,False
TXN106152,2230.52,bank_timeout,bank_timeout,retry_2h,False,retry_24h,True
TXN106153,861.45,network_error,network_error,retry_immediate,True,retry_24h,False
TXN106154,534.81,insufficient_funds,insufficient_funds,retry_72h,True,retry_24h,False
TXN106155,718.44,insufficient_funds,insufficient_funds,retry_72h,False,retry_24h,False
TXN106156,3388.63,fraud_false_positive,fraud_false_positive,suggest_alt_payment_method,True,retry_24h,False
TXN106157,10323.05,fraud_false_positive,fraud_false_positive,suggest_alt_payment_method,True,retry_24h,False
TXN106158,1152.32,bank_timeout,bank_timeout,retry_2h,True,retry_24h,False
TXN106159,9732.26,insufficient_funds,insufficient_funds,retry_72h,False,retry_24h,False
TXN106160,1773.18,network_error,network_error,retry_immediate,False,retry_24h,False
TXN106161,2818.84,insufficient_funds,insufficient_funds,retry_72h,False,retry_24h,False
TXN106162,5957.03,insufficient_funds,insufficient_funds,retry_72h,True,retry_24h,False
TXN106163,3536.11,network_error,network_error,retry_immediate,True,retry_24h,False
TXN106164,2113.68,bank_timeout,bank_timeout,retry_2h,True,retry_24h,True
TXN106165,6136.99,fraud_false_positive,fraud_false_positive,suggest_alt_payment_method,True,retry_24h,False
TXN106166,1246.3,insufficient_funds,insufficient_funds,retry_72h,False,retry_24h,False
TXN106167,443.11,network_error,network_error,retry_immediate,True,retry_24h,False
TXN106168,973.67,network_error,network_error,retry_immediate,False,retry_24h,True
TXN106169,255.23,bank_timeout,bank_timeout,retry_2h,True,retry_24h,False
TXN106170,1872.55,insufficient_funds,insufficient_funds,retry_72h,True,retry_24h,False
TXN106171,1763.54,insufficient_funds,insufficient_funds,retry_72h,False,retry_24h,False
TXN106172,2500.35,bank_timeout,bank_timeout,retry_2h,True,retry_24h,True
TXN106173,2154.32,bank_timeout,bank_timeout,retry_2h,False,retry_24h,False
TXN106174,1284.57,network_error,network_error,retry_immediate,True,retry_24h,True
TXN106175,1202.16,fraud_false_positive,fraud_false_positive,suggest_alt_payment_method,True,retry_24h,True
TXN106176,876.38,network_error,network_error,retry_immediate,True,retry_24h,True
TXN106177,1694.78,network_error,network_error,retry_immediate,True,retry_24h,False
TXN106178,9256.26,fraud_false_positive,fraud_false_positive,suggest_alt_payment_method,False,retry_24h,False
TXN106179,634.15,bank_timeout,bank_timeout,retry_2h,True,retry_24h,False
TXN106180,2815.6,insufficient_funds,insufficient_funds,retry_72h,False,retry_24h,False
TXN106181,6289.3,insufficient_funds,insufficient_funds,retry_72h,True,retry_24h,True
TXN106182,20512.32,fraud_false_positive,fraud_false_positive,suggest_alt_payment_method,False,retry_24h,True
TXN106183,1385.23,bank_timeout,bank_timeout,retry_2h,True,retry_24h,True
TXN106184,362.46,insufficient_funds,insufficient_funds,retry_72h,False,retry_24h,False
TXN106185,4479.73,insufficient_funds,insufficient_funds,retry_72h,True,retry_24h,False
TXN106186,1075.02,insufficient_funds,insufficient_funds,retry_72h,False,retry_24h,False
TXN106187,767.03,bank_timeout,bank_timeout,retry_2h,True,retry_24h,False
TXN106188,9505.62,insufficient_funds,insufficient_funds,retry_72h,False,retry_24h,False
TXN106189,1013.03,fraud_false_positive,fraud_false_positive,suggest_alt_payment_method,True,retry_24h,False
TXN106190,2781.59,insufficient_funds,insufficient_funds,retry_72h,True,retry_24h,False
TXN106191,892.33,insufficient_funds,insufficient_funds,retry_72h,False,retry_24h,False
TXN106192,2054.72,insufficient_funds,insufficient_funds,retry_72h,True,retry_24h,False
TXN106193,4609.71,network_error,network_error,retry_immediate,False,retry_24h,False
TXN106194,4894.9,bank_timeout,bank_timeout,retry_24h,True,retry_24h,True
TXN106195,1259.06,bank_timeout,bank_timeout,retry_2h,False,retry_24h,False
TXN106196,1167.37,bank_timeout,bank_timeout,retry_2h,True,retry_24h,True
TXN106197,5215.39,bank_timeout,bank_timeout,retry_2h,False,retry_24h,False
TXN106198,4026.25,bank_timeout,bank_timeout,retry_2h,True,retry_24h,False
TXN106199,478.9,network_error,network_error,retry_immediate,True,retry_24h,False
TXN106200,4788.71,network_error,network_error,retry_immediate,False,retry_24h,False
TXN106201,1569.85,network_error,network_error,suggest_alt_payment_method,False,retry_24h,True
TXN106202,3494.55,insufficient_funds,insufficient_funds,retry_72h,True,retry_24h,False
TXN106203,3317.16,network_error,network_error,retry_immediate,True,retry_24h,False
TXN106204,1138.22,insufficient_funds,insufficient_funds,retry_72h,False,retry_24h,False
TXN106205,896.95,bank_timeout,bank_timeout,retry_2h,True,retry_24h,True
TXN106206,3945.87,insufficient_funds,insufficient_funds,retry_72h,True,retry_24h,False
TXN106207,350.13,bank_timeout,bank_timeout,retry_2h,False,retry_24h,True
TXN106208,704.6,bank_timeout,bank_timeout,retry_2h,True,retry_24h,False
TXN106209,2858.7,network_error,network_error,retry_immediate,False,retry_24h,True
TXN106210,650.58,bank_timeout,bank_timeout,suggest_alt_payment_method,False,retry_24h,True
TXN106211,1072.6,network_error,network_error,retry_immediate,False,retry_24h,False
TXN106212,1023.29,insufficient_funds,insufficient_funds,retry_72h,True,retry_24h,True
TXN106213,2657.52,insufficient_funds,insufficient_funds,suggest_alt_payment_method,True,retry_24h,True
TXN106214,3223.68,bank_timeout,bank_timeout,retry_24h,False,retry_24h,True
TXN106215,3994.54,fraud_false_positive,fraud_false_positive,suggest_alt_payment_method,True,retry_24h,False
TXN106216,2373.95,bank_timeout,bank_timeout,retry_2h,True,retry_24h,True
TXN106217,2238.89,bank_timeout,bank_timeout,retry_24h,False,retry_24h,False
TXN106218,1410.25,network_error,network_error,retry_immediate,True,retry_24h,False
TXN106219,2351.64,insufficient_funds,insufficient_funds,retry_72h,False,retry_24h,False
TXN106220,2140.66,bank_timeout,bank_timeout,retry_2h,True,retry_24h,False
TXN106221,295.85,insufficient_funds,insufficient_funds,retry_72h,False,retry_24h,False
TXN106222,801.43,insufficient_funds,insufficient_funds,suggest_alt_payment_method,True,retry_24h,False
TXN106223,285.89,network_error,network_error,retry_immediate,False,retry_24h,True
TXN106224,6724.95,fraud_false_positive,fraud_false_positive,suggest_alt_payment_method,False,retry_24h,False
TXN106225,781.06,insufficient_funds,insufficient_funds,retry_72h,False,retry_24h,False
TXN106226,1885.12,insufficient_funds,insufficient_funds,retry_72h,True,retry_24h,False
TXN106227,523.68,network_error,network_error,retry_immediate,True,retry_24h,False
TXN106228,2730.33,insufficient_funds,insufficient_funds,retry_72h,True,retry_24h,True
TXN106229,1005.35,insufficient_funds,insufficient_funds,retry_72h,False,retry_24h,False
TXN106230,640.41,bank_timeout,bank_timeout,retry_2h,True,retry_24h,True
TXN106231,4219.57,fraud_false_positive,fraud_false_positive,suggest_alt_payment_method,False,retry_24h,False
TXN106232,2327.13,bank_timeout,bank_timeout,retry_2h,False,retry_24h,False
TXN106233,734.42,bank_timeout,bank_timeout,retry_2h,True,retry_24h,False
TXN106234,1936.73,bank_timeout,bank_timeout,retry_2h,True,retry_24h,False
TXN106235,4151.82,insufficient_funds,insufficient_funds,retry_72h,False,retry_24h,False
TXN106236,11872.15,fraud_false_positive,fraud_false_positive,suggest_alt_payment_method,False,retry_24h,False
TXN106237,12300.78,insufficient_funds,insufficient_funds,retry_72h,True,retry_24h,True
TXN106238,1423.07,bank_timeout,network_error,retry_immediate,False,retry_24h,True
TXN106239,2844.07,insufficient_funds,insufficient_funds,suggest_alt_payment_method,False,retry_24h,False
TXN106240,901.79,network_error,network_error,retry_immediate,True,retry_24h,True
TXN106241,1443.67,network_error,network_error,retry_immediate,False,retry_24h,True
TXN106242,4976.47,fraud_false_positive,fraud_false_positive,suggest_alt_payment_method,True,retry_24h,False
TXN106243,4343.81,fraud_false_positive,fraud_false_positive,suggest_alt_payment_method,False,retry_24h,False
TXN106244,2621.83,insufficient_funds,insufficient_funds,retry_72h,True,retry_24h,True
TXN106245,1739.65,network_error,network_error,retry_immediate,True,retry_24h,False
TXN106246,1123.23,network_error,network_error,retry_immediate,True,retry_24h,False
TXN106247,1024.87,network_error,network_error,retry_immediate,True,retry_24h,False
TXN106248,6389.78,insufficient_funds,insufficient_funds,retry_72h,False,retry_24h,False
TXN106249,735.74,bank_timeout,bank_timeout,retry_2h,True,retry_24h,True
TXN106250,3483.63,insufficient_funds,insufficient_funds,suggest_alt_payment_method,False,retry_24h,True
TXN106251,1416.53,network_error,network_error,retry_immediate,True,retry_24h,False
TXN106252,1950.52,insufficient_funds,insufficient_funds,retry_72h,False,retry_24h,True
TXN106253,2604.6,insufficient_funds,insufficient_funds,retry_72h,False,retry_24h,False
TXN106254,2690.74,insufficient_funds,insufficient_funds,retry_72h,False,retry_24h,False
TXN106255,5499.99,insufficient_funds,insufficient_funds,retry_72h,False,retry_24h,True
TXN106256,7578.19,fraud_false_positive,fraud_false_positive,suggest_alt_payment_method,False,retry_24h,True
TXN106257,3139.83,fraud_false_positive,fraud_false_positive,suggest_alt_payment_method,False,retry_24h,False
TXN106258,3164.31,network_error,bank_timeout,suggest_alt_payment_method,True,retry_24h,False
TXN106259,1445.67,bank_timeout,bank_timeout,retry_2h,False,retry_24h,False
TXN106260,6165.7,fraud_false_positive,fraud_false_positive,suggest_alt_payment_method,True,retry_24h,False
TXN106261,691.94,insufficient_funds,insufficient_funds,suggest_alt_payment_method,True,retry_24h,False
TXN106262,2466.18,insufficient_funds,insufficient_funds,retry_72h,True,retry_24h,False
TXN106263,699.81,insufficient_funds,insufficient_funds,retry_72h,True,retry_24h,True
TXN106264,1116.25,network_error,network_error,retry_immediate,True,retry_24h,False
TXN106265,10617.18,fraud_false_positive,fraud_false_positive,suggest_alt_payment_method,False,retry_24h,False
TXN106266,379.68,network_error,network_error,retry_immediate,True,retry_24h,False
TXN106267,3026.38,insufficient_funds,insufficient_funds,retry_72h,False,retry_24h,False
TXN106268,5924.69,insufficient_funds,insufficient_funds,retry_72h,False,retry_24h,False
TXN106269,2615.73,insufficient_funds,insufficient_funds,retry_72h,False,retry_24h,False
TXN106270,809.7,insufficient_funds,insufficient_funds,suggest_alt_payment_method,False,retry_24h,True
TXN106271,3708.32,insufficient_funds,insufficient_funds,retry_72h,False,retry_24h,False
TXN106272,3015.56,bank_timeout,bank_timeout,retry_2h,True,retry_24h,False
TXN106273,4442.37,insufficient_funds,insufficient_funds,retry_72h,False,retry_24h,True
TXN106274,1496.48,network_error,network_error,retry_immediate,True,retry_24h,True
TXN106275,4034.53,fraud_false_positive,fraud_false_positive,suggest_alt_payment_method,False,retry_24h,True
TXN106276,3425.04,insufficient_funds,insufficient_funds,retry_72h,False,retry_24h,False
TXN106277,1839.77,network_error,network_error,retry_immediate,True,retry_24h,False
TXN106278,1953.56,insufficient_funds,insufficient_funds,retry_72h,False,retry_24h,False
TXN106279,3452.24,fraud_false_positive,fraud_false_positive,suggest_alt_payment_method,False,retry_24h,False
TXN106280,2138.46,bank_timeout,bank_timeout,retry_2h,True,retry_24h,False
TXN106281,12180.14,fraud_false_positive,fraud_false_positive,suggest_alt_payment_method,True,retry_24h,False
TXN106282,2905.08,insufficient_funds,insufficient_funds,retry_72h,False,retry_24h,True
TXN106283,1494.75,bank_timeout,network_error,retry_immediate,False,retry_24h,True
TXN106284,3746.67,insufficient_funds,insufficient_funds,retry_72h,False,retry_24h,True
TXN106285,2441.71,bank_timeout,bank_timeout,retry_2h,True,retry_24h,True
TXN106286,5118.31,fraud_false_positive,fraud_false_positive,suggest_alt_payment_method,True,retry_24h,False
TXN106287,2472.98,insufficient_funds,insufficient_funds,retry_72h,True,retry_24h,False
TXN106288,2495.87,insufficient_funds,insufficient_funds,retry_72h,False,retry_24h,False
TXN106289,977.42,network_error,network_error,retry_immediate,True,retry_24h,False
TXN106290,906.06,insufficient_funds,insufficient_funds,retry_72h,False,retry_24h,False
TXN106291,8178.12,fraud_false_positive,fraud_false_positive,suggest_alt_payment_method,True,retry_24h,False
TXN106292,1437.93,fraud_false_positive,fraud_false_positive,suggest_alt_payment_method,False,retry_24h,False
TXN106293,1044.24,fraud_false_positive,fraud_false_positive,suggest_alt_payment_method,True,retry_24h,False
TXN106294,1179.0,network_error,network_error,retry_immediate,False,retry_24h,True
TXN106295,5615.7,insufficient_funds,insufficient_funds,retry_72h,False,retry_24h,False
TXN106296,1239.05,bank_timeout,bank_timeout,retry_2h,True,retry_24h,False
TXN106297,2552.56,network_error,network_error,retry_immediate,False,retry_24h,False
TXN106298,7527.43,insufficient_funds,insufficient_funds,retry_72h,True,retry_24h,False
TXN106299,972.86,insufficient_funds,insufficient_funds,retry_72h,False,retry_24h,False
TXN106300,2001.47,insufficient_funds,insufficient_funds,retry_72h,False,retry_24h,False
TXN106301,11993.86,insufficient_funds,insufficient_funds,retry_72h,False,retry_24h,False
TXN106302,2195.63,bank_timeout,bank_timeout,retry_2h,False,retry_24h,False
TXN106303,4609.01,insufficient_funds,insufficient_funds,retry_72h,False,retry_24h,True
TXN106304,3229.85,fraud_false_positive,fraud_false_positive,suggest_alt_payment_method,True,retry_24h,False
TXN106305,3287.15,insufficient_funds,insufficient_funds,retry_72h,False,retry_24h,False
TXN106306,309.45,network_error,network_error,retry_immediate,True,retry_24h,True
TXN106307,260.48,bank_timeout,bank_timeout,retry_24h,False,retry_24h,False
TXN106308,4828.66,insufficient_funds,insufficient_funds,retry_72h,False,retry_24h,False
TXN106309,4313.77,network_error,network_error,retry_immediate,False,retry_24h,True
TXN106310,1029.57,insufficient_funds,insufficient_funds,retry_72h,True,retry_24h,False
TXN106311,962.36,network_error,network_error,retry_immediate,False,retry_24h,False
TXN106312,2766.38,network_error,network_error,retry_immediate,True,retry_24h,False
TXN106313,3089.17,insufficient_funds,insufficient_funds,retry_72h,True,retry_24h,False
TXN106314,3822.7,insufficient_funds,insufficient_funds,retry_72h,False,retry_24h,False
TXN106315,6669.16,fraud_false_positive,fraud_false_positive,suggest_alt_payment_method,False,retry_24h,False
TXN106316,11503.97,insufficient_funds,insufficient_funds,retry_72h,True,retry_24h,True
TXN106317,658.07,network_error,network_error,retry_immediate,True,retry_24h,True
TXN106318,2589.69,fraud_false_positive,fraud_false_positive,suggest_alt_payment_method,True,retry_24h,True
TXN106319,2352.01,insufficient_funds,insufficient_funds,suggest_alt_payment_method,False,retry_24h,False
TXN106320,965.69,network_error,network_error,retry_immediate,True,retry_24h,False
TXN106321,2648.52,bank_timeout,bank_timeout,retry_2h,False,retry_24h,True
TXN106322,1224.53,fraud_false_positive,fraud_false_positive,suggest_alt_payment_method,True,retry_24h,False
TXN106323,3624.12,bank_timeout,bank_timeout,retry_24h,True,retry_24h,False
TXN106324,1188.48,insufficient_funds,insufficient_funds,retry_72h,True,retry_24h,False
TXN106325,2872.0,bank_timeout,network_error,retry_immediate,True,retry_24h,False
TXN106326,5076.02,bank_timeout,bank_timeout,retry_2h,True,retry_24h,False
TXN106327,3794.92,insufficient_funds,insufficient_funds,retry_72h,False,retry_24h,False
TXN106328,1872.29,network_error,network_error,retry_immediate,False,retry_24h,False
TXN106329,2388.01,fraud_false_positive,fraud_false_positive,suggest_alt_payment_method,True,retry_24h,True
TXN106330,3146.05,insufficient_funds,insufficient_funds,retry_72h,False,retry_24h,False
TXN106331,691.57,network_error,network_error,retry_immediate,True,retry_24h,True
TXN106332,4716.5,insufficient_funds,insufficient_funds,retry_72h,True,retry_24h,False
TXN106333,4223.96,insufficient_funds,insufficient_funds,retry_72h,True,retry_24h,False
TXN106334,854.72,insufficient_funds,insufficient_funds,retry_72h,True,retry_24h,False
TXN106335,714.98,bank_timeout,bank_timeout,retry_2h,False,retry_24h,False
TXN106336,1883.0,network_error,network_error,retry_immediate,True,retry_24h,False
TXN106337,2255.8,insufficient_funds,insufficient_funds,retry_72h,True,retry_24h,False
TXN106338,13197.1,insufficient_funds,insufficient_funds,retry_72h,False,retry_24h,False
TXN106339,8914.67,fraud_false_positive,fraud_false_positive,suggest_alt_payment_method,False,retry_24h,False
TXN106340,650.69,bank_timeout,bank_timeout,retry_2h,False,retry_24h,False
TXN106341,4917.78,insufficient_funds,insufficient_funds,retry_72h,True,retry_24h,False
TXN106342,1217.8,network_error,network_error,retry_immediate,True,retry_24h,True
TXN106343,3737.75,insufficient_funds,insufficient_funds,retry_72h,True,retry_24h,False
TXN106344,2249.32,network_error,network_error,retry_immediate,False,retry_24h,True
TXN106345,2199.82,fraud_false_positive,fraud_false_positive,suggest_alt_payment_method,True,retry_24h,False
TXN106346,5930.05,bank_timeout,bank_timeout,retry_2h,True,retry_24h,True
TXN106347,2198.3,bank_timeout,network_error,retry_immediate,True,retry_24h,True
TXN106348,4143.69,insufficient_funds,insufficient_funds,suggest_alt_payment_method,False,retry_24h,False
TXN106349,3549.1,network_error,network_error,retry_immediate,False,retry_24h,True
TXN106350,1019.63,bank_timeout,bank_timeout,retry_2h,True,retry_24h,False
TXN106351,804.09,insufficient_funds,insufficient_funds,retry_72h,False,retry_24h,False
TXN106352,6196.26,insufficient_funds,insufficient_funds,suggest_alt_payment_method,False,retry_24h,True
TXN106353,5344.53,insufficient_funds,insufficient_funds,retry_72h,False,retry_24h,True
TXN106354,654.98,insufficient_funds,insufficient_funds,retry_72h,False,retry_24h,False
TXN106355,923.47,bank_timeout,bank_timeout,retry_2h,True,retry_24h,True
TXN106356,3051.07,network_error,network_error,retry_immediate,True,retry_24h,False
TXN106357,2221.66,bank_timeout,bank_timeout,retry_2h,True,retry_24h,False
TXN106358,244.78,bank_timeout,bank_timeout,retry_2h,True,retry_24h,False
TXN106359,3546.98,insufficient_funds,insufficient_funds,retry_72h,False,retry_24h,False
TXN106360,2521.77,insufficient_funds,insufficient_funds,retry_72h,False,retry_24h,False
TXN106361,1417.92,bank_timeout,bank_timeout,retry_2h,True,retry_24h,True
TXN106362,2239.9,insufficient_funds,insufficient_funds,retry_72h,False,retry_24h,True
TXN106363,8874.38,fraud_false_positive,fraud_false_positive,suggest_alt_payment_method,False,retry_24h,True
TXN106364,3328.78,fraud_false_positive,fraud_false_positive,suggest_alt_payment_method,True,retry_24h,False
TXN106365,1875.73,network_error,network_error,retry_immediate,False,retry_24h,False
TXN106366,5486.68,insufficient_funds,insufficient_funds,retry_72h,False,retry_24h,False
TXN106367,586.53,insufficient_funds,insufficient_funds,retry_72h,True,retry_24h,False
TXN106368,1042.57,bank_timeout,bank_timeout,retry_2h,False,retry_24h,True
TXN106369,3045.01,bank_timeout,bank_timeout,retry_24h,False,retry_24h,True
TXN106370,4242.06,fraud_false_positive,fraud_false_positive,suggest_alt_payment_method,True,retry_24h,False
TXN106371,1926.58,network_error,network_error,retry_immediate,False,retry_24h,True
TXN106372,7373.42,insufficient_funds,insufficient_funds,suggest_alt_payment_method,True,retry_24h,False
TXN106373,12762.87,insufficient_funds,insufficient_funds,retry_72h,False,retry_24h,True
TXN106374,1537.81,insufficient_funds,insufficient_funds,retry_72h,False,retry_24h,False
TXN106375,769.24,bank_timeout,bank_timeout,retry_24h,False,retry_24h,True
TXN106376,1035.9,bank_timeout,bank_timeout,suggest_alt_payment_method,False,retry_24h,True
TXN106377,1986.19,insufficient_funds,insufficient_funds,retry_72h,True,retry_24h,False
TXN106378,15678.69,fraud_false_positive,fraud_false_positive,suggest_alt_payment_method,False,retry_24h,False
TXN106379,3369.11,insufficient_funds,insufficient_funds,retry_72h,False,retry_24h,False
TXN106380,5369.3,insufficient_funds,insufficient_funds,retry_72h,True,retry_24h,False
TXN106381,1132.23,network_error,bank_timeout,retry_2h,False,retry_24h,False
TXN106382,518.79,network_error,network_error,retry_immediate,True,retry_24h,True
TXN106383,7662.63,fraud_false_positive,fraud_false_positive,suggest_alt_payment_method,True,retry_24h,True
TXN106384,4286.18,insufficient_funds,insufficient_funds,retry_72h,True,retry_24h,False
TXN106385,8133.02,fraud_false_positive,fraud_false_positive,suggest_alt_payment_method,True,retry_24h,False
TXN106386,2057.18,bank_timeout,bank_timeout,retry_2h,False,retry_24h,True
TXN106387,2169.22,bank_timeout,bank_timeout,retry_2h,True,retry_24h,False
TXN106388,4603.2,fraud_false_positive,fraud_false_positive,suggest_alt_payment_method,True,retry_24h,False
TXN106389,11684.26,insufficient_funds,insufficient_funds,retry_72h,False,retry_24h,False
TXN106390,1863.37,bank_timeout,bank_timeout,retry_2h,False,retry_24h,False
TXN106391,876.11,network_error,network_error,retry_immediate,False,retry_24h,False
TXN106392,1086.81,network_error,network_error,retry_immediate,False,retry_24h,True
TXN106393,1586.68,insufficient_funds,insufficient_funds,retry_72h,False,retry_24h,False
TXN106394,4455.14,network_error,network_error,retry_immediate,True,retry_24h,True
TXN106395,1112.69,fraud_false_positive,fraud_false_positive,suggest_alt_payment_method,False,retry_24h,False
TXN106396,14341.4,insufficient_funds,insufficient_funds,retry_72h,False,retry_24h,False
TXN106397,1340.75,network_error,network_error,retry_immediate,False,retry_24h,True
TXN106398,3703.46,fraud_false_positive,fraud_false_positive,suggest_alt_payment_method,False,retry_24h,False
TXN106399,1655.43,network_error,network_error,retry_immediate,True,retry_24h,False
TXN106400,1304.74,bank_timeout,bank_timeout,retry_24h,False,retry_24h,False
TXN106401,11031.61,fraud_false_positive,fraud_false_positive,suggest_alt_payment_method,True,retry_24h,False
TXN106402,1850.24,insufficient_funds,insufficient_funds,retry_72h,False,retry_24h,False
TXN106403,2775.0,bank_timeout,bank_timeout,retry_2h,False,retry_24h,True
TXN106404,4650.89,network_error,network_error,retry_immediate,True,retry_24h,False
TXN106405,1929.1,bank_timeout,bank_timeout,retry_2h,True,retry_24h,True
TXN106406,4269.22,network_error,network_error,retry_immediate,True,retry_24h,True
TXN106407,973.92,network_error,network_error,suggest_alt_payment_method,False,retry_24h,False
TXN106408,707.61,insufficient_funds,insufficient_funds,retry_72h,False,retry_24h,False
TXN106409,5875.75,insufficient_funds,insufficient_funds,retry_72h,False,retry_24h,False
TXN106410,2050.78,network_error,network_error,retry_immediate,True,retry_24h,False
TXN106411,1033.08,bank_timeout,bank_timeout,retry_24h,False,retry_24h,False
TXN106412,904.36,bank_timeout,bank_timeout,retry_24h,True,retry_24h,False
TXN106413,2450.44,insufficient_funds,insufficient_funds,retry_72h,True,retry_24h,False
TXN106414,6502.3,insufficient_funds,insufficient_funds,retry_72h,False,retry_24h,True
TXN106415,1055.21,insufficient_funds,insufficient_funds,retry_72h,False,retry_24h,True
TXN106416,5794.54,network_error,network_error,retry_immediate,True,retry_24h,True
TXN106417,175.76,bank_timeout,bank_timeout,retry_2h,False,retry_24h,True
TXN106418,5346.1,bank_timeout,bank_timeout,retry_2h,True,retry_24h,True
TXN106419,5855.67,bank_timeout,bank_timeout,retry_2h,True,retry_24h,True
TXN106420,926.94,bank_timeout,bank_timeout,retry_2h,False,retry_24h,True
TXN106421,803.6,fraud_false_positive,fraud_false_positive,suggest_alt_payment_method,False,retry_24h,False
TXN106422,3977.27,insufficient_funds,insufficient_funds,retry_72h,False,retry_24h,True
TXN106423,6279.35,insufficient_funds,insufficient_funds,retry_72h,False,retry_24h,False
TXN106424,3865.12,insufficient_funds,insufficient_funds,retry_72h,False,retry_24h,False
TXN106425,59.3,network_error,network_error,retry_immediate,True,retry_24h,False
TXN106426,1704.35,bank_timeout,bank_timeout,retry_2h,True,retry_24h,False
TXN106427,3010.41,insufficient_funds,insufficient_funds,retry_72h,True,retry_24h,False
TXN106428,1974.85,insufficient_funds,insufficient_funds,retry_72h,False,retry_24h,False
TXN106429,1663.03,bank_timeout,bank_timeout,retry_2h,True,retry_24h,False
TXN106430,2116.77,insufficient_funds,insufficient_funds,suggest_alt_payment_method,False,retry_24h,True
TXN106431,903.16,network_error,network_error,retry_immediate,True,retry_24h,True
TXN106432,1704.23,fraud_false_positive,fraud_false_positive,suggest_alt_payment_method,True,retry_24h,False
TXN106433,659.44,bank_timeout,bank_timeout,retry_2h,False,retry_24h,True
TXN106434,2256.08,insufficient_funds,insufficient_funds,retry_72h,True,retry_24h,False
TXN106435,642.97,insufficient_funds,insufficient_funds,suggest_alt_payment_method,False,retry_24h,True
TXN106436,1835.18,insufficient_funds,insufficient_funds,retry_72h,False,retry_24h,False
TXN106437,9057.01,fraud_false_positive,fraud_false_positive,suggest_alt_payment_method,False,retry_24h,False
TXN106438,1083.51,bank_timeout,bank_timeout,retry_2h,True,retry_24h,False
TXN106439,1915.76,insufficient_funds,insufficient_funds,retry_72h,True,retry_24h,True
TXN106440,1715.09,insufficient_funds,insufficient_funds,retry_72h,False,retry_24h,True
TXN106441,9100.2,insufficient_funds,insufficient_funds,retry_72h,False,retry_24h,False
TXN106442,2953.93,bank_timeout,bank_timeout,retry_2h,True,retry_24h,True
TXN106443,1674.19,network_error,network_error,retry_immediate,False,retry_24h,True
TXN106444,421.48,bank_timeout,bank_timeout,retry_2h,True,retry_24h,False
TXN106445,1559.13,bank_timeout,bank_timeout,retry_2h,True,retry_24h,False
TXN106446,4431.88,bank_timeout,network_error,retry_immediate,False,retry_24h,True
TXN106447,383.5,network_error,network_error,retry_immediate,True,retry_24h,True
TXN106448,660.11,insufficient_funds,insufficient_funds,suggest_alt_payment_method,True,retry_24h,False
TXN106449,1712.33,insufficient_funds,insufficient_funds,retry_72h,False,retry_24h,False
TXN106450,2186.65,insufficient_funds,insufficient_funds,retry_72h,False,retry_24h,False
TXN106451,1088.78,bank_timeout,bank_timeout,retry_24h,False,retry_24h,True
TXN106452,1648.68,bank_timeout,bank_timeout,retry_2h,True,retry_24h,False
TXN106453,1567.62,network_error,bank_timeout,retry_2h,False,retry_24h,False
TXN106454,7296.66,fraud_false_positive,fraud_false_positive,suggest_alt_payment_method,True,retry_24h,False
TXN106455,1775.23,network_error,network_error,retry_immediate,True,retry_24h,False
TXN106456,5466.66,insufficient_funds,insufficient_funds,retry_72h,False,retry_24h,False
TXN106457,2241.12,fraud_false_positive,fraud_false_positive,suggest_alt_payment_method,False,retry_24h,False
TXN106458,2061.4,network_error,network_error,retry_immediate,True,retry_24h,True
TXN106459,5982.72,insufficient_funds,insufficient_funds,retry_72h,False,retry_24h,False
TXN106460,1497.77,insufficient_funds,insufficient_funds,suggest_alt_payment_method,True,retry_24h,False
TXN106461,990.92,insufficient_funds,insufficient_funds,retry_72h,True,retry_24h,False
TXN106462,887.68,network_error,network_error,retry_immediate,False,retry_24h,False
TXN106463,2826.29,bank_timeout,network_error,retry_immediate,True,retry_24h,False
TXN106464,2772.12,network_error,network_error,retry_24h,False,retry_24h,True
TXN106465,3439.76,insufficient_funds,insufficient_funds,retry_72h,False,retry_24h,True
TXN106466,608.38,network_error,network_error,retry_immediate,False,retry_24h,True
TXN106467,1077.81,network_error,network_error,retry_24h,False,retry_24h,True
TXN106468,539.28,bank_timeout,bank_timeout,retry_2h,False,retry_24h,True
TXN106469,985.04,insufficient_funds,insufficient_funds,retry_72h,False,retry_24h,False
TXN106470,11699.32,insufficient_funds,insufficient_funds,retry_72h,False,retry_24h,False
TXN106471,2026.9,network_error,network_error,retry_immediate,True,retry_24h,False
TXN106472,4742.11,insufficient_funds,insufficient_funds,retry_72h,False,retry_24h,False
TXN106473,4552.3,bank_timeout,bank_timeout,retry_2h,False,retry_24h,True
TXN106474,4862.78,fraud_false_positive,fraud_false_positive,suggest_alt_payment_method,True,retry_24h,True
TXN106475,471.96,insufficient_funds,insufficient_funds,retry_72h,True,retry_24h,True
TXN106476,446.23,bank_timeout,bank_timeout,retry_24h,False,retry_24h,True
TXN106477,538.55,network_error,network_error,retry_immediate,True,retry_24h,False
TXN106478,817.69,bank_timeout,bank_timeout,retry_2h,True,retry_24h,True
TXN106479,1287.81,insufficient_funds,insufficient_funds,retry_72h,True,retry_24h,False
TXN106480,1469.52,network_error,bank_timeout,retry_24h,True,retry_24h,False
TXN106481,2698.29,network_error,network_error,retry_immediate,False,retry_24h,False
TXN106482,2246.54,bank_timeout,bank_timeout,retry_2h,False,retry_24h,False
TXN106483,5038.52,bank_timeout,bank_timeout,retry_2h,True,retry_24h,False
TXN106484,2644.25,insufficient_funds,insufficient_funds,retry_72h,False,retry_24h,False
TXN106485,2334.76,fraud_false_positive,fraud_false_positive,suggest_alt_payment_method,True,retry_24h,True
TXN106486,3406.86,bank_timeout,bank_timeout,retry_2h,False,retry_24h,False
TXN106487,9768.99,fraud_false_positive,fraud_false_positive,suggest_alt_payment_method,False,retry_24h,False
TXN106488,3010.35,insufficient_funds,insufficient_funds,retry_72h,False,retry_24h,True
TXN106489,1912.51,network_error,network_error,retry_immediate,False,retry_24h,False
TXN106490,1833.17,bank_timeout,bank_timeout,retry_24h,True,retry_24h,True
TXN106491,3024.72,network_error,bank_timeout,retry_2h,False,retry_24h,False
TXN106492,4552.52,insufficient_funds,insufficient_funds,retry_72h,False,retry_24h,False
TXN106493,1258.41,network_error,network_error,retry_immediate,False,retry_24h,True
TXN106494,1944.57,network_error,bank_timeout,retry_2h,True,retry_24h,True
TXN106495,710.27,network_error,network_error,retry_immediate,False,retry_24h,True
TXN106496,2050.95,insufficient_funds,insufficient_funds,retry_72h,False,retry_24h,False
TXN106497,2979.74,network_error,network_error,retry_immediate,True,retry_24h,False
TXN106498,7402.13,insufficient_funds,insufficient_funds,retry_72h,False,retry_24h,False
TXN106499,653.73,insufficient_funds,insufficient_funds,retry_72h,True,retry_24h,False
TXN106500,2122.44,fraud_false_positive,fraud_false_positive,suggest_alt_payment_method,False,retry_24h,False
TXN106501,3342.59,fraud_false_positive,fraud_false_positive,suggest_alt_payment_method,True,retry_24h,False
TXN106502,1251.61,insufficient_funds,insufficient_funds,retry_72h,False,retry_24h,False
TXN106503,5863.03,insufficient_funds,insufficient_funds,retry_72h,False,retry_24h,False
TXN106504,7686.37,fraud_false_positive,fraud_false_positive,suggest_alt_payment_method,False,retry_24h,True
TXN106505,1889.22,network_error,network_error,suggest_alt_payment_method,False,retry_24h,False
TXN106506,3149.73,insufficient_funds,insufficient_funds,retry_72h,False,retry_24h,False
TXN106507,1582.44,insufficient_funds,insufficient_funds,retry_72h,True,retry_24h,False
TXN106508,2641.02,fraud_false_positive,fraud_false_positive,suggest_alt_payment_method,False,retry_24h,False
TXN106509,791.62,bank_timeout,bank_timeout,retry_24h,False,retry_24h,False
TXN106510,371.92,insufficient_funds,insufficient_funds,retry_72h,False,retry_24h,False
TXN106511,2159.24,insufficient_funds,insufficient_funds,retry_72h,False,retry_24h,False
TXN106512,3928.76,fraud_false_positive,fraud_false_positive,suggest_alt_payment_method,True,retry_24h,False
TXN106513,745.65,network_error,network_error,retry_immediate,True,retry_24h,True
TXN106514,2322.89,insufficient_funds,insufficient_funds,retry_72h,True,retry_24h,False
TXN106515,1665.96,insufficient_funds,insufficient_funds,suggest_alt_payment_method,False,retry_24h,False
TXN106516,4639.4,insufficient_funds,insufficient_funds,retry_72h,False,retry_24h,False
TXN106517,2118.74,insufficient_funds,insufficient_funds,suggest_alt_payment_method,False,retry_24h,False
TXN106518,3923.48,fraud_false_positive,fraud_false_positive,suggest_alt_payment_method,True,retry_24h,False
TXN106519,2696.34,bank_timeout,bank_timeout,retry_2h,True,retry_24h,False
TXN106520,5535.37,insufficient_funds,insufficient_funds,retry_72h,True,retry_24h,False
TXN106521,349.42,bank_timeout,bank_timeout,retry_2h,True,retry_24h,False
TXN106522,2848.83,bank_timeout,bank_timeout,retry_2h,False,retry_24h,False
TXN106523,1320.42,insufficient_funds,insufficient_funds,retry_72h,False,retry_24h,False
TXN106524,5117.11,insufficient_funds,insufficient_funds,retry_72h,False,retry_24h,True
TXN106525,3965.72,fraud_false_positive,fraud_false_positive,suggest_alt_payment_method,True,retry_24h,False
TXN106526,2958.02,bank_timeout,bank_timeout,retry_2h,True,retry_24h,False
TXN106527,769.09,network_error,network_error,retry_immediate,True,retry_24h,True
TXN106528,4923.27,insufficient_funds,insufficient_funds,retry_72h,True,retry_24h,False
TXN106529,7371.59,insufficient_funds,insufficient_funds,retry_72h,False,retry_24h,False
TXN106530,5755.61,insufficient_funds,insufficient_funds,retry_72h,False,retry_24h,False
TXN106531,944.5,insufficient_funds,insufficient_funds,retry_72h,False,retry_24h,False
TXN106532,3058.02,insufficient_funds,insufficient_funds,retry_72h,False,retry_24h,True
TXN106533,2633.58,fraud_false_positive,fraud_false_positive,suggest_alt_payment_method,True,retry_24h,False
TXN106534,147.2,network_error,bank_timeout,retry_2h,True,retry_24h,True
TXN106535,273.1,bank_timeout,bank_timeout,retry_2h,True,retry_24h,False
TXN106536,5819.26,insufficient_funds,insufficient_funds,retry_72h,False,retry_24h,True
TXN106537,4159.25,insufficient_funds,insufficient_funds,retry_72h,False,retry_24h,True
TXN106538,2364.59,bank_timeout,bank_timeout,retry_2h,True,retry_24h,True
TXN106539,3472.63,network_error,bank_timeout,retry_24h,True,retry_24h,False
TXN106540,7053.75,insufficient_funds,insufficient_funds,retry_72h,True,retry_24h,True
TXN106541,2132.56,bank_timeout,bank_timeout,retry_2h,False,retry_24h,False
TXN106542,8635.85,insufficient_funds,insufficient_funds,retry_72h,True,retry_24h,False
TXN106543,2066.09,insufficient_funds,insufficient_funds,suggest_alt_payment_method,True,retry_24h,False
TXN106544,1138.87,insufficient_funds,insufficient_funds,retry_72h,False,retry_24h,False
TXN106545,969.33,insufficient_funds,insufficient_funds,retry_72h,False,retry_24h,False
TXN106546,5530.6,fraud_false_positive,fraud_false_positive,suggest_alt_payment_method,False,retry_24h,False
TXN106547,4426.96,bank_timeout,bank_timeout,suggest_alt_payment_method,False,retry_24h,False
TXN106548,4058.29,insufficient_funds,insufficient_funds,retry_72h,False,retry_24h,False
TXN106549,1979.67,insufficient_funds,insufficient_funds,retry_72h,False,retry_24h,False
TXN106550,4820.55,fraud_false_positive,fraud_false_positive,suggest_alt_payment_method,True,retry_24h,True
TXN106551,1174.18,fraud_false_positive,fraud_false_positive,suggest_alt_payment_method,True,retry_24h,False
TXN106552,493.06,insufficient_funds,insufficient_funds,retry_72h,True,retry_24h,True
TXN106553,5770.36,fraud_false_positive,fraud_false_positive,suggest_alt_payment_method,False,retry_24h,False
TXN106554,861.12,bank_timeout,bank_timeout,retry_2h,True,retry_24h,False
TXN106555,969.14,insufficient_funds,insufficient_funds,retry_72h,False,retry_24h,False
TXN106556,3500.03,insufficient_funds,insufficient_funds,retry_72h,False,retry_24h,False
TXN106557,2633.98,insufficient_funds,insufficient_funds,retry_72h,True,retry_24h,True
TXN106558,3659.79,insufficient_funds,insufficient_funds,retry_72h,False,retry_24h,True
TXN106559,730.1,fraud_false_positive,fraud_false_positive,suggest_alt_payment_method,True,retry_24h,True
TXN106560,1621.15,insufficient_funds,insufficient_funds,retry_72h,False,retry_24h,False
TXN106561,2088.0,network_error,network_error,retry_immediate,True,retry_24h,False
TXN106562,1495.18,insufficient_funds,insufficient_funds,suggest_alt_payment_method,True,retry_24h,True
TXN106563,3280.64,network_error,network_error,retry_immediate,True,retry_24h,True
TXN106564,158.96,insufficient_funds,insufficient_funds,suggest_alt_payment_method,False,retry_24h,True
TXN106565,4081.78,insufficient_funds,insufficient_funds,retry_72h,True,retry_24h,False
TXN106566,4191.73,fraud_false_positive,fraud_false_positive,suggest_alt_payment_method,True,retry_24h,True
TXN106567,2430.5,network_error,network_error,retry_immediate,True,retry_24h,False
TXN106568,4884.98,insufficient_funds,insufficient_funds,retry_72h,False,retry_24h,False
TXN106569,2057.22,fraud_false_positive,fraud_false_positive,suggest_alt_payment_method,True,retry_24h,False
TXN106570,1187.61,network_error,network_error,retry_immediate,False,retry_24h,False
TXN106571,1462.2,insufficient_funds,insufficient_funds,retry_72h,False,retry_24h,False
TXN106572,2932.28,fraud_false_positive,fraud_false_positive,suggest_alt_payment_method,False,retry_24h,False
TXN106573,3107.8,bank_timeout,bank_timeout,retry_2h,True,retry_24h,True
TXN106574,149.39,network_error,network_error,retry_24h,True,retry_24h,True
TXN106575,748.92,insufficient_funds,insufficient_funds,retry_72h,False,retry_24h,False
TXN106576,2996.73,insufficient_funds,insufficient_funds,retry_72h,True,retry_24h,False
TXN106577,4017.28,insufficient_funds,insufficient_funds,retry_72h,False,retry_24h,False
TXN106578,1722.61,insufficient_funds,insufficient_funds,retry_72h,False,retry_24h,False
TXN106579,1217.38,bank_timeout,bank_timeout,retry_2h,True,retry_24h,True
TXN106580,6864.81,fraud_false_positive,fraud_false_positive,suggest_alt_payment_method,False,retry_24h,True
TXN106581,5146.05,insufficient_funds,insufficient_funds,retry_72h,False,retry_24h,False
TXN106582,1197.78,fraud_false_positive,fraud_false_positive,suggest_alt_payment_method,True,retry_24h,False
TXN106583,948.05,insufficient_funds,insufficient_funds,retry_72h,False,retry_24h,False
TXN106584,2440.56,insufficient_funds,insufficient_funds,retry_72h,True,retry_24h,False
TXN106585,2570.27,insufficient_funds,insufficient_funds,retry_72h,False,retry_24h,False
TXN106586,2671.38,network_error,network_error,retry_immediate,False,retry_24h,True
TXN106587,526.74,network_error,network_error,retry_immediate,False,retry_24h,False
TXN106588,1941.76,network_error,network_error,retry_immediate,True,retry_24h,False
TXN106589,611.35,insufficient_funds,insufficient_funds,retry_72h,True,retry_24h,False
TXN106590,1843.35,bank_timeout,bank_timeout,retry_2h,False,retry_24h,False
TXN106591,964.18,insufficient_funds,insufficient_funds,retry_72h,False,retry_24h,False
TXN106592,1656.01,bank_timeout,bank_timeout,retry_2h,False,retry_24h,False
TXN106593,4528.84,insufficient_funds,insufficient_funds,retry_72h,False,retry_24h,True
TXN106594,4373.19,fraud_false_positive,fraud_false_positive,suggest_alt_payment_method,True,retry_24h,False
TXN106595,1842.15,network_error,bank_timeout,retry_2h,True,retry_24h,True
TXN106596,16330.95,fraud_false_positive,fraud_false_positive,suggest_alt_payment_method,False,retry_24h,False
TXN106597,9266.11,fraud_false_positive,fraud_false_positive,suggest_alt_payment_method,False,retry_24h,False
TXN106598,3520.77,insufficient_funds,insufficient_funds,retry_72h,False,retry_24h,False
TXN106599,3487.01,insufficient_funds,insufficient_funds,retry_72h,False,retry_24h,True
TXN106600,2124.7,network_error,network_error,retry_24h,False,retry_24h,False
TXN106601,913.15,fraud_false_positive,fraud_false_positive,suggest_alt_payment_method,True,retry_24h,False
TXN106602,6189.69,insufficient_funds,insufficient_funds,retry_72h,False,retry_24h,False
TXN106603,2200.23,fraud_false_positive,fraud_false_positive,suggest_alt_payment_method,False,retry_24h,True
TXN106604,6104.51,insufficient_funds,insufficient_funds,retry_72h,False,retry_24h,False
TXN106605,3635.39,bank_timeout,bank_timeout,retry_2h,True,retry_24h,False
TXN106606,1604.75,insufficient_funds,insufficient_funds,retry_72h,True,retry_24h,False
TXN106607,1060.31,network_error,network_error,retry_24h,True,retry_24h,True
TXN106608,273.02,insufficient_funds,insufficient_funds,retry_72h,False,retry_24h,False
TXN106609,4434.74,insufficient_funds,insufficient_funds,retry_72h,True,retry_24h,False
TXN106610,1537.91,bank_timeout,bank_timeout,retry_2h,True,retry_24h,False
TXN106611,2111.67,network_error,network_error,retry_immediate,False,retry_24h,True
TXN106612,1612.94,fraud_false_positive,fraud_false_positive,suggest_alt_payment_method,False,retry_24h,True
TXN106613,469.39,bank_timeout,bank_timeout,retry_2h,True,retry_24h,True
TXN106614,5566.37,fraud_false_positive,fraud_false_positive,suggest_alt_payment_method,True,retry_24h,False
TXN106615,5987.92,insufficient_funds,insufficient_funds,retry_72h,True,retry_24h,True
TXN106616,610.09,bank_timeout,bank_timeout,retry_2h,True,retry_24h,False
TXN106617,1201.19,bank_timeout,bank_timeout,retry_2h,True,retry_24h,False
TXN106618,901.66,network_error,bank_timeout,retry_2h,True,retry_24h,False
TXN106619,1547.75,insufficient_funds,insufficient_funds,retry_72h,True,retry_24h,False
TXN106620,649.46,bank_timeout,bank_timeout,retry_2h,True,retry_24h,True
TXN106621,1451.79,insufficient_funds,insufficient_funds,suggest_alt_payment_method,False,retry_24h,False
TXN106622,3395.07,network_error,network_error,retry_immediate,True,retry_24h,True
TXN106623,1246.55,network_error,network_error,retry_immediate,True,retry_24h,False
TXN106624,839.62,insufficient_funds,insufficient_funds,retry_72h,True,retry_24h,False
TXN106625,1381.07,fraud_false_positive,fraud_false_positive,suggest_alt_payment_method,False,retry_24h,False
TXN106626,4171.56,insufficient_funds,insufficient_funds,retry_72h,False,retry_24h,False
TXN106627,1825.5,network_error,network_error,retry_immediate,False,retry_24h,False
TXN106628,1053.58,network_error,network_error,retry_immediate,True,retry_24h,False
TXN106629,2572.87,insufficient_funds,insufficient_funds,retry_72h,False,retry_24h,False
TXN106630,5026.42,insufficient_funds,insufficient_funds,retry_72h,True,retry_24h,False
TXN106631,1660.44,insufficient_funds,insufficient_funds,retry_72h,False,retry_24h,False
TXN106632,5989.04,insufficient_funds,insufficient_funds,retry_72h,True,retry_24h,False
TXN106633,4801.25,insufficient_funds,insufficient_funds,suggest_alt_payment_method,True,retry_24h,False
TXN106634,2196.68,bank_timeout,bank_timeout,retry_2h,True,retry_24h,False
TXN106635,3017.49,network_error,network_error,retry_24h,False,retry_24h,False
TXN106636,2044.45,bank_timeout,bank_timeout,retry_2h,True,retry_24h,False
TXN106637,5045.6,insufficient_funds,insufficient_funds,retry_72h,True,retry_24h,True
TXN106638,700.06,bank_timeout,bank_timeout,retry_2h,False,retry_24h,False
TXN106639,1245.7,insufficient_funds,insufficient_funds,retry_72h,True,retry_24h,False
TXN106640,1404.34,bank_timeout,bank_timeout,retry_2h,False,retry_24h,True
TXN106641,4561.97,insufficient_funds,insufficient_funds,retry_72h,False,retry_24h,False
TXN106642,2386.59,bank_timeout,bank_timeout,retry_2h,True,retry_24h,False
TXN106643,3183.01,fraud_false_positive,fraud_false_positive,suggest_alt_payment_method,True,retry_24h,False
TXN106644,7777.49,fraud_false_positive,fraud_false_positive,suggest_alt_payment_method,True,retry_24h,False
TXN106645,3105.93,bank_timeout,bank_timeout,retry_2h,True,retry_24h,False
TXN106646,2310.96,bank_timeout,bank_timeout,retry_2h,False,retry_24h,True
TXN106647,1026.54,network_error,network_error,retry_immediate,True,retry_24h,False
TXN106648,5281.6,insufficient_funds,insufficient_funds,retry_72h,True,retry_24h,False
TXN106649,1410.54,insufficient_funds,insufficient_funds,suggest_alt_payment_method,False,retry_24h,False
TXN106650,5167.07,bank_timeout,bank_timeout,retry_2h,True,retry_24h,True
TXN106651,3333.62,insufficient_funds,insufficient_funds,suggest_alt_payment_method,False,retry_24h,False
TXN106652,2525.68,fraud_false_positive,fraud_false_positive,suggest_alt_payment_method,False,retry_24h,False
TXN106653,984.77,insufficient_funds,insufficient_funds,retry_72h,True,retry_24h,False
TXN106654,948.17,insufficient_funds,insufficient_funds,retry_72h,False,retry_24h,False
TXN106655,1122.44,insufficient_funds,insufficient_funds,retry_72h,False,retry_24h,False
TXN106656,1775.62,bank_timeout,bank_timeout,retry_2h,True,retry_24h,False
TXN106657,3485.34,insufficient_funds,insufficient_funds,retry_72h,False,retry_24h,False
TXN106658,6460.89,insufficient_funds,insufficient_funds,retry_72h,False,retry_24h,False
TXN106659,456.04,bank_timeout,bank_timeout,retry_2h,True,retry_24h,True
TXN106660,17176.01,fraud_false_positive,fraud_false_positive,suggest_alt_payment_method,True,retry_24h,False
TXN106661,93.09,bank_timeout,bank_timeout,retry_2h,True,retry_24h,False
TXN106662,5111.42,insufficient_funds,insufficient_funds,retry_72h,True,retry_24h,True
TXN106663,2415.07,insufficient_funds,insufficient_funds,suggest_alt_payment_method,True,retry_24h,False
TXN106664,204.5,network_error,network_error,retry_immediate,True,retry_24h,False
TXN106665,887.78,network_error,network_error,retry_immediate,True,retry_24h,True
TXN106666,3593.86,insufficient_funds,insufficient_funds,retry_72h,True,retry_24h,True
TXN106667,3115.31,insufficient_funds,insufficient_funds,retry_72h,False,retry_24h,False
TXN106668,3634.19,insufficient_funds,insufficient_funds,retry_72h,False,retry_24h,False
TXN106669,579.51,bank_timeout,bank_timeout,retry_2h,False,retry_24h,True
TXN106670,1281.5,network_error,network_error,retry_immediate,True,retry_24h,True
TXN106671,3260.02,network_error,network_error,retry_immediate,False,retry_24h,True
TXN106672,5730.47,fraud_false_positive,fraud_false_positive,suggest_alt_payment_method,True,retry_24h,False
TXN106673,3064.64,insufficient_funds,insufficient_funds,retry_72h,False,retry_24h,False
TXN106674,849.2,insufficient_funds,insufficient_funds,retry_72h,False,retry_24h,False
TXN106675,307.74,insufficient_funds,insufficient_funds,retry_72h,True,retry_24h,True
TXN106676,2203.56,bank_timeout,bank_timeout,retry_2h,True,retry_24h,True
TXN106677,3470.26,insufficient_funds,insufficient_funds,retry_72h,True,retry_24h,False
TXN106678,6123.43,insufficient_funds,insufficient_funds,suggest_alt_payment_method,False,retry_24h,False
TXN106679,4120.27,insufficient_funds,insufficient_funds,retry_72h,False,retry_24h,False
TXN106680,1672.07,network_error,network_error,retry_immediate,True,retry_24h,False
TXN106681,1091.04,network_error,network_error,retry_immediate,True,retry_24h,True
TXN106682,1861.38,network_error,network_error,retry_immediate,True,retry_24h,False
TXN106683,8314.28,insufficient_funds,insufficient_funds,retry_72h,False,retry_24h,True
TXN106684,4047.04,fraud_false_positive,fraud_false_positive,suggest_alt_payment_method,False,retry_24h,True
TXN106685,799.39,insufficient_funds,insufficient_funds,retry_72h,False,retry_24h,False
TXN106686,2758.97,insufficient_funds,insufficient_funds,retry_72h,False,retry_24h,False
TXN106687,2408.31,insufficient_funds,insufficient_funds,retry_72h,False,retry_24h,False
TXN106688,5286.06,insufficient_funds,insufficient_funds,retry_72h,True,retry_24h,True
TXN106689,418.87,network_error,network_error,retry_immediate,True,retry_24h,True
TXN106690,4254.93,fraud_false_positive,fraud_false_positive,suggest_alt_payment_method,True,retry_24h,False
TXN106691,1039.14,network_error,network_error,retry_immediate,True,retry_24h,False
TXN106692,2008.36,bank_timeout,bank_timeout,retry_2h,False,retry_24h,False
TXN106693,2237.4,bank_timeout,bank_timeout,retry_2h,True,retry_24h,True
TXN106694,2724.29,network_error,network_error,retry_immediate,False,retry_24h,False
TXN106695,1511.14,network_error,bank_timeout,retry_2h,False,retry_24h,False
TXN106696,3808.46,network_error,network_error,retry_immediate,True,retry_24h,False
TXN106697,5111.57,insufficient_funds,insufficient_funds,retry_72h,True,retry_24h,True
TXN106698,6241.3,insufficient_funds,insufficient_funds,suggest_alt_payment_method,True,retry_24h,True
TXN106699,7675.52,insufficient_funds,insufficient_funds,retry_72h,False,retry_24h,True
TXN106700,4664.02,fraud_false_positive,fraud_false_positive,suggest_alt_payment_method,False,retry_24h,True
TXN106701,775.44,network_error,network_error,retry_24h,True,retry_24h,False
TXN106702,5840.09,fraud_false_positive,fraud_false_positive,suggest_alt_payment_method,True,retry_24h,False
TXN106703,2944.7,network_error,network_error,retry_immediate,True,retry_24h,True
TXN106704,7854.62,fraud_false_positive,fraud_false_positive,suggest_alt_payment_method,True,retry_24h,False
TXN106705,3049.04,insufficient_funds,insufficient_funds,suggest_alt_payment_method,False,retry_24h,False
TXN106706,11265.42,fraud_false_positive,fraud_false_positive,suggest_alt_payment_method,True,retry_24h,False
TXN106707,178.76,bank_timeout,bank_timeout,retry_2h,True,retry_24h,False
TXN106708,2503.45,insufficient_funds,insufficient_funds,retry_72h,True,retry_24h,False
TXN106709,6823.2,network_error,network_error,retry_immediate,False,retry_24h,False
TXN106710,2993.31,network_error,network_error,retry_immediate,True,retry_24h,True
TXN106711,1311.12,network_error,network_error,retry_immediate,False,retry_24h,True
TXN106712,941.09,bank_timeout,bank_timeout,retry_2h,True,retry_24h,False
TXN106713,1828.44,bank_timeout,bank_timeout,retry_2h,True,retry_24h,True
TXN106714,1375.04,bank_timeout,bank_timeout,retry_2h,False,retry_24h,False
TXN106715,6334.43,fraud_false_positive,fraud_false_positive,suggest_alt_payment_method,False,retry_24h,False
TXN106716,271.35,bank_timeout,bank_timeout,retry_2h,True,retry_24h,True
TXN106717,4582.79,insufficient_funds,insufficient_funds,retry_72h,False,retry_24h,True
TXN106718,1312.37,network_error,network_error,retry_immediate,True,retry_24h,True
TXN106719,1341.93,insufficient_funds,insufficient_funds,retry_72h,False,retry_24h,False
TXN106720,2400.79,insufficient_funds,insufficient_funds,retry_72h,True,retry_24h,False
TXN106721,2821.62,fraud_false_positive,fraud_false_positive,suggest_alt_payment_method,False,retry_24h,False
TXN106722,3400.49,fraud_false_positive,fraud_false_positive,suggest_alt_payment_method,True,retry_24h,False
TXN106723,1474.92,bank_timeout,bank_timeout,retry_24h,True,retry_24h,True
TXN106724,5032.55,insufficient_funds,insufficient_funds,retry_72h,False,retry_24h,False
TXN106725,3056.99,fraud_false_positive,fraud_false_positive,suggest_alt_payment_method,True,retry_24h,False
TXN106726,2191.84,bank_timeout,bank_timeout,retry_2h,True,retry_24h,False
TXN106727,493.73,bank_timeout,bank_timeout,retry_2h,True,retry_24h,True
TXN106728,1676.9,bank_timeout,bank_timeout,retry_2h,True,retry_24h,False
TXN106729,4734.64,insufficient_funds,insufficient_funds,retry_72h,False,retry_24h,False
TXN106730,4831.14,insufficient_funds,insufficient_funds,retry_72h,False,retry_24h,True
TXN106731,237.99,network_error,network_error,retry_immediate,True,retry_24h,False
TXN106732,15492.76,fraud_false_positive,fraud_false_positive,suggest_alt_payment_method,True,retry_24h,False
TXN106733,51.83,insufficient_funds,insufficient_funds,retry_72h,False,retry_24h,False
TXN106734,1047.43,bank_timeout,bank_timeout,retry_2h,True,retry_24h,True
TXN106735,4912.65,fraud_false_positive,fraud_false_positive,suggest_alt_payment_method,False,retry_24h,True
TXN106736,2616.9,insufficient_funds,insufficient_funds,retry_72h,False,retry_24h,True
TXN106737,233.15,bank_timeout,bank_timeout,retry_2h,False,retry_24h,False
TXN106738,1764.55,fraud_false_positive,fraud_false_positive,suggest_alt_payment_method,False,retry_24h,False
TXN106739,4018.53,insufficient_funds,insufficient_funds,suggest_alt_payment_method,False,retry_24h,False
TXN106740,5062.02,insufficient_funds,insufficient_funds,retry_72h,False,retry_24h,False
TXN106741,2701.53,bank_timeout,bank_timeout,retry_24h,False,retry_24h,True
TXN106742,999.47,network_error,network_error,retry_immediate,True,retry_24h,False
TXN106743,2153.34,fraud_false_positive,fraud_false_positive,suggest_alt_payment_method,True,retry_24h,False
TXN106744,504.25,network_error,network_error,retry_immediate,False,retry_24h,False
TXN106745,2614.19,bank_timeout,bank_timeout,retry_2h,False,retry_24h,True
TXN106746,663.99,insufficient_funds,insufficient_funds,retry_72h,True,retry_24h,False
TXN106747,2899.3,fraud_false_positive,fraud_false_positive,suggest_alt_payment_method,False,retry_24h,False
TXN106748,2367.98,insufficient_funds,insufficient_funds,retry_72h,True,retry_24h,False
TXN106749,172.96,bank_timeout,bank_timeout,retry_24h,False,retry_24h,True
TXN106750,1225.41,bank_timeout,bank_timeout,retry_24h,False,retry_24h,False
TXN106751,6081.88,insufficient_funds,insufficient_funds,retry_72h,False,retry_24h,False
TXN106752,9003.49,insufficient_funds,insufficient_funds,retry_72h,True,retry_24h,False
TXN106753,497.27,fraud_false_positive,fraud_false_positive,suggest_alt_payment_method,True,retry_24h,False
TXN106754,2047.61,bank_timeout,bank_timeout,retry_2h,True,retry_24h,True
TXN106755,4879.01,insufficient_funds,insufficient_funds,retry_72h,False,retry_24h,False
TXN106756,3431.53,fraud_false_positive,fraud_false_positive,suggest_alt_payment_method,True,retry_24h,False
TXN106757,3168.49,bank_timeout,bank_timeout,retry_2h,True,retry_24h,False
TXN106758,3963.55,network_error,network_error,retry_immediate,False,retry_24h,False
TXN106759,1165.72,network_error,network_error,retry_immediate,True,retry_24h,True
TXN106760,2851.69,insufficient_funds,insufficient_funds,retry_72h,False,retry_24h,False
TXN106761,2203.5,insufficient_funds,insufficient_funds,retry_72h,True,retry_24h,False
TXN106762,2631.66,insufficient_funds,insufficient_funds,retry_72h,False,retry_24h,False
TXN106763,1318.37,insufficient_funds,insufficient_funds,retry_72h,True,retry_24h,True
TXN106764,4029.82,fraud_false_positive,fraud_false_positive,suggest_alt_payment_method,True,retry_24h,False
TXN106765,4262.08,insufficient_funds,insufficient_funds,retry_72h,True,retry_24h,False
TXN106766,4254.53,insufficient_funds,insufficient_funds,retry_72h,True,retry_24h,False
TXN106767,2878.77,bank_timeout,bank_timeout,retry_2h,False,retry_24h,True
TXN106768,2357.75,bank_timeout,bank_timeout,retry_24h,False,retry_24h,False
TXN106769,875.97,network_error,network_error,retry_immediate,True,retry_24h,False
TXN106770,5323.98,insufficient_funds,insufficient_funds,retry_72h,True,retry_24h,False
TXN106771,767.84,network_error,network_error,retry_immediate,True,retry_24h,False
TXN106772,3290.5,insufficient_funds,insufficient_funds,retry_72h,False,retry_24h,False
TXN106773,3822.23,insufficient_funds,insufficient_funds,retry_72h,False,retry_24h,False
TXN106774,1086.86,insufficient_funds,insufficient_funds,suggest_alt_payment_method,False,retry_24h,False
TXN106775,4810.17,insufficient_funds,insufficient_funds,retry_72h,True,retry_24h,False
TXN106776,4267.28,insufficient_funds,insufficient_funds,retry_72h,False,retry_24h,True
TXN106777,3082.1,bank_timeout,bank_timeout,retry_2h,False,retry_24h,False
TXN106778,534.08,insufficient_funds,insufficient_funds,retry_72h,False,retry_24h,False
TXN106779,1031.81,bank_timeout,bank_timeout,retry_2h,False,retry_24h,True
TXN106780,154.21,network_error,network_error,retry_24h,False,retry_24h,False
TXN106781,1630.72,insufficient_funds,insufficient_funds,retry_72h,True,retry_24h,False
TXN106782,1117.17,insufficient_funds,insufficient_funds,retry_72h,False,retry_24h,True
TXN106783,1934.22,insufficient_funds,insufficient_funds,retry_72h,True,retry_24h,False
TXN106784,6791.48,insufficient_funds,insufficient_funds,retry_72h,False,retry_24h,False
TXN106785,2616.95,network_error,network_error,retry_immediate,True,retry_24h,False
TXN106786,5403.45,fraud_false_positive,fraud_false_positive,suggest_alt_payment_method,True,retry_24h,False
TXN106787,6297.23,fraud_false_positive,fraud_false_positive,suggest_alt_payment_method,True,retry_24h,False
TXN106788,3369.68,network_error,network_error,retry_24h,True,retry_24h,True
TXN106789,625.76,network_error,network_error,retry_immediate,False,retry_24h,False
TXN106790,1908.75,insufficient_funds,insufficient_funds,suggest_alt_payment_method,True,retry_24h,False
TXN106791,300.7,insufficient_funds,insufficient_funds,retry_72h,True,retry_24h,True
TXN106792,21.41,network_error,network_error,retry_immediate,True,retry_24h,False
TXN106793,3644.17,insufficient_funds,insufficient_funds,retry_72h,False,retry_24h,True
TXN106794,868.3,network_error,network_error,retry_immediate,True,retry_24h,True
TXN106795,1613.72,network_error,network_error,retry_immediate,True,retry_24h,True
TXN106796,1864.07,bank_timeout,bank_timeout,retry_2h,True,retry_24h,False
TXN106797,1619.32,network_error,network_error,retry_immediate,True,retry_24h,True
TXN106798,4023.23,insufficient_funds,insufficient_funds,suggest_alt_payment_method,False,retry_24h,False
TXN106799,1193.38,insufficient_funds,insufficient_funds,retry_72h,True,retry_24h,True
TXN106800,1550.61,insufficient_funds,insufficient_funds,retry_72h,True,retry_24h,False
TXN106801,1287.53,network_error,network_error,retry_immediate,False,retry_24h,True
TXN106802,1422.24,network_error,network_error,retry_immediate,True,retry_24h,False
TXN106803,5121.38,insufficient_funds,insufficient_funds,retry_72h,False,retry_24h,False
TXN106804,2228.9,fraud_false_positive,fraud_false_positive,suggest_alt_payment_method,False,retry_24h,False
TXN106805,7211.98,network_error,network_error,retry_immediate,False,retry_24h,True
TXN106806,3036.91,insufficient_funds,insufficient_funds,retry_72h,False,retry_24h,False
TXN106807,4774.84,insufficient_funds,insufficient_funds,retry_72h,True,retry_24h,False
TXN106808,2195.25,bank_timeout,bank_timeout,retry_2h,True,retry_24h,True
TXN106809,1387.77,insufficient_funds,insufficient_funds,retry_72h,False,retry_24h,False
TXN106810,11878.97,fraud_false_positive,fraud_false_positive,suggest_alt_payment_method,True,retry_24h,False
TXN106811,1651.67,bank_timeout,bank_timeout,retry_2h,True,retry_24h,True
TXN106812,1991.26,bank_timeout,bank_timeout,retry_2h,False,retry_24h,False
TXN106813,1790.18,bank_timeout,bank_timeout,retry_2h,True,retry_24h,False
TXN106814,3049.46,network_error,network_error,retry_immediate,False,retry_24h,True
TXN106815,2766.42,insufficient_funds,insufficient_funds,retry_72h,False,retry_24h,False
TXN106816,946.68,insufficient_funds,insufficient_funds,retry_72h,True,retry_24h,False
TXN106817,2319.56,fraud_false_positive,fraud_false_positive,suggest_alt_payment_method,True,retry_24h,False
TXN106818,1221.83,network_error,network_error,retry_immediate,False,retry_24h,False
TXN106819,756.36,bank_timeout,bank_timeout,retry_24h,False,retry_24h,True
TXN106820,1880.23,insufficient_funds,insufficient_funds,retry_72h,True,retry_24h,True
TXN106821,3152.5,fraud_false_positive,fraud_false_positive,suggest_alt_payment_method,False,retry_24h,False
TXN106822,4472.46,network_error,network_error,retry_immediate,False,retry_24h,True
TXN106823,762.56,bank_timeout,bank_timeout,retry_24h,False,retry_24h,True
TXN106824,2221.44,bank_timeout,bank_timeout,retry_2h,False,retry_24h,False
TXN106825,1169.02,insufficient_funds,insufficient_funds,retry_72h,True,retry_24h,False
TXN106826,4882.03,fraud_false_positive,fraud_false_positive,suggest_alt_payment_method,True,retry_24h,False
TXN106827,269.02,bank_timeout,bank_timeout,retry_2h,False,retry_24h,False
TXN106828,775.85,network_error,network_error,retry_immediate,False,retry_24h,True
TXN106829,1193.05,insufficient_funds,insufficient_funds,retry_72h,True,retry_24h,True
TXN106830,3677.16,insufficient_funds,insufficient_funds,retry_72h,True,retry_24h,False
TXN106831,2029.79,insufficient_funds,insufficient_funds,retry_72h,True,retry_24h,False
TXN106832,8382.46,insufficient_funds,insufficient_funds,retry_72h,True,retry_24h,True
TXN106833,16749.9,fraud_false_positive,fraud_false_positive,suggest_alt_payment_method,False,retry_24h,True
TXN106834,5175.85,fraud_false_positive,fraud_false_positive,suggest_alt_payment_method,True,retry_24h,False
TXN106835,6455.29,fraud_false_positive,fraud_false_positive,suggest_alt_payment_method,False,retry_24h,False
TXN106836,1936.95,insufficient_funds,insufficient_funds,retry_72h,True,retry_24h,False
TXN106837,10230.21,insufficient_funds,insufficient_funds,retry_72h,True,retry_24h,False
TXN106838,2754.13,fraud_false_positive,fraud_false_positive,suggest_alt_payment_method,True,retry_24h,True
TXN106839,463.65,bank_timeout,bank_timeout,retry_24h,True,retry_24h,False
TXN106840,3427.02,insufficient_funds,insufficient_funds,retry_72h,True,retry_24h,False
TXN106841,779.72,bank_timeout,bank_timeout,retry_2h,False,retry_24h,False
TXN106842,4293.87,insufficient_funds,insufficient_funds,retry_72h,False,retry_24h,True
TXN106843,3700.85,bank_timeout,bank_timeout,retry_2h,False,retry_24h,False
TXN106844,1914.95,insufficient_funds,insufficient_funds,retry_72h,False,retry_24h,True
TXN106845,3440.15,bank_timeout,bank_timeout,retry_2h,True,retry_24h,False
TXN106846,1698.52,network_error,network_error,retry_immediate,True,retry_24h,True
TXN106847,2353.64,network_error,network_error,retry_immediate,True,retry_24h,True
TXN106848,304.07,bank_timeout,bank_timeout,retry_24h,True,retry_24h,False
TXN106849,1194.82,bank_timeout,network_error,retry_immediate,False,retry_24h,True
TXN106850,1001.56,network_error,network_error,retry_immediate,True,retry_24h,False
TXN106851,2550.24,bank_timeout,bank_timeout,retry_2h,False,retry_24h,False
TXN106852,549.91,insufficient_funds,insufficient_funds,retry_72h,False,retry_24h,True
TXN106853,2422.85,network_error,network_error,retry_immediate,False,retry_24h,False
TXN106854,6078.05,insufficient_funds,insufficient_funds,retry_72h,False,retry_24h,False
TXN106855,1783.63,network_error,network_error,suggest_alt_payment_method,True,retry_24h,False
TXN106856,8632.34,insufficient_funds,insufficient_funds,retry_72h,True,retry_24h,False
TXN106857,3083.48,bank_timeout,bank_timeout,retry_2h,True,retry_24h,True
TXN106858,7603.35,fraud_false_positive,fraud_false_positive,suggest_alt_payment_method,True,retry_24h,False
TXN106859,8016.94,insufficient_funds,insufficient_funds,retry_72h,True,retry_24h,False
TXN106860,808.82,bank_timeout,bank_timeout,retry_2h,True,retry_24h,False
TXN106861,4919.43,insufficient_funds,insufficient_funds,retry_72h,True,retry_24h,False
TXN106862,5288.73,insufficient_funds,insufficient_funds,suggest_alt_payment_method,False,retry_24h,False
TXN106863,872.97,insufficient_funds,insufficient_funds,retry_72h,False,retry_24h,False
TXN106864,2062.45,insufficient_funds,insufficient_funds,retry_72h,False,retry_24h,False
TXN106865,2052.65,insufficient_funds,insufficient_funds,retry_72h,True,retry_24h,False
TXN106866,1026.76,network_error,network_error,retry_immediate,True,retry_24h,True
TXN106867,2171.24,insufficient_funds,insufficient_funds,retry_72h,True,retry_24h,False
TXN106868,2156.87,bank_timeout,bank_timeout,retry_2h,True,retry_24h,False
TXN106869,4526.89,fraud_false_positive,fraud_false_positive,suggest_alt_payment_method,True,retry_24h,False
TXN106870,1681.67,network_error,network_error,retry_24h,False,retry_24h,False
TXN106871,1104.27,bank_timeout,bank_timeout,retry_2h,True,retry_24h,True
TXN106872,2340.88,insufficient_funds,insufficient_funds,suggest_alt_payment_method,False,retry_24h,False
TXN106873,8362.73,insufficient_funds,insufficient_funds,retry_72h,True,retry_24h,True
TXN106874,2103.74,insufficient_funds,insufficient_funds,retry_72h,False,retry_24h,False
TXN106875,2147.67,bank_timeout,bank_timeout,retry_2h,True,retry_24h,False
TXN106876,3441.17,insufficient_funds,insufficient_funds,retry_72h,True,retry_24h,False
TXN106877,7838.05,fraud_false_positive,fraud_false_positive,suggest_alt_payment_method,True,retry_24h,False
TXN106878,2635.51,network_error,network_error,retry_immediate,False,retry_24h,False
TXN106879,4319.09,network_error,network_error,retry_immediate,True,retry_24h,False
TXN106880,5464.45,insufficient_funds,insufficient_funds,retry_72h,False,retry_24h,False
TXN106881,5433.82,bank_timeout,bank_timeout,retry_2h,True,retry_24h,False
TXN106882,1730.61,bank_timeout,bank_timeout,retry_2h,True,retry_24h,True
TXN106883,2399.8,network_error,network_error,retry_immediate,True,retry_24h,True
TXN106884,3327.99,fraud_false_positive,fraud_false_positive,suggest_alt_payment_method,False,retry_24h,False
TXN106885,4759.69,fraud_false_positive,fraud_false_positive,suggest_alt_payment_method,False,retry_24h,False
TXN106886,800.15,bank_timeout,bank_timeout,retry_2h,True,retry_24h,False
TXN106887,1264.33,insufficient_funds,insufficient_funds,retry_72h,False,retry_24h,False
TXN106888,1799.54,insufficient_funds,insufficient_funds,retry_72h,False,retry_24h,False
TXN106889,1472.7,fraud_false_positive,fraud_false_positive,suggest_alt_payment_method,False,retry_24h,False
TXN106890,2474.96,insufficient_funds,insufficient_funds,suggest_alt_payment_method,False,retry_24h,False
TXN106891,1566.38,insufficient_funds,insufficient_funds,retry_72h,False,retry_24h,True
TXN106892,2553.25,bank_timeout,bank_timeout,retry_2h,True,retry_24h,True
TXN106893,2116.49,bank_timeout,bank_timeout,retry_2h,False,retry_24h,False
TXN106894,2806.98,insufficient_funds,insufficient_funds,retry_72h,False,retry_24h,True
TXN106895,1147.74,bank_timeout,bank_timeout,suggest_alt_payment_method,True,retry_24h,True
TXN106896,1351.77,bank_timeout,bank_timeout,retry_2h,True,retry_24h,False
TXN106897,1309.87,network_error,network_error,retry_immediate,True,retry_24h,True
TXN106898,4915.47,fraud_false_positive,fraud_false_positive,suggest_alt_payment_method,False,retry_24h,False
TXN106899,1442.23,bank_timeout,bank_timeout,retry_2h,True,retry_24h,True
TXN106900,589.2,network_error,network_error,retry_immediate,False,retry_24h,True
TXN106901,9482.42,fraud_false_positive,fraud_false_positive,suggest_alt_payment_method,True,retry_24h,True
TXN106902,6406.14,insufficient_funds,insufficient_funds,retry_72h,True,retry_24h,True
TXN106903,896.21,insufficient_funds,insufficient_funds,retry_72h,True,retry_24h,True
TXN106904,4924.2,insufficient_funds,insufficient_funds,retry_72h,False,retry_24h,False
TXN106905,4389.87,insufficient_funds,insufficient_funds,retry_72h,False,retry_24h,False
TXN106906,1713.27,network_error,network_error,retry_immediate,False,retry_24h,False
TXN106907,2400.08,network_error,network_error,retry_immediate,True,retry_24h,True
TXN106908,3290.88,network_error,network_error,retry_immediate,True,retry_24h,False
TXN106909,1964.53,bank_timeout,bank_timeout,retry_24h,False,retry_24h,False
TXN106910,7706.01,insufficient_funds,insufficient_funds,suggest_alt_payment_method,False,retry_24h,True
TXN106911,3798.24,insufficient_funds,insufficient_funds,retry_72h,True,retry_24h,True
TXN106912,4538.99,network_error,network_error,retry_immediate,True,retry_24h,True
TXN106913,1512.29,insufficient_funds,insufficient_funds,retry_72h,True,retry_24h,False
TXN106914,2094.86,bank_timeout,bank_timeout,retry_2h,False,retry_24h,False
TXN106915,311.05,insufficient_funds,insufficient_funds,retry_72h,True,retry_24h,False
TXN106916,450.87,bank_timeout,bank_timeout,retry_2h,True,retry_24h,False
TXN106917,2691.63,fraud_false_positive,fraud_false_positive,suggest_alt_payment_method,False,retry_24h,True
TXN106918,1979.5,insufficient_funds,insufficient_funds,retry_72h,False,retry_24h,False
TXN106919,2957.01,insufficient_funds,insufficient_funds,retry_72h,False,retry_24h,False
TXN106920,1362.82,insufficient_funds,insufficient_funds,retry_72h,True,retry_24h,False
TXN106921,1271.15,network_error,network_error,retry_immediate,True,retry_24h,True
TXN106922,3124.62,insufficient_funds,insufficient_funds,retry_72h,True,retry_24h,False
TXN106923,6719.7,insufficient_funds,insufficient_funds,retry_72h,False,retry_24h,False
TXN106924,4719.51,insufficient_funds,insufficient_funds,retry_72h,False,retry_24h,False
TXN106925,525.69,network_error,network_error,retry_immediate,True,retry_24h,False
TXN106926,2405.84,network_error,network_error,retry_immediate,True,retry_24h,True
TXN106927,2680.66,network_error,network_error,retry_immediate,False,retry_24h,True
TXN106928,4416.5,fraud_false_positive,fraud_false_positive,suggest_alt_payment_method,True,retry_24h,False
TXN106929,3452.3,bank_timeout,bank_timeout,retry_2h,False,retry_24h,False
TXN106930,2221.97,network_error,network_error,retry_immediate,False,retry_24h,False
TXN106931,1103.99,insufficient_funds,insufficient_funds,retry_72h,False,retry_24h,False
TXN106932,2609.67,insufficient_funds,insufficient_funds,suggest_alt_payment_method,False,retry_24h,False
TXN106933,3600.14,bank_timeout,bank_timeout,retry_2h,True,retry_24h,False
TXN106934,1273.76,bank_timeout,bank_timeout,retry_2h,True,retry_24h,True
TXN106935,2650.68,fraud_false_positive,fraud_false_positive,suggest_alt_payment_method,True,retry_24h,False
TXN106936,2324.67,insufficient_funds,insufficient_funds,retry_72h,False,retry_24h,True
TXN106937,490.73,network_error,network_error,retry_immediate,True,retry_24h,False
TXN106938,5519.91,bank_timeout,bank_timeout,retry_2h,True,retry_24h,True
TXN106939,3464.77,insufficient_funds,insufficient_funds,retry_72h,False,retry_24h,False
TXN106940,2120.59,fraud_false_positive,fraud_false_positive,suggest_alt_payment_method,True,retry_24h,False
TXN106941,1325.95,bank_timeout,bank_timeout,retry_2h,False,retry_24h,True
TXN106942,1529.36,network_error,network_error,retry_immediate,False,retry_24h,True
TXN106943,2877.39,network_error,network_error,retry_immediate,True,retry_24h,False
TXN106944,847.53,network_error,network_error,retry_24h,False,retry_24h,True
TXN106945,1614.51,bank_timeout,bank_timeout,retry_2h,True,retry_24h,False
TXN106946,4654.24,bank_timeout,bank_timeout,retry_2h,True,retry_24h,True
TXN106947,1052.91,insufficient_funds,insufficient_funds,retry_72h,False,retry_24h,True
TXN106948,11423.49,insufficient_funds,insufficient_funds,retry_72h,False,retry_24h,False
TXN106949,2589.06,bank_timeout,bank_timeout,retry_24h,False,retry_24h,False
TXN106950,6286.64,insufficient_funds,insufficient_funds,retry_72h,False,retry_24h,False
TXN106951,1650.57,insufficient_funds,insufficient_funds,retry_72h,False,retry_24h,False
TXN106952,121.38,bank_timeout,bank_timeout,retry_2h,False,retry_24h,False
TXN106953,1588.11,insufficient_funds,insufficient_funds,retry_72h,True,retry_24h,True
TXN106954,1825.75,insufficient_funds,insufficient_funds,retry_72h,False,retry_24h,False
TXN106955,1968.5,insufficient_funds,insufficient_funds,retry_72h,False,retry_24h,True
TXN106956,2021.01,bank_timeout,bank_timeout,retry_2h,True,retry_24h,False
TXN106957,3802.21,network_error,bank_timeout,retry_2h,True,retry_24h,False
TXN106958,3618.7,insufficient_funds,insufficient_funds,retry_72h,False,retry_24h,False
TXN106959,1684.02,bank_timeout,bank_timeout,retry_2h,True,retry_24h,False
TXN106960,888.45,insufficient_funds,insufficient_funds,retry_72h,True,retry_24h,False
TXN106961,1494.02,network_error,bank_timeout,retry_2h,False,retry_24h,False
TXN106962,2440.59,network_error,network_error,retry_immediate,True,retry_24h,True
TXN106963,4333.3,fraud_false_positive,fraud_false_positive,suggest_alt_payment_method,True,retry_24h,False
TXN106964,2216.77,network_error,network_error,retry_immediate,False,retry_24h,False
TXN106965,8326.55,insufficient_funds,insufficient_funds,retry_72h,True,retry_24h,True
TXN106966,1637.79,bank_timeout,bank_timeout,retry_2h,False,retry_24h,True
TXN106967,1051.0,insufficient_funds,insufficient_funds,retry_72h,False,retry_24h,False
TXN106968,2569.45,network_error,network_error,retry_immediate,True,retry_24h,False
TXN106969,1736.91,insufficient_funds,insufficient_funds,retry_72h,True,retry_24h,False
TXN106970,1305.4,network_error,network_error,retry_immediate,True,retry_24h,True
TXN106971,6491.63,insufficient_funds,insufficient_funds,retry_72h,False,retry_24h,True
TXN106972,5011.97,fraud_false_positive,fraud_false_positive,suggest_alt_payment_method,False,retry_24h,True
TXN106973,3324.82,insufficient_funds,insufficient_funds,retry_72h,False,retry_24h,False
TXN106974,351.58,network_error,network_error,retry_immediate,True,retry_24h,True
TXN106975,4069.09,fraud_false_positive,fraud_false_positive,suggest_alt_payment_method,False,retry_24h,False
TXN106976,490.91,fraud_false_positive,fraud_false_positive,suggest_alt_payment_method,False,retry_24h,False
TXN106977,8701.9,insufficient_funds,insufficient_funds,retry_72h,True,retry_24h,False
TXN106978,8289.1,insufficient_funds,insufficient_funds,retry_72h,False,retry_24h,False
TXN106979,1515.29,network_error,network_error,retry_immediate,True,retry_24h,False
TXN106980,3060.96,insufficient_funds,insufficient_funds,retry_72h,True,retry_24h,False
TXN106981,693.42,bank_timeout,bank_timeout,retry_2h,True,retry_24h,False
TXN106982,4678.04,insufficient_funds,insufficient_funds,retry_72h,True,retry_24h,False
TXN106983,1781.04,insufficient_funds,insufficient_funds,retry_72h,True,retry_24h,False
TXN106984,10670.8,insufficient_funds,insufficient_funds,retry_72h,False,retry_24h,False
TXN106985,7003.59,insufficient_funds,insufficient_funds,suggest_alt_payment_method,False,retry_24h,True
TXN106986,6336.07,insufficient_funds,insufficient_funds,retry_72h,False,retry_24h,False
TXN106987,427.67,bank_timeout,bank_timeout,retry_2h,False,retry_24h,False
TXN106988,3411.33,network_error,network_error,retry_immediate,True,retry_24h,False
TXN106989,6002.17,insufficient_funds,insufficient_funds,suggest_alt_payment_method,False,retry_24h,True
TXN106990,1441.38,network_error,network_error,retry_immediate,True,retry_24h,False
TXN106991,394.71,bank_timeout,bank_timeout,retry_2h,True,retry_24h,False
TXN106992,405.15,bank_timeout,bank_timeout,retry_2h,True,retry_24h,True
TXN106993,2286.98,bank_timeout,bank_timeout,retry_2h,False,retry_24h,True
TXN106994,4453.56,fraud_false_positive,fraud_false_positive,suggest_alt_payment_method,True,retry_24h,False
TXN106995,4010.39,network_error,network_error,retry_immediate,True,retry_24h,False
TXN106996,395.93,network_error,bank_timeout,retry_2h,False,retry_24h,True
TXN106997,2099.11,bank_timeout,bank_timeout,retry_2h,False,retry_24h,False
TXN106998,3157.92,insufficient_funds,insufficient_funds,retry_72h,False,retry_24h,False
TXN106999,7301.37,insufficient_funds,insufficient_funds,retry_72h,True,retry_24h,True
TXN107000,644.74,bank_timeout,bank_timeout,retry_2h,False,retry_24h,True
TXN107001,4186.69,network_error,network_error,retry_immediate,True,retry_24h,True
TXN107002,1671.33,network_error,network_error,retry_immediate,False,retry_24h,True
TXN107003,397.28,bank_timeout,bank_timeout,retry_2h,False,retry_24h,False
TXN107004,3385.27,network_error,network_error,retry_immediate,True,retry_24h,True
TXN107005,444.82,network_error,network_error,retry_immediate,False,retry_24h,True
TXN107006,537.37,fraud_false_positive,fraud_false_positive,suggest_alt_payment_method,False,retry_24h,False
TXN107007,633.76,network_error,network_error,retry_24h,False,retry_24h,False
TXN107008,6861.43,insufficient_funds,insufficient_funds,retry_72h,False,retry_24h,False
TXN107009,5182.77,fraud_false_positive,fraud_false_positive,suggest_alt_payment_method,True,retry_24h,True
TXN107010,2253.22,network_error,network_error,retry_immediate,True,retry_24h,False
TXN107011,5969.19,insufficient_funds,insufficient_funds,retry_72h,False,retry_24h,False
TXN107012,4574.36,insufficient_funds,insufficient_funds,retry_72h,False,retry_24h,False
TXN107013,460.06,bank_timeout,bank_timeout,retry_2h,False,retry_24h,True
TXN107014,4541.39,insufficient_funds,insufficient_funds,retry_72h,True,retry_24h,False
TXN107015,5400.18,insufficient_funds,insufficient_funds,retry_72h,False,retry_24h,True
TXN107016,6158.07,insufficient_funds,insufficient_funds,retry_72h,True,retry_24h,False
TXN107017,2580.39,network_error,network_error,retry_immediate,True,retry_24h,False
TXN107018,4148.39,insufficient_funds,insufficient_funds,retry_72h,True,retry_24h,False
TXN107019,4701.1,insufficient_funds,insufficient_funds,suggest_alt_payment_method,False,retry_24h,False
TXN107020,1378.44,network_error,bank_timeout,retry_2h,True,retry_24h,True
TXN107021,3588.22,bank_timeout,bank_timeout,retry_2h,False,retry_24h,True
TXN107022,2025.82,network_error,network_error,retry_immediate,False,retry_24h,False
TXN107023,1728.09,insufficient_funds,insufficient_funds,retry_72h,True,retry_24h,False
TXN107024,2687.75,bank_timeout,bank_timeout,retry_2h,False,retry_24h,False
TXN107025,4322.59,fraud_false_positive,fraud_false_positive,suggest_alt_payment_method,True,retry_24h,True
TXN107026,5352.04,bank_timeout,network_error,retry_immediate,True,retry_24h,True
TXN107027,4547.55,insufficient_funds,insufficient_funds,retry_72h,False,retry_24h,False
TXN107028,2483.2,insufficient_funds,insufficient_funds,retry_72h,False,retry_24h,False
TXN107029,537.34,bank_timeout,bank_timeout,retry_2h,False,retry_24h,False
TXN107030,1458.34,bank_timeout,bank_timeout,suggest_alt_payment_method,False,retry_24h,False
TXN107031,7136.79,insufficient_funds,insufficient_funds,retry_72h,True,retry_24h,False
TXN107032,3666.24,insufficient_funds,insufficient_funds,suggest_alt_payment_method,True,retry_24h,False
TXN107033,1797.88,bank_timeout,bank_timeout,retry_2h,False,retry_24h,True
TXN107034,6669.76,network_error,network_error,retry_immediate,True,retry_24h,False
TXN107035,1037.58,insufficient_funds,insufficient_funds,retry_72h,False,retry_24h,False
TXN107036,3285.23,network_error,bank_timeout,retry_2h,True,retry_24h,True
TXN107037,1321.33,insufficient_funds,insufficient_funds,retry_72h,False,retry_24h,False
TXN107038,879.71,network_error,bank_timeout,retry_2h,False,retry_24h,False
TXN107039,1811.67,network_error,network_error,retry_immediate,False,retry_24h,False
TXN107040,1749.88,network_error,network_error,retry_immediate,True,retry_24h,False
TXN107041,1182.86,bank_timeout,bank_timeout,retry_2h,True,retry_24h,False
TXN107042,3513.22,network_error,network_error,retry_immediate,False,retry_24h,False
TXN107043,3738.16,fraud_false_positive,fraud_false_positive,suggest_alt_payment_method,True,retry_24h,False
TXN107044,5120.23,insufficient_funds,insufficient_funds,retry_72h,True,retry_24h,False
TXN107045,3905.12,insufficient_funds,insufficient_funds,retry_72h,True,retry_24h,False
TXN107046,1863.98,bank_timeout,bank_timeout,suggest_alt_payment_method,True,retry_24h,False
TXN107047,4492.12,insufficient_funds,insufficient_funds,retry_72h,False,retry_24h,False
TXN107048,5790.64,insufficient_funds,insufficient_funds,retry_72h,True,retry_24h,False
TXN107049,4065.49,insufficient_funds,insufficient_funds,retry_72h,False,retry_24h,False
TXN107050,603.09,network_error,network_error,retry_immediate,False,retry_24h,False
TXN107051,2172.41,bank_timeout,bank_timeout,retry_2h,False,retry_24h,False
TXN107052,2197.77,insufficient_funds,insufficient_funds,retry_72h,True,retry_24h,False
TXN107053,2340.58,insufficient_funds,insufficient_funds,retry_72h,True,retry_24h,True
TXN107054,3153.55,insufficient_funds,insufficient_funds,retry_72h,True,retry_24h,False
TXN107055,2073.74,insufficient_funds,insufficient_funds,retry_72h,True,retry_24h,False
TXN107056,127.62,insufficient_funds,insufficient_funds,retry_72h,False,retry_24h,True
TXN107057,4580.87,bank_timeout,bank_timeout,retry_24h,True,retry_24h,False
TXN107058,1210.28,fraud_false_positive,fraud_false_positive,suggest_alt_payment_method,True,retry_24h,False
TXN107059,8311.01,insufficient_funds,insufficient_funds,suggest_alt_payment_method,False,retry_24h,False
TXN107060,5582.28,insufficient_funds,insufficient_funds,retry_72h,True,retry_24h,False
TXN107061,1116.18,insufficient_funds,insufficient_funds,suggest_alt_payment_method,False,retry_24h,False
TXN107062,2873.5,insufficient_funds,insufficient_funds,retry_72h,False,retry_24h,True
TXN107063,2909.27,network_error,network_error,retry_immediate,True,retry_24h,False
TXN107064,1027.36,bank_timeout,bank_timeout,retry_2h,True,retry_24h,False
TXN107065,3460.68,insufficient_funds,insufficient_funds,retry_72h,True,retry_24h,False
TXN107066,1458.09,insufficient_funds,insufficient_funds,retry_72h,True,retry_24h,False
TXN107067,1962.52,insufficient_funds,insufficient_funds,suggest_alt_payment_method,False,retry_24h,False
TXN107068,2587.23,network_error,network_error,retry_immediate,False,retry_24h,True
TXN107069,687.04,bank_timeout,bank_timeout,retry_2h,True,retry_24h,False
TXN107070,8564.81,insufficient_funds,insufficient_funds,retry_72h,True,retry_24h,True
TXN107071,589.83,bank_timeout,bank_timeout,retry_2h,False,retry_24h,False
TXN107072,3402.25,insufficient_funds,insufficient_funds,retry_72h,False,retry_24h,False
TXN107073,4142.1,insufficient_funds,insufficient_funds,suggest_alt_payment_method,False,retry_24h,False
TXN107074,4745.04,bank_timeout,bank_timeout,retry_2h,False,retry_24h,True
TXN107075,4859.92,fraud_false_positive,fraud_false_positive,suggest_alt_payment_method,True,retry_24h,True
TXN107076,2525.27,insufficient_funds,insufficient_funds,retry_72h,True,retry_24h,False
TXN107077,999.51,bank_timeout,bank_timeout,retry_2h,False,retry_24h,False
TXN107078,7002.29,insufficient_funds,insufficient_funds,retry_72h,False,retry_24h,False
TXN107079,4093.33,insufficient_funds,insufficient_funds,retry_72h,False,retry_24h,True
TXN107080,1065.26,insufficient_funds,insufficient_funds,retry_72h,False,retry_24h,False
TXN107081,398.55,network_error,network_error,retry_immediate,True,retry_24h,False
TXN107082,11869.59,fraud_false_positive,fraud_false_positive,suggest_alt_payment_method,False,retry_24h,False
TXN107083,1197.18,insufficient_funds,insufficient_funds,retry_72h,True,retry_24h,True
TXN107084,2594.83,network_error,network_error,retry_immediate,True,retry_24h,True
TXN107085,9261.44,fraud_false_positive,fraud_false_positive,suggest_alt_payment_method,True,retry_24h,False
TXN107086,846.14,bank_timeout,bank_timeout,retry_2h,True,retry_24h,True
TXN107087,5944.9,bank_timeout,bank_timeout,retry_2h,True,retry_24h,False
TXN107088,2123.49,insufficient_funds,insufficient_funds,suggest_alt_payment_method,True,retry_24h,False
TXN107089,1643.58,insufficient_funds,insufficient_funds,retry_72h,False,retry_24h,False
TXN107090,134.09,bank_timeout,bank_timeout,retry_2h,True,retry_24h,False
TXN107091,3016.11,fraud_false_positive,fraud_false_positive,suggest_alt_payment_method,False,retry_24h,False
TXN107092,2964.56,network_error,network_error,retry_immediate,False,retry_24h,False
TXN107093,5274.27,fraud_false_positive,fraud_false_positive,suggest_alt_payment_method,True,retry_24h,False
TXN107094,3128.91,bank_timeout,bank_timeout,retry_2h,False,retry_24h,False
TXN107095,2036.6,network_error,network_error,retry_immediate,False,retry_24h,False
TXN107096,3204.24,insufficient_funds,insufficient_funds,retry_72h,True,retry_24h,False
TXN107097,1219.56,network_error,network_error,retry_immediate,False,retry_24h,False
TXN107098,7777.95,fraud_false_positive,fraud_false_positive,suggest_alt_payment_method,True,retry_24h,False
TXN107099,3043.45,network_error,network_error,retry_immediate,False,retry_24h,True
TXN107100,3614.63,bank_timeout,bank_timeout,retry_2h,True,retry_24h,True
TXN107101,1102.21,insufficient_funds,insufficient_funds,retry_72h,False,retry_24h,False
TXN107102,1921.17,insufficient_funds,insufficient_funds,retry_72h,False,retry_24h,True
TXN107103,2140.66,fraud_false_positive,fraud_false_positive,suggest_alt_payment_method,True,retry_24h,False
TXN107104,6069.68,insufficient_funds,insufficient_funds,retry_72h,False,retry_24h,True
TXN107105,771.64,network_error,network_error,retry_immediate,True,retry_24h,False
TXN107106,931.48,bank_timeout,bank_timeout,retry_2h,False,retry_24h,True
TXN107107,652.89,insufficient_funds,insufficient_funds,retry_72h,True,retry_24h,False
TXN107108,830.11,insufficient_funds,insufficient_funds,retry_72h,True,retry_24h,False
TXN107109,2695.49,network_error,network_error,retry_immediate,False,retry_24h,True
TXN107110,1272.35,bank_timeout,bank_timeout,retry_2h,True,retry_24h,False
TXN107111,4588.69,insufficient_funds,insufficient_funds,retry_72h,False,retry_24h,False
TXN107112,3792.24,fraud_false_positive,fraud_false_positive,suggest_alt_payment_method,True,retry_24h,False
TXN107113,9295.06,insufficient_funds,insufficient_funds,retry_72h,False,retry_24h,False
TXN107114,1449.57,bank_timeout,bank_timeout,retry_2h,False,retry_24h,False
TXN107115,2831.7,network_error,bank_timeout,retry_2h,True,retry_24h,False
TXN107116,2944.26,insufficient_funds,insufficient_funds,retry_72h,True,retry_24h,False
TXN107117,1660.72,insufficient_funds,insufficient_funds,retry_72h,True,retry_24h,False
TXN107118,6011.04,insufficient_funds,insufficient_funds,retry_72h,True,retry_24h,False
TXN107119,3001.33,network_error,network_error,retry_immediate,False,retry_24h,True
TXN107120,1308.12,bank_timeout,bank_timeout,retry_2h,True,retry_24h,True
TXN107121,116.6,network_error,network_error,retry_immediate,False,retry_24h,False
TXN107122,2222.63,fraud_false_positive,fraud_false_positive,suggest_alt_payment_method,True,retry_24h,False
TXN107123,1609.1,network_error,network_error,retry_immediate,True,retry_24h,False
TXN107124,1166.91,network_error,network_error,retry_immediate,True,retry_24h,True
TXN107125,994.16,bank_timeout,bank_timeout,retry_2h,True,retry_24h,True
TXN107126,1837.63,network_error,network_error,retry_immediate,True,retry_24h,False
TXN107127,2903.77,bank_timeout,bank_timeout,retry_2h,False,retry_24h,True
TXN107128,3456.5,network_error,network_error,retry_24h,True,retry_24h,True
TXN107129,2891.62,insufficient_funds,insufficient_funds,retry_72h,True,retry_24h,False
TXN107130,3589.79,insufficient_funds,insufficient_funds,retry_72h,False,retry_24h,False
TXN107131,877.01,network_error,network_error,retry_immediate,False,retry_24h,True
TXN107132,764.21,network_error,network_error,retry_immediate,False,retry_24h,True
TXN107133,1625.17,bank_timeout,bank_timeout,retry_2h,True,retry_24h,False
TXN107134,7563.54,fraud_false_positive,fraud_false_positive,suggest_alt_payment_method,False,retry_24h,False
TXN107135,2073.84,fraud_false_positive,fraud_false_positive,suggest_alt_payment_method,False,retry_24h,False
TXN107136,5028.54,bank_timeout,bank_timeout,retry_2h,True,retry_24h,True
TXN107137,2684.7,bank_timeout,bank_timeout,retry_2h,True,retry_24h,True
TXN107138,5002.93,fraud_false_positive,fraud_false_positive,suggest_alt_payment_method,False,retry_24h,False
TXN107139,1977.19,bank_timeout,bank_timeout,retry_2h,False,retry_24h,True
TXN107140,2663.39,network_error,network_error,retry_immediate,False,retry_24h,True
TXN107141,1503.57,bank_timeout,bank_timeout,retry_2h,True,retry_24h,True
TXN107142,2401.68,bank_timeout,bank_timeout,retry_2h,False,retry_24h,True
TXN107143,1923.01,insufficient_funds,insufficient_funds,retry_72h,False,retry_24h,False
TXN107144,8022.25,insufficient_funds,insufficient_funds,retry_72h,False,retry_24h,False
TXN107145,9228.22,fraud_false_positive,fraud_false_positive,suggest_alt_payment_method,False,retry_24h,False
TXN107146,1099.27,insufficient_funds,insufficient_funds,retry_72h,False,retry_24h,False
TXN107147,1454.54,bank_timeout,bank_timeout,retry_2h,False,retry_24h,False
TXN107148,2585.77,network_error,network_error,retry_immediate,True,retry_24h,True
TXN107149,667.07,network_error,network_error,retry_immediate,True,retry_24h,False
TXN107150,3422.57,bank_timeout,bank_timeout,retry_2h,True,retry_24h,True
TXN107151,6316.78,insufficient_funds,insufficient_funds,retry_72h,False,retry_24h,False
TXN107152,3414.54,insufficient_funds,insufficient_funds,retry_72h,False,retry_24h,True
TXN107153,6727.31,insufficient_funds,insufficient_funds,retry_72h,False,retry_24h,False
TXN107154,3131.43,network_error,network_error,retry_immediate,True,retry_24h,False
TXN107155,1695.86,insufficient_funds,insufficient_funds,retry_72h,True,retry_24h,False
TXN107156,3359.71,bank_timeout,bank_timeout,retry_2h,True,retry_24h,False
TXN107157,1209.05,fraud_false_positive,fraud_false_positive,suggest_alt_payment_method,True,retry_24h,False
TXN107158,1590.1,insufficient_funds,insufficient_funds,retry_72h,True,retry_24h,False
TXN107159,1258.29,insufficient_funds,insufficient_funds,retry_72h,True,retry_24h,False
TXN107160,3275.18,insufficient_funds,insufficient_funds,retry_72h,False,retry_24h,False
TXN107161,1404.52,insufficient_funds,insufficient_funds,retry_72h,False,retry_24h,True
TXN107162,1289.19,insufficient_funds,insufficient_funds,retry_72h,False,retry_24h,False
TXN107163,3474.45,fraud_false_positive,fraud_false_positive,suggest_alt_payment_method,False,retry_24h,True
TXN107164,1031.97,insufficient_funds,insufficient_funds,retry_72h,False,retry_24h,False
TXN107165,3920.3,insufficient_funds,insufficient_funds,retry_72h,False,retry_24h,True
TXN107166,685.65,insufficient_funds,insufficient_funds,retry_72h,True,retry_24h,True
TXN107167,8037.69,insufficient_funds,insufficient_funds,retry_72h,True,retry_24h,False
TXN107168,7455.76,fraud_false_positive,fraud_false_positive,suggest_alt_payment_method,False,retry_24h,False
TXN107169,962.14,network_error,network_error,retry_immediate,True,retry_24h,True
TXN107170,5075.39,insufficient_funds,insufficient_funds,suggest_alt_payment_method,False,retry_24h,False
TXN107171,1152.77,network_error,network_error,retry_immediate,True,retry_24h,False
TXN107172,5654.48,insufficient_funds,insufficient_funds,retry_72h,True,retry_24h,False
TXN107173,2757.29,insufficient_funds,insufficient_funds,suggest_alt_payment_method,False,retry_24h,False
TXN107174,1471.53,network_error,network_error,retry_immediate,True,retry_24h,False
TXN107175,1379.98,insufficient_funds,insufficient_funds,retry_72h,False,retry_24h,False
TXN107176,871.44,network_error,network_error,retry_immediate,True,retry_24h,False
TXN107177,2440.67,insufficient_funds,insufficient_funds,retry_72h,False,retry_24h,False
TXN107178,1873.16,insufficient_funds,insufficient_funds,retry_72h,True,retry_24h,False
TXN107179,2491.84,fraud_false_positive,fraud_false_positive,suggest_alt_payment_method,False,retry_24h,False
TXN107180,1390.72,insufficient_funds,insufficient_funds,retry_72h,True,retry_24h,True
TXN107181,1529.56,fraud_false_positive,fraud_false_positive,suggest_alt_payment_method,True,retry_24h,False
TXN107182,13397.87,fraud_false_positive,fraud_false_positive,suggest_alt_payment_method,False,retry_24h,False
TXN107183,1117.48,network_error,network_error,retry_immediate,False,retry_24h,False
TXN107184,1893.05,insufficient_funds,insufficient_funds,retry_72h,False,retry_24h,True
TXN107185,10223.57,fraud_false_positive,fraud_false_positive,suggest_alt_payment_method,True,retry_24h,False
TXN107186,1446.28,bank_timeout,bank_timeout,retry_2h,False,retry_24h,False
TXN107187,9814.46,fraud_false_positive,fraud_false_positive,suggest_alt_payment_method,True,retry_24h,True
TXN107188,2062.98,network_error,network_error,retry_immediate,True,retry_24h,True
TXN107189,7163.64,fraud_false_positive,fraud_false_positive,suggest_alt_payment_method,False,retry_24h,False
TXN107190,2994.56,network_error,network_error,retry_immediate,False,retry_24h,True
TXN107191,1851.3,network_error,network_error,retry_immediate,True,retry_24h,True
TXN107192,7493.84,fraud_false_positive,fraud_false_positive,suggest_alt_payment_method,True,retry_24h,False
TXN107193,880.9,bank_timeout,bank_timeout,retry_2h,False,retry_24h,False
TXN107194,2116.7,network_error,network_error,suggest_alt_payment_method,False,retry_24h,False
TXN107195,1144.66,network_error,network_error,retry_immediate,True,retry_24h,False
TXN107196,2828.44,insufficient_funds,insufficient_funds,suggest_alt_payment_method,False,retry_24h,False
TXN107197,572.93,bank_timeout,bank_timeout,retry_2h,False,retry_24h,True
TXN107198,5223.71,network_error,network_error,suggest_alt_payment_method,False,retry_24h,True
TXN107199,691.23,insufficient_funds,insufficient_funds,retry_72h,True,retry_24h,True
TXN107200,708.34,network_error,network_error,retry_immediate,True,retry_24h,False
TXN107201,4095.84,insufficient_funds,insufficient_funds,retry_72h,True,retry_24h,False
TXN107202,1450.44,insufficient_funds,insufficient_funds,retry_72h,True,retry_24h,False
TXN107203,1730.82,bank_timeout,bank_timeout,suggest_alt_payment_method,True,retry_24h,False
TXN107204,3215.66,insufficient_funds,insufficient_funds,retry_72h,False,retry_24h,True
TXN107205,1888.87,fraud_false_positive,fraud_false_positive,suggest_alt_payment_method,True,retry_24h,False
TXN107206,4180.95,insufficient_funds,insufficient_funds,retry_72h,False,retry_24h,False
TXN107207,7966.13,insufficient_funds,insufficient_funds,retry_72h,True,retry_24h,False
TXN107208,633.23,bank_timeout,bank_timeout,retry_2h,True,retry_24h,False
TXN107209,3070.86,bank_timeout,bank_timeout,retry_2h,False,retry_24h,False
TXN107210,771.22,insufficient_funds,insufficient_funds,retry_72h,False,retry_24h,False
TXN107211,1600.66,insufficient_funds,insufficient_funds,retry_72h,False,retry_24h,True
TXN107212,1269.69,bank_timeout,bank_timeout,retry_2h,True,retry_24h,False
TXN107213,5879.57,fraud_false_positive,fraud_false_positive,suggest_alt_payment_method,False,retry_24h,True
TXN107214,3046.76,insufficient_funds,insufficient_funds,retry_72h,True,retry_24h,False
TXN107215,2990.53,insufficient_funds,insufficient_funds,retry_72h,False,retry_24h,False
TXN107216,1991.51,network_error,network_error,retry_immediate,True,retry_24h,False
TXN107217,2583.05,fraud_false_positive,fraud_false_positive,suggest_alt_payment_method,True,retry_24h,False
TXN107218,1036.39,bank_timeout,bank_timeout,retry_2h,False,retry_24h,False
TXN107219,1254.06,network_error,network_error,retry_immediate,False,retry_24h,False
TXN107220,2075.65,insufficient_funds,insufficient_funds,retry_72h,False,retry_24h,False
TXN107221,3467.78,fraud_false_positive,fraud_false_positive,suggest_alt_payment_method,False,retry_24h,False
TXN107222,1859.22,insufficient_funds,insufficient_funds,retry_72h,True,retry_24h,False
TXN107223,2052.11,insufficient_funds,insufficient_funds,retry_72h,False,retry_24h,False
TXN107224,3938.49,fraud_false_positive,fraud_false_positive,suggest_alt_payment_method,True,retry_24h,False
TXN107225,795.39,insufficient_funds,insufficient_funds,retry_72h,True,retry_24h,True
TXN107226,3397.85,network_error,network_error,retry_24h,True,retry_24h,False
TXN107227,1123.5,insufficient_funds,insufficient_funds,retry_72h,False,retry_24h,False
TXN107228,22563.09,fraud_false_positive,fraud_false_positive,suggest_alt_payment_method,True,retry_24h,False
TXN107229,654.03,bank_timeout,bank_timeout,retry_2h,True,retry_24h,True
TXN107230,1525.0,bank_timeout,bank_timeout,retry_2h,True,retry_24h,False
TXN107231,11379.28,fraud_false_positive,fraud_false_positive,suggest_alt_payment_method,False,retry_24h,False
TXN107232,8914.44,fraud_false_positive,fraud_false_positive,suggest_alt_payment_method,False,retry_24h,False
TXN107233,3241.72,bank_timeout,bank_timeout,retry_2h,True,retry_24h,True
TXN107234,473.51,bank_timeout,bank_timeout,retry_2h,False,retry_24h,True
TXN107235,3121.66,insufficient_funds,insufficient_funds,retry_72h,True,retry_24h,False
TXN107236,1247.4,insufficient_funds,insufficient_funds,retry_72h,True,retry_24h,False
TXN107237,1067.13,bank_timeout,bank_timeout,retry_2h,True,retry_24h,False
TXN107238,2245.77,bank_timeout,bank_timeout,retry_2h,True,retry_24h,False
TXN107239,5541.86,insufficient_funds,insufficient_funds,retry_72h,False,retry_24h,True
TXN107240,5165.25,fraud_false_positive,fraud_false_positive,suggest_alt_payment_method,False,retry_24h,True
TXN107241,1422.4,bank_timeout,bank_timeout,retry_2h,True,retry_24h,False
TXN107242,1469.32,network_error,network_error,retry_immediate,True,retry_24h,False
TXN107243,4936.77,insufficient_funds,insufficient_funds,retry_72h,True,retry_24h,False
TXN107244,2399.33,insufficient_funds,insufficient_funds,retry_72h,False,retry_24h,False
TXN107245,2016.8,insufficient_funds,insufficient_funds,retry_72h,True,retry_24h,False
TXN107246,2602.01,network_error,network_error,retry_immediate,True,retry_24h,False
TXN107247,3233.06,insufficient_funds,insufficient_funds,retry_72h,False,retry_24h,False
TXN107248,4487.98,bank_timeout,bank_timeout,retry_2h,True,retry_24h,True
TXN107249,5342.73,fraud_false_positive,fraud_false_positive,suggest_alt_payment_method,False,retry_24h,False
TXN107250,1391.63,network_error,network_error,retry_immediate,False,retry_24h,False
TXN107251,9030.99,insufficient_funds,insufficient_funds,retry_72h,False,retry_24h,False
TXN107252,567.75,insufficient_funds,insufficient_funds,retry_72h,False,retry_24h,True
TXN107253,5685.24,bank_timeout,bank_timeout,retry_2h,False,retry_24h,False
TXN107254,198.38,bank_timeout,bank_timeout,retry_2h,True,retry_24h,False
TXN107255,4421.54,network_error,network_error,retry_immediate,True,retry_24h,True
TXN107256,751.27,insufficient_funds,insufficient_funds,retry_72h,True,retry_24h,False
TXN107257,3636.14,network_error,bank_timeout,retry_2h,False,retry_24h,True
TXN107258,7161.85,insufficient_funds,insufficient_funds,retry_72h,False,retry_24h,False
TXN107259,3450.8,network_error,network_error,retry_immediate,True,retry_24h,True
TXN107260,431.98,network_error,network_error,retry_24h,False,retry_24h,False
TXN107261,2115.05,insufficient_funds,insufficient_funds,retry_72h,True,retry_24h,False
TXN107262,1520.69,insufficient_funds,insufficient_funds,retry_72h,False,retry_24h,True
TXN107263,661.3,insufficient_funds,insufficient_funds,retry_72h,True,retry_24h,False
TXN107264,1783.77,network_error,network_error,retry_immediate,True,retry_24h,False
TXN107265,2100.61,network_error,network_error,retry_immediate,True,retry_24h,False
TXN107266,783.61,insufficient_funds,insufficient_funds,retry_72h,False,retry_24h,False
TXN107267,4948.61,insufficient_funds,insufficient_funds,retry_72h,True,retry_24h,False
TXN107268,2916.73,network_error,network_error,retry_immediate,True,retry_24h,False
TXN107269,10853.38,fraud_false_positive,fraud_false_positive,suggest_alt_payment_method,False,retry_24h,False
TXN107270,1529.87,network_error,network_error,retry_immediate,False,retry_24h,True
TXN107271,328.7,network_error,network_error,retry_immediate,False,retry_24h,True
TXN107272,1454.45,bank_timeout,bank_timeout,retry_2h,True,retry_24h,False
TXN107273,9687.98,fraud_false_positive,fraud_false_positive,suggest_alt_payment_method,True,retry_24h,False
TXN107274,1590.33,insufficient_funds,insufficient_funds,retry_72h,False,retry_24h,False
TXN107275,8933.56,insufficient_funds,insufficient_funds,retry_72h,False,retry_24h,False
TXN107276,2427.65,bank_timeout,bank_timeout,retry_2h,False,retry_24h,True
TXN107277,2044.05,insufficient_funds,insufficient_funds,retry_72h,False,retry_24h,False
TXN107278,1473.2,insufficient_funds,insufficient_funds,retry_72h,False,retry_24h,False
TXN107279,3998.11,insufficient_funds,insufficient_funds,retry_72h,False,retry_24h,False
TXN107280,13717.23,fraud_false_positive,fraud_false_positive,suggest_alt_payment_method,True,retry_24h,False
TXN107281,724.26,insufficient_funds,insufficient_funds,retry_72h,True,retry_24h,False
TXN107282,1411.23,network_error,network_error,retry_24h,True,retry_24h,False
TXN107283,2447.42,insufficient_funds,insufficient_funds,retry_72h,True,retry_24h,False
TXN107284,1681.92,insufficient_funds,insufficient_funds,retry_72h,False,retry_24h,False
TXN107285,1704.11,insufficient_funds,insufficient_funds,retry_72h,False,retry_24h,True
TXN107286,3095.11,insufficient_funds,insufficient_funds,retry_72h,False,retry_24h,False
TXN107287,4683.12,insufficient_funds,insufficient_funds,suggest_alt_payment_method,True,retry_24h,True
TXN107288,308.25,bank_timeout,bank_timeout,retry_2h,True,retry_24h,False
TXN107289,1660.32,insufficient_funds,insufficient_funds,retry_72h,False,retry_24h,False
TXN107290,2683.68,bank_timeout,bank_timeout,retry_2h,False,retry_24h,True
TXN107291,1576.84,network_error,bank_timeout,retry_2h,False,retry_24h,False
TXN107292,3409.26,fraud_false_positive,fraud_false_positive,suggest_alt_payment_method,True,retry_24h,False
TXN107293,1040.45,bank_timeout,bank_timeout,retry_2h,True,retry_24h,False
TXN107294,2068.21,network_error,network_error,retry_immediate,False,retry_24h,False
TXN107295,3105.71,network_error,network_error,retry_immediate,True,retry_24h,True
TXN107296,3532.14,fraud_false_positive,fraud_false_positive,suggest_alt_payment_method,False,retry_24h,False
TXN107297,7215.84,bank_timeout,bank_timeout,retry_2h,True,retry_24h,False
TXN107298,1849.84,bank_timeout,bank_timeout,retry_2h,False,retry_24h,True
TXN107299,1215.78,network_error,network_error,retry_immediate,False,retry_24h,True
TXN107300,1647.43,insufficient_funds,insufficient_funds,retry_72h,True,retry_24h,False
TXN107301,972.9,insufficient_funds,insufficient_funds,retry_72h,True,retry_24h,False
TXN107302,1811.75,bank_timeout,bank_timeout,retry_2h,True,retry_24h,True
TXN107303,1897.06,bank_timeout,bank_timeout,retry_2h,True,retry_24h,True
TXN107304,1206.15,bank_timeout,bank_timeout,retry_24h,False,retry_24h,False
TXN107305,398.95,bank_timeout,bank_timeout,retry_2h,False,retry_24h,False
TXN107306,3353.38,fraud_false_positive,fraud_false_positive,suggest_alt_payment_method,False,retry_24h,False
TXN107307,718.3,bank_timeout,bank_timeout,retry_2h,False,retry_24h,True
TXN107308,1627.31,insufficient_funds,insufficient_funds,suggest_alt_payment_method,False,retry_24h,True
TXN107309,845.7,bank_timeout,bank_timeout,retry_2h,False,retry_24h,True
TXN107310,1740.51,bank_timeout,bank_timeout,retry_2h,True,retry_24h,False
TXN107311,3969.04,insufficient_funds,insufficient_funds,retry_72h,True,retry_24h,False
TXN107312,8830.08,insufficient_funds,insufficient_funds,retry_72h,False,retry_24h,False
TXN107313,3877.39,fraud_false_positive,fraud_false_positive,suggest_alt_payment_method,True,retry_24h,False
TXN107314,2227.39,insufficient_funds,insufficient_funds,retry_72h,True,retry_24h,False
TXN107315,6006.16,network_error,network_error,retry_immediate,True,retry_24h,False
TXN107316,2755.39,network_error,network_error,retry_immediate,False,retry_24h,True
TXN107317,3949.26,insufficient_funds,insufficient_funds,retry_72h,False,retry_24h,False
TXN107318,346.5,insufficient_funds,insufficient_funds,retry_72h,True,retry_24h,False
TXN107319,208.13,insufficient_funds,insufficient_funds,retry_72h,True,retry_24h,False
TXN107320,2055.97,bank_timeout,bank_timeout,retry_2h,False,retry_24h,False
TXN107321,674.39,bank_timeout,bank_timeout,retry_2h,True,retry_24h,False
TXN107322,2577.18,insufficient_funds,insufficient_funds,retry_72h,True,retry_24h,True
TXN107323,1458.76,bank_timeout,bank_timeout,retry_2h,False,retry_24h,True
TXN107324,631.85,insufficient_funds,insufficient_funds,retry_72h,False,retry_24h,False
TXN107325,3316.88,bank_timeout,bank_timeout,retry_2h,False,retry_24h,True
TXN107326,1043.81,insufficient_funds,insufficient_funds,retry_72h,True,retry_24h,False
TXN107327,10171.68,insufficient_funds,insufficient_funds,suggest_alt_payment_method,True,retry_24h,False
TXN107328,2710.08,bank_timeout,bank_timeout,retry_2h,True,retry_24h,False
TXN107329,3672.93,insufficient_funds,insufficient_funds,retry_72h,False,retry_24h,False
TXN107330,746.9,bank_timeout,bank_timeout,retry_24h,True,retry_24h,True
TXN107331,1714.31,bank_timeout,bank_timeout,retry_2h,False,retry_24h,False
TXN107332,3437.73,insufficient_funds,insufficient_funds,retry_72h,True,retry_24h,False
TXN107333,3620.77,insufficient_funds,insufficient_funds,retry_72h,False,retry_24h,False
TXN107334,5750.02,insufficient_funds,insufficient_funds,suggest_alt_payment_method,False,retry_24h,False
TXN107335,2877.3,network_error,network_error,retry_immediate,True,retry_24h,False
TXN107336,4878.35,insufficient_funds,insufficient_funds,suggest_alt_payment_method,False,retry_24h,False
TXN107337,2020.22,network_error,network_error,retry_immediate,False,retry_24h,False
TXN107338,1677.43,insufficient_funds,insufficient_funds,retry_72h,False,retry_24h,False
TXN107339,209.43,fraud_false_positive,fraud_false_positive,suggest_alt_payment_method,True,retry_24h,False
TXN107340,1510.25,bank_timeout,bank_timeout,retry_2h,True,retry_24h,False
TXN107341,5002.24,network_error,network_error,retry_immediate,True,retry_24h,True
TXN107342,791.12,network_error,network_error,retry_immediate,True,retry_24h,False
TXN107343,468.56,network_error,network_error,retry_immediate,True,retry_24h,False
TXN107344,4713.43,insufficient_funds,insufficient_funds,retry_72h,False,retry_24h,False
TXN107345,1695.29,insufficient_funds,insufficient_funds,retry_72h,False,retry_24h,False
TXN107346,3210.26,insufficient_funds,insufficient_funds,retry_72h,False,retry_24h,True
TXN107347,1063.16,network_error,network_error,retry_immediate,False,retry_24h,False
TXN107348,2916.61,insufficient_funds,insufficient_funds,retry_72h,True,retry_24h,False
TXN107349,8793.44,insufficient_funds,insufficient_funds,retry_72h,False,retry_24h,False
TXN107350,1099.69,bank_timeout,bank_timeout,retry_2h,False,retry_24h,False
TXN107351,3192.42,insufficient_funds,insufficient_funds,retry_72h,False,retry_24h,False
TXN107352,15536.23,insufficient_funds,insufficient_funds,retry_72h,False,retry_24h,True
TXN107353,772.65,network_error,bank_timeout,retry_2h,True,retry_24h,False
TXN107354,4880.92,fraud_false_positive,fraud_false_positive,suggest_alt_payment_method,False,retry_24h,False
TXN107355,1028.86,network_error,bank_timeout,retry_2h,False,retry_24h,False
TXN107356,5870.18,bank_timeout,bank_timeout,retry_2h,False,retry_24h,True
TXN107357,3447.82,insufficient_funds,insufficient_funds,retry_72h,True,retry_24h,False
TXN107358,4000.08,fraud_false_positive,fraud_false_positive,suggest_alt_payment_method,False,retry_24h,True
TXN107359,2795.8,network_error,network_error,retry_immediate,True,retry_24h,False
TXN107360,2308.23,insufficient_funds,insufficient_funds,retry_72h,False,retry_24h,True
TXN107361,2445.62,insufficient_funds,insufficient_funds,retry_72h,False,retry_24h,False
TXN107362,9310.43,fraud_false_positive,fraud_false_positive,suggest_alt_payment_method,True,retry_24h,False
TXN107363,1486.77,insufficient_funds,insufficient_funds,retry_72h,True,retry_24h,False
TXN107364,1676.53,insufficient_funds,insufficient_funds,retry_72h,False,retry_24h,True
TXN107365,3328.04,insufficient_funds,insufficient_funds,retry_72h,True,retry_24h,True
TXN107366,3716.53,insufficient_funds,insufficient_funds,retry_72h,False,retry_24h,False
TXN107367,3612.62,insufficient_funds,insufficient_funds,retry_72h,False,retry_24h,False
TXN107368,4201.78,insufficient_funds,insufficient_funds,suggest_alt_payment_method,False,retry_24h,False
TXN107369,3595.45,bank_timeout,bank_timeout,retry_2h,True,retry_24h,True
TXN107370,1438.91,bank_timeout,bank_timeout,retry_2h,False,retry_24h,False
TXN107371,2864.46,bank_timeout,bank_timeout,retry_2h,True,retry_24h,False
TXN107372,2327.63,bank_timeout,bank_timeout,retry_2h,False,retry_24h,False
TXN107373,10694.16,insufficient_funds,insufficient_funds,retry_72h,False,retry_24h,False
TXN107374,1810.15,network_error,network_error,retry_immediate,True,retry_24h,True
TXN107375,465.36,insufficient_funds,insufficient_funds,retry_72h,False,retry_24h,False
TXN107376,4689.52,fraud_false_positive,fraud_false_positive,suggest_alt_payment_method,True,retry_24h,False
TXN107377,5124.04,insufficient_funds,insufficient_funds,retry_72h,True,retry_24h,False
TXN107378,5496.27,insufficient_funds,insufficient_funds,retry_72h,False,retry_24h,False
TXN107379,5706.1,fraud_false_positive,fraud_false_positive,suggest_alt_payment_method,False,retry_24h,False
TXN107380,4718.42,network_error,network_error,retry_immediate,True,retry_24h,False
TXN107381,325.41,bank_timeout,bank_timeout,retry_2h,True,retry_24h,False
TXN107382,774.32,network_error,network_error,suggest_alt_payment_method,False,retry_24h,True
TXN107383,1244.47,bank_timeout,bank_timeout,retry_2h,True,retry_24h,False
TXN107384,2296.69,bank_timeout,bank_timeout,retry_2h,False,retry_24h,False
TXN107385,3101.38,insufficient_funds,insufficient_funds,retry_72h,True,retry_24h,False
TXN107386,777.78,bank_timeout,bank_timeout,retry_2h,False,retry_24h,False
TXN107387,1791.1,bank_timeout,bank_timeout,retry_2h,False,retry_24h,False
TXN107388,2516.71,insufficient_funds,insufficient_funds,retry_72h,False,retry_24h,True
TXN107389,2402.36,bank_timeout,bank_timeout,retry_2h,False,retry_24h,True
TXN107390,568.98,bank_timeout,bank_timeout,retry_2h,True,retry_24h,False
TXN107391,2502.18,bank_timeout,network_error,retry_immediate,True,retry_24h,False
TXN107392,1901.27,bank_timeout,bank_timeout,retry_2h,True,retry_24h,True
TXN107393,1451.78,network_error,network_error,retry_immediate,False,retry_24h,False
TXN107394,1964.05,network_error,network_error,retry_immediate,True,retry_24h,False
TXN107395,1982.46,network_error,network_error,retry_immediate,False,retry_24h,True
TXN107396,9207.47,insufficient_funds,insufficient_funds,retry_72h,True,retry_24h,False
TXN107397,2686.83,insufficient_funds,insufficient_funds,retry_72h,True,retry_24h,False
TXN107398,3793.83,fraud_false_positive,fraud_false_positive,suggest_alt_payment_method,False,retry_24h,False
TXN107399,3927.02,fraud_false_positive,fraud_false_positive,suggest_alt_payment_method,False,retry_24h,False
TXN107400,3312.11,bank_timeout,bank_timeout,retry_2h,True,retry_24h,False
TXN107401,5650.05,fraud_false_positive,fraud_false_positive,suggest_alt_payment_method,True,retry_24h,False
TXN107402,1619.35,insufficient_funds,insufficient_funds,retry_72h,False,retry_24h,False
TXN107403,2183.33,network_error,network_error,retry_immediate,True,retry_24h,False
TXN107404,1317.29,insufficient_funds,insufficient_funds,retry_72h,False,retry_24h,False
TXN107405,8483.84,fraud_false_positive,fraud_false_positive,suggest_alt_payment_method,False,retry_24h,False
TXN107406,983.23,fraud_false_positive,fraud_false_positive,suggest_alt_payment_method,True,retry_24h,False
TXN107407,3705.89,insufficient_funds,insufficient_funds,retry_72h,True,retry_24h,True
TXN107408,6234.33,insufficient_funds,insufficient_funds,retry_72h,False,retry_24h,False
TXN107409,851.22,insufficient_funds,insufficient_funds,retry_72h,False,retry_24h,True
TXN107410,2086.2,insufficient_funds,insufficient_funds,retry_72h,True,retry_24h,False
TXN107411,956.6,bank_timeout,bank_timeout,retry_24h,True,retry_24h,False
TXN107412,1468.91,bank_timeout,bank_timeout,retry_24h,False,retry_24h,True
TXN107413,2946.16,insufficient_funds,insufficient_funds,suggest_alt_payment_method,False,retry_24h,False
TXN107414,1440.52,network_error,network_error,retry_immediate,True,retry_24h,True
TXN107415,1568.83,bank_timeout,bank_timeout,retry_2h,True,retry_24h,True
TXN107416,6751.76,fraud_false_positive,fraud_false_positive,suggest_alt_payment_method,False,retry_24h,False
TXN107417,388.57,insufficient_funds,insufficient_funds,retry_72h,True,retry_24h,False
TXN107418,2271.8,insufficient_funds,insufficient_funds,retry_72h,True,retry_24h,False
TXN107419,2728.67,bank_timeout,bank_timeout,retry_2h,True,retry_24h,False
TXN107420,4003.57,fraud_false_positive,fraud_false_positive,suggest_alt_payment_method,True,retry_24h,True
TXN107421,1000.49,bank_timeout,bank_timeout,retry_2h,False,retry_24h,False
TXN107422,3733.74,bank_timeout,bank_timeout,retry_2h,True,retry_24h,True
TXN107423,821.48,network_error,network_error,retry_immediate,False,retry_24h,True
TXN107424,7163.52,fraud_false_positive,fraud_false_positive,suggest_alt_payment_method,False,retry_24h,True
TXN107425,1382.07,insufficient_funds,insufficient_funds,retry_72h,False,retry_24h,False
TXN107426,9999.12,fraud_false_positive,fraud_false_positive,suggest_alt_payment_method,True,retry_24h,False
TXN107427,4371.98,insufficient_funds,insufficient_funds,retry_72h,True,retry_24h,False
TXN107428,5070.15,insufficient_funds,insufficient_funds,retry_72h,False,retry_24h,False
TXN107429,2303.46,bank_timeout,bank_timeout,retry_24h,True,retry_24h,True
TXN107430,594.37,bank_timeout,bank_timeout,retry_2h,False,retry_24h,False
TXN107431,2698.45,insufficient_funds,insufficient_funds,retry_72h,False,retry_24h,False
TXN107432,979.48,bank_timeout,bank_timeout,retry_2h,False,retry_24h,True
TXN107433,905.87,bank_timeout,network_error,retry_immediate,False,retry_24h,True
TXN107434,648.04,network_error,network_error,retry_immediate,False,retry_24h,False
TXN107435,480.37,bank_timeout,bank_timeout,suggest_alt_payment_method,True,retry_24h,True
TXN107436,3618.5,insufficient_funds,insufficient_funds,retry_72h,True,retry_24h,False
TXN107437,2618.8,fraud_false_positive,fraud_false_positive,suggest_alt_payment_method,False,retry_24h,True
TXN107438,5364.62,insufficient_funds,insufficient_funds,retry_72h,False,retry_24h,False
TXN107439,690.1,network_error,network_error,retry_immediate,True,retry_24h,False
TXN107440,2194.16,fraud_false_positive,fraud_false_positive,suggest_alt_payment_method,True,retry_24h,False
TXN107441,4251.84,network_error,network_error,retry_immediate,True,retry_24h,False
TXN107442,1774.92,insufficient_funds,insufficient_funds,suggest_alt_payment_method,True,retry_24h,False
TXN107443,3903.46,insufficient_funds,insufficient_funds,retry_72h,False,retry_24h,False
TXN107444,562.57,network_error,network_error,retry_immediate,False,retry_24h,False
TXN107445,2699.29,insufficient_funds,insufficient_funds,retry_72h,False,retry_24h,False
TXN107446,507.76,network_error,network_error,retry_immediate,True,retry_24h,True
TXN107447,1338.0,bank_timeout,bank_timeout,retry_2h,True,retry_24h,False
TXN107448,1877.02,insufficient_funds,insufficient_funds,suggest_alt_payment_method,True,retry_24h,True
TXN107449,2254.01,bank_timeout,bank_timeout,retry_2h,True,retry_24h,False
TXN107450,354.51,bank_timeout,bank_timeout,retry_2h,True,retry_24h,False
TXN107451,2896.72,network_error,network_error,retry_immediate,False,retry_24h,False
TXN107452,3579.21,insufficient_funds,insufficient_funds,retry_72h,False,retry_24h,True
TXN107453,2814.41,fraud_false_positive,fraud_false_positive,suggest_alt_payment_method,False,retry_24h,False
TXN107454,1700.8,fraud_false_positive,fraud_false_positive,suggest_alt_payment_method,True,retry_24h,False
TXN107455,2746.76,bank_timeout,bank_timeout,retry_24h,True,retry_24h,True
TXN107456,2583.43,fraud_false_positive,fraud_false_positive,suggest_alt_payment_method,True,retry_24h,False
TXN107457,758.67,network_error,bank_timeout,retry_2h,True,retry_24h,True
TXN107458,4519.16,bank_timeout,bank_timeout,retry_2h,True,retry_24h,False
TXN107459,7955.73,insufficient_funds,insufficient_funds,retry_72h,False,retry_24h,False
TXN107460,840.79,network_error,bank_timeout,retry_2h,True,retry_24h,False
TXN107461,4625.34,fraud_false_positive,fraud_false_positive,suggest_alt_payment_method,True,retry_24h,False
TXN107462,1346.61,insufficient_funds,insufficient_funds,retry_72h,False,retry_24h,False
TXN107463,3384.23,insufficient_funds,insufficient_funds,retry_72h,False,retry_24h,True
TXN107464,2255.22,network_error,network_error,retry_immediate,True,retry_24h,False
TXN107465,6777.18,insufficient_funds,insufficient_funds,retry_72h,False,retry_24h,False
TXN107466,5278.57,fraud_false_positive,fraud_false_positive,suggest_alt_payment_method,True,retry_24h,False
TXN107467,2228.11,bank_timeout,bank_timeout,retry_2h,True,retry_24h,False
TXN107468,1262.12,bank_timeout,bank_timeout,suggest_alt_payment_method,False,retry_24h,False
TXN107469,1319.92,insufficient_funds,insufficient_funds,retry_72h,False,retry_24h,False
TXN107470,7243.71,fraud_false_positive,fraud_false_positive,suggest_alt_payment_method,True,retry_24h,False
TXN107471,1647.52,network_error,network_error,retry_immediate,True,retry_24h,True
TXN107472,2377.93,insufficient_funds,insufficient_funds,retry_72h,False,retry_24h,True
TXN107473,948.59,bank_timeout,bank_timeout,retry_2h,False,retry_24h,False
TXN107474,7242.29,bank_timeout,bank_timeout,retry_2h,False,retry_24h,True
TXN107475,11783.03,fraud_false_positive,fraud_false_positive,suggest_alt_payment_method,True,retry_24h,True
TXN107476,1371.7,network_error,network_error,retry_immediate,True,retry_24h,True
TXN107477,3464.8,insufficient_funds,insufficient_funds,retry_72h,False,retry_24h,False
TXN107478,984.34,bank_timeout,bank_timeout,retry_2h,True,retry_24h,False
TXN107479,3211.11,fraud_false_positive,fraud_false_positive,suggest_alt_payment_method,True,retry_24h,True
TXN107480,2253.08,bank_timeout,bank_timeout,retry_2h,False,retry_24h,False
TXN107481,4189.17,insufficient_funds,insufficient_funds,retry_72h,False,retry_24h,False
TXN107482,9832.75,insufficient_funds,insufficient_funds,retry_72h,True,retry_24h,False
TXN107483,3640.27,insufficient_funds,insufficient_funds,retry_72h,False,retry_24h,False
TXN107484,1282.25,network_error,network_error,retry_immediate,True,retry_24h,False
TXN107485,5471.2,insufficient_funds,insufficient_funds,retry_72h,False,retry_24h,False
TXN107486,514.16,bank_timeout,bank_timeout,retry_2h,False,retry_24h,False
TXN107487,1190.02,insufficient_funds,insufficient_funds,retry_72h,False,retry_24h,False
TXN107488,743.86,network_error,network_error,retry_immediate,False,retry_24h,False
TXN107489,1447.83,insufficient_funds,insufficient_funds,retry_72h,True,retry_24h,False
TXN107490,1221.33,network_error,network_error,retry_immediate,False,retry_24h,False
TXN107491,4009.19,bank_timeout,bank_timeout,retry_2h,False,retry_24h,False
TXN107492,1530.54,fraud_false_positive,fraud_false_positive,suggest_alt_payment_method,True,retry_24h,False
TXN107493,1914.72,network_error,network_error,retry_immediate,True,retry_24h,True
TXN107494,2538.04,bank_timeout,bank_timeout,retry_2h,False,retry_24h,False
TXN107495,1872.45,network_error,network_error,retry_immediate,True,retry_24h,False
TXN107496,2617.29,insufficient_funds,insufficient_funds,suggest_alt_payment_method,False,retry_24h,True
TXN107497,3009.05,bank_timeout,bank_timeout,retry_2h,True,retry_24h,True
TXN107498,3222.99,insufficient_funds,insufficient_funds,retry_72h,True,retry_24h,True
TXN107499,5602.51,insufficient_funds,insufficient_funds,retry_72h,False,retry_24h,False
TXN107500,3155.0,insufficient_funds,insufficient_funds,retry_72h,True,retry_24h,False
TXN107501,1454.33,network_error,network_error,retry_24h,False,retry_24h,True
TXN107502,5937.93,insufficient_funds,insufficient_funds,retry_72h,False,retry_24h,False
TXN107503,2006.25,bank_timeout,bank_timeout,retry_24h,True,retry_24h,True
TXN107504,1868.96,insufficient_funds,insufficient_funds,retry_72h,True,retry_24h,False
TXN107505,3544.05,network_error,network_error,retry_24h,False,retry_24h,False
TXN107506,3189.92,insufficient_funds,insufficient_funds,retry_72h,True,retry_24h,False
TXN107507,2844.18,insufficient_funds,insufficient_funds,retry_72h,False,retry_24h,False
TXN107508,681.18,insufficient_funds,insufficient_funds,suggest_alt_payment_method,False,retry_24h,True
TXN107509,2038.78,bank_timeout,bank_timeout,retry_2h,False,retry_24h,False
TXN107510,4342.07,insufficient_funds,insufficient_funds,retry_72h,True,retry_24h,True
TXN107511,3690.61,insufficient_funds,insufficient_funds,retry_72h,False,retry_24h,False
TXN107512,1761.45,bank_timeout,bank_timeout,retry_2h,True,retry_24h,False
TXN107513,7188.03,insufficient_funds,insufficient_funds,retry_72h,False,retry_24h,False
TXN107514,9398.82,insufficient_funds,insufficient_funds,suggest_alt_payment_method,True,retry_24h,False
TXN107515,4991.24,insufficient_funds,insufficient_funds,retry_72h,False,retry_24h,False
TXN107516,2974.85,insufficient_funds,insufficient_funds,retry_72h,False,retry_24h,False
TXN107517,5091.2,bank_timeout,bank_timeout,retry_2h,False,retry_24h,False
TXN107518,854.24,network_error,network_error,retry_immediate,False,retry_24h,False
TXN107519,304.71,fraud_false_positive,fraud_false_positive,suggest_alt_payment_method,False,retry_24h,False
TXN107520,4052.39,fraud_false_positive,fraud_false_positive,suggest_alt_payment_method,True,retry_24h,False
TXN107521,2500.54,insufficient_funds,insufficient_funds,retry_72h,False,retry_24h,False
TXN107522,2359.87,network_error,network_error,retry_immediate,False,retry_24h,False
TXN107523,1143.11,network_error,network_error,retry_immediate,True,retry_24h,False
TXN107524,7670.86,fraud_false_positive,fraud_false_positive,suggest_alt_payment_method,False,retry_24h,False
TXN107525,7375.02,insufficient_funds,insufficient_funds,retry_72h,False,retry_24h,False
TXN107526,856.16,insufficient_funds,insufficient_funds,retry_72h,False,retry_24h,True
TXN107527,2636.61,insufficient_funds,insufficient_funds,retry_72h,True,retry_24h,False
TXN107528,3817.94,insufficient_funds,insufficient_funds,retry_72h,False,retry_24h,False
TXN107529,344.81,network_error,network_error,retry_immediate,True,retry_24h,False
TXN107530,619.56,bank_timeout,bank_timeout,retry_2h,False,retry_24h,False
TXN107531,1142.79,bank_timeout,bank_timeout,retry_2h,False,retry_24h,False
TXN107532,515.22,network_error,network_error,retry_immediate,False,retry_24h,False
TXN107533,1179.07,fraud_false_positive,fraud_false_positive,suggest_alt_payment_method,True,retry_24h,False
TXN107534,9407.8,insufficient_funds,insufficient_funds,retry_72h,False,retry_24h,False
TXN107535,4520.57,fraud_false_positive,fraud_false_positive,suggest_alt_payment_method,True,retry_24h,False
TXN107536,3040.57,insufficient_funds,insufficient_funds,retry_72h,False,retry_24h,False
TXN107537,4761.49,fraud_false_positive,fraud_false_positive,suggest_alt_payment_method,True,retry_24h,False
TXN107538,3199.01,insufficient_funds,insufficient_funds,retry_72h,True,retry_24h,False
TXN107539,3058.44,network_error,network_error,retry_immediate,True,retry_24h,True
TXN107540,3107.92,bank_timeout,bank_timeout,retry_2h,True,retry_24h,False
TXN107541,3963.17,bank_timeout,bank_timeout,retry_2h,False,retry_24h,True
TXN107542,2077.6,insufficient_funds,insufficient_funds,retry_72h,False,retry_24h,False
TXN107543,889.83,network_error,bank_timeout,retry_2h,True,retry_24h,True
TXN107544,3568.84,bank_timeout,bank_timeout,retry_2h,True,retry_24h,False
TXN107545,1410.82,fraud_false_positive,fraud_false_positive,suggest_alt_payment_method,False,retry_24h,False
TXN107546,1197.48,insufficient_funds,insufficient_funds,retry_72h,False,retry_24h,False
TXN107547,1004.74,bank_timeout,bank_timeout,retry_2h,True,retry_24h,False
TXN107548,1275.11,bank_timeout,bank_timeout,retry_24h,True,retry_24h,False
TXN107549,5081.88,network_error,network_error,retry_immediate,False,retry_24h,False
TXN107550,850.17,network_error,network_error,retry_immediate,True,retry_24h,False
TXN107551,13297.42,fraud_false_positive,fraud_false_positive,suggest_alt_payment_method,False,retry_24h,False
TXN107552,1744.86,bank_timeout,bank_timeout,retry_2h,True,retry_24h,True
TXN107553,161.05,bank_timeout,bank_timeout,retry_2h,True,retry_24h,True
TXN107554,2545.12,bank_timeout,bank_timeout,retry_2h,True,retry_24h,False
TXN107555,3073.28,network_error,network_error,retry_24h,True,retry_24h,True
TXN107556,2481.17,insufficient_funds,insufficient_funds,retry_72h,False,retry_24h,True
TXN107557,2808.79,network_error,network_error,retry_immediate,True,retry_24h,False
TXN107558,1238.86,network_error,network_error,retry_immediate,False,retry_24h,False
TXN107559,1015.01,insufficient_funds,insufficient_funds,retry_72h,True,retry_24h,False
TXN107560,1992.61,network_error,network_error,retry_immediate,False,retry_24h,False
TXN107561,191.34,network_error,insufficient_funds,retry_72h,True,retry_24h,False
TXN107562,495.43,network_error,network_error,retry_immediate,True,retry_24h,True
TXN107563,556.37,insufficient_funds,insufficient_funds,retry_72h,False,retry_24h,False
TXN107564,1994.94,network_error,network_error,retry_immediate,False,retry_24h,False
TXN107565,4684.08,insufficient_funds,insufficient_funds,retry_72h,True,retry_24h,False
TXN107566,2457.6,bank_timeout,bank_timeout,retry_2h,True,retry_24h,True
TXN107567,943.77,bank_timeout,bank_timeout,retry_2h,True,retry_24h,True
TXN107568,1572.72,insufficient_funds,insufficient_funds,retry_72h,False,retry_24h,False
TXN107569,1422.6,insufficient_funds,insufficient_funds,retry_72h,False,retry_24h,False
TXN107570,4158.98,insufficient_funds,insufficient_funds,retry_72h,False,retry_24h,False
TXN107571,1958.16,network_error,network_error,retry_immediate,True,retry_24h,False
TXN107572,3475.98,bank_timeout,bank_timeout,retry_2h,True,retry_24h,False
TXN107573,5264.95,insufficient_funds,insufficient_funds,retry_72h,True,retry_24h,False
TXN107574,1477.56,bank_timeout,bank_timeout,retry_2h,True,retry_24h,True
TXN107575,2686.21,bank_timeout,bank_timeout,retry_2h,False,retry_24h,True
TXN107576,302.52,insufficient_funds,insufficient_funds,retry_72h,True,retry_24h,True
TXN107577,1134.02,fraud_false_positive,fraud_false_positive,suggest_alt_payment_method,False,retry_24h,False
TXN107578,817.36,insufficient_funds,insufficient_funds,retry_72h,True,retry_24h,True
TXN107579,2942.39,network_error,network_error,retry_immediate,True,retry_24h,False
TXN107580,2018.35,bank_timeout,bank_timeout,retry_2h,False,retry_24h,False
TXN107581,5619.17,insufficient_funds,insufficient_funds,retry_72h,False,retry_24h,True
TXN107582,4119.35,fraud_false_positive,fraud_false_positive,suggest_alt_payment_method,True,retry_24h,False
TXN107583,1004.98,bank_timeout,bank_timeout,retry_2h,True,retry_24h,True
TXN107584,3209.72,fraud_false_positive,fraud_false_positive,suggest_alt_payment_method,False,retry_24h,False
TXN107585,7178.82,insufficient_funds,insufficient_funds,retry_72h,False,retry_24h,True
TXN107586,5111.76,fraud_false_positive,fraud_false_positive,suggest_alt_payment_method,True,retry_24h,False
TXN107587,2439.63,insufficient_funds,insufficient_funds,retry_72h,False,retry_24h,False
TXN107588,3169.29,insufficient_funds,insufficient_funds,suggest_alt_payment_method,False,retry_24h,False
TXN107589,409.66,network_error,network_error,retry_immediate,True,retry_24h,True
TXN107590,842.91,network_error,network_error,retry_immediate,False,retry_24h,True
TXN107591,3104.8,insufficient_funds,insufficient_funds,retry_72h,False,retry_24h,False
TXN107592,1746.44,network_error,network_error,suggest_alt_payment_method,False,retry_24h,True
TXN107593,1553.57,insufficient_funds,insufficient_funds,retry_72h,True,retry_24h,False
TXN107594,5427.97,fraud_false_positive,fraud_false_positive,suggest_alt_payment_method,False,retry_24h,False
TXN107595,2205.72,insufficient_funds,insufficient_funds,retry_72h,False,retry_24h,False
TXN107596,2161.97,insufficient_funds,insufficient_funds,retry_72h,True,retry_24h,False
TXN107597,742.57,network_error,bank_timeout,retry_2h,True,retry_24h,True
TXN107598,741.04,insufficient_funds,insufficient_funds,retry_72h,True,retry_24h,False
TXN107599,2861.8,insufficient_funds,insufficient_funds,retry_72h,True,retry_24h,False
TXN107600,1152.43,network_error,network_error,retry_immediate,True,retry_24h,False
TXN107601,5574.27,insufficient_funds,insufficient_funds,retry_72h,True,retry_24h,False
TXN107602,2646.29,insufficient_funds,insufficient_funds,suggest_alt_payment_method,False,retry_24h,False
TXN107603,4093.46,fraud_false_positive,fraud_false_positive,suggest_alt_payment_method,True,retry_24h,False
TXN107604,696.28,bank_timeout,bank_timeout,retry_2h,True,retry_24h,False
TXN107605,1132.51,insufficient_funds,insufficient_funds,retry_72h,False,retry_24h,False
TXN107606,8253.6,insufficient_funds,insufficient_funds,retry_72h,False,retry_24h,True
TXN107607,902.35,network_error,network_error,retry_immediate,True,retry_24h,False
TXN107608,1459.36,network_error,network_error,retry_immediate,False,retry_24h,True
TXN107609,2724.53,network_error,network_error,retry_immediate,True,retry_24h,True
TXN107610,2880.31,insufficient_funds,insufficient_funds,retry_72h,True,retry_24h,True
TXN107611,7648.36,insufficient_funds,insufficient_funds,retry_72h,True,retry_24h,False
TXN107612,474.29,network_error,network_error,retry_immediate,False,retry_24h,False
TXN107613,2634.2,insufficient_funds,insufficient_funds,retry_72h,True,retry_24h,True
TXN107614,1408.54,fraud_false_positive,fraud_false_positive,suggest_alt_payment_method,True,retry_24h,False
TXN107615,2739.61,fraud_false_positive,fraud_false_positive,suggest_alt_payment_method,True,retry_24h,False
TXN107616,1396.93,insufficient_funds,insufficient_funds,retry_72h,True,retry_24h,True
TXN107617,3012.33,insufficient_funds,insufficient_funds,retry_72h,False,retry_24h,False
TXN107618,2566.6,network_error,network_error,retry_immediate,True,retry_24h,False
TXN107619,7165.15,insufficient_funds,insufficient_funds,retry_72h,False,retry_24h,True
TXN107620,15012.85,fraud_false_positive,fraud_false_positive,suggest_alt_payment_method,False,retry_24h,False
TXN107621,3255.98,network_error,network_error,retry_immediate,True,retry_24h,True
TXN107622,3501.38,insufficient_funds,insufficient_funds,retry_72h,False,retry_24h,True
TXN107623,826.69,network_error,network_error,retry_immediate,True,retry_24h,False
TXN107624,3210.49,network_error,network_error,retry_immediate,False,retry_24h,False
TXN107625,2166.01,insufficient_funds,insufficient_funds,retry_72h,False,retry_24h,False
TXN107626,3669.66,insufficient_funds,insufficient_funds,retry_72h,False,retry_24h,False
TXN107627,984.21,network_error,bank_timeout,retry_2h,True,retry_24h,True
TXN107628,1314.97,insufficient_funds,insufficient_funds,retry_72h,False,retry_24h,False
TXN107629,1019.59,bank_timeout,bank_timeout,retry_2h,True,retry_24h,True
TXN107630,3632.08,fraud_false_positive,fraud_false_positive,suggest_alt_payment_method,True,retry_24h,True
TXN107631,1705.63,insufficient_funds,insufficient_funds,retry_72h,False,retry_24h,False
TXN107632,1991.21,insufficient_funds,insufficient_funds,retry_72h,False,retry_24h,False
TXN107633,1570.04,insufficient_funds,insufficient_funds,retry_72h,True,retry_24h,False
TXN107634,4357.36,fraud_false_positive,fraud_false_positive,suggest_alt_payment_method,False,retry_24h,False
TXN107635,4685.71,network_error,network_error,retry_immediate,True,retry_24h,True
TXN107636,2103.3,insufficient_funds,insufficient_funds,retry_72h,True,retry_24h,False
TXN107637,771.54,insufficient_funds,insufficient_funds,retry_72h,False,retry_24h,False
TXN107638,2277.96,fraud_false_positive,fraud_false_positive,suggest_alt_payment_method,False,retry_24h,False
TXN107639,2453.54,insufficient_funds,insufficient_funds,retry_72h,False,retry_24h,False
TXN107640,1062.61,bank_timeout,bank_timeout,retry_2h,True,retry_24h,True
TXN107641,2255.98,insufficient_funds,insufficient_funds,retry_72h,False,retry_24h,True
TXN107642,3644.15,insufficient_funds,insufficient_funds,retry_72h,False,retry_24h,False
TXN107643,1309.13,insufficient_funds,insufficient_funds,retry_72h,False,retry_24h,False
TXN107644,2093.3,network_error,network_error,retry_immediate,False,retry_24h,True
TXN107645,1509.42,network_error,network_error,retry_immediate,False,retry_24h,False
TXN107646,1629.9,bank_timeout,bank_timeout,retry_2h,True,retry_24h,True
TXN107647,1418.85,bank_timeout,bank_timeout,retry_2h,False,retry_24h,False
TXN107648,6478.8,fraud_false_positive,fraud_false_positive,suggest_alt_payment_method,False,retry_24h,False
TXN107649,2221.52,insufficient_funds,insufficient_funds,retry_72h,True,retry_24h,False
TXN107650,935.27,bank_timeout,bank_timeout,retry_2h,True,retry_24h,True
TXN107651,7584.74,insufficient_funds,insufficient_funds,retry_72h,False,retry_24h,False
TXN107652,703.55,fraud_false_positive,fraud_false_positive,suggest_alt_payment_method,False,retry_24h,True
TXN107653,615.87,bank_timeout,bank_timeout,retry_24h,False,retry_24h,True
TXN107654,1673.75,insufficient_funds,insufficient_funds,retry_72h,False,retry_24h,False
TXN107655,1410.57,network_error,network_error,retry_immediate,False,retry_24h,False
TXN107656,5696.21,fraud_false_positive,fraud_false_positive,suggest_alt_payment_method,False,retry_24h,False
TXN107657,153.8,network_error,network_error,retry_immediate,False,retry_24h,True
TXN107658,680.74,insufficient_funds,insufficient_funds,retry_72h,False,retry_24h,False
TXN107659,2852.88,insufficient_funds,insufficient_funds,retry_72h,True,retry_24h,False
TXN107660,1996.86,bank_timeout,bank_timeout,suggest_alt_payment_method,False,retry_24h,False
TXN107661,4670.49,insufficient_funds,insufficient_funds,retry_72h,True,retry_24h,False
TXN107662,1669.61,network_error,network_error,retry_immediate,False,retry_24h,False
TXN107663,1087.65,network_error,network_error,retry_immediate,False,retry_24h,False
TXN107664,1002.75,network_error,network_error,retry_immediate,True,retry_24h,True
TXN107665,2868.14,bank_timeout,bank_timeout,retry_2h,True,retry_24h,False
TXN107666,1509.96,insufficient_funds,insufficient_funds,retry_72h,True,retry_24h,False
TXN107667,2495.27,fraud_false_positive,fraud_false_positive,suggest_alt_payment_method,False,retry_24h,False
TXN107668,2258.65,bank_timeout,bank_timeout,retry_2h,True,retry_24h,True
TXN107669,8217.01,insufficient_funds,insufficient_funds,retry_72h,False,retry_24h,False
TXN107670,4798.02,fraud_false_positive,fraud_false_positive,suggest_alt_payment_method,True,retry_24h,False
TXN107671,1445.81,network_error,network_error,retry_immediate,True,retry_24h,False
TXN107672,3709.5,network_error,network_error,retry_immediate,False,retry_24h,True
TXN107673,2696.04,network_error,network_error,retry_immediate,True,retry_24h,False
TXN107674,1265.64,network_error,network_error,retry_immediate,False,retry_24h,False
TXN107675,2716.27,insufficient_funds,insufficient_funds,retry_72h,True,retry_24h,True
TXN107676,1501.53,fraud_false_positive,fraud_false_positive,suggest_alt_payment_method,False,retry_24h,False
TXN107677,403.42,insufficient_funds,insufficient_funds,retry_72h,True,retry_24h,False
TXN107678,2884.55,bank_timeout,bank_timeout,retry_2h,True,retry_24h,False
TXN107679,1049.79,network_error,network_error,retry_immediate,True,retry_24h,True
TXN107680,5000.06,insufficient_funds,insufficient_funds,suggest_alt_payment_method,False,retry_24h,True
TXN107681,4745.21,insufficient_funds,insufficient_funds,retry_72h,False,retry_24h,False
TXN107682,2314.59,bank_timeout,bank_timeout,retry_2h,False,retry_24h,False
TXN107683,10160.82,insufficient_funds,insufficient_funds,retry_72h,True,retry_24h,False
TXN107684,6945.54,bank_timeout,bank_timeout,retry_2h,True,retry_24h,True
TXN107685,1055.9,insufficient_funds,insufficient_funds,retry_72h,False,retry_24h,True
TXN107686,1296.21,bank_timeout,bank_timeout,retry_24h,True,retry_24h,False
TXN107687,3278.64,insufficient_funds,insufficient_funds,retry_72h,False,retry_24h,False
TXN107688,2091.56,network_error,network_error,retry_immediate,False,retry_24h,False
TXN107689,7970.95,insufficient_funds,insufficient_funds,retry_72h,False,retry_24h,False
TXN107690,1552.18,insufficient_funds,insufficient_funds,retry_72h,False,retry_24h,True
TXN107691,3834.13,network_error,network_error,retry_immediate,True,retry_24h,False
TXN107692,2465.5,network_error,network_error,retry_immediate,True,retry_24h,False
TXN107693,4057.76,bank_timeout,bank_timeout,retry_2h,True,retry_24h,False
TXN107694,13908.52,insufficient_funds,insufficient_funds,retry_72h,False,retry_24h,True
TXN107695,1194.72,network_error,network_error,retry_immediate,True,retry_24h,False
TXN107696,109.94,insufficient_funds,insufficient_funds,retry_72h,True,retry_24h,False
TXN107697,1513.98,bank_timeout,bank_timeout,retry_2h,True,retry_24h,False
TXN107698,5134.79,fraud_false_positive,fraud_false_positive,suggest_alt_payment_method,False,retry_24h,False
TXN107699,9135.57,insufficient_funds,insufficient_funds,retry_72h,False,retry_24h,False
TXN107700,4481.21,network_error,network_error,retry_immediate,True,retry_24h,False
TXN107701,847.8,network_error,network_error,retry_immediate,True,retry_24h,False
TXN107702,4838.28,insufficient_funds,insufficient_funds,suggest_alt_payment_method,False,retry_24h,False
TXN107703,696.88,bank_timeout,bank_timeout,retry_2h,True,retry_24h,True
TXN107704,1227.81,insufficient_funds,insufficient_funds,retry_72h,False,retry_24h,False
TXN107705,3286.63,insufficient_funds,insufficient_funds,retry_72h,False,retry_24h,True
TXN107706,2894.36,bank_timeout,bank_timeout,retry_2h,True,retry_24h,False
TXN107707,4647.42,insufficient_funds,insufficient_funds,retry_72h,False,retry_24h,False
TXN107708,3532.46,bank_timeout,bank_timeout,retry_2h,True,retry_24h,False
TXN107709,3278.18,insufficient_funds,insufficient_funds,retry_72h,True,retry_24h,False
TXN107710,2278.73,insufficient_funds,insufficient_funds,retry_72h,False,retry_24h,False
TXN107711,4362.28,bank_timeout,bank_timeout,retry_2h,True,retry_24h,False
TXN107712,1372.08,bank_timeout,bank_timeout,retry_2h,True,retry_24h,True
TXN107713,2686.21,bank_timeout,bank_timeout,retry_2h,True,retry_24h,True
TXN107714,646.99,network_error,network_error,retry_immediate,True,retry_24h,False
TXN107715,1085.1,bank_timeout,bank_timeout,retry_24h,True,retry_24h,False
TXN107716,7852.26,fraud_false_positive,fraud_false_positive,suggest_alt_payment_method,True,retry_24h,False
TXN107717,1889.67,bank_timeout,bank_timeout,retry_2h,True,retry_24h,True
TXN107718,4642.64,insufficient_funds,insufficient_funds,retry_72h,False,retry_24h,False
TXN107719,2189.77,insufficient_funds,insufficient_funds,retry_72h,False,retry_24h,False
TXN107720,3936.75,insufficient_funds,insufficient_funds,retry_72h,True,retry_24h,False
TXN107721,3828.02,insufficient_funds,insufficient_funds,retry_72h,False,retry_24h,False
TXN107722,605.35,fraud_false_positive,fraud_false_positive,suggest_alt_payment_method,False,retry_24h,True
TXN107723,956.25,network_error,network_error,retry_immediate,True,retry_24h,False
TXN107724,841.09,bank_timeout,bank_timeout,retry_2h,True,retry_24h,False
TXN107725,6870.41,insufficient_funds,insufficient_funds,retry_72h,False,retry_24h,False
TXN107726,3105.6,insufficient_funds,insufficient_funds,retry_72h,True,retry_24h,False
TXN107727,501.82,network_error,network_error,retry_immediate,False,retry_24h,False
TXN107728,1448.39,fraud_false_positive,fraud_false_positive,suggest_alt_payment_method,False,retry_24h,True
TXN107729,407.44,bank_timeout,bank_timeout,retry_2h,False,retry_24h,True
TXN107730,4060.8,insufficient_funds,insufficient_funds,retry_72h,False,retry_24h,True
TXN107731,1566.97,bank_timeout,bank_timeout,retry_2h,False,retry_24h,True
TXN107732,795.21,network_error,network_error,retry_immediate,True,retry_24h,True
TXN107733,5620.5,bank_timeout,bank_timeout,retry_2h,True,retry_24h,False
TXN107734,1482.92,network_error,network_error,retry_immediate,True,retry_24h,True
TXN107735,729.41,insufficient_funds,insufficient_funds,retry_72h,True,retry_24h,False
TXN107736,1514.13,bank_timeout,bank_timeout,retry_2h,True,retry_24h,True
TXN107737,8619.63,insufficient_funds,insufficient_funds,retry_72h,False,retry_24h,False
TXN107738,1666.42,fraud_false_positive,fraud_false_positive,suggest_alt_payment_method,False,retry_24h,False
TXN107739,4175.58,fraud_false_positive,fraud_false_positive,suggest_alt_payment_method,False,retry_24h,False
TXN107740,3446.42,insufficient_funds,insufficient_funds,suggest_alt_payment_method,False,retry_24h,True
TXN107741,3259.68,fraud_false_positive,fraud_false_positive,suggest_alt_payment_method,True,retry_24h,False
TXN107742,1408.27,bank_timeout,bank_timeout,retry_2h,True,retry_24h,False
TXN107743,2622.25,network_error,network_error,retry_24h,False,retry_24h,True
TXN107744,4968.69,insufficient_funds,insufficient_funds,retry_72h,False,retry_24h,False
TXN107745,6439.2,insufficient_funds,insufficient_funds,retry_72h,False,retry_24h,True
TXN107746,1071.36,bank_timeout,bank_timeout,retry_2h,True,retry_24h,False
TXN107747,1338.23,network_error,network_error,retry_immediate,True,retry_24h,False
TXN107748,4520.52,insufficient_funds,insufficient_funds,retry_72h,False,retry_24h,False
TXN107749,1272.12,bank_timeout,bank_timeout,retry_2h,False,retry_24h,False
TXN107750,1259.13,insufficient_funds,insufficient_funds,retry_72h,True,retry_24h,True
TXN107751,3171.5,network_error,network_error,retry_immediate,True,retry_24h,False
TXN107752,2215.67,fraud_false_positive,fraud_false_positive,suggest_alt_payment_method,False,retry_24h,False
TXN107753,530.28,bank_timeout,bank_timeout,retry_2h,True,retry_24h,True
TXN107754,2003.45,fraud_false_positive,fraud_false_positive,suggest_alt_payment_method,True,retry_24h,False
TXN107755,1334.34,fraud_false_positive,fraud_false_positive,suggest_alt_payment_method,False,retry_24h,False
TXN107756,3712.38,insufficient_funds,insufficient_funds,retry_72h,True,retry_24h,True
TXN107757,2698.82,insufficient_funds,insufficient_funds,retry_72h,False,retry_24h,False
TXN107758,987.19,bank_timeout,network_error,retry_immediate,True,retry_24h,False
TXN107759,9069.92,insufficient_funds,insufficient_funds,retry_72h,False,retry_24h,False
TXN107760,9076.91,insufficient_funds,insufficient_funds,retry_72h,False,retry_24h,False
TXN107761,2306.16,bank_timeout,bank_timeout,retry_2h,False,retry_24h,True
TXN107762,1913.47,bank_timeout,bank_timeout,retry_2h,False,retry_24h,True
TXN107763,2076.8,bank_timeout,bank_timeout,retry_2h,True,retry_24h,False
TXN107764,8637.21,insufficient_funds,insufficient_funds,retry_72h,False,retry_24h,True
TXN107765,12606.79,insufficient_funds,insufficient_funds,retry_72h,True,retry_24h,False
TXN107766,2161.29,fraud_false_positive,fraud_false_positive,suggest_alt_payment_method,True,retry_24h,False
TXN107767,1659.81,fraud_false_positive,fraud_false_positive,suggest_alt_payment_method,True,retry_24h,False
TXN107768,4081.44,insufficient_funds,insufficient_funds,retry_72h,False,retry_24h,False
TXN107769,4125.87,insufficient_funds,insufficient_funds,retry_72h,True,retry_24h,False
TXN107770,2111.46,fraud_false_positive,fraud_false_positive,suggest_alt_payment_method,True,retry_24h,False
TXN107771,1506.78,fraud_false_positive,fraud_false_positive,suggest_alt_payment_method,True,retry_24h,False
TXN107772,1964.08,insufficient_funds,insufficient_funds,retry_72h,True,retry_24h,False
TXN107773,3658.83,fraud_false_positive,fraud_false_positive,suggest_alt_payment_method,True,retry_24h,False
TXN107774,3078.64,network_error,network_error,retry_immediate,True,retry_24h,False
TXN107775,2413.66,insufficient_funds,insufficient_funds,retry_72h,True,retry_24h,False
TXN107776,2872.95,network_error,network_error,retry_immediate,True,retry_24h,True
TXN107777,2151.28,network_error,network_error,retry_immediate,True,retry_24h,True
TXN107778,1438.58,insufficient_funds,insufficient_funds,retry_72h,False,retry_24h,False
TXN107779,2164.74,bank_timeout,bank_timeout,retry_2h,True,retry_24h,True
TXN107780,8728.72,fraud_false_positive,fraud_false_positive,suggest_alt_payment_method,False,retry_24h,True
TXN107781,5205.6,fraud_false_positive,fraud_false_positive,suggest_alt_payment_method,True,retry_24h,False
TXN107782,3651.24,bank_timeout,bank_timeout,retry_2h,False,retry_24h,False
TXN107783,4785.26,insufficient_funds,insufficient_funds,retry_72h,True,retry_24h,False
TXN107784,1766.27,insufficient_funds,insufficient_funds,retry_72h,False,retry_24h,True
TXN107785,4982.97,fraud_false_positive,fraud_false_positive,suggest_alt_payment_method,False,retry_24h,False
TXN107786,2413.51,bank_timeout,bank_timeout,retry_2h,True,retry_24h,False
TXN107787,1842.17,bank_timeout,bank_timeout,retry_2h,True,retry_24h,False
TXN107788,229.7,insufficient_funds,insufficient_funds,retry_72h,False,retry_24h,False
TXN107789,1039.5,bank_timeout,bank_timeout,retry_2h,False,retry_24h,False
TXN107790,2184.01,fraud_false_positive,fraud_false_positive,suggest_alt_payment_method,False,retry_24h,False
TXN107791,4503.42,insufficient_funds,insufficient_funds,retry_72h,True,retry_24h,False
TXN107792,1172.58,network_error,network_error,retry_immediate,False,retry_24h,True
TXN107793,1263.55,bank_timeout,bank_timeout,retry_2h,False,retry_24h,True
TXN107794,1051.58,insufficient_funds,insufficient_funds,retry_72h,True,retry_24h,True
TXN107795,2316.39,insufficient_funds,insufficient_funds,suggest_alt_payment_method,True,retry_24h,False
TXN107796,2435.39,insufficient_funds,insufficient_funds,retry_72h,False,retry_24h,False
TXN107797,3864.83,bank_timeout,bank_timeout,retry_2h,True,retry_24h,False
TXN107798,836.5,bank_timeout,bank_timeout,retry_2h,True,retry_24h,False
TXN107799,2549.37,insufficient_funds,insufficient_funds,retry_72h,True,retry_24h,True
TXN107800,2988.0,fraud_false_positive,fraud_false_positive,suggest_alt_payment_method,False,retry_24h,False
TXN107801,2787.08,insufficient_funds,insufficient_funds,retry_72h,True,retry_24h,True
TXN107802,2603.99,bank_timeout,bank_timeout,retry_2h,False,retry_24h,False
TXN107803,1370.46,insufficient_funds,insufficient_funds,retry_72h,False,retry_24h,False
TXN107804,1653.83,bank_timeout,bank_timeout,retry_24h,False,retry_24h,True
TXN107805,2405.45,network_error,network_error,retry_immediate,True,retry_24h,False
TXN107806,1241.14,network_error,network_error,retry_immediate,False,retry_24h,False
TXN107807,1957.47,bank_timeout,bank_timeout,retry_2h,True,retry_24h,True
TXN107808,1949.32,insufficient_funds,insufficient_funds,suggest_alt_payment_method,False,retry_24h,False
TXN107809,4560.26,insufficient_funds,insufficient_funds,retry_72h,True,retry_24h,False
TXN107810,596.15,bank_timeout,bank_timeout,retry_24h,True,retry_24h,True
TXN107811,5415.14,fraud_false_positive,fraud_false_positive,suggest_alt_payment_method,True,retry_24h,False
TXN107812,3389.37,insufficient_funds,insufficient_funds,suggest_alt_payment_method,True,retry_24h,True
TXN107813,708.75,network_error,network_error,retry_immediate,True,retry_24h,False
TXN107814,1803.0,network_error,network_error,retry_immediate,False,retry_24h,False
TXN107815,3991.01,fraud_false_positive,fraud_false_positive,suggest_alt_payment_method,False,retry_24h,False
TXN107816,6383.1,insufficient_funds,insufficient_funds,retry_72h,False,retry_24h,False
TXN107817,408.28,network_error,network_error,retry_immediate,True,retry_24h,False
TXN107818,2871.43,insufficient_funds,insufficient_funds,retry_72h,False,retry_24h,True
TXN107819,4924.11,insufficient_funds,insufficient_funds,retry_72h,False,retry_24h,False
TXN107820,1986.47,network_error,network_error,retry_immediate,False,retry_24h,True
TXN107821,2066.31,network_error,network_error,retry_immediate,False,retry_24h,True
TXN107822,6852.56,fraud_false_positive,fraud_false_positive,suggest_alt_payment_method,True,retry_24h,False
TXN107823,2621.06,insufficient_funds,insufficient_funds,retry_72h,False,retry_24h,True
TXN107824,5974.74,insufficient_funds,insufficient_funds,retry_72h,False,retry_24h,True
TXN107825,2546.48,bank_timeout,bank_timeout,retry_2h,True,retry_24h,False
TXN107826,3403.85,insufficient_funds,insufficient_funds,retry_72h,True,retry_24h,False
TXN107827,1097.76,network_error,network_error,retry_immediate,True,retry_24h,False
TXN107828,3590.92,network_error,network_error,retry_immediate,False,retry_24h,True
TXN107829,1429.68,insufficient_funds,insufficient_funds,retry_72h,False,retry_24h,False
TXN107830,1538.37,bank_timeout,bank_timeout,retry_2h,True,retry_24h,True
TXN107831,1981.04,network_error,network_error,retry_immediate,True,retry_24h,True
TXN107832,6453.44,insufficient_funds,insufficient_funds,retry_72h,True,retry_24h,False
TXN107833,9034.0,insufficient_funds,insufficient_funds,retry_72h,False,retry_24h,False
TXN107834,3125.99,bank_timeout,bank_timeout,retry_2h,True,retry_24h,False
TXN107835,3144.94,insufficient_funds,insufficient_funds,retry_72h,True,retry_24h,False
TXN107836,1278.16,bank_timeout,bank_timeout,retry_2h,True,retry_24h,False
TXN107837,5728.85,bank_timeout,bank_timeout,retry_2h,True,retry_24h,True
TXN107838,579.21,insufficient_funds,insufficient_funds,retry_72h,True,retry_24h,False
TXN107839,1118.22,insufficient_funds,insufficient_funds,retry_72h,False,retry_24h,False
TXN107840,1871.04,bank_timeout,bank_timeout,retry_2h,True,retry_24h,False
TXN107841,2594.98,network_error,network_error,retry_immediate,True,retry_24h,False
TXN107842,4725.19,network_error,network_error,retry_immediate,True,retry_24h,True
TXN107843,1554.42,fraud_false_positive,fraud_false_positive,suggest_alt_payment_method,False,retry_24h,False
TXN107844,3385.22,insufficient_funds,insufficient_funds,retry_72h,True,retry_24h,False
TXN107845,1577.69,network_error,network_error,retry_immediate,True,retry_24h,False
TXN107846,6661.41,insufficient_funds,insufficient_funds,retry_72h,True,retry_24h,False
TXN107847,1762.65,bank_timeout,bank_timeout,retry_2h,True,retry_24h,True
TXN107848,879.59,network_error,network_error,retry_immediate,True,retry_24h,False
TXN107849,43.69,bank_timeout,bank_timeout,retry_2h,True,retry_24h,False
TXN107850,6133.27,bank_timeout,bank_timeout,suggest_alt_payment_method,False,retry_24h,True
TXN107851,4683.83,insufficient_funds,insufficient_funds,retry_72h,False,retry_24h,False
TXN107852,698.53,network_error,network_error,retry_immediate,True,retry_24h,False
TXN107853,8870.57,insufficient_funds,insufficient_funds,retry_72h,True,retry_24h,False
TXN107854,3936.42,insufficient_funds,insufficient_funds,retry_72h,False,retry_24h,False
TXN107855,8017.88,insufficient_funds,insufficient_funds,retry_72h,True,retry_24h,False
TXN107856,1330.02,network_error,bank_timeout,retry_2h,True,retry_24h,True
TXN107857,3680.79,fraud_false_positive,fraud_false_positive,suggest_alt_payment_method,True,retry_24h,False
TXN107858,813.83,bank_timeout,bank_timeout,retry_2h,True,retry_24h,True
TXN107859,2727.69,fraud_false_positive,fraud_false_positive,suggest_alt_payment_method,True,retry_24h,False
TXN107860,7178.84,insufficient_funds,insufficient_funds,retry_72h,True,retry_24h,False
TXN107861,4044.69,insufficient_funds,insufficient_funds,suggest_alt_payment_method,False,retry_24h,False
TXN107862,4365.36,network_error,network_error,retry_immediate,True,retry_24h,False
TXN107863,4587.48,insufficient_funds,insufficient_funds,retry_72h,False,retry_24h,False
TXN107864,6346.96,insufficient_funds,insufficient_funds,retry_72h,False,retry_24h,True
TXN107865,633.26,network_error,network_error,retry_immediate,True,retry_24h,False
TXN107866,3131.27,insufficient_funds,insufficient_funds,retry_72h,False,retry_24h,False
TXN107867,2037.7,fraud_false_positive,fraud_false_positive,suggest_alt_payment_method,False,retry_24h,False
TXN107868,9069.49,fraud_false_positive,fraud_false_positive,suggest_alt_payment_method,True,retry_24h,False
TXN107869,4517.08,fraud_false_positive,fraud_false_positive,suggest_alt_payment_method,False,retry_24h,False
TXN107870,7500.57,insufficient_funds,insufficient_funds,retry_72h,True,retry_24h,False
TXN107871,1782.68,network_error,network_error,retry_24h,False,retry_24h,False
TXN107872,7209.53,insufficient_funds,insufficient_funds,retry_72h,False,retry_24h,False
TXN107873,2143.37,insufficient_funds,insufficient_funds,retry_72h,True,retry_24h,True
TXN107874,3283.91,network_error,network_error,retry_immediate,True,retry_24h,False
TXN107875,4413.11,insufficient_funds,insufficient_funds,retry_72h,False,retry_24h,False
TXN107876,4830.89,insufficient_funds,insufficient_funds,retry_72h,True,retry_24h,True
TXN107877,1401.04,network_error,network_error,retry_immediate,True,retry_24h,False
TXN107878,3416.61,network_error,network_error,retry_immediate,True,retry_24h,False
TXN107879,5850.69,insufficient_funds,insufficient_funds,retry_72h,False,retry_24h,False
TXN107880,710.27,bank_timeout,bank_timeout,retry_2h,False,retry_24h,True
TXN107881,2557.79,fraud_false_positive,fraud_false_positive,suggest_alt_payment_method,True,retry_24h,False
TXN107882,1957.03,insufficient_funds,insufficient_funds,retry_72h,False,retry_24h,False
TXN107883,4694.72,insufficient_funds,insufficient_funds,retry_72h,False,retry_24h,False
TXN107884,7830.35,insufficient_funds,insufficient_funds,suggest_alt_payment_method,True,retry_24h,False
TXN107885,11407.79,insufficient_funds,insufficient_funds,retry_72h,True,retry_24h,False
TXN107886,7109.05,fraud_false_positive,fraud_false_positive,suggest_alt_payment_method,False,retry_24h,False
TXN107887,1955.9,insufficient_funds,insufficient_funds,retry_72h,True,retry_24h,False
TXN107888,1322.12,bank_timeout,bank_timeout,retry_2h,True,retry_24h,False
TXN107889,1880.96,network_error,network_error,retry_immediate,True,retry_24h,False
TXN107890,4485.79,fraud_false_positive,insufficient_funds,suggest_alt_payment_method,True,retry_24h,False
TXN107891,1156.37,fraud_false_positive,fraud_false_positive,suggest_alt_payment_method,True,retry_24h,False
TXN107892,4714.65,insufficient_funds,insufficient_funds,retry_72h,False,retry_24h,False
TXN107893,3159.06,bank_timeout,bank_timeout,retry_2h,False,retry_24h,True
TXN107894,1625.72,insufficient_funds,insufficient_funds,retry_72h,True,retry_24h,False
TXN107895,2059.26,network_error,network_error,retry_immediate,True,retry_24h,False
TXN107896,4806.3,insufficient_funds,insufficient_funds,retry_72h,False,retry_24h,False
TXN107897,625.58,bank_timeout,bank_timeout,retry_2h,False,retry_24h,False
TXN107898,3215.78,fraud_false_positive,fraud_false_positive,suggest_alt_payment_method,False,retry_24h,True
TXN107899,1589.39,bank_timeout,bank_timeout,retry_2h,False,retry_24h,False
TXN107900,801.15,bank_timeout,bank_timeout,retry_2h,True,retry_24h,False
TXN107901,1978.09,insufficient_funds,insufficient_funds,retry_72h,True,retry_24h,True
TXN107902,4434.9,insufficient_funds,insufficient_funds,retry_72h,False,retry_24h,False
TXN107903,5943.24,network_error,network_error,retry_immediate,True,retry_24h,True
TXN107904,1770.87,bank_timeout,bank_timeout,retry_2h,True,retry_24h,False
TXN107905,1754.23,insufficient_funds,insufficient_funds,retry_72h,True,retry_24h,False
TXN107906,1057.47,network_error,network_error,retry_immediate,False,retry_24h,False
TXN107907,495.35,insufficient_funds,insufficient_funds,retry_72h,False,retry_24h,False
TXN107908,3306.0,insufficient_funds,insufficient_funds,retry_72h,False,retry_24h,True
TXN107909,6362.62,insufficient_funds,insufficient_funds,retry_72h,False,retry_24h,True
TXN107910,3164.89,insufficient_funds,insufficient_funds,retry_72h,True,retry_24h,False
TXN107911,3102.78,network_error,bank_timeout,retry_2h,False,retry_24h,True
TXN107912,8687.97,fraud_false_positive,fraud_false_positive,suggest_alt_payment_method,False,retry_24h,False
TXN107913,4012.35,insufficient_funds,insufficient_funds,retry_72h,True,retry_24h,False
TXN107914,1311.77,fraud_false_positive,fraud_false_positive,suggest_alt_payment_method,True,retry_24h,False
TXN107915,2640.59,insufficient_funds,insufficient_funds,retry_72h,True,retry_24h,False
TXN107916,1548.92,network_error,network_error,retry_immediate,True,retry_24h,True
TXN107917,2926.7,insufficient_funds,insufficient_funds,retry_72h,True,retry_24h,False
TXN107918,4701.4,insufficient_funds,insufficient_funds,retry_72h,False,retry_24h,False
TXN107919,5565.62,bank_timeout,bank_timeout,retry_2h,False,retry_24h,True
TXN107920,1326.39,insufficient_funds,insufficient_funds,retry_72h,False,retry_24h,True
TXN107921,1146.84,insufficient_funds,insufficient_funds,retry_72h,True,retry_24h,False
TXN107922,6985.21,insufficient_funds,insufficient_funds,retry_72h,False,retry_24h,False
TXN107923,8073.68,insufficient_funds,insufficient_funds,retry_72h,True,retry_24h,False
TXN107924,1718.04,bank_timeout,bank_timeout,suggest_alt_payment_method,True,retry_24h,False
TXN107925,3510.14,insufficient_funds,insufficient_funds,retry_72h,False,retry_24h,False
TXN107926,1735.39,network_error,network_error,retry_immediate,True,retry_24h,True
TXN107927,671.49,network_error,network_error,retry_immediate,True,retry_24h,True
TXN107928,2548.43,bank_timeout,bank_timeout,retry_2h,True,retry_24h,True
TXN107929,6106.35,insufficient_funds,insufficient_funds,retry_72h,False,retry_24h,False
TXN107930,1566.98,network_error,bank_timeout,retry_2h,True,retry_24h,True
TXN107931,8388.24,insufficient_funds,insufficient_funds,retry_72h,False,retry_24h,False
TXN107932,427.81,network_error,network_error,retry_immediate,False,retry_24h,True
TXN107933,1802.88,bank_timeout,bank_timeout,retry_2h,False,retry_24h,False
TXN107934,4039.36,insufficient_funds,insufficient_funds,retry_72h,True,retry_24h,False
TXN107935,2550.38,bank_timeout,bank_timeout,retry_2h,True,retry_24h,True
TXN107936,2732.3,network_error,network_error,retry_immediate,True,retry_24h,False
TXN107937,395.91,network_error,network_error,retry_immediate,True,retry_24h,True
TXN107938,8288.93,insufficient_funds,insufficient_funds,retry_72h,True,retry_24h,False
TXN107939,2001.87,insufficient_funds,insufficient_funds,retry_72h,True,retry_24h,False
TXN107940,382.61,network_error,network_error,retry_immediate,False,retry_24h,True
TXN107941,435.7,bank_timeout,bank_timeout,retry_2h,True,retry_24h,False
TXN107942,3208.26,network_error,network_error,retry_immediate,True,retry_24h,False
TXN107943,486.66,network_error,network_error,retry_immediate,True,retry_24h,False
TXN107944,3631.1,bank_timeout,bank_timeout,retry_24h,True,retry_24h,False
TXN107945,6048.21,insufficient_funds,insufficient_funds,retry_72h,False,retry_24h,False
TXN107946,817.11,fraud_false_positive,fraud_false_positive,suggest_alt_payment_method,True,retry_24h,False
TXN107947,987.52,fraud_false_positive,fraud_false_positive,suggest_alt_payment_method,False,retry_24h,False
TXN107948,2786.74,insufficient_funds,insufficient_funds,retry_72h,True,retry_24h,False
TXN107949,1251.0,fraud_false_positive,fraud_false_positive,suggest_alt_payment_method,True,retry_24h,False
TXN107950,2505.83,fraud_false_positive,fraud_false_positive,suggest_alt_payment_method,False,retry_24h,False
TXN107951,2647.03,insufficient_funds,insufficient_funds,retry_72h,False,retry_24h,False
TXN107952,2528.38,insufficient_funds,insufficient_funds,retry_72h,False,retry_24h,False
TXN107953,1445.85,bank_timeout,bank_timeout,retry_2h,True,retry_24h,True
TXN107954,3581.56,bank_timeout,network_error,retry_immediate,False,retry_24h,True
TXN107955,1822.96,insufficient_funds,insufficient_funds,retry_72h,False,retry_24h,True
TXN107956,553.31,bank_timeout,bank_timeout,retry_2h,False,retry_24h,True
TXN107957,5995.37,bank_timeout,bank_timeout,retry_2h,True,retry_24h,True
TXN107958,1573.22,insufficient_funds,insufficient_funds,retry_72h,True,retry_24h,True
TXN107959,2566.99,insufficient_funds,insufficient_funds,retry_72h,False,retry_24h,True
TXN107960,1916.78,insufficient_funds,insufficient_funds,retry_72h,False,retry_24h,False
TXN107961,958.92,bank_timeout,bank_timeout,retry_2h,True,retry_24h,True
TXN107962,5838.62,fraud_false_positive,fraud_false_positive,suggest_alt_payment_method,True,retry_24h,True
TXN107963,1978.45,network_error,network_error,retry_immediate,True,retry_24h,False
TXN107964,726.51,fraud_false_positive,fraud_false_positive,suggest_alt_payment_method,False,retry_24h,False
TXN107965,3678.48,insufficient_funds,insufficient_funds,retry_72h,False,retry_24h,False
TXN107966,1936.73,insufficient_funds,insufficient_funds,retry_72h,False,retry_24h,False
TXN107967,5931.47,fraud_false_positive,fraud_false_positive,suggest_alt_payment_method,True,retry_24h,False
TXN107968,1434.06,network_error,network_error,retry_24h,True,retry_24h,False
TXN107969,648.37,network_error,network_error,retry_immediate,True,retry_24h,False
TXN107970,5303.94,insufficient_funds,insufficient_funds,retry_72h,True,retry_24h,False
TXN107971,279.49,network_error,network_error,retry_immediate,True,retry_24h,True
TXN107972,6600.14,insufficient_funds,insufficient_funds,retry_72h,True,retry_24h,False
TXN107973,2794.41,network_error,network_error,retry_immediate,False,retry_24h,False
TXN107974,1431.81,bank_timeout,bank_timeout,retry_2h,False,retry_24h,True
TXN107975,926.24,insufficient_funds,insufficient_funds,retry_72h,True,retry_24h,False
TXN107976,1048.79,bank_timeout,bank_timeout,retry_2h,False,retry_24h,True
TXN107977,1019.25,network_error,network_error,retry_immediate,False,retry_24h,True
TXN107978,770.41,network_error,network_error,retry_immediate,True,retry_24h,True
TXN107979,708.24,insufficient_funds,insufficient_funds,retry_72h,False,retry_24h,True
TXN107980,1417.64,insufficient_funds,insufficient_funds,suggest_alt_payment_method,False,retry_24h,False
TXN107981,6287.73,insufficient_funds,insufficient_funds,retry_72h,False,retry_24h,True
TXN107982,2238.43,network_error,bank_timeout,retry_2h,True,retry_24h,False
TXN107983,1080.42,bank_timeout,bank_timeout,retry_2h,True,retry_24h,True
TXN107984,3121.3,bank_timeout,bank_timeout,retry_2h,True,retry_24h,False
TXN107985,838.03,network_error,network_error,retry_immediate,True,retry_24h,True
TXN107986,5288.49,insufficient_funds,insufficient_funds,retry_72h,True,retry_24h,False
TXN107987,782.37,bank_timeout,bank_timeout,retry_2h,True,retry_24h,False
TXN107988,1169.94,bank_timeout,bank_timeout,retry_2h,True,retry_24h,True
TXN107989,951.47,insufficient_funds,insufficient_funds,retry_72h,True,retry_24h,False
TXN107990,4365.55,bank_timeout,bank_timeout,retry_2h,False,retry_24h,False
TXN107991,3395.1,insufficient_funds,insufficient_funds,retry_72h,False,retry_24h,True
TXN107992,4585.77,insufficient_funds,insufficient_funds,retry_72h,True,retry_24h,False
TXN107993,6777.85,insufficient_funds,insufficient_funds,retry_72h,False,retry_24h,False
TXN107994,1308.35,bank_timeout,bank_timeout,retry_2h,False,retry_24h,False
TXN107995,8002.84,insufficient_funds,insufficient_funds,retry_72h,False,retry_24h,False
TXN107996,3335.33,fraud_false_positive,fraud_false_positive,suggest_alt_payment_method,True,retry_24h,False
TXN107997,1843.2,insufficient_funds,insufficient_funds,suggest_alt_payment_method,False,retry_24h,False
TXN107998,5616.22,fraud_false_positive,fraud_false_positive,suggest_alt_payment_method,True,retry_24h,False
TXN107999,2412.25,insufficient_funds,insufficient_funds,retry_72h,False,retry_24h,False
